UBIGEO,CCDD,CCPP,CCDI,DEPARTAMEN,PROVINCIA,DISTRITO,OBJECTID,ESRI_OID,altitud,lon,lat
010101,01,01,01,AMAZONAS,CHACHAPOYAS,CHACHAPOYAS,1,5,2420.69876688197,-77.8564888512503,-6.24774347494765
010102,01,01,02,AMAZONAS,CHACHAPOYAS,ASUNCION,2,6,2848.6318537859,-77.7432050304132,-5.99613185418487
010103,01,01,03,AMAZONAS,CHACHAPOYAS,BALSAS,3,7,2323.20232690125,-77.9491661494218,-6.80772131890765
010104,01,01,04,AMAZONAS,CHACHAPOYAS,CHETO,4,8,2540.67948717949,-77.6771662623311,-6.2979699185918
010105,01,01,05,AMAZONAS,CHACHAPOYAS,CHILIQUIN,5,9,2651.19620253165,-77.7558666534351,-6.07820576804398
010106,01,01,06,AMAZONAS,CHACHAPOYAS,CHUQUIBAMBA,6,10,2769.87390029326,-77.8950696235844,-6.93489659548686
010107,01,01,07,AMAZONAS,CHACHAPOYAS,GRANADA,7,11,3385.00577124869,-77.5765846467152,-6.09998080298834
010108,01,01,08,AMAZONAS,CHACHAPOYAS,HUANCAS,8,12,2198.24758220503,-77.8749799929596,-6.15614393972526
010109,01,01,09,AMAZONAS,CHACHAPOYAS,LA JALCA,9,13,2914.37726285301,-77.7843962460659,-6.50359365102512
010110,01,01,10,AMAZONAS,CHACHAPOYAS,LEIMEBAMBA,10,14,3361.56245572609,-77.7987085533978,-6.80888818916991
010111,01,01,11,AMAZONAS,CHACHAPOYAS,LEVANTO,11,15,2749.06714628297,-77.8645540621834,-6.31429889474838
010112,01,01,12,AMAZONAS,CHACHAPOYAS,MAGDALENA,12,16,2700.87826086957,-77.8238188668759,-6.42056617035342
010113,01,01,13,AMAZONAS,CHACHAPOYAS,MARISCAL CASTILLA,13,17,2896.15603644647,-77.7700022611895,-6.57890340379538
010114,01,01,14,AMAZONAS,CHACHAPOYAS,MOLINOPAMPA,14,18,2765.85574377978,-77.607253656144,-6.21244135698993
010115,01,01,15,AMAZONAS,CHACHAPOYAS,MONTEVIDEO,15,19,2842.79441997063,-77.7183772124645,-6.62810730283448
010116,01,01,16,AMAZONAS,CHACHAPOYAS,OLLEROS,16,20,3155.68776371308,-77.6709869731434,-6.00841337047257
010117,01,01,17,AMAZONAS,CHACHAPOYAS,QUINJALCA,17,21,3086.92122538293,-77.6854899078125,-6.10815948468053
010118,01,01,18,AMAZONAS,CHACHAPOYAS,SAN FRANCISCO DE DAGUAS,18,22,2337.13199105145,-77.7335743725377,-6.23223614572783
010119,01,01,19,AMAZONAS,CHACHAPOYAS,SAN ISIDRO DE MAINO,19,23,2850.14808652246,-77.8225684442427,-6.3544182074831
010120,01,01,20,AMAZONAS,CHACHAPOYAS,SOLOCO,20,24,2929.03631961259,-77.74635432906,-6.30911329700597
010121,01,01,21,AMAZONAS,CHACHAPOYAS,SONCHE,21,25,2397.8475975976,-77.7964059770589,-6.17597369332282
010201,01,02,01,AMAZONAS,BAGUA,BAGUA,22,26,595.298293515358,-78.5209838457417,-5.58090770091713
010202,01,02,02,AMAZONAS,BAGUA,ARAMANGO,23,27,1267.22314242389,-78.4444030702595,-5.37875800926936
010203,01,02,03,AMAZONAS,BAGUA,COPALLIN,24,28,1312.967063129,-78.399749968551,-5.64770350142086
010204,01,02,04,AMAZONAS,BAGUA,EL PARCO,25,29,654.71921182266,-78.4739698418866,-5.62263809387288
010205,01,02,05,AMAZONAS,BAGUA,IMAZA,26,30,910.60088901127,-78.3896173779915,-4.9912855942232
010206,01,02,06,AMAZONAS,BAGUA,LA PECA,27,31,1075.93342036554,-78.445407432043,-5.59197738228071
010301,01,03,01,AMAZONAS,BONGARA,JUMBILLA,28,32,2682.70821529745,-77.8256610429179,-5.95173438383387
010302,01,03,02,AMAZONAS,BONGARA,CHISQUILLA,29,33,2827.56385945343,-77.7257973085439,-5.89484640444909
010303,01,03,03,AMAZONAS,BONGARA,CHURUJA,30,34,2215.20168067227,-77.9303640809523,-6.00779657693767
010304,01,03,04,AMAZONAS,BONGARA,COROSHA,31,35,2379.76083916084,-77.8107244652119,-5.81751850058811
010305,01,03,05,AMAZONAS,BONGARA,CUISPES,32,36,2227.66478873239,-77.9147927240236,-5.91114513735935
010306,01,03,06,AMAZONAS,BONGARA,FLORIDA,33,37,2393.74684574685,-77.9592017367962,-5.8236063569482
010307,01,03,07,AMAZONAS,BONGARA,JAZAN,34,38,1930.5531660693,-78.0234321451667,-5.94537432553968
010308,01,03,08,AMAZONAS,BONGARA,RECTA,35,39,2476.30769230769,-77.7753587551351,-5.93922087918304
010309,01,03,09,AMAZONAS,BONGARA,SAN CARLOS,36,40,2699.51768488746,-77.8790614978866,-5.99638860269085
010310,01,03,10,AMAZONAS,BONGARA,SHIPASBAMBA,37,41,2074.09025787966,-78.0520899646886,-5.88374728612437
010311,01,03,11,AMAZONAS,BONGARA,VALERA,38,42,2219.92413793103,-77.8691738476564,-6.08063360188559
010312,01,03,12,AMAZONAS,BONGARA,YAMBRASBAMBA,39,43,1769.69226643784,-77.8605175218124,-5.52428890156992
010401,01,04,01,AMAZONAS,CONDORCANQUI,NIEVA,40,44,504.652587527234,-77.9303390010414,-4.84533045204569
010402,01,04,02,AMAZONAS,CONDORCANQUI,EL CENEPA,41,45,952.011351560236,-78.3358867219675,-4.1684271966668
010403,01,04,03,AMAZONAS,CONDORCANQUI,RIO SANTIAGO,42,46,543.501526691944,-77.8881490256153,-3.81331766358211
010501,01,05,01,AMAZONAS,LUYA,LAMUD,43,47,2462.1157635468,-77.9435585004791,-6.11988018586122
010502,01,05,02,AMAZONAS,LUYA,CAMPORREDONDO,44,48,1687.68213552361,-78.3344784316188,-6.1777946581983
010503,01,05,03,AMAZONAS,LUYA,COCABAMBA,45,49,2232.13280632411,-78.015376000826,-6.6269698760506
010504,01,05,04,AMAZONAS,LUYA,COLCAMAR,46,50,2822.91122278057,-78.0106390791877,-6.31003183688503
010505,01,05,05,AMAZONAS,LUYA,CONILA,47,51,2526.51559100798,-78.191198453143,-6.1265338081285
010506,01,05,06,AMAZONAS,LUYA,INGUILPATA,48,52,2719.24658573596,-78.0285687789765,-6.24810373602904
010507,01,05,07,AMAZONAS,LUYA,LONGUITA,49,53,3192.93663060278,-78.0048095718421,-6.40730388074667
010508,01,05,08,AMAZONAS,LUYA,LONYA CHICO,50,54,2635.02310654686,-78.012398892249,-6.20743103417467
010509,01,05,09,AMAZONAS,LUYA,LUYA,51,55,2454.80479825518,-77.9666459299859,-6.17874854652852
010510,01,05,10,AMAZONAS,LUYA,LUYA VIEJO,52,56,2566.40933333333,-78.1025962045647,-6.11738043103688
010511,01,05,11,AMAZONAS,LUYA,MARIA,53,57,3174.84804928131,-77.960797750635,-6.49656293076283
010512,01,05,12,AMAZONAS,LUYA,OCALLI,54,58,2046.7338920901,-78.2168587560265,-6.22180693466095
010513,01,05,13,AMAZONAS,LUYA,OCUMAL,55,59,2054.45474777448,-78.1639904392186,-6.34578356030177
010514,01,05,14,AMAZONAS,LUYA,PISUQUIA,56,60,2378.49040841584,-78.0862826784513,-6.47474388983124
010515,01,05,15,AMAZONAS,LUYA,PROVIDENCIA,57,61,1663.71284829721,-78.2918481449731,-6.30757106652817
010516,01,05,16,AMAZONAS,LUYA,SAN CRISTOBAL,58,62,2394.57760814249,-77.9633609159925,-6.08408129908764
010517,01,05,17,AMAZONAS,LUYA,SAN FRANCISCO DEL YESO,59,63,2902.09500247402,-77.8595311741832,-6.65901777645321
010518,01,05,18,AMAZONAS,LUYA,SAN JERONIMO,60,64,2210.00519031142,-78.045813634257,-6.00459317191287
010519,01,05,19,AMAZONAS,LUYA,SAN JUAN DE LOPECANCHA,61,65,2623.83975026015,-77.8917570435732,-6.48274253288561
010520,01,05,20,AMAZONAS,LUYA,SANTA CATALINA,62,66,2288.23262178435,-78.093517411633,-6.05696375210711
010521,01,05,21,AMAZONAS,LUYA,SANTO TOMAS,63,67,2944.78863409771,-77.8924756497027,-6.56905834655432
010522,01,05,22,AMAZONAS,LUYA,TINGO,64,68,2678.35767022149,-77.9435272558512,-6.38686422993705
010523,01,05,23,AMAZONAS,LUYA,TRITA,65,69,2891.89937106918,-78.0193900557865,-6.14406859492542
010601,01,06,01,AMAZONAS,RODRIGUEZ DE MENDOZA,SAN NICOLAS,66,70,2165.34628975265,-77.4389554802052,-6.37280476444626
010602,01,06,02,AMAZONAS,RODRIGUEZ DE MENDOZA,CHIRIMOTO,67,71,1945.83576004659,-77.4200085871875,-6.54747129603818
010603,01,06,03,AMAZONAS,RODRIGUEZ DE MENDOZA,COCHAMAL,68,72,2388.09625935162,-77.6654471245292,-6.3862222610698
010604,01,06,04,AMAZONAS,RODRIGUEZ DE MENDOZA,HUAMBO,69,73,1771.79558652729,-77.5305650563126,-6.43557173607906
010605,01,06,05,AMAZONAS,RODRIGUEZ DE MENDOZA,LIMABAMBA,70,74,2254.45475841874,-77.5760469077063,-6.55307550335834
010606,01,06,06,AMAZONAS,RODRIGUEZ DE MENDOZA,LONGAR,71,75,2198.30174291939,-77.5660920081011,-6.35104334256553
010607,01,06,07,AMAZONAS,RODRIGUEZ DE MENDOZA,MARISCAL BENAVIDES,72,76,2420.40586145648,-77.48511373563,-6.29166112415256
010608,01,06,08,AMAZONAS,RODRIGUEZ DE MENDOZA,MILPUC,73,77,1775.73319327731,-77.4136454068421,-6.49865840402846
010609,01,06,09,AMAZONAS,RODRIGUEZ DE MENDOZA,OMIA,74,78,2143.90079681275,-77.3544294449095,-6.40540565449229
010610,01,06,10,AMAZONAS,RODRIGUEZ DE MENDOZA,SANTA ROSA,75,79,1921.86666666667,-77.4584166014067,-6.45523403619219
010611,01,06,11,AMAZONAS,RODRIGUEZ DE MENDOZA,TOTORA,76,80,1812.53271028037,-77.4671571268352,-6.49135050995061
010612,01,06,12,AMAZONAS,RODRIGUEZ DE MENDOZA,VISTA ALEGRE,77,81,2334.15945211209,-77.3342476853712,-6.20719398059522
010701,01,07,01,AMAZONAS,UTCUBAMBA,BAGUA GRANDE,78,82,1301.7112789402,-78.440010890735,-5.8388384311545
010702,01,07,02,AMAZONAS,UTCUBAMBA,CAJARURO,79,83,1843.71266843661,-78.174757470315,-5.61429296106619
010703,01,07,03,AMAZONAS,UTCUBAMBA,CUMBA,80,84,1240.00418785522,-78.6077136931231,-5.91672204368311
010704,01,07,04,AMAZONAS,UTCUBAMBA,EL MILAGRO,81,85,682.884401521803,-78.6112418331791,-5.71730176229483
010705,01,07,05,AMAZONAS,UTCUBAMBA,JAMALCA,82,86,1718.93626317142,-78.234956928512,-5.9524584133966
010706,01,07,06,AMAZONAS,UTCUBAMBA,LONYA GRANDE,83,87,1691.30029658922,-78.4106725028503,-6.06346915986961
010707,01,07,07,AMAZONAS,UTCUBAMBA,YAMON,84,88,1434.17131474104,-78.5233625910542,-6.011996803617
020101,02,01,01,ANCASH,HUARAZ,HUARAZ,85,89,4156.67878275571,-77.4715133204753,-9.57041621931897
020102,02,01,02,ANCASH,HUARAZ,COCHABAMBA,86,90,3010.10200129116,-77.851560240724,-9.46607054951181
020103,02,01,03,ANCASH,HUARAZ,COLCABAMBA,87,91,2477.98797250859,-77.8216414472829,-9.57632607002824
020104,02,01,04,ANCASH,HUARAZ,HUANCHAY,88,92,2967.54997854998,-77.8193308478728,-9.73105772153947
020105,02,01,05,ANCASH,HUARAZ,INDEPENDENCIA,89,93,4146.15994832041,-77.4846990954108,-9.47136268960745
020106,02,01,06,ANCASH,HUARAZ,JANGAS,90,94,3776.64511494253,-77.6038368045128,-9.44132927899562
020107,02,01,07,ANCASH,HUARAZ,LA LIBERTAD,91,95,3987.09429429429,-77.7178861343056,-9.63677255620655
020108,02,01,08,ANCASH,HUARAZ,OLLEROS,92,96,4364.68151879117,-77.3716413249436,-9.6218536227363
020109,02,01,09,ANCASH,HUARAZ,PAMPAS GRANDE,93,97,2014.71548011148,-77.9103089875164,-9.64573886247027
020110,02,01,10,ANCASH,HUARAZ,PARIACOTO,94,98,3223.78427205101,-77.7946014554215,-9.48122604961253
020111,02,01,11,ANCASH,HUARAZ,PIRA,95,99,3998.19821978774,-77.6939767543883,-9.52095764686162
020112,02,01,12,ANCASH,HUARAZ,TARICA,96,100,4218.85049580473,-77.4820254166034,-9.39260929993872
020201,02,02,01,ANCASH,AIJA,AIJA,97,101,4162.52637362637,-77.5676365374616,-9.80042110125868
020202,02,02,02,ANCASH,AIJA,CORIS,98,102,2718.52012383901,-77.796143910646,-9.80759349600323
020203,02,02,03,ANCASH,AIJA,HUACLLAN,99,103,3559,-77.6787437212362,-9.78608361191943
020204,02,02,04,ANCASH,AIJA,LA MERCED,100,104,4112.57939669892,-77.6154239325738,-9.70305127801908
020205,02,02,05,ANCASH,AIJA,SUCCHA,101,105,3746.82122260669,-77.6357628974101,-9.83800299215221
020301,02,03,01,ANCASH,ANTONIO RAYMONDI,LLAMELLIN,102,106,3172.7476635514,-77.0073446596003,-9.08182972321732
020302,02,03,02,ANCASH,ANTONIO RAYMONDI,ACZO,103,107,2966.88027210884,-76.9986165037868,-9.22012271232257
020303,02,03,03,ANCASH,ANTONIO RAYMONDI,CHACCHO,104,108,3036.74225526642,-77.0720439668961,-9.02773695304104
020304,02,03,04,ANCASH,ANTONIO RAYMONDI,CHINGAS,105,109,3314.96256684492,-77.0074381252353,-9.13932929245285
020305,02,03,05,ANCASH,ANTONIO RAYMONDI,MIRGAS,106,110,3983.83428571429,-77.1129241555789,-9.11603193624987
020306,02,03,06,ANCASH,ANTONIO RAYMONDI,SAN JUAN DE RONTOY,107,111,4076.27464788732,-77.0417395504954,-9.21842937165199
020401,02,04,01,ANCASH,ASUNCION,CHACAS,108,112,4360.37428175154,-77.3976043384862,-9.2055820344918
020402,02,04,02,ANCASH,ASUNCION,ACOCHACA,109,113,3729.89614935823,-77.4057481443076,-9.09720830074166
020501,02,05,01,ANCASH,BOLOGNESI,CHIQUIAN,110,114,3833.10882070949,-77.1792416703778,-10.1781669246536
020502,02,05,02,ANCASH,BOLOGNESI,ABELARDO PARDO LEZAMETA,111,115,2495.4552238806,-77.1597591033355,-10.3099488345478
020503,02,05,03,ANCASH,BOLOGNESI,ANTONIO RAYMONDI,112,116,2359.69106881406,-77.4998666899256,-10.2032433115108
020504,02,05,04,ANCASH,BOLOGNESI,AQUIA,113,117,4495.79840686275,-77.1309627639192,-9.96577657001748
020505,02,05,05,ANCASH,BOLOGNESI,CAJACAY,114,118,4051.31370656371,-77.3424867223324,-10.1904461757355
020506,02,05,06,ANCASH,BOLOGNESI,CANIS,115,119,3229.3347639485,-77.1909805944855,-10.3344555893414
020507,02,05,07,ANCASH,BOLOGNESI,COLQUIOC,116,120,1694.38817330211,-77.5855392774548,-10.301392568789
020508,02,05,08,ANCASH,BOLOGNESI,HUALLANCA,117,121,4262.08557083606,-76.9438335945624,-9.91715721129667
020509,02,05,09,ANCASH,BOLOGNESI,HUASTA,118,122,4196.29449394563,-77.0315402938351,-10.1139255361152
020510,02,05,10,ANCASH,BOLOGNESI,HUAYLLACAYAN,119,123,3834.23489425982,-77.4107728566077,-10.2469448999451
020511,02,05,11,ANCASH,BOLOGNESI,LA PRIMAVERA,120,124,3299.35959885387,-77.1062881591351,-10.3018651210988
020512,02,05,12,ANCASH,BOLOGNESI,MANGAS,121,125,3492.26148409894,-77.1047315922115,-10.3609236087117
020513,02,05,13,ANCASH,BOLOGNESI,PACLLON,122,126,4253.52933673469,-77.0034120248504,-10.238927240369
020514,02,05,14,ANCASH,BOLOGNESI,SAN MIGUEL DE CORPANQUI,123,127,3786.82045929019,-77.2098550473502,-10.291528800286
020515,02,05,15,ANCASH,BOLOGNESI,TICLLOS,124,128,3927.22661523626,-77.2080351935023,-10.2324760812131
020601,02,06,01,ANCASH,CARHUAZ,CARHUAZ,125,129,3832.54130534003,-77.6396212074073,-9.29359584666207
020602,02,06,02,ANCASH,CARHUAZ,ACOPAMPA,126,130,2962.40490797546,-77.6100098930358,-9.29003352547106
020603,02,06,03,ANCASH,CARHUAZ,AMASHCA,127,131,3164.64189189189,-77.6448835770599,-9.22352551019526
020604,02,06,04,ANCASH,CARHUAZ,ANTA,128,132,3601.36875,-77.6324288662174,-9.36103581569866
020605,02,06,05,ANCASH,CARHUAZ,ATAQUERO,129,133,3736.48850574713,-77.7292953032856,-9.2901920504656
020606,02,06,06,ANCASH,CARHUAZ,MARCARA,130,134,4110.26861167002,-77.495537240881,-9.30371994836484
020607,02,06,07,ANCASH,CARHUAZ,PARIAHUANCA,131,135,3059.33834586466,-77.5741962380765,-9.35601853691595
020608,02,06,08,ANCASH,CARHUAZ,SAN MIGUEL DE ACO,132,136,4529.51233671988,-77.4329997965515,-9.34393362054032
020609,02,06,09,ANCASH,CARHUAZ,SHILLA,133,137,4444.92842105263,-77.5647140850815,-9.15441906258226
020610,02,06,10,ANCASH,CARHUAZ,TINCO,134,138,2803.91954022989,-77.661796941484,-9.25893949408872
020611,02,06,11,ANCASH,CARHUAZ,YUNGAR,135,139,3786.99015748032,-77.6309262423518,-9.40408330753905
020701,02,07,01,ANCASH,CARLOS FERMIN FITZCARRALD,SAN LUIS,136,140,3703.50778703368,-77.2909686696293,-9.09715859964273
020702,02,07,02,ANCASH,CARLOS FERMIN FITZCARRALD,SAN NICOLAS,137,141,3263.89379370629,-77.1695725673549,-9.01119399147371
020703,02,07,03,ANCASH,CARLOS FERMIN FITZCARRALD,YAUYA,138,142,3580.2841781874,-77.2564403529436,-9.00766287482696
020801,02,08,01,ANCASH,CASMA,CASMA,139,143,396.633259423503,-78.2232422965899,-9.51809196130215
020802,02,08,02,ANCASH,CASMA,BUENA VISTA ALTA,140,144,899.9715295869,-78.1427080034086,-9.37298091076332
020803,02,08,03,ANCASH,CASMA,COMANDANTE NOEL,141,145,132.914554374489,-78.3553989931876,-9.50978168851302
020804,02,08,04,ANCASH,CASMA,YAUTAN,142,146,1210.20517199317,-78.0203039056763,-9.50589641018267
020901,02,09,01,ANCASH,CORONGO,CORONGO,143,147,3431.60695344726,-77.9290353422328,-8.54891149831136
020902,02,09,02,ANCASH,CORONGO,ACO,144,148,3650.77399380805,-77.8834873583495,-8.50802907471379
020903,02,09,03,ANCASH,CORONGO,BAMBAS,145,149,2701.23018648019,-78.0468528446354,-8.60481024161584
020904,02,09,04,ANCASH,CORONGO,CUSCA,146,150,3985.3167192429,-77.7889404291439,-8.52328330311795
020905,02,09,05,ANCASH,CORONGO,LA PAMPA,147,151,2499.04829545455,-77.8929900113187,-8.67811875458558
020906,02,09,06,ANCASH,CORONGO,YANAC,148,152,3502.61523809524,-77.8471522211397,-8.62509127520263
020907,02,09,07,ANCASH,CORONGO,YUPAN,149,153,2444.87526427061,-77.9700947280324,-8.64149007970217
021001,02,10,01,ANCASH,HUARI,HUARI,150,154,4086.71310375671,-77.2328937178271,-9.32313081361021
021002,02,10,02,ANCASH,HUARI,ANRA,151,155,3782.10497237569,-76.9046730408689,-9.25251147300558
021003,02,10,03,ANCASH,HUARI,CAJAY,152,156,3974.97297297297,-77.1314121319807,-9.2570243187405
021004,02,10,04,ANCASH,HUARI,CHAVIN DE HUANTAR,153,157,4318.79140973846,-77.2117362224654,-9.6554063768799
021005,02,10,05,ANCASH,HUARI,HUACACHI,154,158,3822.82110552764,-76.9296343583347,-9.30853794592071
021006,02,10,06,ANCASH,HUARI,HUACCHIS,155,159,3567.69033760186,-76.8089189814309,-9.18856043600053
021007,02,10,07,ANCASH,HUARI,HUACHIS,156,160,3757.56315789474,-77.0781533514097,-9.42638817017698
021008,02,10,08,ANCASH,HUARI,HUANTAR,157,161,4139.44991698949,-77.2361652582993,-9.46782760214846
021009,02,10,09,ANCASH,HUARI,MASIN,158,162,3465.97976190476,-77.0925361360307,-9.33161964304207
021010,02,10,10,ANCASH,HUARI,PAUCAS,159,163,3532.85419354839,-76.884612949101,-9.15101313002988
021011,02,10,11,ANCASH,HUARI,PONTO,160,164,3664.50489089541,-76.9849024834917,-9.34744892985828
021012,02,10,12,ANCASH,HUARI,RAHUAPAMPA,161,165,2805.36893203884,-77.0627100858454,-9.35563061074528
021013,02,10,13,ANCASH,HUARI,RAPAYAN,162,166,3766.70620774431,-76.7766543400285,-9.27210531570409
021014,02,10,14,ANCASH,HUARI,SAN MARCOS,163,167,4256.50525143221,-77.0918956126089,-9.6281282630757
021015,02,10,15,ANCASH,HUARI,SAN PEDRO DE CHANA,164,168,4025.57747355321,-76.9823435076303,-9.46657315967101
021016,02,10,16,ANCASH,HUARI,UCO,165,169,3234.57731958763,-76.9315421669624,-9.19112629464506
021101,02,11,01,ANCASH,HUARMEY,HUARMEY,166,170,747.282261029412,-77.918678166447,-10.1737953582459
021102,02,11,02,ANCASH,HUARMEY,COCHAPETI,167,171,2512.53079710145,-77.6922732025029,-9.98585033756595
021103,02,11,03,ANCASH,HUARMEY,CULEBRAS,168,172,481.244507441531,-78.1035865612439,-9.82272999187939
021104,02,11,04,ANCASH,HUARMEY,HUAYAN,169,173,2314.22213500785,-77.7446164770431,-9.89748281213683
021105,02,11,05,ANCASH,HUARMEY,MALVAS,170,174,3099.7670212766,-77.6647221410978,-9.92103924851163
021201,02,12,01,ANCASH,HUAYLAS,CARAZ,171,175,3689.87015362107,-77.7497662233879,-9.02252217144884
021202,02,12,02,ANCASH,HUAYLAS,HUALLANCA,172,176,2443.72935779817,-77.917493424795,-8.78792290374673
021203,02,12,03,ANCASH,HUAYLAS,HUATA,173,177,3412.00897435897,-77.8765815167348,-9.03006867071243
021204,02,12,04,ANCASH,HUAYLAS,HUAYLAS,174,178,3280.03125,-77.8940172066852,-8.88969214572079
021205,02,12,05,ANCASH,HUAYLAS,MATO,175,179,3387.36510638298,-77.8909654351412,-8.95802807612455
021206,02,12,06,ANCASH,HUAYLAS,PAMPAROMAS,176,180,3532.61896243292,-77.9570293618794,-9.14323329301903
021207,02,12,07,ANCASH,HUAYLAS,PUEBLO LIBRE,177,181,3452.23545900491,-77.8187230641476,-9.14870393867793
021208,02,12,08,ANCASH,HUAYLAS,SANTA CRUZ,178,182,4202.78740353498,-77.7225709461272,-8.90867324921546
021209,02,12,09,ANCASH,HUAYLAS,SANTO TORIBIO,179,183,3827.35812964931,-77.9524966639211,-8.84639637773015
021210,02,12,10,ANCASH,HUAYLAS,YURACMARCA,180,184,4046.85049942689,-77.7411530924713,-8.76195206927539
021301,02,13,01,ANCASH,MARISCAL LUZURIAGA,PISCOBAMBA,181,185,3355.39571150097,-77.3532329119022,-8.86212070358309
021302,02,13,02,ANCASH,MARISCAL LUZURIAGA,CASCA,182,186,3586.81323877069,-77.3876628566472,-8.8231384744702
021303,02,13,03,ANCASH,MARISCAL LUZURIAGA,ELEAZAR GUZMAN BARRON,183,187,3017.70407239819,-77.2203444905288,-8.88606623846706
021304,02,13,04,ANCASH,MARISCAL LUZURIAGA,FIDEL OLIVAS ESCUDERO,184,188,3240.80360134003,-77.2772059644513,-8.78492039586681
021305,02,13,05,ANCASH,MARISCAL LUZURIAGA,LLAMA,185,189,3167.63003663004,-77.2901411787311,-8.90957015535319
021306,02,13,06,ANCASH,MARISCAL LUZURIAGA,LLUMPA,186,190,3645.10826393338,-77.4563722054232,-8.9674848392137
021307,02,13,07,ANCASH,MARISCAL LUZURIAGA,LUCMA,187,191,3679.32142857143,-77.4451798109461,-8.92515660861243
021308,02,13,08,ANCASH,MARISCAL LUZURIAGA,MUSGA,188,192,3284.10933940775,-77.3245622289935,-8.89303100860171
021401,02,14,01,ANCASH,OCROS,OCROS,189,193,3899.71187106918,-77.3644082538834,-10.3806073998344
021402,02,14,02,ANCASH,OCROS,ACAS,190,194,2527.36013986014,-77.3394494278247,-10.5182988544761
021403,02,14,03,ANCASH,OCROS,CAJAMARQUILLA,191,195,4122.72985244041,-77.2400459996989,-10.320912306669
021404,02,14,04,ANCASH,OCROS,CARHUAPAMPA,192,196,2596.31825795645,-77.2248288874409,-10.5034708503133
021405,02,14,05,ANCASH,OCROS,COCHAS,193,197,1210,-77.4870258240646,-10.6492506918272
021406,02,14,06,ANCASH,OCROS,CONGAS,194,198,3727.18989405053,-77.424080679561,-10.3193722427713
021407,02,14,07,ANCASH,OCROS,LLIPA,195,199,3274.65352112676,-77.21445087419,-10.3791115523308
021408,02,14,08,ANCASH,OCROS,SAN CRISTOBAL DE RAJAN,196,200,3471.95460277428,-77.2284352519317,-10.415663102592
021409,02,14,09,ANCASH,OCROS,SAN PEDRO,197,201,1495.72253661784,-77.5688609813119,-10.4747224206081
021410,02,14,10,ANCASH,OCROS,SANTIAGO DE CHILCAS,198,202,3512.98592964824,-77.3586654376528,-10.4401562691893
021501,02,15,01,ANCASH,PALLASCA,CABANA,199,203,3867.2504649721,-77.959319896254,-8.4038778429584
021502,02,15,02,ANCASH,PALLASCA,BOLOGNESI,200,204,2436.34754098361,-78.0699626532759,-8.34272677514964
021503,02,15,03,ANCASH,PALLASCA,CONCHUCOS,201,205,3820.13211633663,-77.7306273791315,-8.2581100237549
021504,02,15,04,ANCASH,PALLASCA,HUACASCHUQUE,202,206,3246.43708609272,-77.992366041587,-8.30283655938065
021505,02,15,05,ANCASH,PALLASCA,HUANDOVAL,203,207,3817.76607281177,-77.9455980020719,-8.33456834481003
021506,02,15,06,ANCASH,PALLASCA,LACABAMBA,204,208,3676.37552742616,-77.9055332771528,-8.26580248119902
021507,02,15,07,ANCASH,PALLASCA,LLAPO,205,209,3404.85582822086,-78.0302885720033,-8.5156180516646
021508,02,15,08,ANCASH,PALLASCA,PALLASCA,206,210,2800.69419460343,-78.0048477785298,-8.26344837809448
021509,02,15,09,ANCASH,PALLASCA,PAMPAS,207,211,3802.24546011018,-77.7988452242127,-8.13851763588735
021510,02,15,10,ANCASH,PALLASCA,SANTA ROSA,208,212,2110.98394070414,-78.1384364074033,-8.568450083432
021511,02,15,11,ANCASH,PALLASCA,TAUCA,209,213,2933.12601626016,-78.0555726290842,-8.44607063488846
021601,02,16,01,ANCASH,POMABAMBA,POMABAMBA,210,214,3885.07696307852,-77.5065227090389,-8.79036581129416
021602,02,16,02,ANCASH,POMABAMBA,HUAYLLAN,211,215,3712.81937436932,-77.4662780639189,-8.88971966608725
021603,02,16,03,ANCASH,POMABAMBA,PAROBAMBA,212,216,3135.13417855256,-77.3953142783026,-8.61275612189179
021604,02,16,04,ANCASH,POMABAMBA,QUINUABAMBA,213,217,3199.09934171155,-77.3436905622293,-8.70232703786635
021701,02,17,01,ANCASH,RECUAY,RECUAY,214,218,3980.95937873357,-77.4474270133031,-9.70646748506467
021702,02,17,02,ANCASH,RECUAY,CATAC,215,219,4326.73702994429,-77.3170676655222,-9.9111845162469
021703,02,17,03,ANCASH,RECUAY,COTAPARACO,216,220,4121.9887697805,-77.540925469465,-9.93755371652153
021704,02,17,04,ANCASH,RECUAY,HUAYLLAPAMPA,217,221,3471.18921095008,-77.5146818211927,-10.0577258443639
021705,02,17,05,ANCASH,RECUAY,LLACLLIN,218,222,2655.21819870009,-77.5874914842588,-10.1080303504887
021706,02,17,06,ANCASH,RECUAY,MARCA,219,223,3525.77647632992,-77.4543356758659,-10.0742162025756
021707,02,17,07,ANCASH,RECUAY,PAMPAS CHICO,220,224,3971.27133105802,-77.3732343586983,-10.0940800785484
021708,02,17,08,ANCASH,RECUAY,PARARIN,221,225,2423.28862068966,-77.6538313971288,-10.1192040932748
021709,02,17,09,ANCASH,RECUAY,TAPACOCHA,222,226,3968.38907849829,-77.5398803848427,-10.002753908051
021710,02,17,10,ANCASH,RECUAY,TICAPAMPA,223,227,4183.00915750916,-77.3922676588897,-9.73783649308911
021801,02,18,01,ANCASH,SANTA,CHIMBOTE,224,228,721.057112802426,-78.4010927803875,-8.87758329869959
021802,02,18,02,ANCASH,SANTA,CACERES DEL PERU,225,229,2852.70845332882,-78.076409094384,-8.9609979906427
021803,02,18,03,ANCASH,SANTA,COISHCO,226,230,129.118279569892,-78.6184515650697,-9.02758242961559
021804,02,18,04,ANCASH,SANTA,MACATE,227,231,2543.58822632301,-78.1219840868207,-8.77654100911181
021805,02,18,05,ANCASH,SANTA,MORO,228,232,1213.07525,-78.1239697531672,-9.16328570187656
021806,02,18,06,ANCASH,SANTA,NEPEÑA,229,233,491.064749608764,-78.3031736424412,-9.14148657176602
021807,02,18,07,ANCASH,SANTA,SAMANCO,230,234,100.881508078995,-78.442505944799,-9.27945869228625
021808,02,18,08,ANCASH,SANTA,SANTA,231,235,53.2175824175824,-78.609254876266,-8.9922115200915
021809,02,18,09,ANCASH,SANTA,NUEVO CHIMBOTE,232,236,266.467008470798,-78.4361425744393,-9.10010583237534
021901,02,19,01,ANCASH,SIHUAS,SIHUAS,233,237,3322.91535433071,-77.6154355856558,-8.54029061433996
021902,02,19,02,ANCASH,SIHUAS,ACOBAMBA,234,238,2871.37253731343,-77.5607503752475,-8.30020885126515
021903,02,19,03,ANCASH,SIHUAS,ALFONSO UGARTE,235,239,3149.4248496994,-77.4435242266712,-8.46775633910759
021904,02,19,04,ANCASH,SIHUAS,CASHAPAMPA,236,240,3641.19691119691,-77.6532056994076,-8.5878105629948
021905,02,19,05,ANCASH,SIHUAS,CHINGALPO,237,241,3744.67028423773,-77.6459852135133,-8.36287664812237
021906,02,19,06,ANCASH,SIHUAS,HUAYLLABAMBA,238,242,3519.83570504528,-77.5300593599425,-8.51213356222214
021907,02,19,07,ANCASH,SIHUAS,QUICHES,239,243,2916.4691283293,-77.5097533727859,-8.39597843243702
021908,02,19,08,ANCASH,SIHUAS,RAGASH,240,244,3984.29474583511,-77.6960366157518,-8.4547931643487
021909,02,19,09,ANCASH,SIHUAS,SAN JUAN,241,245,3635.09279661017,-77.6204791329569,-8.67163643070648
021910,02,19,10,ANCASH,SIHUAS,SICSIBAMBA,242,246,3245.33698030635,-77.5292845790017,-8.63053035159173
022001,02,20,01,ANCASH,YUNGAY,YUNGAY,243,247,4066.68415874057,-77.6663968852048,-9.09348485778115
022002,02,20,02,ANCASH,YUNGAY,CASCAPARA,244,248,4016.04970568999,-77.8326940562055,-9.31612008958409
022003,02,20,03,ANCASH,YUNGAY,MANCOS,245,249,3337.15254237288,-77.650132635863,-9.19229985169763
022004,02,20,04,ANCASH,YUNGAY,MATACOTO,246,250,3020.30608365019,-77.7589665077217,-9.17748710986228
022005,02,20,05,ANCASH,YUNGAY,QUILLO,247,251,3205.23684210526,-77.9490248401671,-9.31686422227706
022006,02,20,06,ANCASH,YUNGAY,RANRAHIRCA,248,252,2954.60245901639,-77.6966712981299,-9.16010151315196
022007,02,20,07,ANCASH,YUNGAY,SHUPLUY,249,253,4034.77382875606,-77.7894867350516,-9.34443715873783
022008,02,20,08,ANCASH,YUNGAY,YANAMA,250,254,4058.9419924338,-77.4980598095468,-9.024117293486
030101,03,01,01,APURIMAC,ABANCAY,ABANCAY,251,255,3393.45789797173,-72.8716249283548,-13.6358444053048
030102,03,01,02,APURIMAC,ABANCAY,CHACOCHE,252,256,3972.87930174564,-72.9912912908463,-13.997415908073
030103,03,01,03,APURIMAC,ABANCAY,CIRCA,253,257,3910.54531596452,-72.8915245353294,-13.9741652180592
030104,03,01,04,APURIMAC,ABANCAY,CURAHUASI,254,258,3537.00573417981,-72.6181414636349,-13.638854997146
030105,03,01,05,APURIMAC,ABANCAY,HUANIPACA,255,259,2970.92911601072,-72.9752894858258,-13.4760947757055
030106,03,01,06,APURIMAC,ABANCAY,LAMBRAMA,256,260,3757.24004017409,-72.7881476591925,-13.8040161991272
030107,03,01,07,APURIMAC,ABANCAY,PICHIRHUA,257,261,3343.55662820815,-73.0317182549928,-13.7847836503483
030108,03,01,08,APURIMAC,ABANCAY,SAN PEDRO DE CACHORA,258,262,3138.58695652174,-72.8140013062585,-13.4888420884666
030109,03,01,09,APURIMAC,ABANCAY,TAMBURCO,259,263,3768.69789983845,-72.8719644285861,-13.5781364250055
030201,03,02,01,APURIMAC,ANDAHUAYLAS,ANDAHUAYLAS,260,264,3705.12042818912,-73.3879174036191,-13.7683500197588
030202,03,02,02,APURIMAC,ANDAHUAYLAS,ANDARAPA,261,265,2686.16200852676,-73.3885807166013,-13.4972913150474
030203,03,02,03,APURIMAC,ANDAHUAYLAS,CHIARA,262,266,3750.68484122229,-73.6155653971639,-13.8798455204706
030204,03,02,04,APURIMAC,ANDAHUAYLAS,HUANCARAMA,263,267,3160.45188519978,-73.0283072757695,-13.6568612647463
030205,03,02,05,APURIMAC,ANDAHUAYLAS,HUANCARAY,264,268,3573.9809976247,-73.5471992302201,-13.7696184657865
030206,03,02,06,APURIMAC,ANDAHUAYLAS,HUAYANA,265,269,3675.10164835165,-73.5509592816101,-13.9895854349202
030207,03,02,07,APURIMAC,ANDAHUAYLAS,KISHUARA,266,270,3684.37706788363,-73.1624853371277,-13.6652341096308
030208,03,02,08,APURIMAC,ANDAHUAYLAS,PACOBAMBA,267,271,2715.29785787147,-73.1297137822103,-13.5360346550331
030209,03,02,09,APURIMAC,ANDAHUAYLAS,PACUCHA,268,272,3291.83453608247,-73.3092939459921,-13.5981948385513
030210,03,02,10,APURIMAC,ANDAHUAYLAS,PAMPACHIRI,269,273,4017.08659425681,-73.4785139056608,-14.295994431107
030211,03,02,11,APURIMAC,ANDAHUAYLAS,POMACOCHA,270,274,3951.94551971326,-73.4920971031269,-14.0962877197314
030212,03,02,12,APURIMAC,ANDAHUAYLAS,SAN ANTONIO DE CACHI,271,275,3255.65617314314,-73.6575825873763,-13.7894812722524
030213,03,02,13,APURIMAC,ANDAHUAYLAS,SAN JERONIMO,272,276,3967.21635977337,-73.2740682658612,-13.7166250289319
030214,03,02,14,APURIMAC,ANDAHUAYLAS,SAN MIGUEL DE CHACCRAMPA,273,277,3445.34443288241,-73.603013555385,-13.962146429965
030215,03,02,15,APURIMAC,ANDAHUAYLAS,SANTA MARIA DE CHICMO,274,278,3693.28087986464,-73.54626765012,-13.6611552339129
030216,03,02,16,APURIMAC,ANDAHUAYLAS,TALAVERA,275,279,3242.2533557047,-73.4530279741947,-13.6274900150496
030217,03,02,17,APURIMAC,ANDAHUAYLAS,TUMAY HUARACA,276,280,4070.46873184898,-73.458195430618,-13.96921982574
030218,03,02,18,APURIMAC,ANDAHUAYLAS,TURPO,277,281,3727.41951566952,-73.4722046177706,-13.7905906278235
030219,03,02,19,APURIMAC,ANDAHUAYLAS,KAQUIABAMBA,278,282,2692.00787401575,-73.2794085363717,-13.5115429651766
030220,03,02,20,APURIMAC,ANDAHUAYLAS,JOSE MARIA ARGUEDAS,279,283,4058.88861013547,-73.3239692115643,-13.8092477114622
030301,03,03,01,APURIMAC,ANTABAMBA,ANTABAMBA,280,284,4513.89213973799,-72.7501464290253,-14.5179745581986
030302,03,03,02,APURIMAC,ANTABAMBA,EL ORO,281,285,4091.60315374507,-73.0352128574927,-14.1578068658987
030303,03,03,03,APURIMAC,ANTABAMBA,HUAQUIRCA,282,286,4317.076,-72.7867023465614,-14.3402767306719
030304,03,03,04,APURIMAC,ANTABAMBA,JUAN ESPINOZA MEDRANO,283,287,4502.8364265928,-72.9084035177471,-14.558580532417
030305,03,03,05,APURIMAC,ANTABAMBA,OROPESA,284,288,4571.05620082428,-72.5231012485214,-14.4359378391918
030306,03,03,06,APURIMAC,ANTABAMBA,PACHACONAS,285,289,4046.10352760736,-72.9791129291719,-14.2190020383159
030307,03,03,07,APURIMAC,ANTABAMBA,SABAINO,286,290,4011.24975173784,-72.9801487498001,-14.3229690851774
030401,03,04,01,APURIMAC,AYMARAES,CHALHUANCA,287,291,3864.44573944574,-73.2292900951203,-14.2942536990595
030402,03,04,02,APURIMAC,AYMARAES,CAPAYA,288,292,3818.8253968254,-73.3538543354671,-14.1155990051597
030403,03,04,03,APURIMAC,AYMARAES,CARAYBAMBA,289,293,4264.6993513926,-73.0945045239289,-14.4193622804922
030404,03,04,04,APURIMAC,AYMARAES,CHAPIMARCA,290,294,3562.85578992682,-73.0867748484339,-14.0078018711527
030405,03,04,05,APURIMAC,AYMARAES,COLCABAMBA,291,295,3553.24042145594,-73.2582705313212,-13.9769309080131
030406,03,04,06,APURIMAC,AYMARAES,COTARUSE,292,296,4348.05867785303,-73.2951169901863,-14.5889231046281
030407,03,04,07,APURIMAC,AYMARAES,IHUAYLLO,293,297,3377.60774818402,-73.2440287375169,-14.0979331008126
030408,03,04,08,APURIMAC,AYMARAES,JUSTO APU SAHUARAURA,294,298,3446.49609035621,-73.19781713437,-14.1304318661029
030409,03,04,09,APURIMAC,AYMARAES,LUCRE,295,299,3790.27210884354,-73.2454571650691,-13.9158693533811
030410,03,04,10,APURIMAC,AYMARAES,POCOHUANCA,296,300,3693.25728643216,-73.0876798550862,-14.2240054625263
030411,03,04,11,APURIMAC,AYMARAES,SAN JUAN DE CHACÑA,297,301,3913.29390354868,-73.1938226110023,-13.8849831195491
030412,03,04,12,APURIMAC,AYMARAES,SAÑAYCA,298,302,4075.49472422062,-73.3582627647635,-14.3325306692492
030413,03,04,13,APURIMAC,AYMARAES,SORAYA,299,303,3553.66862745098,-73.2840069615843,-14.1707512670633
030414,03,04,14,APURIMAC,AYMARAES,TAPAIRIHUA,300,304,3659.785,-73.1179400592722,-14.1056177487592
030415,03,04,15,APURIMAC,AYMARAES,TINTAY,301,305,3305.54922600619,-73.1344841105714,-13.9034905368342
030416,03,04,16,APURIMAC,AYMARAES,TORAYA,302,306,3720.65815528921,-73.3137300398852,-14.0246493723827
030417,03,04,17,APURIMAC,AYMARAES,YANACA,303,307,3753.97051390059,-73.1598061329045,-14.2313232776048
030501,03,05,01,APURIMAC,COTABAMBAS,TAMBOBAMBA,304,308,3923.49550547962,-72.2129049928291,-13.9170456912798
030502,03,05,02,APURIMAC,COTABAMBAS,COTABAMBAS,305,309,3587.58546433378,-72.3412936786733,-13.75127845503
030503,03,05,03,APURIMAC,COTABAMBAS,COYLLURQUI,306,310,3999.77551448971,-72.3952674798248,-13.9189466346148
030504,03,05,04,APURIMAC,COTABAMBAS,HAQUIRA,307,311,4075.12977099237,-72.2305394022945,-14.2771545614099
030505,03,05,05,APURIMAC,COTABAMBAS,MARA,308,312,3718.80766192733,-72.1153589604677,-14.0451289076924
030506,03,05,06,APURIMAC,COTABAMBAS,CHALLHUAHUACHO,309,313,4153.17131242741,-72.3103952431048,-14.1714314158591
030601,03,06,01,APURIMAC,CHINCHEROS,CHINCHEROS,310,314,3125.52411994785,-73.7481778735675,-13.5186357858403
030602,03,06,02,APURIMAC,CHINCHEROS,ANCO-HUALLO,311,315,3720.1012536162,-73.6692722267021,-13.5442945626117
030603,03,06,03,APURIMAC,CHINCHEROS,COCHARCAS,312,316,2959.96254071661,-73.7478527302561,-13.6115533801102
030604,03,06,04,APURIMAC,CHINCHEROS,HUACCANA,313,317,2762.26768257619,-73.7257762165517,-13.305689501999
030605,03,06,05,APURIMAC,CHINCHEROS,OCOBAMBA,314,318,3106.61547811994,-73.5196017169833,-13.5061068875484
030606,03,06,06,APURIMAC,CHINCHEROS,ONGOY,315,319,3174.67438271605,-73.6506567545351,-13.4153189852797
030607,03,06,07,APURIMAC,CHINCHEROS,URANMARCA,316,320,3307.3994011976,-73.6525001287767,-13.6684558952441
030608,03,06,08,APURIMAC,CHINCHEROS,RANRACANCHA,317,321,3811.46031746032,-73.5963007253453,-13.5476354871026
030609,03,06,09,APURIMAC,CHINCHEROS,ROCCHACC,318,322,3353.02852614897,-73.6173521283595,-13.4555809114719
030610,03,06,10,APURIMAC,CHINCHEROS,EL PORVENIR,319,323,2758.68296296296,-73.5550441253136,-13.3977047584721
030611,03,06,11,APURIMAC,CHINCHEROS,LOS CHANKAS,320,324,2884.01041666667,-73.7913538470296,-13.3899164276246
030612,03,06,12,APURIMAC,CHINCHEROS,AHUAYRO,321,325,2914.06306306306,-73.7896297192946,-13.4669335331658
030701,03,07,01,APURIMAC,GRAU,CHUQUIBAMBILLA,322,326,4194.44515595951,-72.7746126051855,-14.1173603389936
030702,03,07,02,APURIMAC,GRAU,CURPAHUASI,323,327,4123.72891907187,-72.6498205325165,-13.9688718455913
030703,03,07,03,APURIMAC,GRAU,GAMARRA,324,328,3779.47334004024,-72.5596731049714,-13.8306583707889
030704,03,07,04,APURIMAC,GRAU,HUAYLLATI,325,329,3632.39034776437,-72.4958230462392,-13.9664876767383
030705,03,07,05,APURIMAC,GRAU,MAMARA,326,330,4031.48106591865,-72.5667946989156,-14.2120172000511
030706,03,07,06,APURIMAC,GRAU,MICAELA BASTIDAS,327,331,4002.70588235294,-72.5747085528162,-14.139930750492
030707,03,07,07,APURIMAC,GRAU,PATAYPAMPA,328,332,4337.5244047619,-72.7577242479128,-14.2260639279297
030708,03,07,08,APURIMAC,GRAU,PROGRESO,329,333,4211.22124542125,-72.4470301695879,-14.0986760085587
030709,03,07,09,APURIMAC,GRAU,SAN ANTONIO,330,334,3792.96219931272,-72.6062428902546,-14.1756496583362
030710,03,07,10,APURIMAC,GRAU,SANTA ROSA,331,335,3611.04885057471,-72.6604428589356,-14.125956011274
030711,03,07,11,APURIMAC,GRAU,TURPAY,332,336,3850.55094991364,-72.6370459927654,-14.2320015236822
030712,03,07,12,APURIMAC,GRAU,VILCABAMBA,333,337,3128.0945945946,-72.6362337166037,-14.0786461938523
030713,03,07,13,APURIMAC,GRAU,VIRUNDO,334,338,4473.60185185185,-72.6773395771821,-14.2910514101545
030714,03,07,14,APURIMAC,GRAU,CURASCO,335,339,3925.56996148909,-72.5320489071048,-14.1027756441529
040101,04,01,01,AREQUIPA,AREQUIPA,AREQUIPA,336,340,2325.9921875,-71.5384593586605,-16.4066579478134
040102,04,01,02,AREQUIPA,AREQUIPA,ALTO SELVA ALEGRE,337,341,3104.44315245478,-71.4858520289614,-16.3309608112267
040103,04,01,03,AREQUIPA,AREQUIPA,CAYMA,338,342,3843.51026502426,-71.4569371485682,-16.2526797741574
040104,04,01,04,AREQUIPA,AREQUIPA,CERRO COLORADO,339,343,3188.11221449851,-71.576586150775,-16.3044486348347
040105,04,01,05,AREQUIPA,AREQUIPA,CHARACATO,340,344,3322.40707070707,-71.382847578095,-16.4577513199595
040106,04,01,06,AREQUIPA,AREQUIPA,CHIGUATA,341,345,3701.44268476621,-71.3586166343173,-16.3756258610105
040107,04,01,07,AREQUIPA,AREQUIPA,JACOBO HUNTER,342,346,2318.1974789916,-71.5626120906266,-16.4587011236786
040108,04,01,08,AREQUIPA,AREQUIPA,LA JOYA,343,347,1645.67926646707,-71.7958048825678,-16.5884112642038
040109,04,01,09,AREQUIPA,AREQUIPA,MARIANO MELGAR,344,348,2954.70570570571,-71.4628733383324,-16.3753836938097
040110,04,01,10,AREQUIPA,AREQUIPA,MIRAFLORES,345,349,3135.27960526316,-71.4712704511301,-16.3564669069268
040111,04,01,11,AREQUIPA,AREQUIPA,MOLLEBAYA,346,350,2584.01388888889,-71.4738463723537,-16.5040802256746
040112,04,01,12,AREQUIPA,AREQUIPA,PAUCARPATA,347,351,2604.70679012346,-71.4779812719605,-16.4200505802232
040113,04,01,13,AREQUIPA,AREQUIPA,POCSI,348,352,3617.4306122449,-71.3321681503441,-16.4988888901517
040114,04,01,14,AREQUIPA,AREQUIPA,POLOBAYA,349,353,3077.57230231542,-71.3574020651591,-16.641976219868
040115,04,01,15,AREQUIPA,AREQUIPA,QUEQUEÑA,350,354,2758.50620347395,-71.4432151575909,-16.5441758755402
040116,04,01,16,AREQUIPA,AREQUIPA,SABANDIA,351,355,2710.62711864407,-71.4602287011403,-16.4482640590077
040117,04,01,17,AREQUIPA,AREQUIPA,SACHACA,352,356,2254.39634146341,-71.5762454154226,-16.4211685364523
040118,04,01,18,AREQUIPA,AREQUIPA,SAN JUAN DE SIGUAS,353,357,1253.13381995134,-72.1634165322519,-16.4050540193694
040119,04,01,19,AREQUIPA,AREQUIPA,SAN JUAN DE TARUCANI,354,358,4441.29495325738,-71.0970905176016,-16.1937942713442
040120,04,01,20,AREQUIPA,AREQUIPA,SANTA ISABEL DE SIGUAS,355,359,1790.51260104612,-72.0632004407552,-16.2676699770822
040121,04,01,21,AREQUIPA,AREQUIPA,SANTA RITA DE SIGUAS,356,360,1191.13856529736,-72.1441013970953,-16.5228111158103
040122,04,01,22,AREQUIPA,AREQUIPA,SOCABAYA,357,361,2347.37883959044,-71.5346796854415,-16.4736407182535
040123,04,01,23,AREQUIPA,AREQUIPA,TIABAYA,358,362,2366.19203747073,-71.5989884873068,-16.4634470097105
040124,04,01,24,AREQUIPA,AREQUIPA,UCHUMAYO,359,363,2147.12062880975,-71.6905474497124,-16.4609246087239
040125,04,01,25,AREQUIPA,AREQUIPA,VITOR,360,364,1506.19196732471,-71.9877133932274,-16.4891774522323
040126,04,01,26,AREQUIPA,AREQUIPA,YANAHUARA,361,365,2342.70454545455,-71.550405050733,-16.3947445752292
040127,04,01,27,AREQUIPA,AREQUIPA,YARABAMBA,362,366,2628.29996418338,-71.5498778765647,-16.6135134822366
040128,04,01,28,AREQUIPA,AREQUIPA,YURA,363,367,3566.17463343774,-71.6062667456878,-16.1309345905867
040129,04,01,29,AREQUIPA,AREQUIPA,JOSE LUIS BUSTAMANTE Y RIVERO,364,368,2351.91538461538,-71.5234734164988,-16.4314913542862
040201,04,02,01,AREQUIPA,CAMANA,CAMANA,365,369,11.984126984127,-72.7128796100458,-16.6309134888773
040202,04,02,02,AREQUIPA,CAMANA,JOSE MARIA QUIMPER,366,370,88.0978260869565,-72.7366064020961,-16.5964901827705
040203,04,02,03,AREQUIPA,CAMANA,MARIANO NICOLAS VALCARCEL,367,371,1593.2714868256,-73.1361296774565,-16.0782392047553
040204,04,02,04,AREQUIPA,CAMANA,MARISCAL CACERES,368,372,743.85467330794,-72.8322557580366,-16.4556106193259
040205,04,02,05,AREQUIPA,CAMANA,NICOLAS DE PIEROLA,369,373,766.929746554024,-72.6340718884964,-16.4794049444685
040206,04,02,06,AREQUIPA,CAMANA,OCOÑA,370,374,1286.57639356299,-73.0108558753595,-16.27794445375
040207,04,02,07,AREQUIPA,CAMANA,QUILCA,371,375,645.916997578693,-72.3519913455339,-16.7007702451879
040208,04,02,08,AREQUIPA,CAMANA,SAMUEL PASTOR,372,376,398.843032159265,-72.6524441965226,-16.6013347216788
040301,04,03,01,AREQUIPA,CARAVELI,CARAVELI,373,377,2139.50836506288,-73.3318451196367,-15.8291337599588
040302,04,03,02,AREQUIPA,CARAVELI,ACARI,374,378,1180.82935345799,-74.5274367395523,-15.3908925737599
040303,04,03,03,AREQUIPA,CARAVELI,ATICO,375,379,1452.93303106255,-73.5383727274546,-16.0529929366376
040304,04,03,04,AREQUIPA,CARAVELI,ATIQUIPA,376,380,1153.27569901316,-74.3036406158076,-15.6891603206057
040305,04,03,05,AREQUIPA,CARAVELI,BELLA UNION,377,381,807.980609418283,-74.7274008657044,-15.3429394962981
040306,04,03,06,AREQUIPA,CARAVELI,CAHUACHO,378,382,3301.76025713746,-73.4317539011451,-15.5406411352075
040307,04,03,07,AREQUIPA,CARAVELI,CHALA,379,383,685.419958953309,-74.1895951034641,-15.7693594520021
040308,04,03,08,AREQUIPA,CARAVELI,CHAPARRA,380,384,1592.93684027375,-73.9451443602012,-15.824815113403
040309,04,03,09,AREQUIPA,CARAVELI,HUANUHUANU,381,385,2428.97612272671,-74.0628118719769,-15.5557424481704
040310,04,03,10,AREQUIPA,CARAVELI,JAQUI,382,386,1311.58080495356,-74.3981587152694,-15.4490875681948
040311,04,03,11,AREQUIPA,CARAVELI,LOMAS,383,387,349.286190009794,-74.9351626258048,-15.3866925973101
040312,04,03,12,AREQUIPA,CARAVELI,QUICACHA,384,388,3086.40153431125,-73.7304295884937,-15.5673060065655
040313,04,03,13,AREQUIPA,CARAVELI,YAUCA,385,389,821.452790735081,-74.4287552293549,-15.6335196157709
040401,04,04,01,AREQUIPA,CASTILLA,APLAO,386,390,1532.47572815534,-72.5681890439775,-16.0271967008603
040402,04,04,02,AREQUIPA,CASTILLA,ANDAGUA,387,391,4166.55635757912,-72.3768235001182,-15.4850431120203
040403,04,04,03,AREQUIPA,CASTILLA,AYO,388,392,3275.1326405868,-72.2850801370651,-15.6409504433947
040404,04,04,04,AREQUIPA,CASTILLA,CHACHAS,389,393,4720.66116185605,-72.1160693385962,-15.182018640672
040405,04,04,05,AREQUIPA,CASTILLA,CHILCAYMARCA,390,394,4005.51796837566,-72.3852775720249,-15.350611886361
040406,04,04,06,AREQUIPA,CASTILLA,CHOCO,391,395,4344.16895684149,-72.0686889989595,-15.4140550814908
040407,04,04,07,AREQUIPA,CASTILLA,HUANCARQUI,392,396,1922.43810148731,-72.3681797963009,-16.0123690399157
040408,04,04,08,AREQUIPA,CASTILLA,MACHAGUAY,393,397,4168.06267705382,-72.4717611976141,-15.6011216276151
040409,04,04,09,AREQUIPA,CASTILLA,ORCOPAMPA,394,398,4572.97960652591,-72.2484311889106,-15.1160307302747
040410,04,04,10,AREQUIPA,CASTILLA,PAMPACOLCA,395,399,3933.65890455887,-72.6190861032534,-15.6707617445095
040411,04,04,11,AREQUIPA,CASTILLA,TIPAN,396,400,2315.08860759494,-72.4996835301789,-15.7507634148621
040412,04,04,12,AREQUIPA,CASTILLA,UÑON,397,401,2968.40588235294,-72.3831490852753,-15.7570822937567
040413,04,04,13,AREQUIPA,CASTILLA,URACA,398,402,1144.48550997365,-72.5255706738742,-16.2615773381721
040414,04,04,14,AREQUIPA,CASTILLA,VIRACO,399,403,4232.76392405063,-72.5669078802045,-15.6163670767882
040501,04,05,01,AREQUIPA,CAYLLOMA,CHIVAY,400,404,4505.91834532374,-71.5501375457669,-15.6400784629545
040502,04,05,02,AREQUIPA,CAYLLOMA,ACHOMA,401,405,4395.47587195413,-71.6958543822516,-15.8221135535397
040503,04,05,03,AREQUIPA,CAYLLOMA,CABANACONDE,402,406,4154.50803554547,-71.9594090796048,-15.6746371965206
040504,04,05,04,AREQUIPA,CAYLLOMA,CALLALLI,403,407,4506.30281370547,-71.2484063656472,-15.521158806431
040505,04,05,05,AREQUIPA,CAYLLOMA,CAYLLOMA,404,408,4641.38364926154,-71.7966838766386,-15.1516063905678
040506,04,05,06,AREQUIPA,CAYLLOMA,COPORAQUE,405,409,4187.08403361345,-71.6412285650221,-15.5913207099413
040507,04,05,07,AREQUIPA,CAYLLOMA,HUAMBO,406,410,3475.81463414634,-72.1604642332718,-15.7962324196458
040508,04,05,08,AREQUIPA,CAYLLOMA,HUANCA,407,411,3750.93771950363,-71.8279360315349,-16.0064161432379
040509,04,05,09,AREQUIPA,CAYLLOMA,ICHUPAMPA,408,412,4326.84723854289,-71.7053090282223,-15.5861838424094
040510,04,05,10,AREQUIPA,CAYLLOMA,LARI,409,413,4760.80157126824,-71.7604439663712,-15.4799283058425
040511,04,05,11,AREQUIPA,CAYLLOMA,LLUTA,410,414,3657.67021805526,-72.0183878135354,-15.9675990984165
040512,04,05,12,AREQUIPA,CAYLLOMA,MACA,411,415,4627.15992647059,-71.7972695209969,-15.7312989917644
040513,04,05,13,AREQUIPA,CAYLLOMA,MADRIGAL,412,416,4427.88803512624,-71.8574452374207,-15.5413340851132
040514,04,05,14,AREQUIPA,CAYLLOMA,SAN ANTONIO DE CHUCA,413,417,4512.24395492384,-71.0974512489312,-15.8309038178961
040515,04,05,15,AREQUIPA,CAYLLOMA,SIBAYO,414,418,4462.3313810111,-71.5459872515549,-15.3617340285781
040516,04,05,16,AREQUIPA,CAYLLOMA,TAPAY,415,419,4587.00633713561,-71.9360022653043,-15.426792101563
040517,04,05,17,AREQUIPA,CAYLLOMA,TISCO,416,420,4470.61545934787,-71.3922604072921,-15.2126739541743
040518,04,05,18,AREQUIPA,CAYLLOMA,TUTI,417,421,4592.74233576642,-71.5976146700765,-15.4830625232616
040519,04,05,19,AREQUIPA,CAYLLOMA,YANQUE,418,422,4483.54419954506,-71.4552837911863,-15.7900972009916
040520,04,05,20,AREQUIPA,CAYLLOMA,MAJES,419,423,1382.36959737927,-72.296260522755,-16.3527782202182
040601,04,06,01,AREQUIPA,CONDESUYOS,CHUQUIBAMBA,420,424,2450.37419070041,-72.7208387146674,-16.0431474309282
040602,04,06,02,AREQUIPA,CONDESUYOS,ANDARAY,421,425,2897.89014296464,-72.843897476184,-15.8524749289305
040603,04,06,03,AREQUIPA,CONDESUYOS,CAYARANI,422,426,4621.68414434805,-72.2888407149473,-15.0146070024703
040604,04,06,04,AREQUIPA,CONDESUYOS,CHICHAS,423,427,3227.85174418605,-72.9457384798324,-15.5345024559897
040605,04,06,05,AREQUIPA,CONDESUYOS,IRAY,424,428,2512.97101980924,-72.600588286608,-15.9126318760223
040606,04,06,06,AREQUIPA,CONDESUYOS,RIO GRANDE,425,429,1556.11185718965,-73.1266721724447,-15.880861542658
040607,04,06,07,AREQUIPA,CONDESUYOS,SALAMANCA,426,430,4657.05310233115,-72.697419326203,-15.40614530246
040608,04,06,08,AREQUIPA,CONDESUYOS,YANAQUIHUA,427,431,2459.39588667713,-73.0291272316445,-15.7019622362828
040701,04,07,01,AREQUIPA,ISLAY,MOLLENDO,428,432,1055.86122486969,-71.8788499285036,-16.8574523625224
040702,04,07,02,AREQUIPA,ISLAY,COCACHACRA,429,433,1146.02143256855,-71.5994310480824,-16.9288184505576
040703,04,07,03,AREQUIPA,ISLAY,DEAN VALDIVIA,430,434,212.756774193548,-71.8294173524155,-17.0979986160563
040704,04,07,04,AREQUIPA,ISLAY,ISLAY,431,435,877.748629973791,-72.1022339504746,-16.8763096372937
040705,04,07,05,AREQUIPA,ISLAY,MEJIA,432,436,553.809282700422,-71.878619485583,-17.0357183269243
040706,04,07,06,AREQUIPA,ISLAY,PUNTA DE BOMBON,433,437,661.276220976782,-71.5507149761869,-17.1600616956868
040801,04,08,01,AREQUIPA,LA UNION,COTAHUASI,434,438,4132.39811419591,-72.8614621647914,-15.2763051683376
040802,04,08,02,AREQUIPA,LA UNION,ALCA,435,439,4365.93704379562,-72.7118728078838,-15.1674827080695
040803,04,08,03,AREQUIPA,LA UNION,CHARCANA,436,440,3938.67870619946,-73.0487819176034,-15.2108690542304
040804,04,08,04,AREQUIPA,LA UNION,HUAYNACOTAS,437,441,4650.63100150038,-72.7614416256258,-14.874880600416
040805,04,08,05,AREQUIPA,LA UNION,PAMPAMARCA,438,442,4502.59133814548,-72.9302145015405,-14.9895077979915
040806,04,08,06,AREQUIPA,LA UNION,PUYCA,439,443,4782.30783114993,-72.5471491596333,-14.9389035132998
040807,04,08,07,AREQUIPA,LA UNION,QUECHUALLA,440,444,3071.23430420712,-73.0704230113916,-15.289812078442
040808,04,08,08,AREQUIPA,LA UNION,SAYLA,441,445,3007.03465346535,-73.2453309653622,-15.3249817789419
040809,04,08,09,AREQUIPA,LA UNION,TAURIA,442,446,3040.92428414097,-73.1726429876441,-15.404202081191
040810,04,08,10,AREQUIPA,LA UNION,TOMEPAMPA,443,447,4267.74932371506,-72.785307726134,-15.2132686121834
040811,04,08,11,AREQUIPA,LA UNION,TORO,444,448,3394.51420973907,-73.0160761954182,-15.4047392049237
050101,05,01,01,AYACUCHO,HUAMANGA,AYACUCHO,445,449,2886.84698275862,-74.2520879997419,-13.134558773653
050102,05,01,02,AYACUCHO,HUAMANGA,ACOCRO,446,450,3735.77055214724,-74.0209595178088,-13.3042847761904
050103,05,01,03,AYACUCHO,HUAMANGA,ACOS VINCHOS,447,451,3532.35088723526,-74.05561444893,-13.1279385894178
050104,05,01,04,AYACUCHO,HUAMANGA,CARMEN ALTO,448,452,3171.68661971831,-74.2298695294248,-13.2060957986979
050105,05,01,05,AYACUCHO,HUAMANGA,CHIARA,449,453,3780.72804807133,-74.1586439699252,-13.3757272931013
050106,05,01,06,AYACUCHO,HUAMANGA,OCROS,450,454,3158.91664229307,-73.9003145705163,-13.3926050763711
050107,05,01,07,AYACUCHO,HUAMANGA,PACAYCASA,451,455,2708.02283849918,-74.2326911161863,-13.0531885357406
050108,05,01,08,AYACUCHO,HUAMANGA,QUINUA,452,456,3283.46047582502,-74.1345311359494,-13.0613891589126
050109,05,01,09,AYACUCHO,HUAMANGA,SAN JOSE DE TICLLAS,453,457,3191.84918032787,-74.3264172846182,-13.1251111142275
050110,05,01,10,AYACUCHO,HUAMANGA,SAN JUAN BAUTISTA,454,458,2805.45882352941,-74.2056856177277,-13.1803967072193
050111,05,01,11,AYACUCHO,HUAMANGA,SANTIAGO DE PISCHA,455,459,3060.92330383481,-74.3641770879052,-13.0747150954955
050112,05,01,12,AYACUCHO,HUAMANGA,SOCOS,456,460,3715.27130977131,-74.2844324875716,-13.2614417737144
050113,05,01,13,AYACUCHO,HUAMANGA,TAMBILLO,457,461,3019.23067915691,-74.1421718733464,-13.1902197308827
050114,05,01,14,AYACUCHO,HUAMANGA,VINCHOS,458,462,3956.48745900058,-74.4564440104865,-13.3062942809575
050115,05,01,15,AYACUCHO,HUAMANGA,JESUS NAZARENO,459,463,2677.80571428571,-74.2085641616846,-13.1218887897463
050116,05,01,16,AYACUCHO,HUAMANGA,ANDRES AVELINO CACERES DORREGARAY,460,464,2686.36190476191,-74.200200785388,-13.1545934171523
050201,05,02,01,AYACUCHO,CANGALLO,CANGALLO,461,465,3322.82248803828,-74.1100745792596,-13.5997319923584
050202,05,02,02,AYACUCHO,CANGALLO,CHUSCHI,462,466,4080.53109638812,-74.4362359955362,-13.4931310532168
050203,05,02,03,AYACUCHO,CANGALLO,LOS MOROCHUCOS,463,467,3644.28158080452,-74.225670019349,-13.4942188655985
050204,05,02,04,AYACUCHO,CANGALLO,MARIA PARADO DE BELLIDO,464,468,3671.14523650899,-74.2756697096059,-13.568060007473
050205,05,02,05,AYACUCHO,CANGALLO,PARAS,465,469,4334.14101257221,-74.7195880089928,-13.4607675096058
050206,05,02,06,AYACUCHO,CANGALLO,TOTOS,466,470,3870.04144282425,-74.5011849539612,-13.556166255308
050301,05,03,01,AYACUCHO,HUANCA SANCOS,SANCOS,467,471,4191.5450184741,-74.5597719273895,-14.0010231810439
050302,05,03,02,AYACUCHO,HUANCA SANCOS,CARAPO,468,472,3777.36285971223,-74.3034424127583,-13.8120578842725
050303,05,03,03,AYACUCHO,HUANCA SANCOS,SACSAMARCA,469,473,4113.61687508589,-74.2225549152321,-13.9839569443418
050304,05,03,04,AYACUCHO,HUANCA SANCOS,SANTIAGO DE LUCANAMARCA,470,474,4247.00898203593,-74.5329457413942,-13.8262877425112
050401,05,04,01,AYACUCHO,HUANTA,HUANTA,471,475,3543.89352594971,-74.2114470880381,-12.9120306399559
050402,05,04,02,AYACUCHO,HUANTA,AYAHUANCO,472,476,3318.29761336516,-74.3053690459201,-12.5314861883133
050403,05,04,03,AYACUCHO,HUANTA,HUAMANGUILLA,473,477,3587.18403755869,-74.1589412123461,-12.9926524654353
050404,05,04,04,AYACUCHO,HUANTA,IGUAIN,474,478,3077.39296187683,-74.218230680851,-12.9830838121455
050405,05,04,05,AYACUCHO,HUANTA,LURICOCHA,475,479,3027.04483188045,-74.2744294654978,-12.8608072111974
050406,05,04,06,AYACUCHO,HUANTA,SANTILLANA,476,480,3468.33672055427,-74.2685410710415,-12.7026143822916
050407,05,04,07,AYACUCHO,HUANTA,SIVIA,477,481,2479.4481295035,-73.9964367122572,-12.6038135160773
050408,05,04,08,AYACUCHO,HUANTA,LLOCHEGUA,478,482,1904.40602533379,-74.0825261845729,-12.4444485251128
050409,05,04,09,AYACUCHO,HUANTA,CANAYRE,479,483,1198.11023362948,-74.1021027341196,-12.3406254645723
050410,05,04,10,AYACUCHO,HUANTA,UCHURACCAY,480,484,3799.21500172831,-74.0931733934245,-12.7845535398001
050411,05,04,11,AYACUCHO,HUANTA,PUCACOLPA,481,485,2885.05962226886,-74.3830436416533,-12.3394777605912
050412,05,04,12,AYACUCHO,HUANTA,CHACA,482,486,3938.81886477462,-74.1915610836384,-12.7835163271998
050413,05,04,13,AYACUCHO,HUANTA,PUTIS,483,487,3895.98969072165,-74.1877057081165,-12.6069360080501
050501,05,05,01,AYACUCHO,LA MAR,SAN MIGUEL,484,488,3646.58249740574,-73.9421170014392,-12.9961003237117
050502,05,05,02,AYACUCHO,LA MAR,ANCO,485,489,2754.74820143885,-73.6480755812586,-13.0718889270863
050503,05,05,03,AYACUCHO,LA MAR,AYNA,486,490,2343.89553626782,-73.8908601979365,-12.7284493021357
050504,05,05,04,AYACUCHO,LA MAR,CHILCAS,487,491,2887.84198516828,-73.8660437183623,-13.1686117719726
050505,05,05,05,AYACUCHO,LA MAR,CHUNGUI,488,492,2908.77505946313,-73.5703952866751,-13.2300039180076
050506,05,05,06,AYACUCHO,LA MAR,LUIS CARRANZA,489,493,3214.0099009901,-73.8910099948127,-13.2393793466004
050507,05,05,07,AYACUCHO,LA MAR,SANTA ROSA,490,494,2122.12292660759,-73.7892858242465,-12.7646161898116
050508,05,05,08,AYACUCHO,LA MAR,TAMBO,491,495,3835.14077669903,-74.0230958431808,-12.9122971553862
050509,05,05,09,AYACUCHO,LA MAR,SAMUGARI,492,496,2626.33959156785,-73.7388942908982,-12.8500743966314
050510,05,05,10,AYACUCHO,LA MAR,ANCHIHUAY,493,497,2711.05787037037,-73.7126998546249,-12.9564989761917
050511,05,05,11,AYACUCHO,LA MAR,ORONCCOY,494,498,2657.91687857597,-73.3926313203686,-13.3463189056975
050512,05,05,12,AYACUCHO,LA MAR,UNION PROGRESO,495,499,1149.76510067114,-73.5525224933242,-12.9273153728553
050513,05,05,13,AYACUCHO,LA MAR,RIO MAGDALENA,496,500,2194.84512578616,-73.6774159441474,-12.8846548497104
050514,05,05,14,AYACUCHO,LA MAR,NINABAMBA,497,501,3233.75680421422,-73.9273100816452,-13.1109206495678
050515,05,05,15,AYACUCHO,LA MAR,PATIBAMBA,498,502,3241.23425925926,-73.9600787166593,-13.0642205550996
050601,05,06,01,AYACUCHO,LUCANAS,PUQUIO,499,503,4022.48106406742,-74.0163047938447,-14.6762914953159
050602,05,06,02,AYACUCHO,LUCANAS,AUCARA,500,504,4025.74393313866,-74.153951919022,-14.1944741506244
050603,05,06,03,AYACUCHO,LUCANAS,CABANA,501,505,4149.15110246433,-74.0774841703972,-14.3621371534758
050604,05,06,04,AYACUCHO,LUCANAS,CARMEN SALCEDO,502,506,4188.61880438895,-73.9817816105793,-14.4658137442073
050605,05,06,05,AYACUCHO,LUCANAS,CHAVIÑA,503,507,3498.9364851958,-73.8836793922521,-14.9826936685942
050606,05,06,06,AYACUCHO,LUCANAS,CHIPAO,504,508,4332.89047330097,-73.7574214684495,-14.4771433876313
050607,05,06,07,AYACUCHO,LUCANAS,HUAC-HUAS,505,509,2625.51361976973,-74.9936560559995,-14.166397278213
050608,05,06,08,AYACUCHO,LUCANAS,LARAMATE,506,510,3551.48875140607,-74.7661321167662,-14.249981509325
050609,05,06,09,AYACUCHO,LUCANAS,LEONCIO PRADO,507,511,3237.52642789524,-74.6156945936097,-14.6714777970628
050610,05,06,10,AYACUCHO,LUCANAS,LLAUTA,508,512,2936.96047008547,-74.9404644524622,-14.2497671526271
050611,05,06,11,AYACUCHO,LUCANAS,LUCANAS,509,513,4013.58903613585,-74.3044102102269,-14.48740111833
050612,05,06,12,AYACUCHO,LUCANAS,OCAÑA,510,514,2624.17830882353,-74.8470660251957,-14.4274629352042
050613,05,06,13,AYACUCHO,LUCANAS,OTOCA,511,515,3063.80724957139,-74.6601757547512,-14.4921590863756
050614,05,06,14,AYACUCHO,LUCANAS,SAISA,512,516,2767.35829528158,-74.3744625565874,-14.9558659933496
050615,05,06,15,AYACUCHO,LUCANAS,SAN CRISTOBAL,513,517,3385.23065348237,-74.2543702841248,-14.7917705326617
050616,05,06,16,AYACUCHO,LUCANAS,SAN JUAN,514,518,3448.86090225564,-74.1864041309684,-14.6539885972399
050617,05,06,17,AYACUCHO,LUCANAS,SAN PEDRO,515,519,2773.06761308951,-74.2077880618214,-14.9710914889524
050618,05,06,18,AYACUCHO,LUCANAS,SAN PEDRO DE PALCO,516,520,4064.75920297197,-74.4942324378992,-14.2913011727941
050619,05,06,19,AYACUCHO,LUCANAS,SANCOS,517,521,2661.3363372093,-74.1583070618611,-15.1470379569793
050620,05,06,20,AYACUCHO,LUCANAS,SANTA ANA DE HUAYCAHUACHO,518,522,3560.74661508704,-73.925609793484,-14.2208737083099
050621,05,06,21,AYACUCHO,LUCANAS,SANTA LUCIA,519,523,2603.70267298257,-74.545744329154,-14.9327410189837
050701,05,07,01,AYACUCHO,PARINACOCHAS,CORACORA,520,524,4231.62283300763,-73.6993078494648,-14.8156858576619
050702,05,07,02,AYACUCHO,PARINACOCHAS,CHUMPI,521,525,3553.68857075804,-73.6999161655231,-15.1058165692632
050703,05,07,03,AYACUCHO,PARINACOCHAS,CORONEL CASTAÑEDA,522,526,4443.14661044437,-73.16423186828,-14.778304560968
050704,05,07,04,AYACUCHO,PARINACOCHAS,PACAPAUSA,523,527,3986.70528817588,-73.3630116351412,-14.9519814836662
050705,05,07,05,AYACUCHO,PARINACOCHAS,PULLO,524,528,2938.92841963986,-73.9844501615613,-15.3331612438505
050706,05,07,06,AYACUCHO,PARINACOCHAS,PUYUSCA,525,529,3626.023547026,-73.5976337721018,-15.2820601980889
050707,05,07,07,AYACUCHO,PARINACOCHAS,SAN FRANCISCO DE RAVACAYCO,526,530,3957.98468085106,-73.3631775843327,-15.0058385359084
050708,05,07,08,AYACUCHO,PARINACOCHAS,UPAHUACHO,527,531,4060.51855231144,-73.5296758333355,-14.883634107648
050801,05,08,01,AYACUCHO,PAUCAR DEL SARA SARA,PAUSA,528,532,3164.0020847811,-73.357932385643,-15.3207024504789
050802,05,08,02,AYACUCHO,PAUCAR DEL SARA SARA,COLTA,529,533,3871.15871332626,-73.2505501749856,-15.1277464345566
050803,05,08,03,AYACUCHO,PAUCAR DEL SARA SARA,CORCULLA,530,534,3464.9274611399,-73.2186544587073,-15.2618246773783
050804,05,08,04,AYACUCHO,PAUCAR DEL SARA SARA,LAMPA,531,535,3836.14454460678,-73.4496902462688,-15.1484679077753
050805,05,08,05,AYACUCHO,PAUCAR DEL SARA SARA,MARCABAMBA,532,536,3903.58575581395,-73.3791587193991,-15.0917247782209
050806,05,08,06,AYACUCHO,PAUCAR DEL SARA SARA,OYOLO,533,537,4548.61645346273,-73.1185880315523,-15.0230138177451
050807,05,08,07,AYACUCHO,PAUCAR DEL SARA SARA,PARARCA,534,538,3608.23647604328,-73.4523151602181,-15.2057227085903
050808,05,08,08,AYACUCHO,PAUCAR DEL SARA SARA,SAN JAVIER DE ALPABAMBA,535,539,3912.12100965108,-73.2943868018335,-15.0482032678482
050809,05,08,09,AYACUCHO,PAUCAR DEL SARA SARA,SAN JOSE DE USHUA,536,540,3568.36809815951,-73.1961351031026,-15.2235458641832
050810,05,08,10,AYACUCHO,PAUCAR DEL SARA SARA,SARA SARA,537,541,3695.09836065574,-73.4594941837965,-15.2600282055934
050901,05,09,01,AYACUCHO,SUCRE,QUEROBAMBA,538,542,3616.34111422347,-73.8048304997783,-13.9948021009724
050902,05,09,02,AYACUCHO,SUCRE,BELEN,539,543,2710.93946731235,-73.7672570706679,-13.8043144473887
050903,05,09,03,AYACUCHO,SUCRE,CHALCOS,540,544,3196.23557692308,-73.7526060698751,-13.8509551836539
050904,05,09,04,AYACUCHO,SUCRE,CHILCAYOC,541,545,3121.60830860534,-73.7217591169159,-13.8912372620111
050905,05,09,05,AYACUCHO,SUCRE,HUACAÑA,542,546,4014.29390243902,-73.8646743977527,-14.2141234110645
050906,05,09,06,AYACUCHO,SUCRE,MORCOLLA,543,547,3832.80321894929,-73.8344784922326,-14.1547505353547
050907,05,09,07,AYACUCHO,SUCRE,PAICO,544,548,3542.66666666667,-73.666589594941,-14.0125884148436
050908,05,09,08,AYACUCHO,SUCRE,SAN PEDRO DE LARCAY,545,549,3950.16410399776,-73.5895830773847,-14.2834885686174
050909,05,09,09,AYACUCHO,SUCRE,SAN SALVADOR DE QUIJE,546,550,3705.09305210918,-73.7177609327981,-13.9832617884556
050910,05,09,10,AYACUCHO,SUCRE,SANTIAGO DE PAUCARAY,547,551,3721.06025824964,-73.6533795639942,-14.0874756365269
050911,05,09,11,AYACUCHO,SUCRE,SORAS,548,552,4045.73560340511,-73.6909874773553,-14.2095424237477
051001,05,10,01,AYACUCHO,VICTOR FAJARDO,HUANCAPI,549,553,3961.61815509004,-74.0898399474027,-13.8046491303474
051002,05,10,02,AYACUCHO,VICTOR FAJARDO,ALCAMENCA,550,554,3468.593323217,-74.2104503577033,-13.6655378229998
051003,05,10,03,AYACUCHO,VICTOR FAJARDO,APONGO,551,555,4008.44183724413,-74.0068554410149,-14.0649529352015
051004,05,10,04,AYACUCHO,VICTOR FAJARDO,ASQUIPATA,552,556,3521.10947109471,-73.9378083314385,-14.0758172284473
051005,05,10,05,AYACUCHO,VICTOR FAJARDO,CANARIA,553,557,3854.52730883813,-73.9945559901295,-13.9615545028376
051006,05,10,06,AYACUCHO,VICTOR FAJARDO,CAYARA,554,558,3328.78085991678,-73.9886809311775,-13.7928451502634
051007,05,10,07,AYACUCHO,VICTOR FAJARDO,COLCA,555,559,3020.87225274725,-74.0379366833919,-13.7148592937088
051008,05,10,08,AYACUCHO,VICTOR FAJARDO,HUAMANQUIQUIA,556,560,3688.50546780073,-74.275718030076,-13.716076348712
051009,05,10,09,AYACUCHO,VICTOR FAJARDO,HUANCARAYLLA,557,561,4034.24932249323,-74.1698680892555,-13.7490737330219
051010,05,10,10,AYACUCHO,VICTOR FAJARDO,HUALLA,558,562,3726.53707865169,-73.9791959459298,-13.8780311537202
051011,05,10,11,AYACUCHO,VICTOR FAJARDO,SARHUA,559,563,3990.39754288363,-74.4098362665521,-13.6902818886862
051012,05,10,12,AYACUCHO,VICTOR FAJARDO,VILCANCHOS,560,564,4122.87072912998,-74.6431764832297,-13.6523860280732
051101,05,11,01,AYACUCHO,VILCAS HUAMAN,VILCAS HUAMAN,561,565,3454.2934347478,-73.8963159748845,-13.6557042621273
051102,05,11,02,AYACUCHO,VILCAS HUAMAN,ACCOMARCA,562,566,3236.50665301945,-73.8674047748769,-13.806238082376
051103,05,11,03,AYACUCHO,VILCAS HUAMAN,CARHUANCA,563,567,3134.2859450727,-73.7820677793661,-13.7394384847154
051104,05,11,04,AYACUCHO,VILCAS HUAMAN,CONCEPCION,564,568,3306.08652246256,-73.8804094532296,-13.5420999063895
051105,05,11,05,AYACUCHO,VILCAS HUAMAN,HUAMBALPA,565,569,3474.23068611561,-73.887911466319,-13.7443122691019
051106,05,11,06,AYACUCHO,VILCAS HUAMAN,INDEPENDENCIA,566,570,3152.80298507463,-73.8584716029788,-13.875655077044
051107,05,11,07,AYACUCHO,VILCAS HUAMAN,SAURAMA,567,571,2994.18065153011,-73.7503514905268,-13.701022025441
051108,05,11,08,AYACUCHO,VILCAS HUAMAN,VISCHONGO,568,572,3663.89113840027,-74.0136963726068,-13.5536932824907
060101,06,01,01,CAJAMARCA,CAJAMARCA,CAJAMARCA,569,573,3396.30151586926,-78.5611115655215,-7.07746147533964
060102,06,01,02,CAJAMARCA,CAJAMARCA,ASUNCION,570,574,2834.9987400252,-78.5271893137227,-7.33823571536753
060103,06,01,03,CAJAMARCA,CAJAMARCA,CHETILLA,571,575,3228.98039215686,-78.6540277674665,-7.14250442210827
060104,06,01,04,CAJAMARCA,CAJAMARCA,COSPAN,572,576,2746.86635271192,-78.5168652967319,-7.45303167791169
060105,06,01,05,CAJAMARCA,CAJAMARCA,ENCAÑADA,573,577,3607.98072835483,-78.4029544548555,-6.98521232875401
060106,06,01,06,CAJAMARCA,CAJAMARCA,JESUS,574,578,3188.75828519307,-78.3666507282733,-7.29830618661759
060107,06,01,07,CAJAMARCA,CAJAMARCA,LLACANORA,575,579,2835.84724689165,-78.4118419964557,-7.18959879657358
060108,06,01,08,CAJAMARCA,CAJAMARCA,LOS BAÑOS DEL INCA,576,580,3217.89875439157,-78.4559781525531,-7.09012078283445
060109,06,01,09,CAJAMARCA,CAJAMARCA,MAGDALENA,577,581,2523.79956521739,-78.6223886361745,-7.22472728780385
060110,06,01,10,CAJAMARCA,CAJAMARCA,MATARA,578,582,2758.77674418605,-78.2594783904802,-7.27201845144061
060111,06,01,11,CAJAMARCA,CAJAMARCA,NAMORA,579,583,3210.79418472064,-78.284073903941,-7.1843648563781
060112,06,01,12,CAJAMARCA,CAJAMARCA,SAN JUAN,580,584,2920.25280199253,-78.4819804206268,-7.27390932344534
060201,06,02,01,CAJAMARCA,CAJABAMBA,CAJABAMBA,581,585,3152.10702498821,-78.0321458718817,-7.63145126182423
060202,06,02,02,CAJAMARCA,CAJABAMBA,CACHACHI,582,586,3089.5896619842,-78.2533318781724,-7.56768531514619
060203,06,02,03,CAJAMARCA,CAJABAMBA,CONDEBAMBA,583,587,2538.68,-78.0911369715353,-7.53012271633795
060204,06,02,04,CAJAMARCA,CAJABAMBA,SITACOCHA,584,588,2551.72626043922,-77.9063215882759,-7.47438762618608
060301,06,03,01,CAJAMARCA,CELENDIN,CELENDIN,585,589,2165.20685053381,-78.1172738616785,-6.77494051202524
060302,06,03,02,CAJAMARCA,CELENDIN,CHUMUCH,586,590,2122.76106970627,-78.1870595172165,-6.57057884057481
060303,06,03,03,CAJAMARCA,CELENDIN,CORTEGANA,587,591,2285.11819484241,-78.2855189707436,-6.4876948057281
060304,06,03,04,CAJAMARCA,CELENDIN,HUASMIN,588,592,3272.19512195122,-78.3256335925485,-6.82829836606791
060305,06,03,05,CAJAMARCA,CELENDIN,JORGE CHAVEZ,589,593,2191.0818815331,-78.0694936083191,-6.93951638605367
060306,06,03,06,CAJAMARCA,CELENDIN,JOSE GALVEZ,590,594,2929.00179533214,-78.1587736310021,-6.91989560964932
060307,06,03,07,CAJAMARCA,CELENDIN,MIGUEL IGLESIAS,591,595,2964.1365970558,-78.2653452262382,-6.65103242877292
060308,06,03,08,CAJAMARCA,CELENDIN,OXAMARCA,592,596,2742.28740409207,-78.0613368962516,-7.05929223071283
060309,06,03,09,CAJAMARCA,CELENDIN,SOROCHUCO,593,597,3458.39330091842,-78.2971840560778,-6.93421458835658
060310,06,03,10,CAJAMARCA,CELENDIN,SUCRE,594,598,3306.41372212693,-78.1713082397419,-7.01875086040359
060311,06,03,11,CAJAMARCA,CELENDIN,UTCO,595,599,1978.19314079422,-78.0576116846093,-6.88132431153639
060312,06,03,12,CAJAMARCA,CELENDIN,LA LIBERTAD DE PALLAN,596,600,2970.98563829787,-78.2860914866478,-6.70880014720211
060401,06,04,01,CAJAMARCA,CHOTA,CHOTA,597,601,2903.69391891892,-78.6427537102514,-6.55997669173306
060402,06,04,02,CAJAMARCA,CHOTA,ANGUIA,598,602,2247.15964391691,-78.5758041579892,-6.33796678358166
060403,06,04,03,CAJAMARCA,CHOTA,CHADIN,599,603,2465.10387811634,-78.4127931530857,-6.43986389244614
060404,06,04,04,CAJAMARCA,CHOTA,CHIGUIRIP,600,604,2726.05204460967,-78.7080365457695,-6.42508011120367
060405,06,04,05,CAJAMARCA,CHOTA,CHIMBAN,601,605,1672.68241143567,-78.4481437012333,-6.28458974185713
060406,06,04,06,CAJAMARCA,CHOTA,CHOROPAMPA,602,606,1912.9430682312,-78.3690445233496,-6.37006174068098
060407,06,04,07,CAJAMARCA,CHOTA,COCHABAMBA,603,607,2219.08875286917,-78.8522610882874,-6.48302687487003
060408,06,04,08,CAJAMARCA,CHOTA,CONCHAN,604,608,2802.72555948174,-78.6024537806307,-6.47060765128467
060409,06,04,09,CAJAMARCA,CHOTA,HUAMBOS,605,609,2201.59933652783,-78.9704027077904,-6.44369278517541
060410,06,04,10,CAJAMARCA,CHOTA,LAJAS,606,610,2722.82252050708,-78.7275684172846,-6.57449023096131
060411,06,04,11,CAJAMARCA,CHOTA,LLAMA,607,611,1613.58902349486,-79.1728932320846,-6.53901204895533
060412,06,04,12,CAJAMARCA,CHOTA,MIRACOSTA,608,612,2297.08411614005,-79.3026327705201,-6.357817371574
060413,06,04,13,CAJAMARCA,CHOTA,PACCHA,609,613,2846.9248395967,-78.3980789326497,-6.53392588216287
060414,06,04,14,CAJAMARCA,CHOTA,PION,610,614,1337.54639844257,-78.4781833865031,-6.18419440287664
060415,06,04,15,CAJAMARCA,CHOTA,QUEROCOTO,611,615,2551.50829562594,-79.0929475375511,-6.35221718599812
060416,06,04,16,CAJAMARCA,CHOTA,SAN JUAN DE LICUPIS,612,616,1736.65963179165,-79.2455139556915,-6.4843578091976
060417,06,04,17,CAJAMARCA,CHOTA,TACABAMBA,613,617,2551.98193608152,-78.5557122628627,-6.39835532909113
060418,06,04,18,CAJAMARCA,CHOTA,TOCMOCHE,614,618,1194.50789692436,-79.3759869259189,-6.45683309601988
060419,06,04,19,CAJAMARCA,CHOTA,CHALAMARCA,615,619,2894.65547073791,-78.4952388966217,-6.51760765579816
060501,06,05,01,CAJAMARCA,CONTUMAZA,CONTUMAZA,616,620,2598.74177925057,-78.7367992488659,-7.33474795640711
060502,06,05,02,CAJAMARCA,CONTUMAZA,CHILETE,617,621,1680.44474761255,-78.8216641642435,-7.25634417912518
060503,06,05,03,CAJAMARCA,CONTUMAZA,CUPISNIQUE,618,622,1911.84013501074,-79.0665678097745,-7.37346412596415
060504,06,05,04,CAJAMARCA,CONTUMAZA,GUZMANGO,619,623,2816.54723707665,-78.9176894648387,-7.36430400050047
060505,06,05,05,CAJAMARCA,CONTUMAZA,SAN BENITO,620,624,1186.30478124423,-78.9623216521005,-7.50278686234968
060506,06,05,06,CAJAMARCA,CONTUMAZA,SANTA CRUZ DE TOLED,621,625,2620.94222833563,-78.8633983020775,-7.32766196233354
060507,06,05,07,CAJAMARCA,CONTUMAZA,TANTARICA,622,626,2122.68849449204,-78.9498514244312,-7.27530948863411
060508,06,05,08,CAJAMARCA,CONTUMAZA,YONAN,623,627,890.062644246621,-79.1691290905151,-7.27762464213585
060601,06,06,01,CAJAMARCA,CUTERVO,CUTERVO,624,628,2448.76855713094,-78.8330100715401,-6.38019533148584
060602,06,06,02,CAJAMARCA,CUTERVO,CALLAYUC,625,629,1686.69091440257,-78.9309540646256,-6.12740592630722
060603,06,06,03,CAJAMARCA,CUTERVO,CHOROS,626,630,1045.87772774506,-78.7734390402928,-5.92461707072573
060604,06,06,04,CAJAMARCA,CUTERVO,CUJILLO,627,631,1206.79855465221,-78.5588573760377,-6.116751209283
060605,06,06,05,CAJAMARCA,CUTERVO,LA RAMADA,628,632,1969.4661971831,-78.5696997079997,-6.23089848270215
060606,06,06,06,CAJAMARCA,CUTERVO,PIMPINGOS,629,633,1631.76367498672,-78.7682934106399,-6.07089431384055
060607,06,06,07,CAJAMARCA,CUTERVO,QUEROCOTILLO,630,634,2107.21447299423,-79.0916404477856,-6.19678642179788
060608,06,06,08,CAJAMARCA,CUTERVO,SAN ANDRES DE CUTERVO,631,635,2413.3335755814,-78.7422817728984,-6.22406735391185
060609,06,06,09,CAJAMARCA,CUTERVO,SAN JUAN DE CUTERVO,632,636,1634.21722365039,-78.6000928622187,-6.17421798576051
060610,06,06,10,CAJAMARCA,CUTERVO,SAN LUIS DE LUCMA,633,637,1957.10970996217,-78.5787551728616,-6.2791017672809
060611,06,06,11,CAJAMARCA,CUTERVO,SANTA CRUZ,634,638,1548.73673184358,-78.8414483822407,-6.10633815696717
060612,06,06,12,CAJAMARCA,CUTERVO,SANTO DOMINGO DE LA CAPILLA,635,639,2183.85233160622,-78.8427236057824,-6.25794874731291
060613,06,06,13,CAJAMARCA,CUTERVO,SANTO TOMAS,636,640,1623.97730829421,-78.6771058185776,-6.1180778170495
060614,06,06,14,CAJAMARCA,CUTERVO,SOCOTA,637,641,2414.17121300058,-78.6967210636814,-6.28736369471595
060615,06,06,15,CAJAMARCA,CUTERVO,TORIBIO CASANOVA,638,642,1079.63515406162,-78.6924244566019,-5.98798685067113
060701,06,07,01,CAJAMARCA,HUALGAYOC,BAMBAMARCA,639,643,3098.24107850912,-78.4795024711325,-6.69306164534352
060702,06,07,02,CAJAMARCA,HUALGAYOC,CHUGUR,640,644,3281.43197278912,-78.7076829428959,-6.68551818413312
060703,06,07,03,CAJAMARCA,HUALGAYOC,HUALGAYOC,641,645,3521.86365422397,-78.6002560745174,-6.75273082456149
060801,06,08,01,CAJAMARCA,JAEN,JAEN,642,646,1471.93696321504,-78.8525539275119,-5.7701779092583
060802,06,08,02,CAJAMARCA,JAEN,BELLAVISTA,643,647,728.080566253773,-78.742632067669,-5.56466561744453
060803,06,08,03,CAJAMARCA,JAEN,CHONTALI,644,648,2402.00156188989,-79.133359888041,-5.63393586655417
060804,06,08,04,CAJAMARCA,JAEN,COLASAY,645,649,1696.24973814155,-78.9794583852034,-5.90105014054791
060805,06,08,05,CAJAMARCA,JAEN,HUABAL,646,650,1638.85608465608,-78.9058548806029,-5.60492611499977
060806,06,08,06,CAJAMARCA,JAEN,LAS PIRIAS,647,651,1359.83287292818,-78.8495904005154,-5.63634186301103
060807,06,08,07,CAJAMARCA,JAEN,POMAHUACA,648,652,2035.34992792993,-79.1950114381744,-5.87540417908685
060808,06,08,08,CAJAMARCA,JAEN,PUCARA,649,653,1615.37484737485,-79.1236563999912,-6.03998757153772
060809,06,08,09,CAJAMARCA,JAEN,SALLIQUE,650,654,2417.31676101403,-79.3124285529017,-5.62568610995033
060810,06,08,10,CAJAMARCA,JAEN,SAN FELIPE,651,655,2131.5079086116,-79.3102127689632,-5.78647775144321
060811,06,08,11,CAJAMARCA,JAEN,SAN JOSE DEL ALTO,652,656,1776.27368609224,-79.055065394124,-5.51736451899534
060812,06,08,12,CAJAMARCA,JAEN,SANTA ROSA,653,657,1071.09391304348,-78.5875409869214,-5.42628290321874
060901,06,09,01,CAJAMARCA,SAN IGNACIO,SAN IGNACIO,654,658,1292.70266159696,-79.0078970339431,-5.14039949728733
060902,06,09,02,CAJAMARCA,SAN IGNACIO,CHIRINOS,655,659,1192.53844208397,-78.8824609491306,-5.30755008947001
060903,06,09,03,CAJAMARCA,SAN IGNACIO,HUARANGO,656,660,1426.56059250423,-78.7147025740413,-5.09751923239481
060904,06,09,04,CAJAMARCA,SAN IGNACIO,LA COIPA,657,661,1474.17691622103,-78.9734882604081,-5.38963561619789
060905,06,09,05,CAJAMARCA,SAN IGNACIO,NAMBALLE,658,662,1992.7950948239,-79.1809789004982,-5.10727888742517
060906,06,09,06,CAJAMARCA,SAN IGNACIO,SAN JOSE DE LOURDES,659,663,1621.68281675184,-78.8318563316089,-4.91603720649558
060907,06,09,07,CAJAMARCA,SAN IGNACIO,TABACONAS,660,664,2248.0178425656,-79.2151241584516,-5.32433853353868
061001,06,10,01,CAJAMARCA,SAN MARCOS,PEDRO GALVEZ,661,665,2811.24183976261,-78.1712438828427,-7.32916073957927
061002,06,10,02,CAJAMARCA,SAN MARCOS,CHANCAY,662,666,2688.99078947368,-78.1173096177872,-7.40943981526771
061003,06,10,03,CAJAMARCA,SAN MARCOS,EDUARDO VILLANUEVA,663,667,2213.10518731989,-78.143401013934,-7.44124583079969
061004,06,10,04,CAJAMARCA,SAN MARCOS,GREGORIO PITA,664,668,3396.01702472639,-78.1612429819362,-7.22207280512923
061005,06,10,05,CAJAMARCA,SAN MARCOS,ICHOCAN,665,669,2541.39762219287,-78.0597957821512,-7.40608201540509
061006,06,10,06,CAJAMARCA,SAN MARCOS,JOSE MANUEL QUIROZ,666,670,2743.41318864775,-78.0209726098279,-7.35601633881857
061007,06,10,07,CAJAMARCA,SAN MARCOS,JOSE SABOGAL,667,671,2665.08192177395,-77.9681920913775,-7.22678554604729
061101,06,11,01,CAJAMARCA,SAN MIGUEL,SAN MIGUEL,668,672,2246.69393939394,-78.9223570996406,-7.07748007884111
061102,06,11,02,CAJAMARCA,SAN MIGUEL,BOLIVAR,669,673,1518.71746031746,-79.1624867379741,-6.97591162137952
061103,06,11,03,CAJAMARCA,SAN MIGUEL,CALQUIS,670,674,3188.63312981152,-78.9531156843528,-6.91373886781414
061104,06,11,04,CAJAMARCA,SAN MIGUEL,CATILLUC,671,675,3475.40169039146,-78.7338440094163,-6.80427772711905
061105,06,11,05,CAJAMARCA,SAN MIGUEL,EL PRADO,672,676,2681.57307692308,-79.0033184194706,-7.03803878668351
061106,06,11,06,CAJAMARCA,SAN MIGUEL,LA FLORIDA,673,677,1086.28155339806,-79.1488356485092,-6.86888067380276
061107,06,11,07,CAJAMARCA,SAN MIGUEL,LLAPA,674,678,3464.45772409409,-78.748694092083,-6.89137250942688
061108,06,11,08,CAJAMARCA,SAN MIGUEL,NANCHOC,675,679,695.611417125689,-79.2477749137168,-7.0085103908841
061109,06,11,09,CAJAMARCA,SAN MIGUEL,NIEPOS,676,680,2269.91121495327,-79.1314385654998,-6.92671566463642
061110,06,11,10,CAJAMARCA,SAN MIGUEL,SAN GREGORIO,677,681,1076.20607122008,-79.160971358222,-7.11797979584554
061111,06,11,11,CAJAMARCA,SAN MIGUEL,SAN SILVESTRE DE COCHAN,678,682,3342.81678880746,-78.7252636345514,-6.93143328447812
061112,06,11,12,CAJAMARCA,SAN MIGUEL,TONGOD,679,683,3107.66890005584,-78.8335474649756,-6.78816204068652
061113,06,11,13,CAJAMARCA,SAN MIGUEL,UNION AGUA BLANCA,680,684,1754.27801268499,-79.0541952128584,-7.11889809098699
061201,06,12,01,CAJAMARCA,SAN PABLO,SAN PABLO,681,685,2769.40610961366,-78.7857853227869,-7.08601349015852
061202,06,12,02,CAJAMARCA,SAN PABLO,SAN BERNARDINO,682,686,1798.27218614719,-78.7856528082305,-7.17498213165156
061203,06,12,03,CAJAMARCA,SAN PABLO,SAN LUIS,683,687,1456.4570230608,-78.8730841758411,-7.15904621828961
061204,06,12,04,CAJAMARCA,SAN PABLO,TUMBADEN,684,688,3392.38321039691,-78.676199623162,-6.98753485501369
061301,06,13,01,CAJAMARCA,SANTA CRUZ,SANTA CRUZ,685,689,1914.68593615186,-78.9419157391564,-6.62755639358241
061302,06,13,02,CAJAMARCA,SANTA CRUZ,ANDABAMBA,686,690,2307.60416666667,-78.80972234487,-6.66400907691015
061303,06,13,03,CAJAMARCA,SANTA CRUZ,CATACHE,687,691,2167.88958034147,-79.0769115825211,-6.74935561143992
061304,06,13,04,CAJAMARCA,SANTA CRUZ,CHANCAYBAÑOS,688,692,2011.89433170049,-78.877939538108,-6.55596280698177
061305,06,13,05,CAJAMARCA,SANTA CRUZ,LA ESPERANZA,689,693,2093.11127819549,-78.859380252086,-6.62091599407585
061306,06,13,06,CAJAMARCA,SANTA CRUZ,NINABAMBA,690,694,2748.08837209302,-78.7686903086639,-6.69573072522067
061307,06,13,07,CAJAMARCA,SANTA CRUZ,PULAN,691,695,2645.71525808281,-78.921162873191,-6.74656299682469
061308,06,13,08,CAJAMARCA,SANTA CRUZ,SAUCEPAMPA,692,696,2103.85352112676,-78.90846913603,-6.68286040400036
061309,06,13,09,CAJAMARCA,SANTA CRUZ,SEXI,693,697,1891.27516462841,-79.0363543469026,-6.58558329513167
061310,06,13,10,CAJAMARCA,SANTA CRUZ,UTICYACU,694,698,2312.07708333333,-78.790537859714,-6.61470029135702
061311,06,13,11,CAJAMARCA,SANTA CRUZ,YAUYUCAN,695,699,2476.38933333333,-78.8494398925445,-6.68285967466617
070101,07,01,01,CALLAO,CALLAO,CALLAO,696,700,19.9929701230228,-77.1216293308723,-12.0165317597475
070102,07,01,02,CALLAO,CALLAO,BELLAVISTA,697,701,36.5769230769231,-77.1099459542989,-12.0599999955101
070103,07,01,03,CALLAO,CALLAO,CARMEN DE LA LEGUA REYNOSO,698,702,58.9090909090909,-77.0904943441139,-12.0428211819432
070104,07,01,04,CALLAO,CALLAO,LA PERLA,699,703,25.3947368421053,-77.1161377305105,-12.0702892079229
070105,07,01,05,CALLAO,CALLAO,LA PUNTA,700,704,1.14285714285714,-77.1628314264967,-12.0716645854395
070106,07,01,06,CALLAO,CALLAO,VENTANILLA,701,705,140.378285714286,-77.1308773508828,-11.8791513219173
070107,07,01,07,CALLAO,CALLAO,MI PERU,702,706,152.575757575758,-77.1205558594703,-11.8543384851934
080101,08,01,01,CUSCO,CUSCO,CUSCO,703,707,3861.38326446281,-71.9813950950205,-13.4903001998472
080102,08,01,02,CUSCO,CUSCO,CCORCA,704,708,3956.12233752048,-72.0871078102997,-13.5895655361159
080103,08,01,03,CUSCO,CUSCO,POROY,705,709,3766.12048192771,-72.0311376427432,-13.5034550990874
080104,08,01,04,CUSCO,CUSCO,SAN JERONIMO,706,710,3716.98983364141,-71.8674555968301,-13.5573914300187
080105,08,01,05,CUSCO,CUSCO,SAN SEBASTIAN,707,711,3602.96296296296,-71.9257607183558,-13.533212312779
080106,08,01,06,CUSCO,CUSCO,SANTIAGO,708,712,3779.09940652819,-71.9785598456994,-13.573103214319
080107,08,01,07,CUSCO,CUSCO,SAYLLA,709,713,3629.60869565217,-71.8317555009143,-13.5530026811731
080108,08,01,08,CUSCO,CUSCO,WANCHAQ,710,714,3315.69230769231,-71.9506768245465,-13.5316823115254
080201,08,02,01,CUSCO,ACOMAYO,ACOMAYO,711,715,3988.57934038581,-71.6724799363206,-13.8931454027494
080202,08,02,02,CUSCO,ACOMAYO,ACOPIA,712,716,3828.88346281909,-71.5013101145219,-14.0495317289639
080203,08,02,03,CUSCO,ACOMAYO,ACOS,713,717,3706.88640714742,-71.730255027991,-13.939289943234
080204,08,02,04,CUSCO,ACOMAYO,MOSOC LLACTA,714,718,3868.54368932039,-71.4843818979201,-14.106545972262
080205,08,02,05,CUSCO,ACOMAYO,POMACANCHI,715,719,4018.89271653543,-71.6238960423124,-14.053632116848
080206,08,02,06,CUSCO,ACOMAYO,RONDOCAN,716,720,3834.0202020202,-71.7654024451331,-13.7876253561309
080207,08,02,07,CUSCO,ACOMAYO,SANGARARA,717,721,4020.14489795918,-71.5707719052743,-13.9539357409395
080301,08,03,01,CUSCO,ANTA,ANTA,718,722,3632.87359022556,-72.1599744836775,-13.4879032170589
080302,08,03,02,CUSCO,ANTA,ANCAHUASI,719,723,3867.01769285209,-72.3222302726773,-13.4616221283666
080303,08,03,03,CUSCO,ANTA,CACHIMAYO,720,724,3701.32056451613,-72.0553875720702,-13.4635012123388
080304,08,03,04,CUSCO,ANTA,CHINCHAYPUJIO,721,725,3551.51268922529,-72.2715519774203,-13.6129288136314
080305,08,03,05,CUSCO,ANTA,HUAROCONDO,722,726,4073.66933226709,-72.2767163359036,-13.3696565622558
080306,08,03,06,CUSCO,ANTA,LIMATAMBO,723,727,3583.64061956143,-72.4455343004001,-13.4750885915992
080307,08,03,07,CUSCO,ANTA,MOLLEPATA,724,728,3361.74904580153,-72.6231659535624,-13.4635804354648
080308,08,03,08,CUSCO,ANTA,PUCYURA,725,729,3641.75844155844,-72.0936341467516,-13.4846805499436
080309,08,03,09,CUSCO,ANTA,ZURITE,726,730,3565.86251808973,-72.246619665808,-13.4657206795039
080401,08,04,01,CUSCO,CALCA,CALCA,727,731,4106.0729988726,-71.957772778057,-13.268716475583
080402,08,04,02,CUSCO,CALCA,COYA,728,732,3740.02889447236,-71.915324178948,-13.4024156038142
080403,08,04,03,CUSCO,CALCA,LAMAY,729,733,3954.50875576037,-71.8810855738404,-13.3220593505249
080404,08,04,04,CUSCO,CALCA,LARES,730,734,3984.68569704285,-72.0260355533582,-13.0859998192441
080405,08,04,05,CUSCO,CALCA,PISAC,731,735,3900.04827175209,-71.8083453635152,-13.389136773793
080406,08,04,06,CUSCO,CALCA,SAN SALVADOR,732,736,3741.33425034388,-71.7742066073291,-13.4882117740734
080407,08,04,07,CUSCO,CALCA,TARAY,733,737,3823.77022653722,-71.8838302925068,-13.4602186132947
080408,08,04,08,CUSCO,CALCA,YANATILE,734,738,2883.80210227525,-72.1050994955147,-12.7956768916631
080501,08,05,01,CUSCO,CANAS,YANAOCA,735,739,4076.98006644518,-71.442046924352,-14.2737768506156
080502,08,05,02,CUSCO,CANAS,CHECCA,736,740,4152.78210251955,-71.4777278460516,-14.491603515921
080503,08,05,03,CUSCO,CANAS,KUNTURKANKI,737,741,4175.28409090909,-71.2911802871341,-14.5523349589439
080504,08,05,04,CUSCO,CANAS,LANGUI,738,742,4188.56776180698,-71.2974071021749,-14.385336607896
080505,08,05,05,CUSCO,CANAS,LAYO,739,743,4421.92093885114,-71.0919626113856,-14.5287933209062
080506,08,05,06,CUSCO,CANAS,PAMPAMARCA,740,744,3876.05898876405,-71.4465579859627,-14.1418021735883
080507,08,05,07,CUSCO,CANAS,QUEHUE,741,745,4122.55306603774,-71.4895074225532,-14.3656919238702
080508,08,05,08,CUSCO,CANAS,TUPAC AMARU,742,746,3907.53969465649,-71.5270572201992,-14.1510100409595
080601,08,06,01,CUSCO,CANCHIS,SICUANI,743,747,4280.05659609121,-71.1036022533456,-14.2510434404953
080602,08,06,02,CUSCO,CANCHIS,CHECACUPE,744,748,4701.46026676686,-71.0667612461494,-14.0059943612692
080603,08,06,03,CUSCO,CANCHIS,COMBAPATA,745,749,4173.25834175935,-71.3341610181627,-14.0881479794066
080604,08,06,04,CUSCO,CANCHIS,MARANGANI,746,750,4493.53847691385,-71.0956261203919,-14.3736382409987
080605,08,06,05,CUSCO,CANCHIS,PITUMARCA,747,751,4819.01910828026,-71.1581237602784,-13.8888047598521
080606,08,06,06,CUSCO,CANCHIS,SAN PABLO,748,752,4484.33960678878,-71.0875691534522,-14.1518026146947
080607,08,06,07,CUSCO,CANCHIS,SAN PEDRO,749,753,3850.51572327044,-71.3328205629049,-14.1660512400817
080608,08,06,08,CUSCO,CANCHIS,TINTA,750,754,3777.62420382166,-71.3922979569478,-14.1587382501803
080701,08,07,01,CUSCO,CHUMBIVILCAS,SANTO TOMAS,751,755,4457.77573833839,-72.2086940647681,-14.6507980419781
080702,08,07,02,CUSCO,CHUMBIVILCAS,CAPACMARCA,752,756,3935.55103380374,-71.9934912122383,-14.0438260926567
080703,08,07,03,CUSCO,CHUMBIVILCAS,CHAMACA,753,757,4000.72897322029,-71.8815452845586,-14.3334759562531
080704,08,07,04,CUSCO,CHUMBIVILCAS,COLQUEMARCA,754,758,3863.13933151963,-72.0146213444604,-14.2377044015785
080705,08,07,05,CUSCO,CHUMBIVILCAS,LIVITACA,755,759,4197.26679497755,-71.6710143514395,-14.3813106189059
080706,08,07,06,CUSCO,CHUMBIVILCAS,LLUSCO,756,760,4230.08075744918,-72.2364557646517,-14.4623479120736
080707,08,07,07,CUSCO,CHUMBIVILCAS,QUIÑOTA,757,761,4024.8702556158,-72.2052118725418,-14.37721774956
080708,08,07,08,CUSCO,CHUMBIVILCAS,VELILLE,758,762,4157.05258302583,-71.8787418450479,-14.5415822164835
080801,08,08,01,CUSCO,ESPINAR,ESPINAR,759,763,4156.45535396656,-71.352918155365,-14.9253064642211
080802,08,08,02,CUSCO,ESPINAR,CONDOROMA,760,764,4774.06121756826,-71.0740280552032,-15.3007668558289
080803,08,08,03,CUSCO,ESPINAR,COPORAQUE,761,765,4278.37116738587,-71.6353768028584,-14.7571719460736
080804,08,08,04,CUSCO,ESPINAR,OCORURO,762,766,4341.93932748538,-71.1390168320145,-15.0878737730774
080805,08,08,05,CUSCO,ESPINAR,PALLPATA,763,767,4221.40925648168,-71.0911358907532,-14.9073209085175
080806,08,08,06,CUSCO,ESPINAR,PICHIGUA,764,768,4020.87968,-71.3437508400329,-14.679345201995
080807,08,08,07,CUSCO,ESPINAR,SUYCKUTAMBO,765,769,4430.29725588522,-71.6582286366044,-15.0011427199331
080808,08,08,08,CUSCO,ESPINAR,ALTO PICHIGUA,766,770,4146.45583211323,-71.2226488588219,-14.737922926652
080901,08,09,01,CUSCO,LA CONVENCION,SANTA ANA,767,771,2179.72599954823,-72.7433576065649,-12.8768030129351
080902,08,09,02,CUSCO,LA CONVENCION,ECHARATE,768,772,1702.67971961202,-72.8331346827381,-12.3549736715444
080903,08,09,03,CUSCO,LA CONVENCION,HUAYOPATA,769,773,3031.74424808269,-72.4733054731304,-13.0509534050467
080904,08,09,04,CUSCO,LA CONVENCION,MARANURA,770,774,2097.464171123,-72.6438203540292,-12.9375577302713
080905,08,09,05,CUSCO,LA CONVENCION,OCOBAMBA,771,775,2954.80527445569,-72.3620916329135,-12.9162789327129
080906,08,09,06,CUSCO,LA CONVENCION,QUELLOUNO,772,776,1871.28575285753,-72.4451047847277,-12.5071490298053
080907,08,09,07,CUSCO,LA CONVENCION,KIMBIRI,773,777,2173.47612037946,-73.6687618516558,-12.5515301353479
080908,08,09,08,CUSCO,LA CONVENCION,SANTA TERESA,774,778,3597.43118536197,-72.7329605800778,-13.244354159798
080909,08,09,09,CUSCO,LA CONVENCION,VILCABAMBA,775,779,3030.42879528411,-73.0531698111221,-13.048711536719
080910,08,09,10,CUSCO,LA CONVENCION,PICHARI,776,780,1766.19180470793,-73.7891129173251,-12.3933684639295
080911,08,09,11,CUSCO,LA CONVENCION,INKAWASI,777,781,2851.68863714384,-73.2090190584509,-13.3019365423833
080912,08,09,12,CUSCO,LA CONVENCION,VILLA VIRGEN,778,782,2449.34265031168,-73.3397757884845,-13.0543949934946
080913,08,09,13,CUSCO,LA CONVENCION,VILLA KINTIARINA,779,783,1551.56718403548,-73.4779370999785,-12.9093974789118
080914,08,09,14,CUSCO,LA CONVENCION,MEGANTONI,780,784,577.850813398714,-72.8589959602924,-11.7510565396783
080915,08,09,15,CUSCO,LA CONVENCION,KUMPIRUSHIATO,781,785,2106.24627269448,-73.3689936362362,-12.5772650346002
080916,08,09,16,CUSCO,LA CONVENCION,CIELO PUNCO,782,786,1634.63180639585,-73.5453243741622,-12.7970723471223
080917,08,09,17,CUSCO,LA CONVENCION,MANITEA,783,787,1764.98636081835,-73.5889505914383,-12.7244961871617
080918,08,09,18,CUSCO,LA CONVENCION,UNION ASHANINKA,784,788,1621.79117392558,-73.8453605825858,-12.3265334651491
081001,08,10,01,CUSCO,PARURO,PARURO,785,789,3745.5487593768,-71.8557012203678,-13.726680824658
081002,08,10,02,CUSCO,PARURO,ACCHA,786,790,3768.5167587477,-71.8626509219082,-13.9884903171375
081003,08,10,03,CUSCO,PARURO,CCAPI,787,791,3563.44120032441,-72.0194345417051,-13.8606742398184
081004,08,10,04,CUSCO,PARURO,COLCHA,788,792,3509.87649653434,-71.8670093500842,-13.8709407996496
081005,08,10,05,CUSCO,PARURO,HUANOQUITE,789,793,3601.10336421258,-72.0792063561039,-13.6988110786032
081006,08,10,06,CUSCO,PARURO,OMACHA,790,794,4055.32118591723,-71.7863518539787,-14.1397049642331
081007,08,10,07,CUSCO,PARURO,PACCARITAMBO,791,795,3470.76670792079,-71.9371340975409,-13.7686669668273
081008,08,10,08,CUSCO,PARURO,PILLPINTO,792,796,3660.11646136618,-71.7691488772046,-13.9748209857689
081009,08,10,09,CUSCO,PARURO,YAURISQUE,793,797,3790.40802092415,-71.9125877357072,-13.6509167197255
081101,08,11,01,CUSCO,PAUCARTAMBO,PAUCARTAMBO,794,798,3405.13204651914,-71.4640663666514,-13.3013515494311
081102,08,11,02,CUSCO,PAUCARTAMBO,CAICAY,795,799,3891.83017312448,-71.6764541936684,-13.5643015328757
081103,08,11,03,CUSCO,PAUCARTAMBO,CHALLABAMBA,796,800,3621.93005437469,-71.7693350005589,-13.1392609493049
081104,08,11,04,CUSCO,PAUCARTAMBO,COLQUEPATA,797,801,3855.89921290075,-71.6542702614653,-13.4030260489066
081105,08,11,05,CUSCO,PAUCARTAMBO,HUANCARANI,798,802,3835.53377563329,-71.6311469940717,-13.5109992753896
081106,08,11,06,CUSCO,PAUCARTAMBO,KOSÑIPATA,799,803,2026.938173859,-71.4637486279709,-13.0449921873356
081201,08,12,01,CUSCO,QUISPICANCHI,URCOS,800,804,3725.91989987484,-71.5991405767424,-13.687870098881
081202,08,12,02,CUSCO,QUISPICANCHI,ANDAHUAYLILLAS,801,805,3558.79402677652,-71.7003217874179,-13.6657653677735
081203,08,12,03,CUSCO,QUISPICANCHI,CAMANTI,802,806,1838.07634028051,-70.7489050240349,-13.3423075443395
081204,08,12,04,CUSCO,QUISPICANCHI,CCARHUAYO,803,807,4278.77539175856,-71.3439897759523,-13.5369771826976
081205,08,12,05,CUSCO,QUISPICANCHI,CCATCA,804,808,3897.32431629013,-71.5057613693202,-13.6003695068169
081206,08,12,06,CUSCO,QUISPICANCHI,CUSIPATA,805,809,4273.7354862119,-71.4379071511151,-13.885980877516
081207,08,12,07,CUSCO,QUISPICANCHI,HUARO,806,810,4134.3336038961,-71.6723996078801,-13.7553131680028
081208,08,12,08,CUSCO,QUISPICANCHI,LUCRE,807,811,3721.89753178758,-71.7678250816684,-13.6449826988687
081209,08,12,09,CUSCO,QUISPICANCHI,MARCAPATA,808,812,4208.27072609049,-70.9127051755738,-13.6397832546205
081210,08,12,10,CUSCO,QUISPICANCHI,OCONGATE,809,813,4489.84665367122,-71.2689447376069,-13.6876722013346
081211,08,12,11,CUSCO,QUISPICANCHI,OROPESA,810,814,3667.53483146067,-71.7886520112293,-13.5740875748494
081212,08,12,12,CUSCO,QUISPICANCHI,QUIQUIJANA,811,815,4019.66554054054,-71.5331644304143,-13.8056122553887
081301,08,13,01,CUSCO,URUBAMBA,URUBAMBA,812,816,3964.44541963796,-72.1312667860253,-13.2449427948458
081302,08,13,02,CUSCO,URUBAMBA,CHINCHERO,813,817,3843.94148020654,-72.0387777169895,-13.4093842056753
081303,08,13,03,CUSCO,URUBAMBA,HUAYLLABAMBA,814,818,3549.42807825086,-72.0498104689551,-13.3418913782481
081304,08,13,04,CUSCO,URUBAMBA,MACHUPICCHU,815,819,3456.94945054945,-72.5001626747584,-13.2014598159691
081305,08,13,05,CUSCO,URUBAMBA,MARAS,816,820,3441.37173100872,-72.1621894633064,-13.3370012542007
081306,08,13,06,CUSCO,URUBAMBA,OLLANTAYTAMBO,817,821,4054.56478658537,-72.3163844314699,-13.2364705545818
081307,08,13,07,CUSCO,URUBAMBA,YUCAY,818,822,3617.96268656716,-72.0732258921414,-13.2942384127436
090101,09,01,01,HUANCAVELICA,HUANCAVELICA,HUANCAVELICA,819,823,4446.92665628784,-75.0086246759678,-12.8628460662902
090102,09,01,02,HUANCAVELICA,HUANCAVELICA,ACOBAMBILLA,820,824,4519.86665067754,-75.3712701162617,-12.7040980244818
090103,09,01,03,HUANCAVELICA,HUANCAVELICA,ACORIA,821,825,3855.49569175744,-74.8235148814105,-12.5995681789624
090104,09,01,04,HUANCAVELICA,HUANCAVELICA,CONAYCA,822,826,4035.53978494624,-75.0398192925654,-12.5179576373551
090105,09,01,05,HUANCAVELICA,HUANCAVELICA,CUENCA,823,827,3900.8656,-75.0558007036799,-12.4599019908883
090106,09,01,06,HUANCAVELICA,HUANCAVELICA,HUACHOCOLPA,824,828,4556.87454164484,-74.957001843787,-13.0458793598633
090107,09,01,07,HUANCAVELICA,HUANCAVELICA,HUAYLLAHUARA,825,829,3839.88048780488,-75.1829665532964,-12.4014721035009
090108,09,01,08,HUANCAVELICA,HUANCAVELICA,IZCUCHACA,826,830,3380.73571428571,-75.0135560061,-12.4963448187036
090109,09,01,09,HUANCAVELICA,HUANCAVELICA,LARIA,827,831,4327.88873626374,-75.0802484537665,-12.5532456429294
090110,09,01,10,HUANCAVELICA,HUANCAVELICA,MANTA,828,832,4261.70532212885,-75.1604977613901,-12.6087599105916
090111,09,01,11,HUANCAVELICA,HUANCAVELICA,MARISCAL CACERES,829,833,3236.31666666667,-74.9353060595032,-12.5479205602477
090112,09,01,12,HUANCAVELICA,HUANCAVELICA,MOYA,830,834,4037.05855018587,-75.1317703004528,-12.4637752998406
090113,09,01,13,HUANCAVELICA,HUANCAVELICA,NUEVO OCCORO,831,835,4514.28607142857,-75.1392157489072,-12.7077334161855
090114,09,01,14,HUANCAVELICA,HUANCAVELICA,PALCA,832,836,4140.81768558952,-74.9791356577617,-12.6695795449673
090115,09,01,15,HUANCAVELICA,HUANCAVELICA,PILCHACA,833,837,3760.12866817156,-75.0889931954686,-12.4136133276036
090116,09,01,16,HUANCAVELICA,HUANCAVELICA,VILCA,834,838,4224.81129911098,-75.2688636068224,-12.5330265942793
090117,09,01,17,HUANCAVELICA,HUANCAVELICA,YAULI,835,839,4079.8746548868,-74.8290191673901,-12.8171691942206
090118,09,01,18,HUANCAVELICA,HUANCAVELICA,ASCENSION,836,840,4610.18639308855,-75.1865852839022,-12.8284460959068
090119,09,01,19,HUANCAVELICA,HUANCAVELICA,HUANDO,837,841,4086.87296564195,-75.013590829117,-12.6272753267041
090201,09,02,01,HUANCAVELICA,ACOBAMBA,ACOBAMBA,838,842,3429.14112615823,-74.5663925120144,-12.8233089989575
090202,09,02,02,HUANCAVELICA,ACOBAMBA,ANDABAMBA,839,843,3442.00216684724,-74.6549315034143,-12.6611858541356
090203,09,02,03,HUANCAVELICA,ACOBAMBA,ANTA,840,844,3648.72975609756,-74.6640041560552,-12.8178498451539
090204,09,02,04,HUANCAVELICA,ACOBAMBA,CAJA,841,845,3235.95514780836,-74.473422981384,-12.8728716662261
090205,09,02,05,HUANCAVELICA,ACOBAMBA,MARCAS,842,846,2898.09907597536,-74.3977840558264,-12.874422437179
090206,09,02,06,HUANCAVELICA,ACOBAMBA,PAUCARA,843,847,4041.74307507025,-74.7273881414205,-12.7230537443866
090207,09,02,07,HUANCAVELICA,ACOBAMBA,POMACOCHA,844,848,3307.8115942029,-74.5200152824861,-12.8615690111385
090208,09,02,08,HUANCAVELICA,ACOBAMBA,ROSARIO,845,849,3641.499543379,-74.60062395755,-12.7427671788319
090301,09,03,01,HUANCAVELICA,ANGARAES,LIRCAY,846,850,4278.46415215301,-74.7375680786858,-13.1037214336107
090302,09,03,02,HUANCAVELICA,ANGARAES,ANCHONGA,847,851,3716.57511737089,-74.7060355387621,-12.8873219656055
090303,09,03,03,HUANCAVELICA,ANGARAES,CALLANMARCA,848,852,3518.81588447653,-74.624540797063,-12.878572377331
090304,09,03,04,HUANCAVELICA,ANGARAES,CCOCHACCASA,849,853,4140.93103448276,-74.8051801372252,-12.9350587168496
090305,09,03,05,HUANCAVELICA,ANGARAES,CHINCHO,850,854,2717.22392638037,-74.3431950945967,-12.9847652785425
090306,09,03,06,HUANCAVELICA,ANGARAES,CONGALLA,851,855,3685.30967469371,-74.5404719074713,-12.981801617476
090307,09,03,07,HUANCAVELICA,ANGARAES,HUANCA-HUANCA,852,856,3942.81265406738,-74.6264605863695,-12.9647937720587
090308,09,03,08,HUANCAVELICA,ANGARAES,HUAYLLAY GRANDE,853,857,3908.46408839779,-74.6710827061003,-12.9235690811288
090309,09,03,09,HUANCAVELICA,ANGARAES,JULCAMARCA,854,858,3208.81058020478,-74.4309543003198,-13.0125165105623
090310,09,03,10,HUANCAVELICA,ANGARAES,SAN ANTONIO DE ANTAPARCO,855,859,3346.38701298701,-74.4306672701371,-13.0655208961655
090311,09,03,11,HUANCAVELICA,ANGARAES,SANTO TOMAS DE PATA,856,860,3940.57279084552,-74.4709875991495,-13.1435539915216
090312,09,03,12,HUANCAVELICA,ANGARAES,SECCLLA,857,861,4096.22653721683,-74.5415143560182,-13.0808395640054
090401,09,04,01,HUANCAVELICA,CASTROVIRREYNA,CASTROVIRREYNA,858,862,4453.3344804512,-75.2913806190118,-13.1535838531366
090402,09,04,02,HUANCAVELICA,CASTROVIRREYNA,ARMA,859,863,4055.23451717053,-75.5111399952039,-13.110479226631
090403,09,04,03,HUANCAVELICA,CASTROVIRREYNA,AURAHUA,860,864,4447.46532893066,-75.4427836298048,-12.9566675794235
090404,09,04,04,HUANCAVELICA,CASTROVIRREYNA,CAPILLAS,861,865,2878.10253025303,-75.6110360088285,-13.3424506996123
090405,09,04,05,HUANCAVELICA,CASTROVIRREYNA,CHUPAMARCA,862,866,4442.73181928002,-75.5296321984447,-12.8940198041444
090406,09,04,06,HUANCAVELICA,CASTROVIRREYNA,COCAS,863,867,3850.44191096634,-75.3630840117356,-13.2741633221675
090407,09,04,07,HUANCAVELICA,CASTROVIRREYNA,HUACHOS,864,868,3922.79386626446,-75.4834005542259,-13.2147127443094
090408,09,04,08,HUANCAVELICA,CASTROVIRREYNA,HUAMATAMBO,865,869,3508.69585987261,-75.6836500958476,-13.1118314221124
090409,09,04,09,HUANCAVELICA,CASTROVIRREYNA,MOLLEPAMPA,866,870,3511.56097560976,-75.4319747307177,-13.2918693330402
090410,09,04,10,HUANCAVELICA,CASTROVIRREYNA,SAN JUAN,867,871,2575.57612612613,-75.6884893391746,-13.2721290351111
090411,09,04,11,HUANCAVELICA,CASTROVIRREYNA,SANTA ANA,868,872,4716.956694532,-75.1311697958003,-13.0881461237425
090412,09,04,12,HUANCAVELICA,CASTROVIRREYNA,TANTARA,869,873,3414.65131056394,-75.6213615961187,-13.1265536066959
090413,09,04,13,HUANCAVELICA,CASTROVIRREYNA,TICRAPO,870,874,3132.37969201155,-75.4097397373928,-13.4180589524035
090501,09,05,01,HUANCAVELICA,CHURCAMPA,CHURCAMPA,871,875,3352.63405088063,-74.3848799710598,-12.7104939212659
090502,09,05,02,HUANCAVELICA,CHURCAMPA,ANCO,872,876,3608.95513577332,-74.5630558930949,-12.6435294469951
090503,09,05,03,HUANCAVELICA,CHURCAMPA,CHINCHIHUASI,873,877,3278.17094483889,-74.5699463260149,-12.4522549970043
090504,09,05,04,HUANCAVELICA,CHURCAMPA,EL CARMEN,874,878,3471.13402061856,-74.4974069294124,-12.7114255619378
090505,09,05,05,HUANCAVELICA,CHURCAMPA,LA MERCED,875,879,2755.34184914842,-74.3297778798053,-12.794899829413
090506,09,05,06,HUANCAVELICA,CHURCAMPA,LOCROJA,876,880,3611.43403441683,-74.4547170374069,-12.7173461759045
090507,09,05,07,HUANCAVELICA,CHURCAMPA,PAUCARBAMBA,877,881,3826.93829401089,-74.5261980541326,-12.5691439067512
090508,09,05,08,HUANCAVELICA,CHURCAMPA,SAN MIGUEL DE MAYOCC,878,882,2705.24316109423,-74.410004230592,-12.7878914296444
090509,09,05,09,HUANCAVELICA,CHURCAMPA,SAN PEDRO DE CORIS,879,883,3281.66184573003,-74.4002381823265,-12.6073435361236
090510,09,05,10,HUANCAVELICA,CHURCAMPA,PACHAMARCA,880,884,3332.79386712095,-74.4604847488017,-12.5053381970835
090511,09,05,11,HUANCAVELICA,CHURCAMPA,COSME,881,885,3665.69045643154,-74.6452424496295,-12.5705094646614
090601,09,06,01,HUANCAVELICA,HUAYTARA,HUAYTARA,882,886,3164.91051454139,-75.3927027745262,-13.6535431970107
090602,09,06,02,HUANCAVELICA,HUAYTARA,AYAVI,883,887,3207.69926650367,-75.36824798083,-13.7145827925946
090603,09,06,03,HUANCAVELICA,HUAYTARA,CORDOVA,884,888,3417.07489361702,-75.1519698693533,-14.0115572690549
090604,09,06,04,HUANCAVELICA,HUAYTARA,HUAYACUNDO ARMA,885,889,3436.8648018648,-75.3117436819168,-13.5548796794636
090605,09,06,05,HUANCAVELICA,HUAYTARA,LARAMARCA,886,890,3791.87063095778,-75.0572697494765,-13.906009839422
090606,09,06,06,HUANCAVELICA,HUAYTARA,OCOYO,887,891,2883.18825380178,-75.0348057984788,-14.023294219607
090607,09,06,07,HUANCAVELICA,HUAYTARA,PILPICHACA,888,892,4412.57168256021,-74.9462178986776,-13.4094670659734
090608,09,06,08,HUANCAVELICA,HUAYTARA,QUERCO,889,893,4014.56604257502,-74.8827255473159,-13.8828482105036
090609,09,06,09,HUANCAVELICA,HUAYTARA,QUITO-ARMA,890,894,3244.64069423929,-75.4060072479506,-13.5386368130657
090610,09,06,10,HUANCAVELICA,HUAYTARA,SAN ANTONIO DE CUSICANCHA,891,895,4113.34315169367,-75.2376818210347,-13.4654163478982
090611,09,06,11,HUANCAVELICA,HUAYTARA,SAN FRANCISCO DE SANGAYAICO,892,896,3791.51949189663,-75.1672822900506,-13.7265351763888
090612,09,06,12,HUANCAVELICA,HUAYTARA,SAN ISIDRO,893,897,3323.56415584416,-75.2344289923694,-13.9735600338744
090613,09,06,13,HUANCAVELICA,HUAYTARA,SANTIAGO DE CHOCORVOS,894,898,3284.00508752264,-75.2293723371315,-13.8282204998502
090614,09,06,14,HUANCAVELICA,HUAYTARA,SANTIAGO DE QUIRAHUARA,895,899,3648.34017008504,-74.8922777529275,-14.0554067665208
090615,09,06,15,HUANCAVELICA,HUAYTARA,SANTO DOMINGO DE CAPILLAS,896,900,3964.34958791209,-75.1837766289577,-13.671219190584
090616,09,06,16,HUANCAVELICA,HUAYTARA,TAMBO,897,901,4173.0532038835,-75.1762232527898,-13.589704390841
090701,09,07,01,HUANCAVELICA,TAYACAJA,PAMPAS,898,902,3632.9691943128,-74.8516918072743,-12.4513601591688
090702,09,07,02,HUANCAVELICA,TAYACAJA,ACOSTAMBO,899,903,3787.01771336554,-75.0117700248317,-12.4126757101506
090703,09,07,03,HUANCAVELICA,TAYACAJA,ACRAQUIA,900,904,3902.04340704341,-74.9392717915876,-12.3963774155877
090704,09,07,04,HUANCAVELICA,TAYACAJA,AHUAYCHA,901,905,3721.81810115351,-74.906158823538,-12.4441378364242
090705,09,07,05,HUANCAVELICA,TAYACAJA,COLCABAMBA,902,906,3145.51607629428,-74.7004724232985,-12.3851277933923
090706,09,07,06,HUANCAVELICA,TAYACAJA,DANIEL HERNANDEZ,903,907,3342.5160472973,-74.8336565905446,-12.3453347550842
090707,09,07,07,HUANCAVELICA,TAYACAJA,HUACHOCOLPA,904,908,2225.45943742356,-74.5281741328011,-12.0577198005985
090709,09,07,09,HUANCAVELICA,TAYACAJA,HUARIBAMBA,905,909,3431.9590504451,-74.9088843124855,-12.2621004943946
090710,09,07,10,HUANCAVELICA,TAYACAJA,ÑAHUIMPUQUIO,906,910,3864.9305740988,-75.0911032667098,-12.3291862666532
090711,09,07,11,HUANCAVELICA,TAYACAJA,PAZOS,907,911,3961.59664193674,-75.0262526496336,-12.2215571705275
090713,09,07,13,HUANCAVELICA,TAYACAJA,QUISHUAR,908,912,2574.15094339623,-74.7672026585138,-12.249779458335
090714,09,07,14,HUANCAVELICA,TAYACAJA,SALCABAMBA,909,913,3179.66837209302,-74.7832227816735,-12.1949008098305
090715,09,07,15,HUANCAVELICA,TAYACAJA,SALCAHUASI,910,914,2562.98111782477,-74.7514424191655,-12.1065044109395
090716,09,07,16,HUANCAVELICA,TAYACAJA,SAN MARCOS DE ROCCHAC,911,915,3931.63420647149,-74.9488856794526,-12.0792441982385
090717,09,07,17,HUANCAVELICA,TAYACAJA,SURCUBAMBA,912,916,2918.25072780204,-74.6513085465712,-12.1640395599202
090718,09,07,18,HUANCAVELICA,TAYACAJA,TINTAY PUNCU,913,917,2502.30830039526,-74.4899237069776,-12.1610254599948
090719,09,07,19,HUANCAVELICA,TAYACAJA,QUICHUAS,914,918,3657.86537023186,-74.7274015953342,-12.4678274851592
090720,09,07,20,HUANCAVELICA,TAYACAJA,ANDAYMARCA,915,919,3039.03647058824,-74.632739761194,-12.2985424263585
090721,09,07,21,HUANCAVELICA,TAYACAJA,ROBLE,916,920,3067.67243035543,-74.4577804048516,-12.2359466649291
090722,09,07,22,HUANCAVELICA,TAYACAJA,PICHOS,917,921,3861.28738461539,-74.9332842740814,-12.1815805856564
090723,09,07,23,HUANCAVELICA,TAYACAJA,SANTIAGO DE TUCUMA,918,922,3479.52467532468,-74.8869536944433,-12.3175690955884
090724,09,07,24,HUANCAVELICA,TAYACAJA,LAMBRAS,919,923,2500.07886754297,-74.6407639962671,-12.0589605560205
090725,09,07,25,HUANCAVELICA,TAYACAJA,COCHABAMBA,920,924,3393.33679354095,-74.5367388838834,-12.21472803961
100101,10,01,01,HUANUCO,HUANUCO,HUANUCO,921,925,2611.48008385744,-76.2967023924686,-9.89657062208678
100102,10,01,02,HUANUCO,HUANUCO,AMARILIS,922,926,2830.24450366422,-76.1882246302191,-9.95023916337234
100103,10,01,03,HUANUCO,HUANUCO,CHINCHAO,923,927,2395.91579995574,-76.1107543774876,-9.61535707615288
100104,10,01,04,HUANUCO,HUANUCO,CHURUBAMBA,924,928,3388.50652514355,-76.2657611040979,-9.68524482348868
100105,10,01,05,HUANUCO,HUANUCO,MARGOS,925,929,3924.37489288775,-76.5331918827305,-10.0632297828782
100106,10,01,06,HUANUCO,HUANUCO,QUISQUI (KICHKI),926,930,3426.74769703173,-76.4208091388675,-9.86923888719827
100107,10,01,07,HUANUCO,HUANUCO,SAN FRANCISCO DE CAYRAN,927,931,3142.5827294686,-76.3305288992959,-9.99675259331817
100108,10,01,08,HUANUCO,HUANUCO,SAN PEDRO DE CHAULAN,928,932,3897.00263939294,-76.4218207602889,-10.0785168851363
100109,10,01,09,HUANUCO,HUANUCO,SANTA MARIA DEL VALLE,929,933,3346.5036453202,-76.3126786231579,-9.79337669172561
100110,10,01,10,HUANUCO,HUANUCO,YARUMAYO,930,934,3407.64595375723,-76.4401421051768,-9.95581921426226
100111,10,01,11,HUANUCO,HUANUCO,PILLCO MARCA,931,935,2877.25115740741,-76.2812399085613,-10.0403797060743
100112,10,01,12,HUANUCO,HUANUCO,YACUS,932,936,3898.63316582915,-76.5112451193117,-9.94605404769357
100113,10,01,13,HUANUCO,HUANUCO,SAN PABLO DE PILLAO,933,937,2378.4062923378,-75.9384528994791,-9.70773013725364
100201,10,02,01,HUANUCO,AMBO,AMBO,934,938,3348.11525318422,-76.1411777182508,-10.1501370706603
100202,10,02,02,HUANUCO,AMBO,CAYNA,935,939,3686.01865460712,-76.3706030965638,-10.2152087955646
100203,10,02,03,HUANUCO,AMBO,COLPAS,936,940,3786.25528700906,-76.4643611212841,-10.2443938779255
100204,10,02,04,HUANUCO,AMBO,CONCHAMARCA,937,941,3130.92209856916,-76.2095850367947,-10.0486852566905
100205,10,02,05,HUANUCO,AMBO,HUACAR,938,942,3093.55701425356,-76.269608433378,-10.1952977657456
100206,10,02,06,HUANUCO,AMBO,SAN FRANCISCO,939,943,3567.09274495138,-76.2873327845803,-10.3323861506402
100207,10,02,07,HUANUCO,AMBO,SAN RAFAEL,940,944,3755.07063347501,-76.1263396448146,-10.3289291372214
100208,10,02,08,HUANUCO,AMBO,TOMAY KICHWA,941,945,2984.89439655172,-76.1791461430289,-10.0648746493388
100301,10,03,01,HUANUCO,DOS DE MAYO,LA UNION,942,946,3861.87086614173,-76.7946956195958,-9.90788750141231
100307,10,03,07,HUANUCO,DOS DE MAYO,CHUQUIS,943,947,4055.49852681202,-76.6323295861846,-9.64827991144103
100311,10,03,11,HUANUCO,DOS DE MAYO,MARIAS,944,948,3717.95517002082,-76.4234795251509,-9.54692372691253
100313,10,03,13,HUANUCO,DOS DE MAYO,PACHAS,945,949,3917.52414021164,-76.8307312558309,-9.69197426105741
100316,10,03,16,HUANUCO,DOS DE MAYO,QUIVILLA,946,950,3949.36803874092,-76.6872710807359,-9.57602544946057
100317,10,03,17,HUANUCO,DOS DE MAYO,RIPAN,947,951,3785.07728337237,-76.8436914180611,-9.81053155418771
100321,10,03,21,HUANUCO,DOS DE MAYO,SHUNQUI,948,952,3599.60055096419,-76.8097727111888,-9.75051549186244
100322,10,03,22,HUANUCO,DOS DE MAYO,SILLAPATA,949,953,3708.83088235294,-76.7668628945674,-9.79382302583035
100323,10,03,23,HUANUCO,DOS DE MAYO,YANAS,950,954,3491.07281553398,-76.7315344537518,-9.71465895956285
100401,10,04,01,HUANUCO,HUACAYBAMBA,HUACAYBAMBA,951,955,3531.33912337662,-76.8392894488206,-8.95864125030232
100402,10,04,02,HUANUCO,HUACAYBAMBA,CANCHABAMBA,952,956,3531.71179039301,-77.1077566796382,-8.84741540967074
100403,10,04,03,HUANUCO,HUACAYBAMBA,COCHABAMBA,953,957,2622.86673648383,-76.6264204437509,-9.09759403282726
100404,10,04,04,HUANUCO,HUACAYBAMBA,PINRA,954,958,3630.42428035044,-77.0007493139179,-8.91440669171327
100501,10,05,01,HUANUCO,HUAMALIES,LLATA,955,959,4066.58214747736,-76.9032564025937,-9.61397753067059
100502,10,05,02,HUANUCO,HUAMALIES,ARANCAY,956,960,3315.68060836502,-76.7337577810968,-9.13741028948971
100503,10,05,03,HUANUCO,HUAMALIES,CHAVIN DE PARIARCA,957,961,3689.23648648649,-76.7550439829388,-9.43720822319705
100504,10,05,04,HUANUCO,HUAMALIES,JACAS GRANDE,958,962,4085.85209264527,-76.6684089657329,-9.51519897411935
100505,10,05,05,HUANUCO,HUAMALIES,JIRCAN,959,963,2960.25934230194,-76.6443840702367,-9.21658845878169
100506,10,05,06,HUANUCO,HUAMALIES,MIRAFLORES,960,964,3984.47279549719,-76.8710443162675,-9.44962918340522
100507,10,05,07,HUANUCO,HUAMALIES,MONZON,961,965,2213.93949044586,-76.3878496621674,-9.33111512658036
100508,10,05,08,HUANUCO,HUAMALIES,PUNCHAO,962,966,3806.48565121413,-76.8364920073365,-9.44146118121452
100509,10,05,09,HUANUCO,HUAMALIES,PUÑOS,963,967,3981.76663628077,-76.8969009433957,-9.50308394578263
100510,10,05,10,HUANUCO,HUAMALIES,SINGA,964,968,3955.359375,-76.8357127811694,-9.36276239873133
100511,10,05,11,HUANUCO,HUAMALIES,TANTAMAYO,965,969,3938.47594775406,-76.6700248526176,-9.37556759559462
100601,10,06,01,HUANUCO,LEONCIO PRADO,RUPA-RUPA,966,970,852.128943758573,-76.1042938417277,-9.19037667214898
100602,10,06,02,HUANUCO,LEONCIO PRADO,DANIEL ALOMIA ROBLES,967,971,1570.36698612029,-75.7659361403582,-9.39667687579796
100603,10,06,03,HUANUCO,LEONCIO PRADO,HERMILIO VALDIZAN,968,972,1297.32528987778,-75.8360285755868,-9.19749044131618
100604,10,06,04,HUANUCO,LEONCIO PRADO,JOSE CRESPO Y CASTILLO,969,973,1282.50541860188,-76.177725415474,-8.93240384988363
100605,10,06,05,HUANUCO,LEONCIO PRADO,LUYANDO,970,974,737.539759036145,-75.9532322658702,-9.24065345762121
100606,10,06,06,HUANUCO,LEONCIO PRADO,MARIANO DAMASO BERAUN,971,975,1407.42261264491,-76.0310323373729,-9.39440815637331
100607,10,06,07,HUANUCO,LEONCIO PRADO,PUCAYACU,972,976,1338.77309048179,-76.0647460354626,-8.5646993241562
100608,10,06,08,HUANUCO,LEONCIO PRADO,CASTILLO GRANDE,973,977,743.317909168809,-76.0384987431241,-9.20771542458576
100609,10,06,09,HUANUCO,LEONCIO PRADO,PUEBLO NUEVO,974,978,1013.01846670397,-76.0014408853827,-9.08226294376077
100610,10,06,10,HUANUCO,LEONCIO PRADO,SANTO DOMINGO DE ANDA,975,979,1200.56469088591,-75.9829596919281,-8.98489405687984
100701,10,07,01,HUANUCO,MARAÑON,HUACRACHUCO,976,980,3489.36163963734,-77.173060160875,-8.60480875413941
100702,10,07,02,HUANUCO,MARAÑON,CHOLON,977,981,2648.14208472234,-76.7409932752304,-8.65815779518132
100703,10,07,03,HUANUCO,MARAÑON,SAN BUENAVENTURA,978,982,3509.97396335583,-77.1480305150122,-8.76878654466633
100704,10,07,04,HUANUCO,MARAÑON,LA MORADA,979,983,1318.93439226519,-76.3634131100624,-8.88042771065103
100705,10,07,05,HUANUCO,MARAÑON,SANTA ROSA DE ALTO YANAJANCA,980,984,2180.82898351648,-76.5085329004215,-8.78966286058282
100801,10,08,01,HUANUCO,PACHITEA,PANAO,981,985,3337.98177991915,-75.8967146877148,-10.1483180106644
100802,10,08,02,HUANUCO,PACHITEA,CHAGLLA,982,986,2219.89386030326,-75.7975891530995,-9.73706806531536
100803,10,08,03,HUANUCO,PACHITEA,MOLINO,983,987,3466.71584084084,-76.0580753177471,-9.99638795476255
100804,10,08,04,HUANUCO,PACHITEA,UMARI,984,988,2762.15476190476,-76.0278940726888,-9.86812777705948
100901,10,09,01,HUANUCO,PUERTO INCA,PUERTO INCA,985,989,409.238347972342,-74.9668390575848,-9.28894049070306
100902,10,09,02,HUANUCO,PUERTO INCA,CODO DEL POZUZO,986,990,859.6167566819,-75.4664792221936,-9.63430110654012
100903,10,09,03,HUANUCO,PUERTO INCA,HONORIA,987,991,184.270943396226,-74.6968243131007,-8.71386088773311
100904,10,09,04,HUANUCO,PUERTO INCA,TOURNAVISTA,988,992,281.127009398593,-74.8663963504437,-9.00130502121054
100905,10,09,05,HUANUCO,PUERTO INCA,YUYAPICHIS,989,993,332.62030676172,-74.9984480037495,-9.64737308859184
101001,10,10,01,HUANUCO,LAURICOCHA,JESUS,990,994,4250.78410647876,-76.7555414955097,-10.2185137940607
101002,10,10,02,HUANUCO,LAURICOCHA,BAÑOS,991,995,4181.85754060325,-76.7838617028656,-10.10736793757
101003,10,10,03,HUANUCO,LAURICOCHA,JIVIA,992,996,3803.85612535613,-76.6563181709804,-10.0354757030339
101004,10,10,04,HUANUCO,LAURICOCHA,QUEROPALCA,993,997,4457.16889185581,-76.8658574598292,-10.1875119955554
101005,10,10,05,HUANUCO,LAURICOCHA,RONDOS,994,998,3904.51058337636,-76.7204382643113,-9.96848976513927
101006,10,10,06,HUANUCO,LAURICOCHA,SAN FRANCISCO DE ASIS,995,999,3817.128125,-76.6275100750847,-9.97837033492594
101007,10,10,07,HUANUCO,LAURICOCHA,SAN MIGUEL DE CAURI,996,1000,4237.69138080764,-76.63756987087,-10.2989171889573
101101,10,11,01,HUANUCO,YAROWILCA,CHAVINILLO,997,1001,4001.7508650519,-76.551283583328,-9.80806824063673
101102,10,11,02,HUANUCO,YAROWILCA,CAHUAC,998,1002,3757.40361445783,-76.6493215280767,-9.86463192805872
101103,10,11,03,HUANUCO,YAROWILCA,CHACABAMBA,999,1003,3635.36898395722,-76.6321376802165,-9.90056667577563
101104,10,11,04,HUANUCO,YAROWILCA,APARICIO POMARES,1000,1004,4036.8920758386,-76.5768677518986,-9.71624556631606
101105,10,11,05,HUANUCO,YAROWILCA,JACAS CHICO,1001,1005,3901.41509433962,-76.5090849778065,-9.87516812519457
101106,10,11,06,HUANUCO,YAROWILCA,OBAS,1002,1006,3796.95382395382,-76.6813146214457,-9.82692454621999
101107,10,11,07,HUANUCO,YAROWILCA,PAMPAMARCA,1003,1007,3825.07926829268,-76.707750455287,-9.76588114754957
101108,10,11,08,HUANUCO,YAROWILCA,CHORAS,1004,1008,3888.91336270191,-76.5718246937856,-9.91181684658409
110101,11,01,01,ICA,ICA,ICA,1005,1009,549.66135734072,-75.9066183497219,-14.2138261922808
110102,11,01,02,ICA,ICA,LA TINGUIÑA,1006,1010,613.013993541443,-75.6733415960507,-14.0107810957547
110103,11,01,03,ICA,ICA,LOS AQUIJES,1007,1011,712.118955512573,-75.6406081922788,-14.0740337355169
110104,11,01,04,ICA,ICA,OCUCAJE,1008,1012,487.950153422256,-75.7807405545186,-14.4840733704293
110105,11,01,05,ICA,ICA,PACHACUTEC,1009,1013,433.012738853503,-75.6516631468269,-14.1604117538302
110106,11,01,06,ICA,ICA,PARCONA,1010,1014,440.252577319588,-75.7004465788775,-14.0568662273551
110107,11,01,07,ICA,ICA,PUEBLO NUEVO,1011,1015,443.467236467237,-75.6758090923107,-14.1245151929747
110108,11,01,08,ICA,ICA,SALAS,1012,1016,474.156542681295,-75.8757690545413,-13.9217691494763
110109,11,01,09,ICA,ICA,SAN JOSE DE LOS MOLINOS,1013,1017,1277.79243902439,-75.6124042998341,-13.8820522843409
110110,11,01,10,ICA,ICA,SAN JUAN BAUTISTA,1014,1018,461.564516129032,-75.733134469217,-13.9735426185077
110111,11,01,11,ICA,ICA,SANTIAGO,1015,1019,583.577775666603,-75.5152334621754,-14.5106061215118
110112,11,01,12,ICA,ICA,SUBTANJALLA,1016,1020,512.393566698203,-75.8932302698467,-14.0481653335352
110113,11,01,13,ICA,ICA,TATE,1017,1021,399.64,-75.703258207355,-14.151553372671
110114,11,01,14,ICA,ICA,YAUCA DEL ROSARIO,1018,1022,1686.12232820441,-75.4341590018617,-14.1006694354521
110201,11,02,01,ICA,CHINCHA,CHINCHA ALTA,1019,1023,782.000391083301,-76.0345410952896,-13.3245252013023
110202,11,02,02,ICA,CHINCHA,ALTO LARAN,1020,1024,890.119767723204,-75.9389807469343,-13.3821992249026
110203,11,02,03,ICA,CHINCHA,CHAVIN,1021,1025,2683.96538860104,-75.9426565865146,-13.1202522724118
110204,11,02,04,ICA,CHINCHA,CHINCHA BAJA,1022,1026,42.5180288461539,-76.1508093715323,-13.4967399016925
110205,11,02,05,ICA,CHINCHA,EL CARMEN,1023,1027,1137.29743589744,-75.9153647444016,-13.5122124199022
110206,11,02,06,ICA,CHINCHA,GROCIO PRADO,1024,1028,228.260049627792,-76.1674267296185,-13.311574821443
110207,11,02,07,ICA,CHINCHA,PUEBLO NUEVO,1025,1029,810.05752396832,-76.0888753454381,-13.2584377382375
110208,11,02,08,ICA,CHINCHA,SAN JUAN DE YANAC,1026,1030,2840.39069674586,-75.8143195308548,-13.224708965455
110209,11,02,09,ICA,CHINCHA,SAN PEDRO DE HUACARPANA,1027,1031,3985.16526845638,-75.7271669662286,-13.0784402312795
110210,11,02,10,ICA,CHINCHA,SUNAMPE,1028,1032,64.3555555555556,-76.1628427125926,-13.4268898431698
110211,11,02,11,ICA,CHINCHA,TAMBO DE MORA,1029,1033,11.4929577464789,-76.1832809788624,-13.4603181361865
110301,11,03,01,ICA,NASCA,NASCA,1030,1034,729.244037119411,-75.0368333715815,-14.8570548431729
110302,11,03,02,ICA,NASCA,CHANGUILLO,1031,1035,434.21889041724,-75.3343661916111,-14.8016265390061
110303,11,03,03,ICA,NASCA,EL INGENIO,1032,1036,958.099914113942,-75.0070858871389,-14.6777565957723
110304,11,03,04,ICA,NASCA,MARCONA,1033,1037,758.970305480683,-75.0693275995221,-15.1424329522598
110305,11,03,05,ICA,NASCA,VISTA ALEGRE,1034,1038,1122.89795249795,-74.8280056630166,-14.9284777946526
110401,11,04,01,ICA,PALPA,PALPA,1035,1039,818.847389558233,-75.131569660441,-14.4897315777357
110402,11,04,02,ICA,PALPA,LLIPATA,1036,1040,595.164829899377,-75.1587257515428,-14.5946600931649
110403,11,04,03,ICA,PALPA,RIO GRANDE,1037,1041,1208.27458100559,-75.1475428490923,-14.345665410343
110404,11,04,04,ICA,PALPA,SANTA CRUZ,1038,1042,804.593684941013,-75.2576659919003,-14.4711623270631
110405,11,04,05,ICA,PALPA,TIBILLO,1039,1043,2280.92967320261,-75.1609269779288,-14.1503817930681
110501,11,05,01,ICA,PISCO,PISCO,1040,1044,27.8475177304965,-76.1917789688554,-13.7018101275669
110502,11,05,02,ICA,PISCO,HUANCANO,1041,1045,2205.22327721222,-75.6159016332829,-13.5551760242658
110503,11,05,03,ICA,PISCO,HUMAY,1042,1046,1025.09718595881,-75.8179788516674,-13.7440999225749
110504,11,05,04,ICA,PISCO,INDEPENDENCIA,1043,1047,324.29799803085,-76.0130031539318,-13.6468570971818
110505,11,05,05,ICA,PISCO,PARACAS,1044,1048,253.186148253127,-76.1578251440391,-14.0469780176235
110506,11,05,06,ICA,PISCO,SAN ANDRES,1045,1049,170.095760787282,-76.1067771491745,-13.8043240361348
110507,11,05,07,ICA,PISCO,SAN CLEMENTE,1046,1050,78.3525641025641,-76.1439867589757,-13.6421138462836
110508,11,05,08,ICA,PISCO,TUPAC AMARU INCA,1047,1051,140.090047393365,-76.1103370395392,-13.726174608787
120101,12,01,01,JUNIN,HUANCAYO,HUANCAYO,1048,1052,4291.8390625,-75.0712680540565,-11.9933251097214
120104,12,01,04,JUNIN,HUANCAYO,CARHUACALLANGA,1049,1053,3724.33783783784,-75.2025811062671,-12.3554291793411
120105,12,01,05,JUNIN,HUANCAYO,CHACAPAMPA,1050,1054,4012.16244725738,-75.2571277681146,-12.4104140296862
120106,12,01,06,JUNIN,HUANCAYO,CHICCHE,1051,1055,3869.74630021142,-75.2933788533142,-12.2907544045762
120107,12,01,07,JUNIN,HUANCAYO,CHILCA,1052,1056,3578.14935064935,-75.1831525904035,-12.0790514642676
120108,12,01,08,JUNIN,HUANCAYO,CHONGOS ALTO,1053,1057,4480.41346275054,-75.437227260492,-12.4856391816546
120111,12,01,11,JUNIN,HUANCAYO,CHUPURO,1054,1058,3840.35181236674,-75.2411353031238,-12.2098256837919
120112,12,01,12,JUNIN,HUANCAYO,COLCA,1055,1059,3731.10088070456,-75.1912410940417,-12.3142279237276
120113,12,01,13,JUNIN,HUANCAYO,CULLHUAS,1056,1060,3824.17051792829,-75.1547063109625,-12.2517910587279
120114,12,01,14,JUNIN,HUANCAYO,EL TAMBO,1057,1061,4067.43466666667,-75.1610787938477,-11.9719521385233
120116,12,01,16,JUNIN,HUANCAYO,HUACRAPUQUIO,1058,1062,3399.19926199262,-75.2093512467943,-12.1866997930403
120117,12,01,17,JUNIN,HUANCAYO,HUALHUAS,1059,1063,3481.09271523179,-75.2441195326083,-11.9679754002257
120119,12,01,19,JUNIN,HUANCAYO,HUANCAN,1060,1064,3229.76258992806,-75.2040982610564,-12.1105173696573
120120,12,01,20,JUNIN,HUANCAYO,HUASICANCHA,1061,1065,3820.35363790186,-75.2860879828588,-12.3712217390922
120121,12,01,21,JUNIN,HUANCAYO,HUAYUCACHI,1062,1066,3229.96855345912,-75.2220663286758,-12.1344098773255
120122,12,01,22,JUNIN,HUANCAYO,INGENIO,1063,1067,4114.90343698854,-75.2229484207321,-11.8537327811592
120124,12,01,24,JUNIN,HUANCAYO,PARIAHUANCA,1064,1068,3623.28466707392,-74.87700539508,-11.9521803912499
120125,12,01,25,JUNIN,HUANCAYO,PILCOMAYO,1065,1069,3212.22,-75.2542689199705,-12.0474743632422
120126,12,01,26,JUNIN,HUANCAYO,PUCARA,1066,1070,3958.1461477363,-75.1005141966313,-12.1801971572228
120127,12,01,27,JUNIN,HUANCAYO,QUICHUAY,1067,1071,4149.34492753623,-75.2486655047149,-11.8456023147925
120128,12,01,28,JUNIN,HUANCAYO,QUILCAS,1068,1072,4364.88981173865,-75.166152124993,-11.8822464177839
120129,12,01,29,JUNIN,HUANCAYO,SAN AGUSTIN,1069,1073,3481.94932432432,-75.2344761244357,-11.9890110440787
120130,12,01,30,JUNIN,HUANCAYO,SAN JERONIMO DE TUNAN,1070,1074,3373.92372881356,-75.2863741108605,-11.9374085672572
120132,12,01,32,JUNIN,HUANCAYO,SAÑO,1071,1075,3554.11333333333,-75.2468830955492,-11.9506179308562
120133,12,01,33,JUNIN,HUANCAYO,SAPALLANGA,1072,1076,3850.11574406902,-75.1397379712076,-12.1138572882339
120134,12,01,34,JUNIN,HUANCAYO,SICAYA,1073,1077,3265.78361344538,-75.2875089405578,-12.01905665156
120135,12,01,35,JUNIN,HUANCAYO,SANTO DOMINGO DE ACOBAMBA,1074,1078,3041.3482566953,-74.6936310358359,-11.8547591185415
120136,12,01,36,JUNIN,HUANCAYO,VIQUES,1075,1079,3202.21917808219,-75.2276759394127,-12.1605324537246
120201,12,02,01,JUNIN,CONCEPCION,CONCEPCION,1076,1080,3336.45893719807,-75.313514905197,-11.912461480337
120202,12,02,02,JUNIN,CONCEPCION,ACO,1077,1081,3792.88713318284,-75.3970791313374,-11.9553368151192
120203,12,02,03,JUNIN,CONCEPCION,ANDAMARCA,1078,1082,3811.41972275838,-74.8571725960132,-11.696338858443
120204,12,02,04,JUNIN,CONCEPCION,CHAMBARA,1079,1083,3829.35638730675,-75.43648228364,-12.0056061962135
120205,12,02,05,JUNIN,CONCEPCION,COCHAS,1080,1084,3679.96795398521,-75.1413673022259,-11.6200631347673
120206,12,02,06,JUNIN,CONCEPCION,COMAS,1081,1085,4143.65713484721,-75.048961454081,-11.6654688888677
120207,12,02,07,JUNIN,CONCEPCION,HEROINAS TOLEDO,1082,1086,3981.72401433692,-75.2817774890491,-11.8387398731342
120208,12,02,08,JUNIN,CONCEPCION,MANZANARES,1083,1087,3599.10152284264,-75.3644869787375,-12.0018817834272
120209,12,02,09,JUNIN,CONCEPCION,MARISCAL CASTILLA,1084,1088,3004.47798742138,-75.1053444703226,-11.5890518666023
120210,12,02,10,JUNIN,CONCEPCION,MATAHUASI,1085,1089,3296.34831460674,-75.3574342429242,-11.8818464579855
120211,12,02,11,JUNIN,CONCEPCION,MITO,1086,1090,3367.75800711744,-75.3517507927375,-11.9288010550372
120212,12,02,12,JUNIN,CONCEPCION,NUEVE DE JULIO,1087,1091,3333.8961038961,-75.3146270890902,-11.8898986244293
120213,12,02,13,JUNIN,CONCEPCION,ORCOTUNA,1088,1092,3382.54296875,-75.3282262244105,-11.9753310329527
120214,12,02,14,JUNIN,CONCEPCION,SAN JOSE DE QUERO,1089,1093,4139.65662650602,-75.5726828618033,-12.0762529832094
120215,12,02,15,JUNIN,CONCEPCION,SANTA ROSA DE OCOPA,1090,1094,3498.1043956044,-75.3068457263346,-11.8699310457887
120301,12,03,01,JUNIN,CHANCHAMAYO,CHANCHAMAYO,1091,1095,2042.98363023592,-75.3564540757531,-11.0327782817586
120302,12,03,02,JUNIN,CHANCHAMAYO,PERENE,1092,1096,1479.21649976156,-75.0759417183788,-10.9402322736834
120303,12,03,03,JUNIN,CHANCHAMAYO,PICHANAQUI,1093,1097,1377.46616111032,-74.8687131342068,-11.0249780897527
120304,12,03,04,JUNIN,CHANCHAMAYO,SAN LUIS DE SHUARO,1094,1098,1400.45185185185,-75.2727585472896,-10.8432819089899
120305,12,03,05,JUNIN,CHANCHAMAYO,SAN RAMON,1095,1099,2334.29490117445,-75.4050920784384,-11.1568171020065
120306,12,03,06,JUNIN,CHANCHAMAYO,VITOC,1096,1100,2640.24070317782,-75.2366068729624,-11.265041269629
120401,12,04,01,JUNIN,JAUJA,JAUJA,1097,1101,3386.42727272727,-75.4911382176043,-11.7740855673469
120402,12,04,02,JUNIN,JAUJA,ACOLLA,1098,1102,3789.39867354458,-75.5675712945874,-11.6626542138677
120403,12,04,03,JUNIN,JAUJA,APATA,1099,1103,4097.37964527027,-75.2725033548841,-11.6806400471641
120404,12,04,04,JUNIN,JAUJA,ATAURA,1100,1104,3391.14285714286,-75.4470944669449,-11.7954643207602
120405,12,04,05,JUNIN,JAUJA,CANCHAYLLO,1101,1105,4393.8018161393,-75.8000091515856,-11.9149684346941
120406,12,04,06,JUNIN,JAUJA,CURICACA,1102,1106,4006.80108254398,-75.6691652547829,-11.7684412838164
120407,12,04,07,JUNIN,JAUJA,EL MANTARO,1103,1107,3481.76119402985,-75.391569844828,-11.8178317362605
120408,12,04,08,JUNIN,JAUJA,HUAMALI,1104,1108,3677.80630630631,-75.4040884555064,-11.7896278084359
120409,12,04,09,JUNIN,JAUJA,HUARIPAMPA,1105,1109,3540.68944099379,-75.4806020053106,-11.821277440523
120410,12,04,10,JUNIN,JAUJA,HUERTAS,1106,1110,3410.57352941177,-75.466739582449,-11.7643836865209
120411,12,04,11,JUNIN,JAUJA,JANJAILLO,1107,1111,3941.94808743169,-75.6187199808617,-11.7656305161831
120412,12,04,12,JUNIN,JAUJA,JULCAN,1108,1112,3682.7023255814,-75.4288850083519,-11.7542554298412
120413,12,04,13,JUNIN,JAUJA,LEONOR ORDOÑEZ,1109,1113,3655.2375,-75.4313801556618,-11.8691442907188
120414,12,04,14,JUNIN,JAUJA,LLOCLLAPAMPA,1110,1114,4010.07491856678,-75.6250506117183,-11.8348417986464
120415,12,04,15,JUNIN,JAUJA,MARCO,1111,1115,3602.41538461538,-75.5677477095009,-11.76045029096
120416,12,04,16,JUNIN,JAUJA,MASMA,1112,1116,3607.60365853659,-75.4220185570195,-11.7808253454842
120417,12,04,17,JUNIN,JAUJA,MASMA CHICCHE,1113,1117,3968.64751958225,-75.364663323061,-11.7749631214519
120418,12,04,18,JUNIN,JAUJA,MOLINOS,1114,1118,3920.3610639502,-75.3392544590426,-11.5941974552096
120419,12,04,19,JUNIN,JAUJA,MONOBAMBA,1115,1119,3000.73337759651,-75.2310886347454,-11.4085855112489
120420,12,04,20,JUNIN,JAUJA,MUQUI,1116,1120,3489.12030075188,-75.4376547961553,-11.8384181500504
120421,12,04,21,JUNIN,JAUJA,MUQUIYAUYO,1117,1121,3643.7264957265,-75.4593635394258,-11.835044054765
120422,12,04,22,JUNIN,JAUJA,PACA,1118,1122,3687.42440318302,-75.5284533648877,-11.6831669755961
120423,12,04,23,JUNIN,JAUJA,PACCHA,1119,1123,4053.79603960396,-75.5334240243383,-11.880049517929
120424,12,04,24,JUNIN,JAUJA,PANCAN,1120,1124,3400.58914728682,-75.4990280634873,-11.7475124633988
120425,12,04,25,JUNIN,JAUJA,PARCO,1121,1125,3801.31758530184,-75.5406023951532,-11.8206157956794
120426,12,04,26,JUNIN,JAUJA,POMACANCHA,1122,1126,4150.34130229632,-75.6891857292844,-11.6328837183403
120427,12,04,27,JUNIN,JAUJA,RICRAN,1123,1127,4260.90639711991,-75.4575204508973,-11.5600289793749
120428,12,04,28,JUNIN,JAUJA,SAN LORENZO,1124,1128,3438.03971119134,-75.3785239162986,-11.8386666950296
120429,12,04,29,JUNIN,JAUJA,SAN PEDRO DE CHUNAN,1125,1129,3479.88659793814,-75.4893062189652,-11.71892294117
120430,12,04,30,JUNIN,JAUJA,SAUSA,1126,1130,3378.78431372549,-75.4832911061476,-11.7926533534251
120431,12,04,31,JUNIN,JAUJA,SINCOS,1127,1131,3924.67114351497,-75.5131110328493,-11.9420710096153
120432,12,04,32,JUNIN,JAUJA,TUNAN MARCA,1128,1132,3712.6875,-75.5947391613474,-11.7068198166442
120433,12,04,33,JUNIN,JAUJA,YAULI,1129,1133,3944.24026590693,-75.4713486397697,-11.6788466982374
120434,12,04,34,JUNIN,JAUJA,YAUYOS,1130,1134,3509.17117117117,-75.5142769967589,-11.7958384602161
120501,12,05,01,JUNIN,JUNIN,JUNIN,1131,1135,4299.01960984578,-76.0119041495937,-11.1887803845389
120502,12,05,02,JUNIN,JUNIN,CARHUAMAYO,1132,1136,4298.98609904431,-76.0209825116019,-10.913931638638
120503,12,05,03,JUNIN,JUNIN,ONDORES,1133,1137,4224.19478527607,-76.1820113487173,-11.0914053779357
120504,12,05,04,JUNIN,JUNIN,ULCUMAYO,1134,1138,3501.91141129349,-75.6839059201647,-10.9044857366906
120601,12,06,01,JUNIN,SATIPO,SATIPO,1135,1139,1109.67484729494,-74.6118197693569,-11.1796160328562
120602,12,06,02,JUNIN,SATIPO,COVIRIALI,1136,1140,1046.58683729433,-74.6514738434242,-11.317464517148
120603,12,06,03,JUNIN,SATIPO,LLAYLLA,1137,1141,2147.0666092449,-74.6489730939484,-11.4629357020383
120604,12,06,04,JUNIN,SATIPO,MAZAMARI,1138,1142,932.999365973934,-74.3096993040012,-11.3648590190597
120605,12,06,05,JUNIN,SATIPO,PAMPA HERMOSA,1139,1143,2835.71428571429,-74.8418665522024,-11.4137498189348
120606,12,06,06,JUNIN,SATIPO,PANGOA,1140,1144,1561.42511349484,-74.3223458022117,-11.7692902858034
120607,12,06,07,JUNIN,SATIPO,RIO NEGRO,1141,1145,979.926154965442,-74.6909494508703,-11.1031662894304
120608,12,06,08,JUNIN,SATIPO,RIO TAMBO,1142,1146,1279.53787944606,-73.8146583990512,-11.5304558323758
120609,12,06,09,JUNIN,SATIPO,VIZCATÁN DEL ENE,1143,1147,1354.00873998543,-74.1865898636407,-12.2023440908894
120701,12,07,01,JUNIN,TARMA,TARMA,1144,1148,3994.74730968513,-75.7587753652553,-11.4555567606892
120702,12,07,02,JUNIN,TARMA,ACOBAMBA,1145,1149,3530.56575682382,-75.6568334085258,-11.3491338089991
120703,12,07,03,JUNIN,TARMA,HUARICOLCA,1146,1150,4023.50673854447,-75.6169728415001,-11.5256469418083
120704,12,07,04,JUNIN,TARMA,HUASAHUASI,1147,1151,3543.63890051626,-75.6256862799576,-11.1275952882511
120705,12,07,05,JUNIN,TARMA,LA UNION,1148,1152,4049.99882560188,-75.8226339388062,-11.3609938395497
120706,12,07,06,JUNIN,TARMA,PALCA,1149,1153,3585.77190679357,-75.5051659325744,-11.3171389027913
120707,12,07,07,JUNIN,TARMA,PALCAMAYO,1150,1154,4011.39325250395,-75.7778306859124,-11.2701883135685
120708,12,07,08,JUNIN,TARMA,SAN PEDRO DE CAJAS,1151,1155,4070.16698456737,-75.7857270552913,-11.1233923527936
120709,12,07,09,JUNIN,TARMA,TAPO,1152,1156,3886.98268041237,-75.528419094275,-11.4295589201261
120801,12,08,01,JUNIN,YAULI,LA OROYA,1153,1157,4167.49543218552,-75.8566992901501,-11.6052664440499
120802,12,08,02,JUNIN,YAULI,CHACAPALPA,1154,1158,4207.6102661597,-75.8212401880373,-11.7246216340385
120803,12,08,03,JUNIN,YAULI,HUAY-HUAY,1155,1159,4545.08318014706,-75.9653277678846,-11.7171361420993
120804,12,08,04,JUNIN,YAULI,MARCAPOMACOCHA,1156,1160,4497.66870857602,-76.2576955780407,-11.4048771631306
120805,12,08,05,JUNIN,YAULI,MOROCOCHA,1157,1161,4619.87959866221,-76.1233225183229,-11.5445359835796
120806,12,08,06,JUNIN,YAULI,PACCHA,1158,1162,4237.54765174403,-75.9922702300208,-11.440116578731
120807,12,08,07,JUNIN,YAULI,SANTA BARBARA DE CARHUACAYAN,1159,1163,4497.86065038527,-76.3648555882927,-11.1980470736102
120808,12,08,08,JUNIN,YAULI,SANTA ROSA DE SACCO,1160,1164,4264.52074139453,-75.9864521312214,-11.5576029254338
120809,12,08,09,JUNIN,YAULI,SUITUCANCHA,1161,1165,4690.10818593172,-75.9781782906695,-11.8333154280758
120810,12,08,10,JUNIN,YAULI,YAULI,1162,1166,4650.11264864865,-76.0981383021587,-11.709610318795
120901,12,09,01,JUNIN,CHUPACA,CHUPACA,1163,1167,3256.7264957265,-75.2860692787837,-12.0709234204192
120902,12,09,02,JUNIN,CHUPACA,AHUAC,1164,1168,3864.12406947891,-75.351556591363,-12.0819989916249
120903,12,09,03,JUNIN,CHUPACA,CHONGOS BAJO,1165,1169,3995.90659340659,-75.2844311538283,-12.194828819327
120904,12,09,04,JUNIN,CHUPACA,HUACHAC,1166,1170,3388.25461254613,-75.3426522640763,-12.0355893887731
120905,12,09,05,JUNIN,CHUPACA,HUAMANCACA CHICO,1167,1171,3205.376,-75.2487674059772,-12.0796253183108
120906,12,09,06,JUNIN,CHUPACA,SAN JUAN DE ISCOS,1168,1172,3699.38926174497,-75.3015947935024,-12.119346034145
120907,12,09,07,JUNIN,CHUPACA,SAN JUAN DE JARPA,1169,1173,4169.07767624021,-75.4510127924419,-12.1234927722374
120908,12,09,08,JUNIN,CHUPACA,TRES DE DICIEMBRE,1170,1174,3185.68421052632,-75.2458531005961,-12.1140153590582
120909,12,09,09,JUNIN,CHUPACA,YANACANCHA,1171,1175,4349.37120149603,-75.4738022315811,-12.2536858602033
130101,13,01,01,LA LIBERTAD,TRUJILLO,TRUJILLO,1172,1176,37.2588235294118,-79.023792332039,-8.11248790504784
130102,13,01,02,LA LIBERTAD,TRUJILLO,EL PORVENIR,1173,1177,282.177339901478,-78.9852717858207,-8.0526872319169
130103,13,01,03,LA LIBERTAD,TRUJILLO,FLORENCIA DE MORA,1174,1178,104.452380952381,-79.0231258304871,-8.07959992966742
130104,13,01,04,LA LIBERTAD,TRUJILLO,HUANCHACO,1175,1179,403.176186416596,-79.0585291599964,-8.00094316550439
130105,13,01,05,LA LIBERTAD,TRUJILLO,LA ESPERANZA,1176,1180,124.334710743802,-79.0554399344245,-8.06340306740001
130106,13,01,06,LA LIBERTAD,TRUJILLO,LAREDO,1177,1181,773.313147845063,-78.8553889178599,-8.10520488665113
130107,13,01,07,LA LIBERTAD,TRUJILLO,MOCHE,1178,1182,41.2614379084967,-79.0001112581065,-8.15917594960509
130108,13,01,08,LA LIBERTAD,TRUJILLO,POROTO,1179,1183,1146.97311827957,-78.75400739843,-8.0352700848406
130109,13,01,09,LA LIBERTAD,TRUJILLO,SALAVERRY,1180,1184,302.871406491499,-78.8994069781394,-8.2535897900019
130110,13,01,10,LA LIBERTAD,TRUJILLO,SIMBAL,1181,1185,1363.81283175629,-78.827084965207,-7.91836623985992
130111,13,01,11,LA LIBERTAD,TRUJILLO,VICTOR LARCO HERRERA,1182,1186,10.4926470588235,-79.0458231098047,-8.13935005186649
130112,13,01,12,LA LIBERTAD,TRUJILLO,ALTO TRUJILLO,1183,1187,265.318407960199,-79.0056127408733,-8.04763869596782
130201,13,02,01,LA LIBERTAD,ASCOPE,ASCOPE,1184,1188,516.882388419783,-79.0820670106342,-7.66089673874765
130202,13,02,02,LA LIBERTAD,ASCOPE,CHICAMA,1185,1189,646.9435,-79.0081981748475,-7.80496663617738
130203,13,02,03,LA LIBERTAD,ASCOPE,CHOCOPE,1186,1190,105.423529411765,-79.2265474963138,-7.79050089993686
130204,13,02,04,LA LIBERTAD,ASCOPE,MAGDALENA DE CAO,1187,1191,34.7445500279486,-79.2999173061127,-7.85520491298116
130205,13,02,05,LA LIBERTAD,ASCOPE,PAIJAN,1188,1192,99.2015334063527,-79.3021674963574,-7.72873611585526
130206,13,02,06,LA LIBERTAD,ASCOPE,RAZURI,1189,1193,69.7664930555556,-79.3715519073288,-7.68683573230547
130207,13,02,07,LA LIBERTAD,ASCOPE,SANTIAGO DE CAO,1190,1194,48.8270627062706,-79.2177404623482,-7.92475108615873
130208,13,02,08,LA LIBERTAD,ASCOPE,CASA GRANDE,1191,1195,610.197004765146,-79.1949359696368,-7.57666949292501
130301,13,03,01,LA LIBERTAD,BOLIVAR,BOLIVAR,1192,1196,2935.24291646312,-77.7339123707127,-7.26462361984916
130302,13,03,02,LA LIBERTAD,BOLIVAR,BAMBAMARCA,1193,1197,2618.05634573304,-77.6883389823668,-7.46463503346196
130303,13,03,03,LA LIBERTAD,BOLIVAR,CONDORMARCA,1194,1198,3187.72031076582,-77.5975545435488,-7.56156006120782
130304,13,03,04,LA LIBERTAD,BOLIVAR,LONGOTEA,1195,1199,2126.94966761633,-77.910122663626,-7.05648833146045
130305,13,03,05,LA LIBERTAD,BOLIVAR,UCHUMARCA,1196,1200,3348.12190166599,-77.8058890345757,-7.02609923256784
130306,13,03,06,LA LIBERTAD,BOLIVAR,UCUNCHA,1197,1201,2372.52068345324,-77.8505972135046,-7.1532330248909
130401,13,04,01,LA LIBERTAD,CHEPEN,CHEPEN,1198,1202,372.077138413686,-79.3538423356183,-7.22852568387673
130402,13,04,02,LA LIBERTAD,CHEPEN,PACANGA,1199,1203,248.64475695506,-79.4476285862114,-7.07965169682096
130403,13,04,03,LA LIBERTAD,CHEPEN,PUEBLO NUEVO,1200,1204,60.1492686170213,-79.5862934021233,-7.19224481833039
130501,13,05,01,LA LIBERTAD,JULCAN,JULCAN,1201,1205,3302.25128003151,-78.4619574865444,-8.07476336684768
130502,13,05,02,LA LIBERTAD,JULCAN,CALAMARCA,1202,1206,3551.89622641509,-78.3807742184792,-8.12034056591363
130503,13,05,03,LA LIBERTAD,JULCAN,CARABAMBA,1203,1207,3192.93826687117,-78.5820171659894,-8.14657459819518
130504,13,05,04,LA LIBERTAD,JULCAN,HUASO,1204,1208,3059.27257866776,-78.4405219073936,-8.26159010919962
130601,13,06,01,LA LIBERTAD,OTUZCO,OTUZCO,1205,1209,2952.74314381271,-78.5821059193932,-7.84871974370019
130602,13,06,02,LA LIBERTAD,OTUZCO,AGALLPAMPA,1206,1210,3372.8266897747,-78.4640005843889,-7.94555276473275
130604,13,06,04,LA LIBERTAD,OTUZCO,CHARAT,1207,1211,2458.84931506849,-78.473825904599,-7.80865915413921
130605,13,06,05,LA LIBERTAD,OTUZCO,HUARANCHAL,1208,1212,2672.62524916944,-78.4517334366925,-7.69045453339736
130606,13,06,06,LA LIBERTAD,OTUZCO,LA CUESTA,1209,1213,2824.93695652174,-78.6849830650101,-7.90847366546738
130608,13,06,08,LA LIBERTAD,OTUZCO,MACHE,1210,1214,3332.03846153846,-78.5338036835664,-8.03421764093915
130610,13,06,10,LA LIBERTAD,OTUZCO,PARANDAY,1211,1215,3076.27868852459,-78.698908822472,-7.88841116379518
130611,13,06,11,LA LIBERTAD,OTUZCO,SALPO,1212,1216,2801.1069297843,-78.6362721381121,-8.03289531528108
130613,13,06,13,LA LIBERTAD,OTUZCO,SINSICAP,1213,1217,2336.49554543655,-78.7792046982819,-7.75448726352355
130614,13,06,14,LA LIBERTAD,OTUZCO,USQUIL,1214,1218,2979.74231950845,-78.3616468631541,-7.80063039906139
130701,13,07,01,LA LIBERTAD,PACASMAYO,SAN PEDRO DE LLOC,1215,1219,231.530448507168,-79.4049698977701,-7.483566907829
130702,13,07,02,LA LIBERTAD,PACASMAYO,GUADALUPE,1216,1220,105.766219839142,-79.4878840125129,-7.2881388003028
130703,13,07,03,LA LIBERTAD,PACASMAYO,JEQUETEPEQUE,1217,1221,41.2472324723247,-79.5470901857936,-7.35019736206985
130704,13,07,04,LA LIBERTAD,PACASMAYO,PACASMAYO,1218,1222,36.6020671834625,-79.547854488698,-7.39986322234062
130705,13,07,05,LA LIBERTAD,PACASMAYO,SAN JOSE,1219,1223,300.056338028169,-79.3856736663514,-7.36981307397118
130801,13,08,01,LA LIBERTAD,PATAZ,TAYABAMBA,1220,1224,3717.9824794266,-77.2563686747991,-8.31424378538794
130802,13,08,02,LA LIBERTAD,PATAZ,BULDIBUYO,1221,1225,3671.57126122608,-77.3827529081261,-8.12440624851143
130803,13,08,03,LA LIBERTAD,PATAZ,CHILLIA,1222,1226,3093.3341080767,-77.5209013861147,-8.16082832192596
130804,13,08,04,LA LIBERTAD,PATAZ,HUANCASPATA,1223,1227,3430.71819262782,-77.2619406243037,-8.44320882796138
130805,13,08,05,LA LIBERTAD,PATAZ,HUAYLILLAS,1224,1228,3544.13211186114,-77.2937081557353,-8.19040422061791
130806,13,08,06,LA LIBERTAD,PATAZ,HUAYO,1225,1229,2763.255547602,-77.5922431814103,-8.03494327926375
130807,13,08,07,LA LIBERTAD,PATAZ,ONGON,1226,1230,2977.99781420765,-77.0924825324776,-8.20579273788951
130808,13,08,08,LA LIBERTAD,PATAZ,PARCOY,1227,1231,3202.63161290323,-77.509859094616,-7.99323943039241
130809,13,08,09,LA LIBERTAD,PATAZ,PATAZ,1228,1232,2882.30818472794,-77.5895485101237,-7.73244671078547
130810,13,08,10,LA LIBERTAD,PATAZ,PIAS,1229,1233,3337.37032744132,-77.48745493833,-7.89367726435828
130811,13,08,11,LA LIBERTAD,PATAZ,SANTIAGO DE CHALLAS,1230,1234,2849.19339298004,-77.3714752661478,-8.42706570240662
130812,13,08,12,LA LIBERTAD,PATAZ,TAURIJA,1231,1235,2768.35665294925,-77.433158464242,-8.27943910597979
130813,13,08,13,LA LIBERTAD,PATAZ,URPAY,1232,1236,3099.68048229088,-77.3730410512455,-8.33536115939271
130901,13,09,01,LA LIBERTAD,SANCHEZ CARRION,HUAMACHUCO,1233,1237,3356.62918918919,-78.0460669942086,-7.8267294958118
130902,13,09,02,LA LIBERTAD,SANCHEZ CARRION,CHUGAY,1234,1238,3321.99978466839,-77.7981062019906,-7.82232054331078
130903,13,09,03,LA LIBERTAD,SANCHEZ CARRION,COCHORCO,1235,1239,2574.87623931624,-77.6960871973349,-7.82158220234616
130904,13,09,04,LA LIBERTAD,SANCHEZ CARRION,CURGOS,1236,1240,3268.10146252285,-77.9534942286123,-7.84774008308095
130905,13,09,05,LA LIBERTAD,SANCHEZ CARRION,MARCABAL,1237,1241,3218.27376861398,-77.9416777383054,-7.68491499462298
130906,13,09,06,LA LIBERTAD,SANCHEZ CARRION,SANAGORAN,1238,1242,3231.39707057257,-78.1756321411336,-7.79263978794247
130907,13,09,07,LA LIBERTAD,SANCHEZ CARRION,SARIN,1239,1243,3652.653393907,-77.8800942666543,-7.93983207322115
130908,13,09,08,LA LIBERTAD,SANCHEZ CARRION,SARTIMBAMBA,1240,1244,2446.30948081264,-77.766156764559,-7.61268942050968
131001,13,10,01,LA LIBERTAD,SANTIAGO DE CHUCO,SANTIAGO DE CHUCO,1241,1245,3146.22223143924,-78.2446054288573,-8.34911060580608
131002,13,10,02,LA LIBERTAD,SANTIAGO DE CHUCO,ANGASMARCA,1242,1246,3150.54489544895,-78.0326544157821,-8.14569194156111
131003,13,10,03,LA LIBERTAD,SANTIAGO DE CHUCO,CACHICADAN,1243,1247,3683.1015936255,-78.0643531477745,-8.01727971179073
131004,13,10,04,LA LIBERTAD,SANTIAGO DE CHUCO,MOLLEBAMBA,1244,1248,3402.12661498708,-77.9808086800065,-8.12796307603127
131005,13,10,05,LA LIBERTAD,SANTIAGO DE CHUCO,MOLLEPATA,1245,1249,3373.21168831169,-77.9420459889642,-8.1426243531324
131006,13,10,06,LA LIBERTAD,SANTIAGO DE CHUCO,QUIRUVILCA,1246,1250,3791.28749595076,-78.2511136123403,-8.01473204509727
131007,13,10,07,LA LIBERTAD,SANTIAGO DE CHUCO,SANTA CRUZ DE CHUCA,1247,1251,2834.86958845537,-78.0956752929625,-8.18829070418831
131008,13,10,08,LA LIBERTAD,SANTIAGO DE CHUCO,SITABAMBA,1248,1252,3623.15817923186,-77.8004591943091,-8.02629015758284
131101,13,11,01,LA LIBERTAD,GRAN CHIMU,CASCAS,1249,1253,1738.03446284174,-78.7639550082911,-7.50150946180978
131102,13,11,02,LA LIBERTAD,GRAN CHIMU,LUCMA,1250,1254,1900.17373674361,-78.5765862007494,-7.62997919156079
131103,13,11,03,LA LIBERTAD,GRAN CHIMU,MARMOT,1251,1255,1814.15340909091,-78.7015160423055,-7.66252497263524
131104,13,11,04,LA LIBERTAD,GRAN CHIMU,SAYAPULLO,1252,1256,2631.21795855718,-78.4317229181035,-7.56789872593199
131201,13,12,01,LA LIBERTAD,VIRU,VIRU,1253,1257,628.134512104437,-78.7352394983037,-8.35328604550066
131202,13,12,02,LA LIBERTAD,VIRU,CHAO,1254,1258,920.99662596401,-78.5064121420592,-8.55988865027025
131203,13,12,03,LA LIBERTAD,VIRU,GUADALUPITO,1255,1259,142.334453781513,-78.6497522913427,-8.80171414689948
140101,14,01,01,LAMBAYEQUE,CHICLAYO,CHICLAYO,1256,1260,31.0884615384615,-79.8258256563965,-6.78283647856649
140102,14,01,02,LAMBAYEQUE,CHICLAYO,CHONGOYAPE,1257,1261,342.386743084974,-79.464572751731,-6.62685714839836
140103,14,01,03,LAMBAYEQUE,CHICLAYO,ETEN,1258,1262,22.2127429805616,-79.8158852537578,-6.93046642071751
140104,14,01,04,LAMBAYEQUE,CHICLAYO,ETEN PUERTO,1259,1263,24.7891156462585,-79.8471851542646,-6.95019563354349
140105,14,01,05,LAMBAYEQUE,CHICLAYO,JOSE LEONARDO ORTIZ,1260,1264,28.0670731707317,-79.842587612397,-6.73982984074212
140106,14,01,06,LAMBAYEQUE,CHICLAYO,LA VICTORIA,1261,1265,19.7017543859649,-79.8611465141052,-6.82375626906035
140107,14,01,07,LAMBAYEQUE,CHICLAYO,LAGUNAS,1262,1266,44.3676746611053,-79.6714075978826,-7.01446677968593
140108,14,01,08,LAMBAYEQUE,CHICLAYO,MONSEFU,1263,1267,14.1228406909789,-79.8574830315942,-6.86573045553789
140109,14,01,09,LAMBAYEQUE,CHICLAYO,NUEVA ARICA,1264,1268,403.361122926414,-79.3708110662203,-6.9312931024528
140110,14,01,10,LAMBAYEQUE,CHICLAYO,OYOTUN,1265,1269,708.257390983001,-79.2768426736402,-6.77963790263943
140111,14,01,11,LAMBAYEQUE,CHICLAYO,PICSI,1266,1270,41.7332185886403,-79.7725779970706,-6.71639276696009
140112,14,01,12,LAMBAYEQUE,CHICLAYO,PIMENTEL,1267,1271,15.1199460916442,-79.9035355619967,-6.79943130829601
140113,14,01,13,LAMBAYEQUE,CHICLAYO,REQUE,1268,1272,76.7007874015748,-79.7941922169126,-6.86348223456612
140114,14,01,14,LAMBAYEQUE,CHICLAYO,SANTA ROSA,1269,1273,5.57142857142857,-79.9038815474957,-6.88146274044918
140115,14,01,15,LAMBAYEQUE,CHICLAYO,SAÑA,1270,1274,122.924771167048,-79.6380015265218,-6.88714202837173
140116,14,01,16,LAMBAYEQUE,CHICLAYO,CAYALTI,1271,1275,185.491543917076,-79.5066816345145,-6.88869986224448
140117,14,01,17,LAMBAYEQUE,CHICLAYO,PATAPO,1272,1276,263.872922776149,-79.5857530207653,-6.7089308183734
140118,14,01,18,LAMBAYEQUE,CHICLAYO,POMALCA,1273,1277,48.3850641773629,-79.7590373473757,-6.78175339492792
140119,14,01,19,LAMBAYEQUE,CHICLAYO,PUCALA,1274,1278,298.435633367662,-79.5137281737242,-6.79463311783163
140120,14,01,20,LAMBAYEQUE,CHICLAYO,TUMAN,1275,1279,80.3764367816092,-79.6944527046858,-6.77372729475056
140201,14,02,01,LAMBAYEQUE,FERREÑAFE,FERREÑAFE,1276,1280,40.6443452380952,-79.7911643244528,-6.62050027711991
140202,14,02,02,LAMBAYEQUE,FERREÑAFE,CAÑARIS,1277,1281,2735.95420560748,-79.3047265325181,-6.06024187323083
140203,14,02,03,LAMBAYEQUE,FERREÑAFE,INCAHUASI,1278,1282,2577.58526490066,-79.3871145725318,-6.23119725567204
140204,14,02,04,LAMBAYEQUE,FERREÑAFE,MANUEL ANTONIO MESONES MURO,1279,1283,195.208833619211,-79.682829865024,-6.63533209916446
140205,14,02,05,LAMBAYEQUE,FERREÑAFE,PITIPO,1280,1284,298.894762684124,-79.6347471283325,-6.4862370218021
140206,14,02,06,LAMBAYEQUE,FERREÑAFE,PUEBLO NUEVO,1281,1285,29.3218390804598,-79.8244316675163,-6.62989753927653
140301,14,03,01,LAMBAYEQUE,LAMBAYEQUE,LAMBAYEQUE,1282,1286,15.8213495575221,-79.9328965257078,-6.67396004112737
140302,14,03,02,LAMBAYEQUE,LAMBAYEQUE,CHOCHOPE,1283,1287,601.71178529755,-79.6135901865266,-6.15523317118413
140303,14,03,03,LAMBAYEQUE,LAMBAYEQUE,ILLIMO,1284,1288,51.3185185185185,-79.8533672434823,-6.46959470164837
140304,14,03,04,LAMBAYEQUE,LAMBAYEQUE,JAYANCA,1285,1289,131.098442204477,-79.8083015260003,-6.33418359922892
140305,14,03,05,LAMBAYEQUE,LAMBAYEQUE,MOCHUMI,1286,1290,32.6340611353712,-79.8875140933594,-6.56281967579058
140306,14,03,06,LAMBAYEQUE,LAMBAYEQUE,MORROPE,1287,1291,7.17444045788485,-80.1790247319974,-6.50616648914184
140307,14,03,07,LAMBAYEQUE,LAMBAYEQUE,MOTUPE,1288,1292,239.441438522598,-79.7078718585965,-6.16903933946619
140308,14,03,08,LAMBAYEQUE,LAMBAYEQUE,OLMOS,1289,1293,110.764352607476,-80.0805528791045,-6.04557052892559
140309,14,03,09,LAMBAYEQUE,LAMBAYEQUE,PACORA,1290,1294,49.4514170040486,-79.8799235098404,-6.43408442588765
140310,14,03,10,LAMBAYEQUE,LAMBAYEQUE,SALAS,1291,1295,1355.49074697174,-79.531358152768,-6.13672828250403
140311,14,03,11,LAMBAYEQUE,LAMBAYEQUE,SAN JOSE,1292,1296,10.1921568627451,-79.9369144382182,-6.76605940288794
140312,14,03,12,LAMBAYEQUE,LAMBAYEQUE,TUCUME,1293,1297,44.1775568181818,-79.8762748001827,-6.50330929700606
150101,15,01,01,LIMA,LIMA,LIMA,1294,1,125.358024691358,-77.0490377415898,-12.0510560238495
150102,15,01,02,LIMA,LIMA,ANCON,1295,1298,634.286447931526,-77.0958820562177,-11.7025586940214
150103,15,01,03,LIMA,LIMA,ATE,1296,1299,584.810810810811,-76.877320448103,-12.0326670680907
150104,15,01,04,LIMA,LIMA,BARRANCO,1297,1300,65.3548387096774,-77.0208786360659,-12.1440728720269
150105,15,01,05,LIMA,LIMA,BREÑA,1298,1301,120.675675675676,-77.0506366010293,-12.0591440501468
150106,15,01,06,LIMA,LIMA,CARABAYLLO,1299,1302,799.793632745878,-76.9729175438393,-11.8073849163592
150107,15,01,07,LIMA,LIMA,CHACLACAYO,1300,1303,1065.82194616977,-76.7669691931394,-11.991641259339
150108,15,01,08,LIMA,LIMA,CHORRILLOS,1301,1304,41.8968824940048,-77.0059872012484,-12.1926457831731
150109,15,01,09,LIMA,LIMA,CIENEGUILLA,1302,1305,862.039246467818,-76.7774572333511,-12.0765467531442
150110,15,01,10,LIMA,LIMA,COMAS,1303,1306,273.030797101449,-77.0389195061211,-11.9290750392838
150111,15,01,11,LIMA,LIMA,EL AGUSTINO,1304,2,241.328859060403,-76.9875412536692,-12.0401247364637
150112,15,01,12,LIMA,LIMA,INDEPENDENCIA,1305,1307,220.356756756757,-77.0460081774677,-11.9874769214072
150113,15,01,13,LIMA,LIMA,JESUS MARIA,1306,1308,107.02,-77.0482418365944,-12.0780893545022
150114,15,01,14,LIMA,LIMA,LA MOLINA,1307,1309,398.976234003656,-76.9258986542608,-12.0879991477269
150115,15,01,15,LIMA,LIMA,LA VICTORIA,1308,1310,155.742857142857,-77.0173715219094,-12.0723183234529
150116,15,01,16,LIMA,LIMA,LINCE,1309,1311,115.4,-77.035691321374,-12.0857699152345
150117,15,01,17,LIMA,LIMA,LOS OLIVOS,1310,1312,75.0194174757282,-77.0743779170296,-11.9725167660265
150118,15,01,18,LIMA,LIMA,LURIGANCHO,1311,1313,985.922522522523,-76.8015436632041,-11.9586072285681
150119,15,01,19,LIMA,LIMA,LURIN,1312,1314,460.836081017428,-76.8015470954401,-12.2343519546404
150120,15,01,20,LIMA,LIMA,MAGDALENA DEL MAR,1313,1315,60.325,-77.0670148255661,-12.0945781125729
150121,15,01,21,LIMA,LIMA,PUEBLO LIBRE,1314,1316,86.2745098039216,-77.0657890938624,-12.0750804695093
150122,15,01,22,LIMA,LIMA,MIRAFLORES,1315,1317,82.5145631067961,-77.0290887011616,-12.1207934427994
150123,15,01,23,LIMA,LIMA,PACHACAMAC,1316,1318,600.623501199041,-76.8098699098488,-12.1600050322581
150124,15,01,24,LIMA,LIMA,PUCUSANA,1317,1319,86.2789317507418,-76.775986302254,-12.4662339026423
150125,15,01,25,LIMA,LIMA,PUENTE PIEDRA,1318,1320,222.415944540728,-77.0866638076721,-11.8721319989839
150126,15,01,26,LIMA,LIMA,PUNTA HERMOSA,1319,1321,558.020245842372,-76.7437317546889,-12.2692449784668
150127,15,01,27,LIMA,LIMA,PUNTA NEGRA,1320,1322,580.399317406143,-76.709418454181,-12.3036233016865
150128,15,01,28,LIMA,LIMA,RIMAC,1321,3,193.325925925926,-77.0325881002727,-12.0235971146538
150129,15,01,29,LIMA,LIMA,SAN BARTOLO,1322,1323,317.474295190713,-76.7241427648332,-12.369382476476
150130,15,01,30,LIMA,LIMA,SAN BORJA,1323,1324,159.862068965517,-76.9952627088409,-12.0975354834127
150131,15,01,31,LIMA,LIMA,SAN ISIDRO,1324,1325,101.927272727273,-77.0367722163413,-12.0990013128017
150132,15,01,32,LIMA,LIMA,SAN JUAN DE LURIGANCHO,1325,4,653.230914826498,-76.9714572087428,-11.9459415912646
150133,15,01,33,LIMA,LIMA,SAN JUAN DE MIRAFLORES,1326,1326,156.259842519685,-76.9665231884739,-12.1578188098437
150134,15,01,34,LIMA,LIMA,SAN LUIS,1327,1327,186.974358974359,-76.9972983715051,-12.0741047832397
150135,15,01,35,LIMA,LIMA,SAN MARTIN DE PORRES,1328,1328,61.6577017114915,-77.0885072717166,-11.9927635948381
150136,15,01,36,LIMA,LIMA,SAN MIGUEL,1329,1329,51.0366972477064,-77.0900897759096,-12.0765986295787
150137,15,01,37,LIMA,LIMA,SANTA ANITA,1330,1330,276.235294117647,-76.9632526362655,-12.0432357126623
150138,15,01,38,LIMA,LIMA,SANTA MARIA DEL MAR,1331,1331,93.1136363636364,-76.767308854082,-12.4087113522897
150139,15,01,39,LIMA,LIMA,SANTA ROSA,1332,1332,140.737373737374,-77.1633215197421,-11.8048864432969
150140,15,01,40,LIMA,LIMA,SANTIAGO DE SURCO,1333,1333,140.760925449872,-76.9845167018135,-12.1272245853834
150141,15,01,41,LIMA,LIMA,SURQUILLO,1334,1334,117.288461538462,-77.0129897827914,-12.113401422067
150142,15,01,42,LIMA,LIMA,VILLA EL SALVADOR,1335,1335,108.301047120419,-76.9454420369504,-12.2191743995405
150143,15,01,43,LIMA,LIMA,VILLA MARIA DEL TRIUNFO,1336,1336,347.269333333333,-76.9189982133711,-12.1703016950779
150201,15,02,01,LIMA,BARRANCA,BARRANCA,1337,1337,287.771444382955,-77.6826858372194,-10.7149285053094
150202,15,02,02,LIMA,BARRANCA,PARAMONGA,1338,1338,533.994170984456,-77.7421291780535,-10.4864170319274
150203,15,02,03,LIMA,BARRANCA,PATIVILCA,1339,1339,422.505681818182,-77.6859486022353,-10.6233575112121
150204,15,02,04,LIMA,BARRANCA,SUPE,1340,1340,528.897672826831,-77.5623045508007,-10.8096149788252
150205,15,02,05,LIMA,BARRANCA,SUPE PUERTO,1341,1341,91.7441860465116,-77.7256796137143,-10.7852477724357
150301,15,03,01,LIMA,CAJATAMBO,CAJATAMBO,1342,1342,4379.2274560413,-76.943836762407,-10.4551354503045
150302,15,03,02,LIMA,CAJATAMBO,COPA,1343,1343,3994.92903504976,-77.0233570153145,-10.36447952328
150303,15,03,03,LIMA,CAJATAMBO,GORGOR,1344,1344,4193.76792802329,-76.9919098169744,-10.6216441554567
150304,15,03,04,LIMA,CAJATAMBO,HUANCAPON,1345,1345,3070.22419928826,-77.1089327856446,-10.521691438216
150305,15,03,05,LIMA,CAJATAMBO,MANAS,1346,1346,2808.5357480315,-77.2208086769386,-10.6123689145293
150401,15,04,01,LIMA,CANTA,CANTA,1347,1347,3883.39222148978,-76.5822949136694,-11.4753060745645
150402,15,04,02,LIMA,CANTA,ARAHUAY,1348,1348,3083.28110599078,-76.675098640046,-11.6407144342551
150403,15,04,03,LIMA,CANTA,HUAMANTANGA,1349,1349,2293.76400648532,-76.8437864082465,-11.5503437971655
150404,15,04,04,LIMA,CANTA,HUAROS,1350,1350,4485.36862106406,-76.5024087852478,-11.4013147317614
150405,15,04,05,LIMA,CANTA,LACHAQUI,1351,1351,3872.45637119114,-76.6115967485106,-11.5556355870509
150406,15,04,06,LIMA,CANTA,SAN BUENAVENTURA,1352,1352,3758.38994229184,-76.6629342988068,-11.4404952280982
150407,15,04,07,LIMA,CANTA,SANTA ROSA DE QUIVES,1353,1353,1633.71209171534,-76.8431242113729,-11.6710431181259
150501,15,05,01,LIMA,CAÑETE,SAN VICENTE DE CAÑETE,1354,1354,361.355823020851,-76.2575788557079,-13.1719332254702
150502,15,05,02,LIMA,CAÑETE,ASIA,1355,1355,294.707706766917,-76.5112023485033,-12.7966971273389
150503,15,05,03,LIMA,CAÑETE,CALANGO,1356,1356,1441.58585349462,-76.4545948995442,-12.487060587665
150504,15,05,04,LIMA,CAÑETE,CERRO AZUL,1357,1357,177.826086956522,-76.4648906222911,-12.9661285778843
150505,15,05,05,LIMA,CAÑETE,CHILCA,1358,1358,703.870814272644,-76.6299238779737,-12.4298159363981
150506,15,05,06,LIMA,CAÑETE,COAYLLO,1359,1359,1211.9324304431,-76.4067156053325,-12.6587152901945
150507,15,05,07,LIMA,CAÑETE,IMPERIAL,1360,1360,103.857385398981,-76.3696222931587,-13.0330900075152
150508,15,05,08,LIMA,CAÑETE,LUNAHUANA,1361,1361,1448.2930141147,-76.1173871910048,-13.0193290410029
150509,15,05,09,LIMA,CAÑETE,MALA,1362,1362,239.341627437794,-76.6016729496938,-12.6534876935918
150510,15,05,10,LIMA,CAÑETE,NUEVO IMPERIAL,1363,1363,888.418021493524,-76.2585592112137,-12.9604713777154
150511,15,05,11,LIMA,CAÑETE,PACARAN,1364,1364,1982.81028106509,-76.0704476187531,-12.8978963235887
150512,15,05,12,LIMA,CAÑETE,QUILMANA,1365,1365,744.324409448819,-76.3452673197123,-12.8695539286569
150513,15,05,13,LIMA,CAÑETE,SAN ANTONIO,1366,1366,70.5615212527964,-76.674185865499,-12.6131631375269
150514,15,05,14,LIMA,CAÑETE,SAN LUIS,1367,1367,32.2636579572447,-76.4237208578261,-13.0520004668398
150515,15,05,15,LIMA,CAÑETE,SANTA CRUZ DE FLORES,1368,1368,376.975609756098,-76.6462003651707,-12.5498870423647
150516,15,05,16,LIMA,CAÑETE,ZUÑIGA,1369,1369,1770.93442622951,-76.0140624313109,-12.8298633683136
150601,15,06,01,LIMA,HUARAL,HUARAL,1370,1370,657.962962962963,-77.1710903934235,-11.3870825915249
150602,15,06,02,LIMA,HUARAL,ATAVILLOS ALTO,1371,1371,4332.27190721649,-76.5951697516947,-11.2775024689388
150603,15,06,03,LIMA,HUARAL,ATAVILLOS BAJO,1372,1372,3454.29240060393,-76.7610603486606,-11.3464555766345
150604,15,06,04,LIMA,HUARAL,AUCALLAMA,1373,1373,839.927911275416,-77.0499235562589,-11.517739908464
150605,15,06,05,LIMA,HUARAL,CHANCAY,1374,1374,128.208929593589,-77.2918490017553,-11.5011216820797
150606,15,06,06,LIMA,HUARAL,IHUARI,1375,1375,2766.31689480593,-76.9608722034655,-11.1872770780592
150607,15,06,07,LIMA,HUARAL,LAMPIAN,1376,1376,2649.36927710843,-76.8638250592428,-11.2473260798905
150608,15,06,08,LIMA,HUARAL,PACARAOS,1377,1377,4306.42410196987,-76.6648282764429,-11.1271311991019
150609,15,06,09,LIMA,HUARAL,SAN MIGUEL DE ACOS,1378,1378,3178.87685774947,-76.7675072030684,-11.2929715364151
150610,15,06,10,LIMA,HUARAL,SANTA CRUZ DE ANDAMARCA,1379,1379,4468.14591039868,-76.5655175828463,-11.147014694065
150611,15,06,11,LIMA,HUARAL,SUMBILCA,1380,1380,2403.88122892469,-76.8554311611357,-11.3944015579381
150612,15,06,12,LIMA,HUARAL,VEINTISIETE DE NOVIEMBRE,1381,1381,3844.75182481752,-76.772815541721,-11.1488464898967
150701,15,07,01,LIMA,HUAROCHIRI,MATUCANA,1382,1382,3854.89406571849,-76.3794319768234,-11.8161391892165
150702,15,07,02,LIMA,HUAROCHIRI,ANTIOQUIA,1383,1383,1976.8606870229,-76.5891278536569,-12.0615564772397
150703,15,07,03,LIMA,HUAROCHIRI,CALLAHUANCA,1384,1384,3182.71001757469,-76.5753009634628,-11.8137064328814
150704,15,07,04,LIMA,HUAROCHIRI,CARAMPOMA,1385,1385,4571.0960949464,-76.3830379227776,-11.6397018496025
150705,15,07,05,LIMA,HUAROCHIRI,CHICLA,1386,1386,4646.22754716981,-76.2438005327242,-11.6644889128127
150706,15,07,06,LIMA,HUAROCHIRI,CUENCA,1387,1387,3139.56916996047,-76.4569197096768,-12.1565297044126
150707,15,07,07,LIMA,HUAROCHIRI,HUACHUPAMPA,1388,1388,3651.05286839145,-76.5957986625917,-11.6968531284421
150708,15,07,08,LIMA,HUAROCHIRI,HUANZA,1389,1389,4546.15889268108,-76.4436480528334,-11.5611392823093
150709,15,07,09,LIMA,HUAROCHIRI,HUAROCHIRI,1390,1390,4237.60382916053,-76.2725580539375,-12.0694367605979
150710,15,07,10,LIMA,HUAROCHIRI,LAHUAYTAMBO,1391,1391,3454.28617710583,-76.3918800209197,-12.0932841028552
150711,15,07,11,LIMA,HUAROCHIRI,LANGA,1392,1392,3557.08700696056,-76.3756831329497,-12.1592790601541
150712,15,07,12,LIMA,HUAROCHIRI,SAN PEDRO DE LARAOS,1393,1393,4330.37717309146,-76.5316934232982,-11.5851675653729
150713,15,07,13,LIMA,HUAROCHIRI,MARIATANA,1394,1394,3253.95595175669,-76.365318866835,-12.2616345685365
150714,15,07,14,LIMA,HUAROCHIRI,RICARDO PALMA,1395,1395,1615.66836734694,-76.622914510548,-11.9378194389887
150715,15,07,15,LIMA,HUAROCHIRI,SAN ANDRES DE TUPICOCHA,1396,1396,3662.90524379025,-76.4580370709353,-11.9880588672702
150716,15,07,16,LIMA,HUAROCHIRI,SAN ANTONIO,1397,1397,2164.61824114357,-76.7735309047159,-11.8166432607303
150717,15,07,17,LIMA,HUAROCHIRI,SAN BARTOLOME,1398,1398,2423.57581967213,-76.5014103130073,-11.9140798420219
150718,15,07,18,LIMA,HUAROCHIRI,SAN DAMIAN,1399,1399,4203.96521508232,-76.3329774102465,-11.9644648591048
150719,15,07,19,LIMA,HUAROCHIRI,SAN JUAN DE IRIS,1400,1400,4374.96948682386,-76.4690936801146,-11.7189693086339
150720,15,07,20,LIMA,HUAROCHIRI,SAN JUAN DE TANTARANCHE,1401,1401,4462.8883216337,-76.1569892270713,-11.9929117843395
150721,15,07,21,LIMA,HUAROCHIRI,SAN LORENZO DE QUINTI,1402,1402,4207.27297721917,-76.1188231901077,-12.1089174168547
150722,15,07,22,LIMA,HUAROCHIRI,SAN MATEO,1403,1403,4468.93692928435,-76.2190037445811,-11.8197852914813
150723,15,07,23,LIMA,HUAROCHIRI,SAN MATEO DE OTAO,1404,1404,3261.64674983585,-76.5304238561912,-11.8405925939426
150724,15,07,24,LIMA,HUAROCHIRI,SAN PEDRO DE CASTA,1405,1405,3766.02047413793,-76.5551202411366,-11.7650426614318
150725,15,07,25,LIMA,HUAROCHIRI,SAN PEDRO DE HUANCAYRE,1406,1406,4023.62753950339,-76.1966354534121,-12.0867070483906
150726,15,07,26,LIMA,HUAROCHIRI,SANGALLAYA,1407,1407,3124.07244995234,-76.2627049053644,-12.2191428186062
150727,15,07,27,LIMA,HUAROCHIRI,SANTA CRUZ DE COCACHACRA,1408,1408,1766.29301075269,-76.5607696980171,-11.9259693932077
150728,15,07,28,LIMA,HUAROCHIRI,SANTA EULALIA,1409,1409,1938.78396946565,-76.6489915847797,-11.8583446948093
150729,15,07,29,LIMA,HUAROCHIRI,SANTIAGO DE ANCHUCAYA,1410,1410,4392.90951492537,-76.1996003768938,-12.0319170508256
150730,15,07,30,LIMA,HUAROCHIRI,SANTIAGO DE TUNA,1411,1411,2760.19322990127,-76.5284591438042,-11.9780604461424
150731,15,07,31,LIMA,HUAROCHIRI,SANTO DOMINGO DE LOS OLLEROS,1412,1412,1896.08103553922,-76.5362161469993,-12.2613110836671
150732,15,07,32,LIMA,HUAROCHIRI,SURCO,1413,1413,3218.48338870432,-76.4453600860804,-11.8771088181067
150801,15,08,01,LIMA,HUAURA,HUACHO,1414,1414,201.234772840739,-77.4927891051109,-11.2716480167024
150802,15,08,02,LIMA,HUAURA,AMBAR,1415,1415,2783.96048028742,-77.2677464510692,-10.7823066469456
150803,15,08,03,LIMA,HUAURA,CALETA DE CARQUIN,1416,1416,21.6470588235294,-77.620022417743,-11.0879808466906
150804,15,08,04,LIMA,HUAURA,CHECRAS,1417,1417,3534.08426666667,-76.8554902312467,-10.9216956764242
150805,15,08,05,LIMA,HUAURA,HUALMAY,1418,1418,46.7164179104478,-77.6069513514359,-11.0927776312695
150806,15,08,06,LIMA,HUAURA,HUAURA,1419,1419,650.465804066544,-77.4452161945056,-11.0035872871892
150807,15,08,07,LIMA,HUAURA,LEONCIO PRADO,1420,1420,3776.25776303889,-76.9185324725059,-11.0508159628538
150808,15,08,08,LIMA,HUAURA,PACCHO,1421,1421,3149.7047832586,-76.9718329412196,-10.9658651571057
150809,15,08,09,LIMA,HUAURA,SANTA LEONOR,1422,1422,4472.97908745247,-76.6712153863365,-10.9627526577195
150810,15,08,10,LIMA,HUAURA,SANTA MARIA,1423,1423,317.879106438896,-77.4732815973807,-11.1161424773673
150811,15,08,11,LIMA,HUAURA,SAYAN,1424,1424,1193.98701035113,-77.2338025058163,-11.145839555106
150812,15,08,12,LIMA,HUAURA,VEGUETA,1425,1425,186.125172413793,-77.604118182828,-10.9501866901488
150901,15,09,01,LIMA,OYON,OYON,1426,1426,4450.30113867426,-76.7577451083583,-10.6693669170737
150902,15,09,02,LIMA,OYON,ANDAJES,1427,1427,3769.27884057971,-76.9271491047685,-10.7775966875642
150903,15,09,03,LIMA,OYON,CAUJUL,1428,1428,4091.78431372549,-76.9866874100176,-10.75639391405
150904,15,09,04,LIMA,OYON,COCHAMARCA,1429,1429,3441.2073463783,-77.1279199433949,-10.8835380141988
150905,15,09,05,LIMA,OYON,NAVAN,1430,1430,3357.61143298571,-77.0466427006633,-10.8571564203161
150906,15,09,06,LIMA,OYON,PACHANGARA,1431,1431,3850.74216027875,-76.7975575560565,-10.8378601995298
151001,15,10,01,LIMA,YAUYOS,YAUYOS,1432,1432,3982.93833067517,-75.9551027251412,-12.4725618451352
151002,15,10,02,LIMA,YAUYOS,ALIS,1433,1433,4441.79874213837,-75.7039652100333,-12.2887869435348
151003,15,10,03,LIMA,YAUYOS,ALLAUCA,1434,1434,3466.84055252387,-76.0383797718419,-12.6400316500752
151004,15,10,04,LIMA,YAUYOS,AYAVIRI,1435,1435,4322.58868335147,-76.042283544554,-12.3654577194643
151005,15,10,05,LIMA,YAUYOS,AZANGARO,1436,1436,3791.86803185438,-75.8255657029822,-13.0090797177533
151006,15,10,06,LIMA,YAUYOS,CACRA,1437,1437,3638.40135192226,-75.7479253096339,-12.7662287704288
151007,15,10,07,LIMA,YAUYOS,CARANIA,1438,1438,4160.84408992023,-75.8816423891024,-12.3558620551804
151008,15,10,08,LIMA,YAUYOS,CATAHUASI,1439,1439,2887.6776119403,-75.882005536876,-12.7427829902394
151009,15,10,09,LIMA,YAUYOS,CHOCOS,1440,1440,2546.68794326241,-75.9240629520504,-12.9223823286353
151010,15,10,10,LIMA,YAUYOS,COCHAS,1441,1441,2950.37209302326,-76.1956989929781,-12.2858373794875
151011,15,10,11,LIMA,YAUYOS,COLONIA,1442,1442,4083.98567408544,-75.8459843219322,-12.5842664650755
151012,15,10,12,LIMA,YAUYOS,HONGOS,1443,1443,4186.64645726808,-75.6728258711536,-12.7664939474073
151013,15,10,13,LIMA,YAUYOS,HUAMPARA,1444,1444,2982.67804878049,-76.1906035949175,-12.3542932273101
151014,15,10,14,LIMA,YAUYOS,HUANCAYA,1445,1445,4433.92074145094,-75.8348120170567,-12.0903577323814
151015,15,10,15,LIMA,YAUYOS,HUANGASCAR,1446,1446,3185.87830687831,-75.8218513270781,-12.9415564781433
151016,15,10,16,LIMA,YAUYOS,HUANTAN,1447,1447,4532.65543328748,-75.7040930114936,-12.513064617242
151017,15,10,17,LIMA,YAUYOS,HUAÑEC,1448,1448,4317.69565217391,-76.0794940352752,-12.2748032794476
151018,15,10,18,LIMA,YAUYOS,LARAOS,1449,1449,4546.92192906574,-75.6762019658437,-12.384493125896
151019,15,10,19,LIMA,YAUYOS,LINCHA,1450,1450,4296.86314089625,-75.6306789123397,-12.8109485523521
151020,15,10,20,LIMA,YAUYOS,MADEAN,1451,1451,4155.22659889877,-75.6983281546847,-12.9611371993759
151021,15,10,21,LIMA,YAUYOS,MIRAFLORES,1452,1452,4539.6420131291,-75.8892225681484,-12.2346338531305
151022,15,10,22,LIMA,YAUYOS,OMAS,1453,1453,2716.85354141657,-76.2507887887447,-12.4762977462315
151023,15,10,23,LIMA,YAUYOS,PUTINZA,1454,1454,3127.96534653465,-75.9227637381968,-12.6665127854313
151024,15,10,24,LIMA,YAUYOS,QUINCHES,1455,1455,3913.08986175115,-76.0917323785657,-12.3115505481947
151025,15,10,25,LIMA,YAUYOS,QUINOCAY,1456,1456,2520.61304836895,-76.2843177473305,-12.3506362838914
151026,15,10,26,LIMA,YAUYOS,SAN JOAQUIN,1457,1457,4348.04577464789,-76.1055215796992,-12.2458290835559
151027,15,10,27,LIMA,YAUYOS,SAN PEDRO DE PILAS,1458,1458,3528.64695498676,-76.1860934678057,-12.4929819500544
151028,15,10,28,LIMA,YAUYOS,TANTA,1459,1459,4660.15838031779,-75.9913264034132,-12.132023966342
151029,15,10,29,LIMA,YAUYOS,TAURIPAMPA,1460,1460,2902.33754782898,-76.1814422248931,-12.683159340715
151030,15,10,30,LIMA,YAUYOS,TOMAS,1461,1461,4498.95057610673,-75.7068299765504,-12.1639150587121
151031,15,10,31,LIMA,YAUYOS,TUPE,1462,1462,4185.15803897686,-75.7360680961875,-12.6902962369342
151032,15,10,32,LIMA,YAUYOS,VIÑAC,1463,1463,3634.66722783389,-75.7704298207224,-12.8875664648244
151033,15,10,33,LIMA,YAUYOS,VITIS,1464,1464,4470.81634372367,-75.8574351935784,-12.1695323964374
160101,16,01,01,LORETO,MAYNAS,IQUITOS,1465,1465,107.308620689655,-73.4326239482953,-3.78227475843856
160102,16,01,02,LORETO,MAYNAS,ALTO NANAY,1466,1466,157.827232051433,-74.2857396719124,-3.36157292737811
160103,16,01,03,LORETO,MAYNAS,FERNANDO LORES,1467,1467,123.253962607218,-73.11481295319,-4.27908988744555
160104,16,01,04,LORETO,MAYNAS,INDIANA,1468,1468,122.733531889774,-72.8563696924981,-3.82909843764676
160105,16,01,05,LORETO,MAYNAS,LAS AMAZONAS,1469,1469,120.59747175901,-72.5289567224007,-3.5682393907024
160106,16,01,06,LORETO,MAYNAS,MAZAN,1470,1470,138.777025325563,-73.7524228465518,-2.99380602527678
160107,16,01,07,LORETO,MAYNAS,NAPO,1471,1471,169.823937836634,-74.4074498266219,-2.09913572750531
160108,16,01,08,LORETO,MAYNAS,PUNCHANA,1472,1472,123.189340101523,-73.4544582821071,-3.53866987425806
160110,16,01,10,LORETO,MAYNAS,TORRES CAUSANA,1473,1473,186.396957936415,-74.8929332397705,-1.38884927114906
160112,16,01,12,LORETO,MAYNAS,BELEN,1474,1474,97.4610703913705,-73.2119570963363,-3.81158433969743
160113,16,01,13,LORETO,MAYNAS,SAN JUAN BAUTISTA,1475,1475,134.93499238192,-73.6658577137977,-4.14906109034781
160201,16,02,01,LORETO,ALTO AMAZONAS,YURIMAGUAS,1476,1476,163.62957292506,-76.1615800720963,-5.84585225802835
160202,16,02,02,LORETO,ALTO AMAZONAS,BALSAPUERTO,1477,1477,495.688547695445,-76.5866281020676,-5.7376066880995
160205,16,02,05,LORETO,ALTO AMAZONAS,JEBEROS,1478,1478,162.924035669847,-76.2049620074362,-5.2968604420086
160206,16,02,06,LORETO,ALTO AMAZONAS,LAGUNAS,1479,1479,143.656202554256,-75.9763135246374,-4.62809392521759
160210,16,02,10,LORETO,ALTO AMAZONAS,SANTA CRUZ,1480,1480,179.561646554462,-75.7490339001883,-5.65826666569575
160211,16,02,11,LORETO,ALTO AMAZONAS,TENIENTE CESAR LOPEZ ROJAS,1481,1481,178.979213521434,-75.8220441752992,-5.98771279347966
160301,16,03,01,LORETO,LORETO,NAUTA,1482,1482,117.326285721913,-74.1143170002503,-4.44272802121646
160302,16,03,02,LORETO,LORETO,PARINARI,1483,1483,124.588302705358,-74.8633364664073,-5.03890410188475
160303,16,03,03,LORETO,LORETO,TIGRE,1484,1484,174.999752999928,-75.2653122002822,-2.94343732117222
160304,16,03,04,LORETO,LORETO,TROMPETEROS,1485,1485,205.321390308966,-75.8370790144252,-3.19625967238458
160305,16,03,05,LORETO,LORETO,URARINAS,1486,1486,140.414791033587,-75.484807784218,-4.27485437403358
160401,16,04,01,LORETO,MARISCAL RAMON CASTILLA,RAMON CASTILLA,1487,1487,108.383541436173,-70.8362415204655,-3.677481014604
160402,16,04,02,LORETO,MARISCAL RAMON CASTILLA,PEBAS,1488,1488,119.516056872953,-71.9647202365009,-3.43260666156173
160403,16,04,03,LORETO,MARISCAL RAMON CASTILLA,YAVARI,1489,1489,124.766740509516,-72.0327224289544,-4.47778961275681
160404,16,04,04,LORETO,MARISCAL RAMON CASTILLA,SAN PABLO,1490,1490,107.501377312552,-71.3389969641722,-3.86671464144839
160501,16,05,01,LORETO,REQUENA,REQUENA,1491,1491,120.49257186392,-73.8823779512303,-5.32817713606168
160502,16,05,02,LORETO,REQUENA,ALTO TAPICHE,1492,1492,219.48358022488,-74.1894898317645,-6.81807090485863
160503,16,05,03,LORETO,REQUENA,CAPELO,1493,1493,109.753041910771,-74.1269118388791,-5.36636382938464
160504,16,05,04,LORETO,REQUENA,EMILIO SAN MARTIN,1494,1494,139.545500387898,-74.4538466006956,-6.20106890543055
160505,16,05,05,LORETO,REQUENA,MAQUIA,1495,1495,157.367318435754,-74.7294144444951,-6.38483261621688
160506,16,05,06,LORETO,REQUENA,PUINAHUA,1496,1496,129.07002781043,-74.8860772692449,-5.6447588423397
160507,16,05,07,LORETO,REQUENA,SAQUENA,1497,1497,134.631299089456,-73.4051006716276,-4.79792138780219
160508,16,05,08,LORETO,REQUENA,SOPLIN,1498,1498,172.914174028015,-73.7506899605958,-6.32684733653072
160509,16,05,09,LORETO,REQUENA,TAPICHE,1499,1499,140.585679841557,-73.9935749459396,-5.99192889244141
160510,16,05,10,LORETO,REQUENA,JENARO HERRERA,1500,1500,128.540782209782,-73.6983550436997,-4.99615198899397
160511,16,05,11,LORETO,REQUENA,YAQUERANA,1501,1501,163.878884721996,-73.3442883292125,-5.75130274338493
160601,16,06,01,LORETO,UCAYALI,CONTAMANA,1502,1502,341.911701685636,-75.3489125234489,-7.78098803089794
160602,16,06,02,LORETO,UCAYALI,INAHUAYA,1503,1503,186.399002138275,-75.2998278656054,-7.0408928978916
160603,16,06,03,LORETO,UCAYALI,PADRE MARQUEZ,1504,1504,176.780047103849,-74.914241176076,-7.87942498757301
160604,16,06,04,LORETO,UCAYALI,PAMPA HERMOSA,1505,1505,541.044182303054,-75.7696227882708,-7.30251174662257
160605,16,06,05,LORETO,UCAYALI,SARAYACU,1506,1506,164.062347945008,-75.1858035107991,-6.39051483315025
160606,16,06,06,LORETO,UCAYALI,VARGAS GUERRA,1507,1507,207.395745487279,-75.0943345050564,-6.93194742536959
160701,16,07,01,LORETO,DATEM DEL MARAÑON,BARRANCA,1508,1508,495.452797245489,-77.1106383256629,-5.02105421324282
160702,16,07,02,LORETO,DATEM DEL MARAÑON,CAHUAPANAS,1509,1509,372.794467892674,-76.8556901118789,-5.24005856570751
160703,16,07,03,LORETO,DATEM DEL MARAÑON,MANSERICHE,1510,1510,390.878373934381,-77.5184873560258,-4.7275556027651
160704,16,07,04,LORETO,DATEM DEL MARAÑON,MORONA,1511,1511,226.558585047831,-77.373572913095,-3.67883781589285
160705,16,07,05,LORETO,DATEM DEL MARAÑON,PASTAZA,1512,1512,161.653468784413,-76.6380463430973,-4.27642851778125
160706,16,07,06,LORETO,DATEM DEL MARAÑON,ANDOAS,1513,1513,218.984157778102,-76.6724646995929,-3.27426748295472
160801,16,08,01,LORETO,PUTUMAYO,PUTUMAYO,1514,1514,143.363681665196,-72.784012820803,-2.46892340718953
160802,16,08,02,LORETO,PUTUMAYO,ROSA PANDURO,1515,1515,172.911401991846,-73.8661344625098,-1.55813076996333
160803,16,08,03,LORETO,PUTUMAYO,TENIENTE MANUEL CLAVERO,1516,1516,199.256926288863,-74.731671719717,-0.655310241037204
160804,16,08,04,LORETO,PUTUMAYO,YAGUAS,1517,1517,121.988668398373,-71.0132471402062,-2.80437046773862
170101,17,01,01,MADRE DE DIOS,TAMBOPATA,TAMBOPATA,1518,1518,346.463408688512,-70.2884872894865,-12.0488012968345
170102,17,01,02,MADRE DE DIOS,TAMBOPATA,INAMBARI,1519,1519,277.345232460771,-69.9388848235763,-12.9767341500386
170103,17,01,03,MADRE DE DIOS,TAMBOPATA,LAS PIEDRAS,1520,1520,299.190426055411,-69.5403415965484,-12.0038918239855
170104,17,01,04,MADRE DE DIOS,TAMBOPATA,LABERINTO,1521,1521,275.034625169326,-69.9238699929507,-12.513299473239
170201,17,02,01,MADRE DE DIOS,MANU,MANU,1522,1522,858.552749702281,-71.5183367121531,-12.3618897009468
170202,17,02,02,MADRE DE DIOS,MANU,FITZCARRALD,1523,1523,482.561494257653,-71.6352484820702,-11.8504942823895
170203,17,02,03,MADRE DE DIOS,MANU,MADRE DE DIOS,1524,1524,414.52907644819,-70.6750771706996,-12.6294376352239
170204,17,02,04,MADRE DE DIOS,MANU,HUEPETUHE,1525,1525,480.967470717848,-70.6521019523802,-13.0031862467863
170301,17,03,01,MADRE DE DIOS,TAHUAMANU,IÑAPARI,1526,1526,370.403884920814,-70.6502539173664,-10.9653813434466
170302,17,03,02,MADRE DE DIOS,TAHUAMANU,IBERIA,1527,1527,325.044522312687,-69.6792577661948,-11.4351008244657
170303,17,03,03,MADRE DE DIOS,TAHUAMANU,TAHUAMANU,1528,1528,327.634210393415,-69.532111485099,-11.6797810841982
180101,18,01,01,MOQUEGUA,MARISCAL NIETO,MOQUEGUA,1529,1529,1663.15585545283,-71.0648541463358,-17.2175909565717
180102,18,01,02,MOQUEGUA,MARISCAL NIETO,CARUMAS,1530,1530,4466.90847769431,-70.3713531008484,-16.7284705354153
180103,18,01,03,MOQUEGUA,MARISCAL NIETO,CUCHUMBAYA,1531,1531,3755.2556675063,-70.6676291064024,-16.7686564476493
180104,18,01,04,MOQUEGUA,MARISCAL NIETO,SAMEGUA,1532,1532,2074.62299465241,-70.8525988779184,-17.1566788168471
180105,18,01,05,MOQUEGUA,MARISCAL NIETO,SAN CRISTOBAL,1533,1533,4072.67755956214,-70.6446408594026,-16.6633899747169
180106,18,01,06,MOQUEGUA,MARISCAL NIETO,TORATA,1534,1534,3560.1198705692,-70.7383874111348,-16.9981242995836
180107,18,01,07,MOQUEGUA,MARISCAL NIETO,SAN ANTONIO,1535,1535,1214.50159624413,-71.034641373064,-17.3163160572504
180201,18,02,01,MOQUEGUA,GENERAL SANCHEZ CERRO,OMATE,1536,1536,3236.89928547125,-70.9629890595255,-16.6466286704338
180202,18,02,02,MOQUEGUA,GENERAL SANCHEZ CERRO,CHOJATA,1537,1537,4433.61519756839,-70.5712542944111,-16.4570339183485
180203,18,02,03,MOQUEGUA,GENERAL SANCHEZ CERRO,COALAQUE,1538,1538,3855.36531627576,-71.0460871020738,-16.5757915417878
180204,18,02,04,MOQUEGUA,GENERAL SANCHEZ CERRO,ICHUÑA,1539,1539,4452.95222735594,-70.4947746857378,-16.18819054699
180205,18,02,05,MOQUEGUA,GENERAL SANCHEZ CERRO,LA CAPILLA,1540,1540,2122.31652754591,-71.2938478757888,-16.8259738420566
180206,18,02,06,MOQUEGUA,GENERAL SANCHEZ CERRO,LLOQUE,1541,1541,4481.28118609407,-70.6272457684437,-16.3035809078174
180207,18,02,07,MOQUEGUA,GENERAL SANCHEZ CERRO,MATALAQUE,1542,1542,3810.72244519914,-70.8365752201427,-16.5286523718604
180208,18,02,08,MOQUEGUA,GENERAL SANCHEZ CERRO,PUQUINA,1543,1543,3357.06249085321,-71.1572867565938,-16.628254906824
180209,18,02,09,MOQUEGUA,GENERAL SANCHEZ CERRO,QUINISTAQUILLAS,1544,1544,2919.11521352313,-70.8798217999571,-16.7041951815618
180210,18,02,10,MOQUEGUA,GENERAL SANCHEZ CERRO,UBINAS,1545,1545,4348.83686189157,-70.8051082616658,-16.217401511309
180211,18,02,11,MOQUEGUA,GENERAL SANCHEZ CERRO,YUNGA,1546,1546,4359.20549019608,-70.6600157138011,-16.2276068919858
180301,18,03,01,MOQUEGUA,ILO,ILO,1547,1547,477.664298949969,-71.2135583983329,-17.7169981429498
180302,18,03,02,MOQUEGUA,ILO,EL ALGARROBAL,1548,1548,909.103803028552,-71.1441807322515,-17.5842538683872
180303,18,03,03,MOQUEGUA,ILO,PACOCHA,1549,1549,594.214602346806,-71.3594882837271,-17.4393981932852
190101,19,01,01,PASCO,PASCO,CHAUPIMARCA,1550,1550,4378.55681818182,-76.2465890580233,-10.7011691263075
190102,19,01,02,PASCO,PASCO,HUACHON,1551,1551,3656.67064003436,-75.7854990776024,-10.5742513588616
190103,19,01,03,PASCO,PASCO,HUARIACA,1552,1552,3779.68037518038,-76.1541145193268,-10.4517718697401
190104,19,01,04,PASCO,PASCO,HUAYLLAY,1553,1553,4472.10517120895,-76.4254779083855,-10.9519637619182
190105,19,01,05,PASCO,PASCO,NINACACA,1554,1554,4238.22428051604,-76.0601652242988,-10.7920271832711
190106,19,01,06,PASCO,PASCO,PALLANCHACRA,1555,1555,3795.27216748769,-76.2514608904574,-10.4221553023273
190107,19,01,07,PASCO,PASCO,PAUCARTAMBO,1556,1556,3512.50409055251,-75.7734115461023,-10.7589056902718
190108,19,01,08,PASCO,PASCO,SAN FRANCISCO DE ASIS DE YARUSYACAN,1557,1557,4033.9393042191,-76.2283119746288,-10.5527035723181
190109,19,01,09,PASCO,PASCO,SIMON BOLIVAR,1558,1558,4363.77461706783,-76.4167957936405,-10.7265284342171
190110,19,01,10,PASCO,PASCO,TICLACAYAN,1559,1559,4163.86845386534,-76.0337944758119,-10.5536882453939
190111,19,01,11,PASCO,PASCO,TINYAHUARCO,1560,1560,4307.52578268877,-76.2483900369259,-10.7605480637076
190112,19,01,12,PASCO,PASCO,VICCO,1561,1561,4115.43933054393,-76.2332313166413,-10.86396402834
190113,19,01,13,PASCO,PASCO,YANACANCHA,1562,1562,4156.96208262592,-76.1942759928698,-10.6434234771738
190201,19,02,01,PASCO,DANIEL ALCIDES CARRION,YANAHUANCA,1563,1563,4283.4846301633,-76.572461500071,-10.5628954127452
190202,19,02,02,PASCO,DANIEL ALCIDES CARRION,CHACAYAN,1564,1564,3866.73055555556,-76.3925481950682,-10.4795501602138
190203,19,02,03,PASCO,DANIEL ALCIDES CARRION,GOYLLARISQUIZGA,1565,1565,4108,-76.4039622917879,-10.4867468540293
190204,19,02,04,PASCO,DANIEL ALCIDES CARRION,PAUCAR,1566,1566,3463.61659751037,-76.4172758144871,-10.3408712972216
190205,19,02,05,PASCO,DANIEL ALCIDES CARRION,SAN PEDRO DE PILLAO,1567,1567,4098.74069767442,-76.5359227433373,-10.416198275579
190206,19,02,06,PASCO,DANIEL ALCIDES CARRION,SANTA ANA DE TUSI,1568,1568,4037.88229784577,-76.3232604192265,-10.4788212012815
190207,19,02,07,PASCO,DANIEL ALCIDES CARRION,TAPUC,1569,1569,3542.87644787645,-76.4682465324051,-10.4189583762088
190208,19,02,08,PASCO,DANIEL ALCIDES CARRION,VILCABAMBA,1570,1570,4067.43042071197,-76.4479940191456,-10.5357718518568
190301,19,03,01,PASCO,OXAPAMPA,OXAPAMPA,1571,1571,2100.99270395755,-75.3708254285502,-10.6503909701202
190302,19,03,02,PASCO,OXAPAMPA,CHONTABAMBA,1572,1572,2353.02822335025,-75.5063453887145,-10.623307244834
190303,19,03,03,PASCO,OXAPAMPA,HUANCABAMBA,1573,1573,2704.95692428403,-75.6386866450048,-10.3904930942461
190304,19,03,04,PASCO,OXAPAMPA,PALCAZU,1574,1574,822.155974440895,-75.2761747062405,-10.2342872352329
190305,19,03,05,PASCO,OXAPAMPA,POZUZO,1575,1575,1838.89050459856,-75.5862587982136,-10.1327028979993
190306,19,03,06,PASCO,OXAPAMPA,PUERTO BERMUDEZ,1576,1576,921.33097798972,-74.6367696109199,-10.4139332585095
190307,19,03,07,PASCO,OXAPAMPA,VILLA RICA,1577,1577,1437.68147427583,-75.1758821771044,-10.6341841235823
190308,19,03,08,PASCO,OXAPAMPA,CONSTITUCION,1578,1578,609.370839056609,-74.7845396418254,-9.82584497375445
200101,20,01,01,PIURA,PIURA,PIURA,1579,1579,55.3407510431154,-80.6585265031232,-5.08198677355407
200104,20,01,04,PIURA,PIURA,CASTILLA,1580,1580,126.840770509978,-80.5151847703687,-5.13094781965698
200105,20,01,05,PIURA,PIURA,CATACAOS,1581,1581,159.557547094826,-80.3651986843914,-5.47050132482839
200107,20,01,07,PIURA,PIURA,CURA MORI,1582,1582,54.7915622389307,-80.5860497892576,-5.35759097947191
200108,20,01,08,PIURA,PIURA,EL TALLAN,1583,1583,29.6735985533454,-80.6113709500802,-5.4412946629986
200109,20,01,09,PIURA,PIURA,LA ARENA,1584,1584,32.301906779661,-80.7625770695947,-5.30898974754079
200110,20,01,10,PIURA,PIURA,LA UNION,1585,1585,63.5672531214529,-80.868007252638,-5.33287496915084
200111,20,01,11,PIURA,PIURA,LAS LOMAS,1586,1586,371.324637208544,-80.2278364411181,-4.69213324917732
200114,20,01,14,PIURA,PIURA,TAMBO GRANDE,1587,1587,168.909427773053,-80.3309402140658,-4.91945066795384
200115,20,01,15,PIURA,PIURA,VEINTISEIS DE OCTUBRE,1588,1588,48.9181360201511,-80.6965433796916,-5.1613845768464
200201,20,02,01,PIURA,AYABACA,AYABACA,1589,1589,2053.39397089397,-79.6064957042659,-4.68661312186502
200202,20,02,02,PIURA,AYABACA,FRIAS,1590,1590,1820.54860551346,-79.9710203342169,-4.92729972571031
200203,20,02,03,PIURA,AYABACA,JILILI,1591,1591,1247.39631336406,-79.8316960938798,-4.53181844779149
200204,20,02,04,PIURA,AYABACA,LAGUNAS,1592,1592,2158.58924321752,-79.8538708609364,-4.7807380310842
200205,20,02,05,PIURA,AYABACA,MONTERO,1593,1593,1440.06456043956,-79.8466698249767,-4.63834861599513
200206,20,02,06,PIURA,AYABACA,PACAIPAMPA,1594,1594,2321.04919415292,-79.6502924584379,-4.94645055545895
200207,20,02,07,PIURA,AYABACA,PAIMAS,1595,1595,902.876294430451,-80.0053256006107,-4.63696392224033
200208,20,02,08,PIURA,AYABACA,SAPILLICA,1596,1596,1669.10150622135,-79.9892955298794,-4.78361582669968
200209,20,02,09,PIURA,AYABACA,SICCHEZ,1597,1597,1467.32,-79.7775030702932,-4.57301653961044
200210,20,02,10,PIURA,AYABACA,SUYO,1598,1598,525.1707893626,-80.062730147455,-4.46136673895848
200301,20,03,01,PIURA,HUANCABAMBA,HUANCABAMBA,1599,1599,2802.07798818978,-79.4973360527553,-5.19688329348189
200302,20,03,02,PIURA,HUANCABAMBA,CANCHAQUE,1600,1600,1572.97388276262,-79.6258280532016,-5.31206273612902
200303,20,03,03,PIURA,HUANCABAMBA,EL CARMEN DE LA FRONTERA,1601,1601,2736.2595440813,-79.3657146726576,-5.02407210246626
200304,20,03,04,PIURA,HUANCABAMBA,HUARMACA,1602,1602,1601.97187279152,-79.5674840023975,-5.68990386798967
200305,20,03,05,PIURA,HUANCABAMBA,LALAQUIZ,1603,1603,1631.8024691358,-79.6648816707319,-5.17202154130623
200306,20,03,06,PIURA,HUANCABAMBA,SAN MIGUEL DE EL FAIQUE,1604,1604,1543.73950670705,-79.6050768285149,-5.42463416950831
200307,20,03,07,PIURA,HUANCABAMBA,SONDOR,1605,1605,2388.55009203261,-79.3624151924239,-5.40351291201906
200308,20,03,08,PIURA,HUANCABAMBA,SONDORILLO,1606,1606,2396.10586383314,-79.4602370967444,-5.39790918532046
200401,20,04,01,PIURA,MORROPON,CHULUCANAS,1607,1607,202.713560786007,-80.1943933976059,-5.12168988024584
200402,20,04,02,PIURA,MORROPON,BUENOS AIRES,1608,1608,324.992374727669,-79.9250452543948,-5.26448384656617
200403,20,04,03,PIURA,MORROPON,CHALACO,1609,1609,2031.52609223301,-79.792808812054,-5.06634505418513
200404,20,04,04,PIURA,MORROPON,LA MATANZA,1610,1610,185.268577202168,-80.0875093548003,-5.35771099814881
200405,20,04,05,PIURA,MORROPON,MORROPON,1611,1611,229.757591623037,-79.9983931931529,-5.1527208163043
200406,20,04,06,PIURA,MORROPON,SALITRAL,1612,1612,514.322036406689,-79.827709217779,-5.43704853546999
200407,20,04,07,PIURA,MORROPON,SAN JUAN DE BIGOTE,1613,1613,500.73119827276,-79.7412448372726,-5.29589035590235
200408,20,04,08,PIURA,MORROPON,SANTA CATALINA DE MOSSA,1614,1614,975.538720538721,-79.8756162857884,-5.12578295978596
200409,20,04,09,PIURA,MORROPON,SANTO DOMINGO,1615,1615,1450.15691868759,-79.9106771474342,-5.05314666204117
200410,20,04,10,PIURA,MORROPON,YAMANGO,1616,1616,1397.76359143328,-79.7695319733162,-5.15651316290895
200501,20,05,01,PIURA,PAITA,PAITA,1617,1617,95.6514741856573,-81.0554186376021,-5.16718680627982
200502,20,05,02,PIURA,PAITA,AMOTAPE,1618,1618,75.0536723163842,-81.0067649661994,-4.83553318444394
200503,20,05,03,PIURA,PAITA,ARENAL,1619,1619,68.6086956521739,-81.0300370388434,-4.89957299863042
200504,20,05,04,PIURA,PAITA,COLAN,1620,1620,23.0545722713864,-81.0709151256595,-4.93071988428641
200505,20,05,05,PIURA,PAITA,LA HUACA,1621,1621,82.5700846660395,-80.9131607840461,-5.06544574184542
200506,20,05,06,PIURA,PAITA,TAMARINDO,1622,1622,63.159217877095,-80.9626270014049,-4.83748337433218
200507,20,05,07,PIURA,PAITA,VICHAYAL,1623,1623,31.6178489702517,-81.1072985233274,-4.83843616986889
200601,20,06,01,PIURA,SULLANA,SULLANA,1624,1624,108.157397107898,-80.5519457866393,-4.83537664257396
200602,20,06,02,PIURA,SULLANA,BELLAVISTA,1625,1625,59.7391304347826,-80.6742778477634,-4.88971907109247
200603,20,06,03,PIURA,SULLANA,IGNACIO ESCUDERO,1626,1626,64.7827967323402,-80.8856468804959,-4.82673198631858
200604,20,06,04,PIURA,SULLANA,LANCONES,1627,1627,347.793981196371,-80.5025922557022,-4.42745149339414
200605,20,06,05,PIURA,SULLANA,MARCAVELICA,1628,1628,368.789089912281,-80.7849445860136,-4.53700257735205
200606,20,06,06,PIURA,SULLANA,MIGUEL CHECA,1629,1629,74.6549309104676,-80.7884188224465,-5.04852292860748
200607,20,06,07,PIURA,SULLANA,QUERECOTILLO,1630,1630,113.832384341637,-80.6106155360941,-4.73232402116336
200608,20,06,08,PIURA,SULLANA,SALITRAL,1631,1631,67.4367816091954,-80.6832529923841,-4.83829891640048
200701,20,07,01,PIURA,TALARA,PARIÑAS,1632,1632,292.183798612232,-81.0435211573061,-4.49884838584012
200702,20,07,02,PIURA,TALARA,EL ALTO,1633,1633,252.471819038643,-81.0802967963093,-4.29146425176768
200703,20,07,03,PIURA,TALARA,LA BREA,1634,1634,152.003830578965,-81.108222989659,-4.70385213769857
200704,20,07,04,PIURA,TALARA,LOBITOS,1635,1635,127.62084592145,-81.2026480389281,-4.4030325313087
200705,20,07,05,PIURA,TALARA,LOS ORGANOS,1636,1636,164.711256117455,-81.0648364329713,-4.19478619660745
200706,20,07,06,PIURA,TALARA,MANCORA,1637,1637,134.670944087993,-81.008961827523,-4.14781614793867
200801,20,08,01,PIURA,SECHURA,SECHURA,1638,1638,42.1648181047038,-80.6641912889579,-5.9159917672289
200802,20,08,02,PIURA,SECHURA,BELLAVISTA DE LA UNION,1639,1639,12.8255033557047,-80.7428992277105,-5.4265170073055
200803,20,08,03,PIURA,SECHURA,BERNAL,1640,1640,12.2947103274559,-80.7020025599008,-5.45775175351134
200804,20,08,04,PIURA,SECHURA,CRISTO NOS VALGA,1641,1641,18.8747004450531,-80.6410300830112,-5.53519216464421
200805,20,08,05,PIURA,SECHURA,VICE,1642,1642,24.5,-80.8745465854183,-5.43862347660977
200806,20,08,06,PIURA,SECHURA,RINCONADA LLICUAR,1643,1643,9.60909090909091,-80.7743547099847,-5.48207913476095
210101,21,01,01,PUNO,PUNO,PUNO,1644,1644,4087.23958333333,-70.0636709009199,-15.9049947224141
210102,21,01,02,PUNO,PUNO,ACORA,1645,1645,4205.42268976149,-69.9082422220979,-16.2871830662625
210103,21,01,03,PUNO,PUNO,AMANTANI,1646,1646,3914.325,-69.7004394734367,-15.7047455107628
210104,21,01,04,PUNO,PUNO,ATUNCOLLA,1647,1647,3853.71304347826,-70.1570535782177,-15.6784578561154
210105,21,01,05,PUNO,PUNO,CAPACHICA,1648,1648,3915.62057335582,-69.8244895333334,-15.6404120888516
210106,21,01,06,PUNO,PUNO,CHUCUITO,1649,1649,3983.27630582892,-69.878554149922,-15.890916081245
210107,21,01,07,PUNO,PUNO,COATA,1650,1650,3848.63041556145,-69.9237561347059,-15.5615456062914
210108,21,01,08,PUNO,PUNO,HUATA,1651,1651,3822.70114942529,-69.9978010230509,-15.6216178717672
210109,21,01,09,PUNO,PUNO,MAÑAZO,1652,1652,4326.50584484591,-70.4085778144495,-15.8807636878752
210110,21,01,10,PUNO,PUNO,PAUCARCOLLA,1653,1653,3869.81002506266,-70.0671367641768,-15.7262831622195
210111,21,01,11,PUNO,PUNO,PICHACANI,1654,1654,4380.00983049046,-70.1583904683892,-16.2398293108989
210112,21,01,12,PUNO,PUNO,PLATERIA,1655,1655,3916.28688817435,-69.8602354512459,-15.9809603716472
210113,21,01,13,PUNO,PUNO,SAN ANTONIO,1656,1656,4605.8441457741,-70.3023407585999,-16.0802682965514
210114,21,01,14,PUNO,PUNO,TIQUILLACA,1657,1657,4308.14128113879,-70.2713866204522,-15.9236705708822
210115,21,01,15,PUNO,PUNO,VILQUE,1658,1658,3964.84573991031,-70.2631502002562,-15.7802024713767
210201,21,02,01,PUNO,AZANGARO,AZANGARO,1659,1659,4038.199756691,-70.1492191938996,-14.880957683512
210202,21,02,02,PUNO,AZANGARO,ACHAYA,1660,1660,3860.91166321601,-70.1777053628568,-15.2406935475725
210203,21,02,03,PUNO,AZANGARO,ARAPA,1661,1661,4061.18084551148,-70.084580630131,-15.0900321472463
210204,21,02,04,PUNO,AZANGARO,ASILLO,1662,1662,4000.99130434783,-70.3538214152636,-14.7407816427158
210205,21,02,05,PUNO,AZANGARO,CAMINACA,1663,1663,3840.83407407407,-70.0943278104553,-15.3028206108772
210206,21,02,06,PUNO,AZANGARO,CHUPA,1664,1664,3975.27979274611,-69.9519749576442,-15.1062721608752
210207,21,02,07,PUNO,AZANGARO,JOSE DOMINGO CHOQUEHUANCA,1665,1665,3954.2816166884,-70.3227260735608,-15.0299920457334
210208,21,02,08,PUNO,AZANGARO,MUÑANI,1666,1666,4352.41353046595,-69.9802933740054,-14.6857412521259
210209,21,02,09,PUNO,AZANGARO,POTONI,1667,1667,4330.75630725863,-70.0922238975983,-14.416445072841
210210,21,02,10,PUNO,AZANGARO,SAMAN,1668,1668,3841.23690987125,-70.0168517594752,-15.269835479548
210211,21,02,11,PUNO,AZANGARO,SAN ANTON,1669,1669,4380.02336289222,-70.2566929309405,-14.5226052814427
210212,21,02,12,PUNO,AZANGARO,SAN JOSE,1670,1670,4231.45388349515,-70.1786490363767,-14.6911452084371
210213,21,02,13,PUNO,AZANGARO,SAN JUAN DE SALINAS,1671,1671,3893.00667779633,-70.1261928191162,-15.0007946922833
210214,21,02,14,PUNO,AZANGARO,SANTIAGO DE PUPUJA,1672,1672,3942.22591270931,-70.2503423764703,-15.0833983626445
210215,21,02,15,PUNO,AZANGARO,TIRAPATA,1673,1673,4026.37800087298,-70.3837852417684,-14.9223705476873
210301,21,03,01,PUNO,CARABAYA,MACUSANI,1674,1674,4642.25280801797,-70.4701468146134,-14.0561704770577
210302,21,03,02,PUNO,CARABAYA,AJOYANI,1675,1675,4607.4893660954,-70.2268935503999,-14.1740276561789
210303,21,03,03,PUNO,CARABAYA,AYAPATA,1676,1676,1732.03305678545,-70.2435103474955,-13.5009118781659
210304,21,03,04,PUNO,CARABAYA,COASA,1677,1677,1747.24676167631,-69.8974552165273,-13.6431183732728
210305,21,03,05,PUNO,CARABAYA,CORANI,1678,1678,4764.21347869177,-70.7051414811554,-13.923617761195
210306,21,03,06,PUNO,CARABAYA,CRUCERO,1679,1679,4494.31501643385,-69.9289765799678,-14.3364009713798
210307,21,03,07,PUNO,CARABAYA,ITUATA,1680,1680,3483.69997901951,-70.1160321897254,-13.8296190766613
210308,21,03,08,PUNO,CARABAYA,OLLACHEA,1681,1681,3959.40441906653,-70.5412812968641,-13.7416051609755
210309,21,03,09,PUNO,CARABAYA,SAN GABAN,1682,1682,1753.99657412877,-70.3948529046306,-13.5240370749584
210310,21,03,10,PUNO,CARABAYA,USICAYOS,1683,1683,4286.24387959866,-69.9382994261728,-14.140770970701
210401,21,04,01,PUNO,CHUCUITO,JULI,1684,1684,4085.81352689624,-69.5029175321952,-16.3287030454278
210402,21,04,02,PUNO,CHUCUITO,DESAGUADERO,1685,1685,3865.49252988048,-69.0802815908703,-16.6201479832502
210403,21,04,03,PUNO,CHUCUITO,HUACULLANI,1686,1686,4189.63878116344,-69.3988596763489,-16.6041279512134
210404,21,04,04,PUNO,CHUCUITO,KELLUYO,1687,1687,3938.88170903955,-69.2480044995929,-16.7215898165935
210405,21,04,05,PUNO,CHUCUITO,PISACOMA,1688,1688,4314.54012149787,-69.4476692555844,-16.9312120717609
210406,21,04,06,PUNO,CHUCUITO,POMATA,1689,1689,4048.94209499024,-69.2882169282561,-16.3566584782918
210407,21,04,07,PUNO,CHUCUITO,ZEPITA,1690,1690,3945.73655378486,-69.1779341673924,-16.4945857130295
210501,21,05,01,PUNO,EL COLLAO,ILAVE,1691,1691,4024.0535784122,-69.6779775072491,-16.2401221258307
210502,21,05,02,PUNO,EL COLLAO,CAPAZO,1692,1692,4478.80314371257,-69.7019790359121,-17.1098205435233
210503,21,05,03,PUNO,EL COLLAO,PILCUYO,1693,1693,3826.42531356899,-69.5086137925448,-16.0958255333403
210504,21,05,04,PUNO,EL COLLAO,SANTA ROSA,1694,1694,4495.11810161633,-69.855145000944,-16.8357138937129
210505,21,05,05,PUNO,EL COLLAO,CONDURIRI,1695,1695,4211.53587236233,-69.6334775786838,-16.5526474412813
210601,21,06,01,PUNO,HUANCANE,HUANCANE,1696,1696,3924.14986437613,-69.8090275301149,-15.1831936708587
210602,21,06,02,PUNO,HUANCANE,COJATA,1697,1697,4479.6957387495,-69.3932509031652,-15.0081323063496
210603,21,06,03,PUNO,HUANCANE,HUATASANI,1698,1698,3958.55848434926,-69.7996121170438,-15.0189278929369
210604,21,06,04,PUNO,HUANCANE,INCHUPALLA,1699,1699,4207.14749262537,-69.6445944401788,-15.0008620989401
210605,21,06,05,PUNO,HUANCANE,PUSI,1700,1700,3905.70840707965,-69.9896766439045,-15.4409162722572
210606,21,06,06,PUNO,HUANCANE,ROSASPATA,1701,1701,4107.36027515047,-69.4874141109406,-15.2095137885838
210607,21,06,07,PUNO,HUANCANE,TARACO,1702,1702,3831.11577551922,-69.9275335285304,-15.3080929912733
210608,21,06,08,PUNO,HUANCANE,VILQUE CHICO,1703,1703,4039.75730994152,-69.6094903023986,-15.1380090792581
210701,21,07,01,PUNO,LAMPA,LAMPA,1704,1704,4082.47765141497,-70.4109007939875,-15.355953766034
210702,21,07,02,PUNO,LAMPA,CABANILLA,1705,1705,4160.6082123412,-70.3900842020786,-15.5693726149429
210703,21,07,03,PUNO,LAMPA,CALAPUJA,1706,1706,3950.10292249047,-70.2364728081475,-15.3110597781656
210704,21,07,04,PUNO,LAMPA,NICASIO,1707,1707,3888.30104712042,-70.2912202256926,-15.2183540701766
210705,21,07,05,PUNO,LAMPA,OCUVIRI,1708,1708,4645.87291335453,-70.8500997595218,-15.1828912610201
210706,21,07,06,PUNO,LAMPA,PALCA,1709,1709,4565.05239943543,-70.609390973556,-15.2993199167708
210707,21,07,07,PUNO,LAMPA,PARATIA,1710,1710,4697.06407108617,-70.7047553104561,-15.4675467597192
210708,21,07,08,PUNO,LAMPA,PUCARA,1711,1711,4093.87774816789,-70.4505299902099,-15.0794491042842
210709,21,07,09,PUNO,LAMPA,SANTA LUCIA,1712,1712,4490.89797935427,-70.7846245995537,-15.6014356741168
210710,21,07,10,PUNO,LAMPA,VILAVILA,1713,1713,4595.52091254753,-70.6503465381085,-15.1749604377339
210801,21,08,01,PUNO,MELGAR,AYAVIRI,1714,1714,4184.85757340911,-70.6057446787644,-14.9315001266785
210802,21,08,02,PUNO,MELGAR,ANTAUTA,1715,1715,4466.48011249498,-70.3841349551779,-14.3546013110072
210803,21,08,03,PUNO,MELGAR,CUPI,1716,1716,4246.43972491909,-70.894267026967,-14.8900958813326
210804,21,08,04,PUNO,MELGAR,LLALLI,1717,1717,4259.45691306013,-70.927077780622,-14.9874625895499
210805,21,08,05,PUNO,MELGAR,MACARI,1718,1718,4271.3455537232,-70.9322031842505,-14.7114159188936
210806,21,08,06,PUNO,MELGAR,NUÑOA,1719,1719,4506.78389272459,-70.6706362623173,-14.3567487345825
210807,21,08,07,PUNO,MELGAR,ORURILLO,1720,1720,4046.40211873759,-70.487635652189,-14.6862704547532
210808,21,08,08,PUNO,MELGAR,SANTA ROSA,1721,1721,4342.37154064066,-70.8120605183029,-14.5743260330657
210809,21,08,09,PUNO,MELGAR,UMACHIRI,1722,1722,4027.75330163761,-70.7489731091448,-14.8785551263178
210901,21,09,01,PUNO,MOHO,MOHO,1723,1723,4026.34635326651,-69.4476378211932,-15.3508096389163
210902,21,09,02,PUNO,MOHO,CONIMA,1724,1724,4043.66256157635,-69.4158868806942,-15.4538447049922
210903,21,09,03,PUNO,MOHO,HUAYRAPATA,1725,1725,4268.22371558639,-69.2956339451512,-15.2760869317346
210904,21,09,04,PUNO,MOHO,TILALI,1726,1726,3964.88305084746,-69.3420775401867,-15.49167642414
211001,21,10,01,PUNO,SAN ANTONIO DE PUTINA,PUTINA,1727,1727,4361.60532319392,-69.8344790192144,-14.7090521242293
211002,21,10,02,PUNO,SAN ANTONIO DE PUTINA,ANANEA,1728,1728,4748.8457697894,-69.5050116406865,-14.692514780106
211003,21,10,03,PUNO,SAN ANTONIO DE PUTINA,PEDRO VILCA APAZA,1729,1729,4116.05405405405,-69.9142602789791,-15.0183813420094
211004,21,10,04,PUNO,SAN ANTONIO DE PUTINA,QUILCAPUNCU,1730,1730,4385.1985257162,-69.6392981258261,-14.8469583140989
211005,21,10,05,PUNO,SAN ANTONIO DE PUTINA,SINA,1731,1731,3934.00338028169,-69.2400249223871,-14.5114249473273
211101,21,11,01,PUNO,SAN ROMAN,JULIACA,1732,1732,3889.47337016575,-70.2154631796683,-15.4598918737731
211102,21,11,02,PUNO,SAN ROMAN,CABANA,1733,1733,3880.04210049796,-70.2798155907762,-15.6428749753678
211103,21,11,03,PUNO,SAN ROMAN,CABANILLAS,1734,1734,4314.66737681259,-70.6223980558195,-15.8533701640561
211104,21,11,04,PUNO,SAN ROMAN,CARACOTO,1735,1735,3836.94269521411,-70.0878838179418,-15.5574606349632
211105,21,11,05,PUNO,SAN ROMAN,SAN MIGUEL,1736,1736,3849.36502177068,-70.1264214503674,-15.4062247553873
211201,21,12,01,PUNO,SANDIA,SANDIA,1737,1737,3121.32055137845,-69.4369437138009,-14.2919137047644
211202,21,12,02,PUNO,SANDIA,CUYOCUYO,1738,1738,4415.02711050103,-69.5576639323244,-14.523808708505
211203,21,12,03,PUNO,SANDIA,LIMBANI,1739,1739,1672.87781740633,-69.6073117087167,-13.7782191506041
211204,21,12,04,PUNO,SANDIA,PATAMBUCO,1740,1740,3894.1707362535,-69.63122102149,-14.3100914963108
211205,21,12,05,PUNO,SANDIA,PHARA,1741,1741,2815.48862251117,-69.585025216318,-14.0678468822534
211206,21,12,06,PUNO,SANDIA,QUIACA,1742,1742,3854.36230344241,-69.3561716161279,-14.467242124333
211207,21,12,07,PUNO,SANDIA,SAN JUAN DEL ORO,1743,1743,1767.89496527778,-69.1004574978549,-14.1939701163748
211208,21,12,08,PUNO,SANDIA,YANAHUAYA,1744,1744,2198.77264701888,-69.1270596436087,-14.3311340587268
211209,21,12,09,PUNO,SANDIA,ALTO INAMBARI,1745,1745,1844.60858324716,-69.334448545968,-14.0319700269098
211210,21,12,10,PUNO,SANDIA,SAN PEDRO DE PUTINA PUNCO,1746,1746,679.807841577859,-69.1480480678999,-13.5483316025152
211301,21,13,01,PUNO,YUNGUYO,YUNGUYO,1747,1747,3989.38457711443,-69.0901890822296,-16.2828023648022
211302,21,13,02,PUNO,YUNGUYO,ANAPIA,1748,1748,3818.00284697509,-68.8788271470424,-16.3253831646318
211303,21,13,03,PUNO,YUNGUYO,COPANI,1749,1749,4078.7361516035,-69.0730619585279,-16.3713337975685
211304,21,13,04,PUNO,YUNGUYO,CUTURAPI,1750,1750,4063.42164179105,-69.1805691020571,-16.2930847120247
211305,21,13,05,PUNO,YUNGUYO,OLLARAYA,1751,1751,3875.22258064516,-68.9969548968437,-16.2359253782424
211306,21,13,06,PUNO,YUNGUYO,TINICACHI,1752,1752,3913.62222222222,-68.9715155403903,-16.1979688786862
211307,21,13,07,PUNO,YUNGUYO,UNICACHI,1753,1753,3858.48387096774,-68.9654280226614,-16.2246150833853
220101,22,01,01,SAN MARTIN,MOYOBAMBA,MOYOBAMBA,1754,1754,1127.14827805057,-77.1700228507908,-5.76833828019753
220102,22,01,02,SAN MARTIN,MOYOBAMBA,CALZADA,1755,1755,837.815217391304,-77.0957557299297,-6.0145391821002
220103,22,01,03,SAN MARTIN,MOYOBAMBA,HABANA,1756,1756,837.033854166667,-77.1000938277512,-6.08890185303073
220104,22,01,04,SAN MARTIN,MOYOBAMBA,JEPELACIO,1757,1757,1211.86966658895,-76.9218088248081,-6.17353395955844
220105,22,01,05,SAN MARTIN,MOYOBAMBA,SORITOR,1758,1758,1455.12490350471,-77.0541453750177,-6.27273475082823
220106,22,01,06,SAN MARTIN,MOYOBAMBA,YANTALO,1759,1759,830.127272727273,-77.066375431417,-5.96378296786268
220201,22,02,01,SAN MARTIN,BELLAVISTA,BELLAVISTA,1760,1760,402.896013864818,-76.6006137287481,-6.99101825767612
220202,22,02,02,SAN MARTIN,BELLAVISTA,ALTO BIAVO,1761,1761,990.516300421433,-76.2742389908782,-7.82197504189562
220203,22,02,03,SAN MARTIN,BELLAVISTA,BAJO BIAVO,1762,1762,546.506287545054,-76.3413915868062,-7.18416470883277
220204,22,02,04,SAN MARTIN,BELLAVISTA,HUALLAGA,1763,1763,458.62090813094,-76.5686894482314,-7.29428942229314
220205,22,02,05,SAN MARTIN,BELLAVISTA,SAN PABLO,1764,1764,415.082516761217,-76.586524204306,-6.83887159098545
220206,22,02,06,SAN MARTIN,BELLAVISTA,SAN RAFAEL,1765,1765,241.377628259041,-76.4956701986586,-7.02649261142782
220301,22,03,01,SAN MARTIN,EL DORADO,SAN JOSE DE SISA,1766,1766,698.76086322543,-76.7202338999542,-6.61165120264779
220302,22,03,02,SAN MARTIN,EL DORADO,AGUA BLANCA,1767,1767,544.640469208211,-76.7056671172347,-6.72417301279506
220303,22,03,03,SAN MARTIN,EL DORADO,SAN MARTIN,1768,1768,1266.48791436464,-76.8373524409757,-6.42328079811242
220304,22,03,04,SAN MARTIN,EL DORADO,SANTA ROSA,1769,1769,589.406148282098,-76.5992141859005,-6.70534087677655
220305,22,03,05,SAN MARTIN,EL DORADO,SHATOJA,1770,1770,669.312046444122,-76.6990607845675,-6.52384533709536
220401,22,04,01,SAN MARTIN,HUALLAGA,SAPOSOA,1771,1771,820.666154109004,-76.8737623185184,-6.8888406300342
220402,22,04,02,SAN MARTIN,HUALLAGA,ALTO SAPOSOA,1772,1772,1396.96595216312,-76.9631625137611,-6.60183882058845
220403,22,04,03,SAN MARTIN,HUALLAGA,EL ESLABON,1773,1773,499.125269978402,-76.705811568262,-6.99155504997883
220404,22,04,04,SAN MARTIN,HUALLAGA,PISCOYACU,1774,1774,626.247747747748,-76.8341674441283,-7.01413654953265
220405,22,04,05,SAN MARTIN,HUALLAGA,SACANCHE,1775,1775,520.052807115064,-76.7628060202863,-7.08954707030655
220406,22,04,06,SAN MARTIN,HUALLAGA,TINGO DE SAPOSOA,1776,1776,351.30608365019,-76.6565086147214,-7.06444510633236
220501,22,05,01,SAN MARTIN,LAMAS,LAMAS,1777,1777,664.681502086231,-76.5260429430998,-6.39905770040424
220502,22,05,02,SAN MARTIN,LAMAS,ALONSO DE ALVARADO,1778,1778,1238.84381646916,-76.7729493863109,-6.3113062094251
220503,22,05,03,SAN MARTIN,LAMAS,BARRANQUITA,1779,1779,296.213561632166,-76.0487054455743,-6.30625542472661
220504,22,05,04,SAN MARTIN,LAMAS,CAYNARACHI,1780,1780,374.80049522462,-76.3342621485254,-6.19531371558875
220505,22,05,05,SAN MARTIN,LAMAS,CUÑUMBUQUI,1781,1781,614.920792079208,-76.4683643421223,-6.61564966540974
220506,22,05,06,SAN MARTIN,LAMAS,PINTO RECODO,1782,1782,1115.58930292323,-76.7129632308922,-6.15773993515838
220507,22,05,07,SAN MARTIN,LAMAS,RUMISAPA,1783,1783,520.342318059299,-76.4725714211944,-6.44375515007901
220508,22,05,08,SAN MARTIN,LAMAS,SAN ROQUE DE CUMBAZA,1784,1784,982.042967670627,-76.5385875348298,-6.20372875707591
220509,22,05,09,SAN MARTIN,LAMAS,SHANAO,1785,1785,496.802973977695,-76.5778509040305,-6.40813257866686
220510,22,05,10,SAN MARTIN,LAMAS,TABALOSOS,1786,1786,900.483582089552,-76.6552517217477,-6.38863350311769
220511,22,05,11,SAN MARTIN,LAMAS,ZAPATERO,1787,1787,709.55195473251,-76.5306850731567,-6.55011785026405
220601,22,06,01,SAN MARTIN,MARISCAL CACERES,JUANJUI,1788,1788,492.601166532583,-76.7680207228133,-7.24479363197157
220602,22,06,02,SAN MARTIN,MARISCAL CACERES,CAMPANILLA,1789,1789,1016.09753196551,-76.809121550075,-7.65205552672926
220603,22,06,03,SAN MARTIN,MARISCAL CACERES,HUICUNGO,1790,1790,2290.51367500876,-77.3216957362659,-7.2589781503125
220604,22,06,04,SAN MARTIN,MARISCAL CACERES,PACHIZA,1791,1791,1055.84125480026,-77.0433636709823,-6.96922715793925
220605,22,06,05,SAN MARTIN,MARISCAL CACERES,PAJARILLO,1792,1792,413.030021726249,-76.635483981981,-7.31515303425495
220701,22,07,01,SAN MARTIN,PICOTA,PICOTA,1793,1793,322.313611915598,-76.3315769950375,-6.9644982021151
220702,22,07,02,SAN MARTIN,PICOTA,BUENOS AIRES,1794,1794,510.110147441457,-76.3970302058353,-6.73971622378542
220703,22,07,03,SAN MARTIN,PICOTA,CASPISAPA,1795,1795,345.378698224852,-76.4220127837696,-6.92050532713626
220704,22,07,04,SAN MARTIN,PICOTA,PILLUANA,1796,1796,399.381201044386,-76.2689700968126,-6.78342166993405
220705,22,07,05,SAN MARTIN,PICOTA,PUCACACA,1797,1797,378.559201773836,-76.3630488940905,-6.84023747373816
220706,22,07,06,SAN MARTIN,PICOTA,SAN CRISTOBAL,1798,1798,310.341176470588,-76.4288545797957,-6.97850849917413
220707,22,07,07,SAN MARTIN,PICOTA,SAN HILARION,1799,1799,315.282006920415,-76.4868465075733,-6.93949011014539
220708,22,07,08,SAN MARTIN,PICOTA,SHAMBOYACU,1800,1800,796.706797894255,-76.0945583568705,-7.05175924948399
220709,22,07,09,SAN MARTIN,PICOTA,TINGO DE PONASA,1801,1801,463.083511777302,-76.2121165580682,-6.97033701319198
220710,22,07,10,SAN MARTIN,PICOTA,TRES UNIDOS,1802,1802,818.509479824988,-76.1286227294869,-6.81742852048945
220801,22,08,01,SAN MARTIN,RIOJA,RIOJA,1803,1803,988.787721573714,-77.2098959957018,-6.0786846718757
220802,22,08,02,SAN MARTIN,RIOJA,AWAJUN,1804,1804,1536.33754448399,-77.4364918364222,-5.85917578493855
220803,22,08,03,SAN MARTIN,RIOJA,ELIAS SOPLIN VARGAS,1805,1805,1388.27633668608,-77.2972950225994,-6.04638555046901
220804,22,08,04,SAN MARTIN,RIOJA,NUEVA CAJAMARCA,1806,1806,1455.23348611486,-77.3722431329616,-5.94435091092495
220805,22,08,05,SAN MARTIN,RIOJA,PARDO MIGUEL,1807,1807,1937.10607700634,-77.634164461419,-5.74868128301441
220806,22,08,06,SAN MARTIN,RIOJA,POSIC,1808,1808,818.003430531732,-77.1721680453408,-5.98281981617252
220807,22,08,07,SAN MARTIN,RIOJA,SAN FERNANDO,1809,1809,823.03259452412,-77.2748917326942,-5.85896597407128
220808,22,08,08,SAN MARTIN,RIOJA,YORONGOS,1810,1810,1123.01538461538,-77.1617171652599,-6.17529769719395
220809,22,08,09,SAN MARTIN,RIOJA,YURACYACU,1811,1811,818.702312138728,-77.2327675950699,-5.93538670100026
220901,22,09,01,SAN MARTIN,SAN MARTIN,TARAPOTO,1812,1812,425.67786259542,-76.3696422644905,-6.49420427269439
220902,22,09,02,SAN MARTIN,SAN MARTIN,ALBERTO LEVEAU,1813,1813,557.986038394415,-76.2601218562106,-6.68366536930236
220903,22,09,03,SAN MARTIN,SAN MARTIN,CACATACHI,1814,1814,375.334476843911,-76.4384109703681,-6.46781118314378
220904,22,09,04,SAN MARTIN,SAN MARTIN,CHAZUTA,1815,1815,576.300727032386,-75.9894917929074,-6.61796233420133
220905,22,09,05,SAN MARTIN,SAN MARTIN,CHIPURANA,1816,1816,186.129515418502,-75.6668532201909,-6.43403432940143
220906,22,09,06,SAN MARTIN,SAN MARTIN,EL PORVENIR,1817,1817,189.184089656439,-75.8647588320538,-6.2449896216733
220907,22,09,07,SAN MARTIN,SAN MARTIN,HUIMBAYOC,1818,1818,408.856010082445,-75.7136266506818,-6.63861364169609
220908,22,09,08,SAN MARTIN,SAN MARTIN,JUAN GUERRA,1819,1819,344.956908665105,-76.3506788477894,-6.62125661932063
220909,22,09,09,SAN MARTIN,SAN MARTIN,LA BANDA DE SHILCAYO,1820,1820,678.466823846413,-76.2722697669049,-6.47725821959809
220910,22,09,10,SAN MARTIN,SAN MARTIN,MORALES,1821,1821,320.373214285714,-76.4169943992787,-6.50804675119447
220911,22,09,11,SAN MARTIN,SAN MARTIN,PAPAPLAYA,1822,1822,182.333787837469,-75.6382055594165,-6.24279279675104
220912,22,09,12,SAN MARTIN,SAN MARTIN,SAN ANTONIO,1823,1823,751.209677419355,-76.382087943752,-6.39933859427924
220913,22,09,13,SAN MARTIN,SAN MARTIN,SAUCE,1824,1824,777.517426273459,-76.204616656975,-6.7027581207015
220914,22,09,14,SAN MARTIN,SAN MARTIN,SHAPAJA,1825,1825,599.962207105064,-76.2132706578717,-6.5882947099211
221001,22,10,01,SAN MARTIN,TOCACHE,TOCACHE,1826,1826,969.370515445562,-76.5522940665808,-8.27341931764811
221002,22,10,02,SAN MARTIN,TOCACHE,NUEVO PROGRESO,1827,1827,904.384723879787,-76.2125402461103,-8.52561265687375
221003,22,10,03,SAN MARTIN,TOCACHE,POLVORA,1828,1828,1378.38521277439,-76.7989893576834,-8.01563715326948
221004,22,10,04,SAN MARTIN,TOCACHE,SHUNTE,1829,1829,2926.15025775374,-76.8766857412205,-8.42326296019031
221005,22,10,05,SAN MARTIN,TOCACHE,UCHIZA,1830,1830,991.354132539092,-76.3978058699121,-8.37739088176871
221006,22,10,06,SAN MARTIN,TOCACHE,SANTA LUCIA,1831,1831,595.482678214524,-76.4321809100561,-8.299111431505
230101,23,01,01,TACNA,TACNA,TACNA,1832,1832,1223.37526508144,-70.1686620206804,-18.1130437316965
230102,23,01,02,TACNA,TACNA,ALTO DE LA ALIANZA,1833,1833,1249.1451351976,-70.2788584035987,-17.8333279262645
230103,23,01,03,TACNA,TACNA,CALANA,1834,1834,1047.33385826772,-70.1462200021315,-17.9542178226896
230104,23,01,04,TACNA,TACNA,CIUDAD NUEVA,1835,1835,1485.27277131783,-70.1903152396604,-17.8578198212542
230105,23,01,05,TACNA,TACNA,INCLAN,1836,1836,1409.68599121064,-70.4235292573944,-17.6811543546826
230106,23,01,06,TACNA,TACNA,PACHIA,1837,1837,2575.58093220339,-70.0235431872151,-17.784748482457
230107,23,01,07,TACNA,TACNA,PALCA,1838,1838,4277.13142721275,-69.7638614572141,-17.6568359189659
230108,23,01,08,TACNA,TACNA,POCOLLAY,1839,1839,1475.27596153846,-70.0741204087325,-18.0077354573601
230109,23,01,09,TACNA,TACNA,SAMA,1840,1840,344.093296895164,-70.6676932158799,-17.9569938726726
230110,23,01,10,TACNA,TACNA,CORONEL GREGORIO ALBARRACIN LANCHIPA,1841,1841,500.364597701149,-70.2409355031475,-18.1076662478091
230111,23,01,11,TACNA,TACNA,LA YARADA LOS PALOS,1842,1842,93.2951625693894,-70.4390740840529,-18.2002705047152
230201,23,02,01,TACNA,CANDARAVE,CANDARAVE,1843,1843,4496.0005645819,-70.2479346839025,-17.0418444529413
230202,23,02,02,TACNA,CANDARAVE,CAIRANI,1844,1844,3964.86094674556,-70.3408064004152,-17.1877947326584
230203,23,02,03,TACNA,CANDARAVE,CAMILACA,1845,1845,4241.70591331813,-70.432736060345,-17.1650403462849
230204,23,02,04,TACNA,CANDARAVE,CURIBAYA,1846,1846,2884.91344667697,-70.3338741674896,-17.3941302503241
230205,23,02,05,TACNA,CANDARAVE,HUANUARA,1847,1847,3572.56178707224,-70.3304552680803,-17.3085331425808
230206,23,02,06,TACNA,CANDARAVE,QUILAHUANI,1848,1848,3176.16144200627,-70.2568189121666,-17.33287393694
230301,23,03,01,TACNA,JORGE BASADRE,LOCUMBA,1849,1849,924.532924335378,-70.7330459152573,-17.6042142986222
230302,23,03,02,TACNA,JORGE BASADRE,ILABAYA,1850,1850,2230.848803984,-70.5709958690125,-17.3837411405236
230303,23,03,03,TACNA,JORGE BASADRE,ITE,1851,1851,543.888101109741,-70.9336976089581,-17.8051730258267
230401,23,04,01,TACNA,TARATA,TARATA,1852,1852,4460.69029154805,-69.7513278781956,-17.3770629983946
230402,23,04,02,TACNA,TARATA,HEROES ALBARRACIN,1853,1853,2719.62716894977,-70.2145480606007,-17.4994099257421
230403,23,04,03,TACNA,TARATA,ESTIQUE,1854,1854,3466.76504967855,-70.0250505625717,-17.6236889659742
230404,23,04,04,TACNA,TARATA,ESTIQUE-PAMPA,1855,1855,3086.71035693388,-70.1138290142501,-17.6125053378837
230405,23,04,05,TACNA,TARATA,SITAJARA,1856,1856,3222.37866963954,-70.1533900850173,-17.3945675823307
230406,23,04,06,TACNA,TARATA,SUSAPAYA,1857,1857,4477.60940892642,-70.0466696825146,-17.2245405158769
230407,23,04,07,TACNA,TARATA,TARUCACHI,1858,1858,4151.18947368421,-69.9580438708755,-17.5018867499858
230408,23,04,08,TACNA,TARATA,TICACO,1859,1859,4410.03671286166,-69.9635627272217,-17.3347367813651
240101,24,01,01,TUMBES,TUMBES,TUMBES,1860,1860,27.0847741215839,-80.4179761193774,-3.54971497519415
240102,24,01,02,TUMBES,TUMBES,CORRALES,1861,1861,34.5470262793914,-80.5034790565536,-3.59876410681868
240103,24,01,03,TUMBES,TUMBES,LA CRUZ,1862,1862,146.845089903181,-80.5664796268424,-3.67115080308478
240104,24,01,04,TUMBES,TUMBES,PAMPAS DE HOSPITAL,1863,1863,430.862588762925,-80.3563629100688,-3.85174270876123
240105,24,01,05,TUMBES,TUMBES,SAN JACINTO,1864,1864,366.568150315725,-80.5109041364252,-3.9059086761812
240106,24,01,06,TUMBES,TUMBES,SAN JUAN DE LA VIRGEN,1865,1865,75.4045741324921,-80.3629212158446,-3.65859055829507
240201,24,02,01,TUMBES,CONTRALMIRANTE VILLAR,ZORRITOS,1866,1866,141.926282051282,-80.7042507329559,-3.81611033330106
240202,24,02,02,TUMBES,CONTRALMIRANTE VILLAR,CASITAS,1867,1867,450.048924504429,-80.659265010999,-4.03382647300917
240203,24,02,03,TUMBES,CONTRALMIRANTE VILLAR,CANOAS DE PUNTA SAL,1868,1868,145.745307536818,-80.8907208215336,-4.04094417966855
240301,24,03,01,TUMBES,ZARUMILLA,ZARUMILLA,1869,1869,6.63048683160415,-80.3021493739876,-3.4646456680713
240302,24,03,02,TUMBES,ZARUMILLA,AGUAS VERDES,1870,1870,10.4075471698113,-80.2424457469382,-3.49151535566895
240303,24,03,03,TUMBES,ZARUMILLA,MATAPALO,1871,1871,318.130032392411,-80.2285433405944,-3.76761998519277
240304,24,03,04,TUMBES,ZARUMILLA,PAPAYAL,1872,1872,46.4598214285714,-80.2887587882227,-3.57206583402935
250101,25,01,01,UCAYALI,CORONEL PORTILLO,CALLERIA,1873,1873,224.911260907706,-74.1603123469389,-7.96490805107327
250102,25,01,02,UCAYALI,CORONEL PORTILLO,CAMPOVERDE,1874,1874,190.081059173196,-74.8454918929363,-8.52053716733937
250103,25,01,03,UCAYALI,CORONEL PORTILLO,IPARIA,1875,1875,296.101671089783,-74.1376228754254,-9.4430215770452
250104,25,01,04,UCAYALI,CORONEL PORTILLO,MASISEA,1876,1876,225.863984091849,-73.6867492226137,-8.95586348871935
250105,25,01,05,UCAYALI,CORONEL PORTILLO,YARINACOCHA,1877,1877,152.250440917108,-74.656696918057,-8.24846755799432
250106,25,01,06,UCAYALI,CORONEL PORTILLO,NUEVA REQUENA,1878,1878,201.22187907786,-75.014762317063,-8.16314806196477
250107,25,01,07,UCAYALI,CORONEL PORTILLO,MANANTAY,1879,1879,155.377528401219,-74.5091697832863,-8.53842060931736
250201,25,02,01,UCAYALI,ATALAYA,RAIMONDI,1880,1880,509.916393673498,-73.4362707870939,-10.5864623714352
250202,25,02,02,UCAYALI,ATALAYA,SEPAHUA,1881,1881,383.984275319839,-72.8138658831982,-11.0837991446772
250203,25,02,03,UCAYALI,ATALAYA,TAHUANIA,1882,1882,326.611269308104,-73.8269311390833,-9.97145622982982
250204,25,02,04,UCAYALI,ATALAYA,YURUA,1883,1883,325.213790443031,-72.6986696615552,-9.82972638049554
250301,25,03,01,UCAYALI,PADRE ABAD,PADRE ABAD,1884,1884,682.655180174548,-75.6416331332569,-8.89423406883502
250302,25,03,02,UCAYALI,PADRE ABAD,IRAZOLA,1885,1885,273.209937118902,-75.2797352166233,-8.94993622465488
250303,25,03,03,UCAYALI,PADRE ABAD,CURIMANA,1886,1886,253.008635908202,-75.2971053610395,-8.4173842033801
250304,25,03,04,UCAYALI,PADRE ABAD,NESHUYA,1887,1887,219.591339260109,-75.0490325534946,-8.64128976720168
250305,25,03,05,UCAYALI,PADRE ABAD,ALEXANDER VON HUMBOLDT,1888,1888,244.391000436872,-75.0479811310214,-8.82493344757888
250306,25,03,06,UCAYALI,PADRE ABAD,HUIPOCA,1889,1889,290.760994843797,-75.4143947123602,-8.79784002477944
250307,25,03,07,UCAYALI,PADRE ABAD,BOQUERON,1890,1890,1116.85386119257,-75.7523448658088,-9.03580406337665
250401,25,04,01,UCAYALI,PURUS,PURUS,1891,1891,363.13037067832,-71.5816597235366,-10.3735077001743
