UBIGEO,nombre,anio,poblacion
010101,CHACHAPOYAS,2017,35376.4564034856
010101,CHACHAPOYAS,2018,36602
010101,CHACHAPOYAS,2019,37870
010101,CHACHAPOYAS,2020,39051
010101,CHACHAPOYAS,2021,39691
010101,CHACHAPOYAS,2022,40274
010101,CHACHAPOYAS,2023,40817
010101,CHACHAPOYAS,2024,41335
010101,CHACHAPOYAS,2025,41843
010101,CHACHAPOYAS,2026,42342
010102,ASUNCION,2017,285.014234875445
010102,ASUNCION,2018,283
010102,ASUNCION,2019,281
010102,ASUNCION,2020,278
010102,ASUNCION,2021,277
010102,ASUNCION,2022,276
010102,ASUNCION,2023,273
010102,ASUNCION,2024,271
010102,ASUNCION,2025,269
010102,ASUNCION,2026,267
010103,BALSAS,2017,1242.33277870216
010103,BALSAS,2018,1222
010103,BALSAS,2019,1202
010103,BALSAS,2020,1180
010103,BALSAS,2021,1169
010103,BALSAS,2022,1158
010103,BALSAS,2023,1147
010103,BALSAS,2024,1137
010103,BALSAS,2025,1125
010103,BALSAS,2026,1113
010104,CHETO,2017,678.116379310345
010104,CHETO,2018,687
010104,CHETO,2019,696
010104,CHETO,2020,702
010104,CHETO,2021,705
010104,CHETO,2022,707
010104,CHETO,2023,710
010104,CHETO,2024,713
010104,CHETO,2025,716
010104,CHETO,2026,719
010105,CHILIQUIN,2017,634.372516556291
010105,CHILIQUIN,2018,619
010105,CHILIQUIN,2019,604
010105,CHILIQUIN,2020,589
010105,CHILIQUIN,2021,581
010105,CHILIQUIN,2022,575
010105,CHILIQUIN,2023,568
010105,CHILIQUIN,2024,561
010105,CHILIQUIN,2025,554
010105,CHILIQUIN,2026,547
010106,CHUQUIBAMBA,2017,1985.11508951407
010106,CHUQUIBAMBA,2018,1970
010106,CHUQUIBAMBA,2019,1955
010106,CHUQUIBAMBA,2020,1933
010106,CHUQUIBAMBA,2021,1922
010106,CHUQUIBAMBA,2022,1910
010106,CHUQUIBAMBA,2023,1898
010106,CHUQUIBAMBA,2024,1884
010106,CHUQUIBAMBA,2025,1872
010106,CHUQUIBAMBA,2026,1860
010107,GRANADA,2017,514.152255639098
010107,GRANADA,2018,523
010107,GRANADA,2019,532
010107,GRANADA,2020,539
010107,GRANADA,2021,541
010107,GRANADA,2022,543
010107,GRANADA,2023,546
010107,GRANADA,2024,549
010107,GRANADA,2025,551
010107,GRANADA,2026,553
010108,HUANCAS,2017,1275.66738351255
010108,HUANCAS,2018,1334
010108,HUANCAS,2019,1395
010108,HUANCAS,2020,1456
010108,HUANCAS,2021,1481
010108,HUANCAS,2022,1500
010108,HUANCAS,2023,1515
010108,HUANCAS,2024,1526
010108,HUANCAS,2025,1538
010108,HUANCAS,2026,1550
010109,LA JALCA,2017,4296.80612745098
010109,LA JALCA,2018,4187
010109,LA JALCA,2019,4080
010109,LA JALCA,2020,3966
010109,LA JALCA,2021,3834
010109,LA JALCA,2022,3697
010109,LA JALCA,2023,3558
010109,LA JALCA,2024,3418
010109,LA JALCA,2025,3279
010109,LA JALCA,2026,3140
010110,LEIMEBAMBA,2017,3879.07516254876
010110,LEIMEBAMBA,2018,3862
010110,LEIMEBAMBA,2019,3845
010110,LEIMEBAMBA,2020,3815
010110,LEIMEBAMBA,2021,3799
010110,LEIMEBAMBA,2022,3781
010110,LEIMEBAMBA,2023,3759
010110,LEIMEBAMBA,2024,3738
010110,LEIMEBAMBA,2025,3716
010110,LEIMEBAMBA,2026,3693
010111,LEVANTO,2017,843.206854345165
010111,LEVANTO,2018,830
010111,LEVANTO,2019,817
010111,LEVANTO,2020,803
010111,LEVANTO,2021,796
010111,LEVANTO,2022,789
010111,LEVANTO,2023,781
010111,LEVANTO,2024,774
010111,LEVANTO,2025,768
010111,LEVANTO,2026,762
010112,MAGDALENA,2017,913
010112,MAGDALENA,2018,913
010112,MAGDALENA,2019,913
010112,MAGDALENA,2020,911
010112,MAGDALENA,2021,910
010112,MAGDALENA,2022,906
010112,MAGDALENA,2023,903
010112,MAGDALENA,2024,900
010112,MAGDALENA,2025,895
010112,MAGDALENA,2026,890
010113,MARISCAL CASTILLA,2017,1441.72262773723
010113,MARISCAL CASTILLA,2018,1474
010113,MARISCAL CASTILLA,2019,1507
010113,MARISCAL CASTILLA,2020,1534
010113,MARISCAL CASTILLA,2021,1561
010113,MARISCAL CASTILLA,2022,1586
010113,MARISCAL CASTILLA,2023,1609
010113,MARISCAL CASTILLA,2024,1631
010113,MARISCAL CASTILLA,2025,1653
010113,MARISCAL CASTILLA,2026,1675
010114,MOLINOPAMPA,2017,2344.25087108014
010114,MOLINOPAMPA,2018,2320
010114,MOLINOPAMPA,2019,2296
010114,MOLINOPAMPA,2020,2266
010114,MOLINOPAMPA,2021,2251
010114,MOLINOPAMPA,2022,2235
010114,MOLINOPAMPA,2023,2218
010114,MOLINOPAMPA,2024,2201
010114,MOLINOPAMPA,2025,2185
010114,MOLINOPAMPA,2026,2169
010115,MONTEVIDEO,2017,535.508946322068
010115,MONTEVIDEO,2018,519
010115,MONTEVIDEO,2019,503
010115,MONTEVIDEO,2020,487
010115,MONTEVIDEO,2021,479
010115,MONTEVIDEO,2022,472
010115,MONTEVIDEO,2023,465
010115,MONTEVIDEO,2024,459
010115,MONTEVIDEO,2025,452
010115,MONTEVIDEO,2026,445
010116,OLLEROS,2017,415.114219114219
010116,OLLEROS,2018,422
010116,OLLEROS,2019,429
010116,OLLEROS,2020,435
010116,OLLEROS,2021,438
010116,OLLEROS,2022,441
010116,OLLEROS,2023,444
010116,OLLEROS,2024,446
010116,OLLEROS,2025,448
010116,OLLEROS,2026,450
010117,QUINJALCA,2017,831.17843866171
010117,QUINJALCA,2018,819
010117,QUINJALCA,2019,807
010117,QUINJALCA,2020,792
010117,QUINJALCA,2021,785
010117,QUINJALCA,2022,778
010117,QUINJALCA,2023,770
010117,QUINJALCA,2024,763
010117,QUINJALCA,2025,757
010117,QUINJALCA,2026,751
010118,SAN FRANCISCO DE DAGUAS,2017,319.012383900929
010118,SAN FRANCISCO DE DAGUAS,2018,321
010118,SAN FRANCISCO DE DAGUAS,2019,323
010118,SAN FRANCISCO DE DAGUAS,2020,323
010118,SAN FRANCISCO DE DAGUAS,2021,325
010118,SAN FRANCISCO DE DAGUAS,2022,326
010118,SAN FRANCISCO DE DAGUAS,2023,329
010118,SAN FRANCISCO DE DAGUAS,2024,332
010118,SAN FRANCISCO DE DAGUAS,2025,335
010118,SAN FRANCISCO DE DAGUAS,2026,338
010119,SAN ISIDRO DE MAINO,2017,617.135225375626
010119,SAN ISIDRO DE MAINO,2018,608
010119,SAN ISIDRO DE MAINO,2019,599
010119,SAN ISIDRO DE MAINO,2020,590
010119,SAN ISIDRO DE MAINO,2021,585
010119,SAN ISIDRO DE MAINO,2022,581
010119,SAN ISIDRO DE MAINO,2023,576
010119,SAN ISIDRO DE MAINO,2024,570
010119,SAN ISIDRO DE MAINO,2025,565
010119,SAN ISIDRO DE MAINO,2026,560
010120,SOLOCO,2017,1307.15324472244
010120,SOLOCO,2018,1293
010120,SOLOCO,2019,1279
010120,SOLOCO,2020,1261
010120,SOLOCO,2021,1252
010120,SOLOCO,2022,1243
010120,SOLOCO,2023,1234
010120,SOLOCO,2024,1224
010120,SOLOCO,2025,1214
010120,SOLOCO,2026,1204
010121,SONCHE,2017,266.058394160584
010121,SONCHE,2018,270
010121,SONCHE,2019,274
010121,SONCHE,2020,277
010121,SONCHE,2021,279
010121,SONCHE,2022,280
010121,SONCHE,2023,283
010121,SONCHE,2024,286
010121,SONCHE,2025,289
010121,SONCHE,2026,292
010201,BAGUA,2017,28658.6735274205
010201,BAGUA,2018,29096
010201,BAGUA,2019,29540
010201,BAGUA,2020,29905
010201,BAGUA,2021,30240
010201,BAGUA,2022,30479
010201,BAGUA,2023,30652
010201,BAGUA,2024,30790
010201,BAGUA,2025,30921
010201,BAGUA,2026,31045
010202,ARAMANGO,2017,10545.4450485437
010202,ARAMANGO,2018,10422
010202,ARAMANGO,2019,10300
010202,ARAMANGO,2020,10149
010202,ARAMANGO,2021,10049
010202,ARAMANGO,2022,9919
010202,ARAMANGO,2023,9770
010202,ARAMANGO,2024,9613
010202,ARAMANGO,2025,9458
010202,ARAMANGO,2026,9304
010203,COPALLIN,2017,5021.81094631293
010203,COPALLIN,2018,4903
010203,COPALLIN,2019,4787
010203,COPALLIN,2020,4660
010203,COPALLIN,2021,4563
010203,COPALLIN,2022,4452
010203,COPALLIN,2023,4334
010203,COPALLIN,2024,4213
010203,COPALLIN,2025,4093
010203,COPALLIN,2026,3975
010204,EL PARCO,2017,1296.00309597523
010204,EL PARCO,2018,1294
010204,EL PARCO,2019,1292
010204,EL PARCO,2020,1287
010204,EL PARCO,2021,1281
010204,EL PARCO,2022,1273
010204,EL PARCO,2023,1262
010204,EL PARCO,2024,1251
010204,EL PARCO,2025,1240
010204,EL PARCO,2026,1227
010205,IMAZA,2017,29510.3407028754
010205,IMAZA,2018,30392
010205,IMAZA,2019,31300
010205,IMAZA,2020,32136
010205,IMAZA,2021,32789
010205,IMAZA,2022,33338
010205,IMAZA,2023,33812
010205,IMAZA,2024,34240
010205,IMAZA,2025,34658
010205,IMAZA,2026,35062
010206,LA PECA,2017,6787.91750867139
010206,LA PECA,2018,6709
010206,LA PECA,2019,6631
010206,LA PECA,2020,6535
010206,LA PECA,2021,6453
010206,LA PECA,2022,6374
010206,LA PECA,2023,6299
010206,LA PECA,2024,6226
010206,LA PECA,2025,6155
010206,LA PECA,2026,6086
010301,JUMBILLA,2017,1392.26661742984
010301,JUMBILLA,2018,1373
010301,JUMBILLA,2019,1354
010301,JUMBILLA,2020,1332
010301,JUMBILLA,2021,1309
010301,JUMBILLA,2022,1283
010301,JUMBILLA,2023,1258
010301,JUMBILLA,2024,1232
010301,JUMBILLA,2025,1207
010301,JUMBILLA,2026,1182
010302,CHISQUILLA,2017,325.01246105919
010302,CHISQUILLA,2018,323
010302,CHISQUILLA,2019,321
010302,CHISQUILLA,2020,319
010302,CHISQUILLA,2021,317
010302,CHISQUILLA,2022,313
010302,CHISQUILLA,2023,310
010302,CHISQUILLA,2024,308
010302,CHISQUILLA,2025,304
010302,CHISQUILLA,2026,300
010303,CHURUJA,2017,297.013289036545
010303,CHURUJA,2018,299
010303,CHURUJA,2019,301
010303,CHURUJA,2020,301
010303,CHURUJA,2021,300
010303,CHURUJA,2022,298
010303,CHURUJA,2023,295
010303,CHURUJA,2024,292
010303,CHURUJA,2025,289
010303,CHURUJA,2026,286
010304,COROSHA,2017,801.098901098901
010304,COROSHA,2018,810
010304,COROSHA,2019,819
010304,COROSHA,2020,825
010304,COROSHA,2021,831
010304,COROSHA,2022,835
010304,COROSHA,2023,842
010304,COROSHA,2024,849
010304,COROSHA,2025,856
010304,COROSHA,2026,863
010305,CUISPES,2017,710.092219020173
010305,CUISPES,2018,702
010305,CUISPES,2019,694
010305,CUISPES,2020,684
010305,CUISPES,2021,673
010305,CUISPES,2022,662
010305,CUISPES,2023,650
010305,CUISPES,2024,638
010305,CUISPES,2025,626
010305,CUISPES,2026,614
010306,FLORIDA,2017,6391.01263847714
010306,FLORIDA,2018,6400
010306,FLORIDA,2019,6409
010306,FLORIDA,2020,6397
010306,FLORIDA,2021,6380
010306,FLORIDA,2022,6353
010306,FLORIDA,2023,6321
010306,FLORIDA,2024,6283
010306,FLORIDA,2025,6245
010306,FLORIDA,2026,6206
010307,JAZAN,2017,8076.21028271204
010307,JAZAN,2018,8035
010307,JAZAN,2019,7994
010307,JAZAN,2020,7931
010307,JAZAN,2021,7855
010307,JAZAN,2022,7774
010307,JAZAN,2023,7683
010307,JAZAN,2024,7588
010307,JAZAN,2025,7494
010307,JAZAN,2026,7399
010308,RECTA,2017,221.004566210046
010308,RECTA,2018,220
010308,RECTA,2019,219
010308,RECTA,2020,218
010308,RECTA,2021,215
010308,RECTA,2022,216
010308,RECTA,2023,213
010308,RECTA,2024,208
010308,RECTA,2025,205
010308,RECTA,2026,202
010309,SAN CARLOS,2017,503.478504672897
010309,SAN CARLOS,2018,519
010309,SAN CARLOS,2019,535
010309,SAN CARLOS,2020,551
010309,SAN CARLOS,2021,565
010309,SAN CARLOS,2022,579
010309,SAN CARLOS,2023,592
010309,SAN CARLOS,2024,606
010309,SAN CARLOS,2025,619
010309,SAN CARLOS,2026,632
010310,SHIPASBAMBA,2017,1604.40821256039
010310,SHIPASBAMBA,2018,1630
010310,SHIPASBAMBA,2019,1656
010310,SHIPASBAMBA,2020,1678
010310,SHIPASBAMBA,2021,1698
010310,SHIPASBAMBA,2022,1716
010310,SHIPASBAMBA,2023,1730
010310,SHIPASBAMBA,2024,1748
010310,SHIPASBAMBA,2025,1761
010310,SHIPASBAMBA,2026,1774
010311,VALERA,2017,929.036866359447
010311,VALERA,2018,898
010311,VALERA,2019,868
010311,VALERA,2020,837
010311,VALERA,2021,806
010311,VALERA,2022,775
010311,VALERA,2023,745
010311,VALERA,2024,715
010311,VALERA,2025,687
010311,VALERA,2026,659
010312,YAMBRASBAMBA,2017,5864.1656325405
010312,YAMBRASBAMBA,2018,5833
010312,YAMBRASBAMBA,2019,5802
010312,YAMBRASBAMBA,2020,5757
010312,YAMBRASBAMBA,2021,5706
010312,YAMBRASBAMBA,2022,5645
010312,YAMBRASBAMBA,2023,5581
010312,YAMBRASBAMBA,2024,5513
010312,YAMBRASBAMBA,2025,5445
010312,YAMBRASBAMBA,2026,5376
010401,NIEVA,2017,21392.2149399649
010401,NIEVA,2018,21231
010401,NIEVA,2019,21071
010401,NIEVA,2020,20847
010401,NIEVA,2021,20569
010401,NIEVA,2022,20264
010401,NIEVA,2023,19939
010401,NIEVA,2024,19600
010401,NIEVA,2025,19256
010401,NIEVA,2026,18904
010402,EL CENEPA,2017,11523.0302955867
010402,EL CENEPA,2018,11863
010402,EL CENEPA,2019,12213
010402,EL CENEPA,2020,12537
010402,EL CENEPA,2021,12854
010402,EL CENEPA,2022,13122
010402,EL CENEPA,2023,13358
010402,EL CENEPA,2024,13578
010402,EL CENEPA,2025,13797
010402,EL CENEPA,2026,14016
010403,RIO SANTIAGO,2017,16640.9049763438
010403,RIO SANTIAGO,2018,17086
010403,RIO SANTIAGO,2019,17543
010403,RIO SANTIAGO,2020,17960
010403,RIO SANTIAGO,2021,18364
010403,RIO SANTIAGO,2022,18696
010403,RIO SANTIAGO,2023,18978
010403,RIO SANTIAGO,2024,19233
010403,RIO SANTIAGO,2025,19486
010403,RIO SANTIAGO,2026,19735
010501,LAMUD,2017,2377.0016799664
010501,LAMUD,2018,2379
010501,LAMUD,2019,2381
010501,LAMUD,2020,2375
010501,LAMUD,2021,2363
010501,LAMUD,2022,2345
010501,LAMUD,2023,2326
010501,LAMUD,2024,2305
010501,LAMUD,2025,2283
010501,LAMUD,2026,2261
010502,CAMPORREDONDO,2017,7205.60078146052
010502,CAMPORREDONDO,2018,7313
010502,CAMPORREDONDO,2019,7422
010502,CAMPORREDONDO,2020,7515
010502,CAMPORREDONDO,2021,7584
010502,CAMPORREDONDO,2022,7644
010502,CAMPORREDONDO,2023,7688
010502,CAMPORREDONDO,2024,7729
010502,CAMPORREDONDO,2025,7767
010502,CAMPORREDONDO,2026,7802
010503,COCABAMBA,2017,2106.17456479691
010503,COCABAMBA,2018,2087
010503,COCABAMBA,2019,2068
010503,COCABAMBA,2020,2045
010503,COCABAMBA,2021,2015
010503,COCABAMBA,2022,1983
010503,COCABAMBA,2023,1948
010503,COCABAMBA,2024,1913
010503,COCABAMBA,2025,1878
010503,COCABAMBA,2026,1842
010504,COLCAMAR,2017,2047.65620253165
010504,COLCAMAR,2018,2011
010504,COLCAMAR,2019,1975
010504,COLCAMAR,2020,1933
010504,COLCAMAR,2021,1887
010504,COLCAMAR,2022,1838
010504,COLCAMAR,2023,1789
010504,COLCAMAR,2024,1739
010504,COLCAMAR,2025,1689
010504,COLCAMAR,2026,1642
010505,CONILA,2017,1961.06240330067
010505,CONILA,2018,1950
010505,CONILA,2019,1939
010505,CONILA,2020,1923
010505,CONILA,2021,1899
010505,CONILA,2022,1875
010505,CONILA,2023,1847
010505,CONILA,2024,1819
010505,CONILA,2025,1791
010505,CONILA,2026,1762
010506,INGUILPATA,2017,532.448207171315
010506,INGUILPATA,2018,517
010506,INGUILPATA,2019,502
010506,INGUILPATA,2020,486
010506,INGUILPATA,2021,469
010506,INGUILPATA,2022,451
010506,INGUILPATA,2023,434
010506,INGUILPATA,2024,417
010506,INGUILPATA,2025,402
010506,INGUILPATA,2026,386
010507,LONGUITA,2017,904.040358744395
010507,LONGUITA,2018,898
010507,LONGUITA,2019,892
010507,LONGUITA,2020,883
010507,LONGUITA,2021,873
010507,LONGUITA,2022,860
010507,LONGUITA,2023,847
010507,LONGUITA,2024,833
010507,LONGUITA,2025,818
010507,LONGUITA,2026,804
010508,LONYA CHICO,2017,906.256849315069
010508,LONYA CHICO,2018,891
010508,LONYA CHICO,2019,876
010508,LONYA CHICO,2020,858
010508,LONYA CHICO,2021,838
010508,LONYA CHICO,2022,817
010508,LONYA CHICO,2023,796
010508,LONYA CHICO,2024,775
010508,LONYA CHICO,2025,753
010508,LONYA CHICO,2026,733
010509,LUYA,2017,4155.01546267214
010509,LUYA,2018,4147
010509,LUYA,2019,4139
010509,LUYA,2020,4118
010509,LUYA,2021,4086
010509,LUYA,2022,4047
010509,LUYA,2023,4004
010509,LUYA,2024,3957
010509,LUYA,2025,3911
010509,LUYA,2026,3862
010510,LUYA VIEJO,2017,409.002457002457
010510,LUYA VIEJO,2018,408
010510,LUYA VIEJO,2019,407
010510,LUYA VIEJO,2020,405
010510,LUYA VIEJO,2021,401
010510,LUYA VIEJO,2022,398
010510,LUYA VIEJO,2023,394
010510,LUYA VIEJO,2024,388
010510,LUYA VIEJO,2025,383
010510,LUYA VIEJO,2026,377
010511,MARIA,2017,799.062420382166
010511,MARIA,2018,792
010511,MARIA,2019,785
010511,MARIA,2020,776
010511,MARIA,2021,764
010511,MARIA,2022,752
010511,MARIA,2023,738
010511,MARIA,2024,724
010511,MARIA,2025,711
010511,MARIA,2026,697
010512,OCALLI,2017,3899.1015486164
010512,OCALLI,2018,3919
010512,OCALLI,2019,3939
010512,OCALLI,2020,3950
010512,OCALLI,2021,3953
010512,OCALLI,2022,3957
010512,OCALLI,2023,3962
010512,OCALLI,2024,3966
010512,OCALLI,2025,3971
010512,OCALLI,2026,3975
010513,OCUMAL,2017,3754.02678093198
010513,OCUMAL,2018,3744
010513,OCUMAL,2019,3734
010513,OCUMAL,2020,3712
010513,OCUMAL,2021,3679
010513,OCUMAL,2022,3641
010513,OCUMAL,2023,3599
010513,OCUMAL,2024,3554
010513,OCUMAL,2025,3508
010513,OCUMAL,2026,3462
010514,PISUQUIA,2017,5195.23902439024
010514,PISUQUIA,2018,5160
010514,PISUQUIA,2019,5125
010514,PISUQUIA,2020,5075
010514,PISUQUIA,2021,5012
010514,PISUQUIA,2022,4940
010514,PISUQUIA,2023,4862
010514,PISUQUIA,2024,4784
010514,PISUQUIA,2025,4707
010514,PISUQUIA,2026,4624
010515,PROVIDENCIA,2017,1413.03502501787
010515,PROVIDENCIA,2018,1406
010515,PROVIDENCIA,2019,1399
010515,PROVIDENCIA,2020,1389
010515,PROVIDENCIA,2021,1374
010515,PROVIDENCIA,2022,1356
010515,PROVIDENCIA,2023,1339
010515,PROVIDENCIA,2024,1320
010515,PROVIDENCIA,2025,1300
010515,PROVIDENCIA,2026,1280
010516,SAN CRISTOBAL,2017,589.300177619893
010516,SAN CRISTOBAL,2018,576
010516,SAN CRISTOBAL,2019,563
010516,SAN CRISTOBAL,2020,550
010516,SAN CRISTOBAL,2021,535
010516,SAN CRISTOBAL,2022,520
010516,SAN CRISTOBAL,2023,505
010516,SAN CRISTOBAL,2024,490
010516,SAN CRISTOBAL,2025,474
010516,SAN CRISTOBAL,2026,460
010517,SAN FRANCISCO DEL YESO,2017,751.048714479026
010517,SAN FRANCISCO DEL YESO,2018,745
010517,SAN FRANCISCO DEL YESO,2019,739
010517,SAN FRANCISCO DEL YESO,2020,732
010517,SAN FRANCISCO DEL YESO,2021,722
010517,SAN FRANCISCO DEL YESO,2022,711
010517,SAN FRANCISCO DEL YESO,2023,699
010517,SAN FRANCISCO DEL YESO,2024,688
010517,SAN FRANCISCO DEL YESO,2025,675
010517,SAN FRANCISCO DEL YESO,2026,663
010518,SAN JERONIMO,2017,691.82015503876
010518,SAN JERONIMO,2018,668
010518,SAN JERONIMO,2019,645
010518,SAN JERONIMO,2020,621
010518,SAN JERONIMO,2021,597
010518,SAN JERONIMO,2022,571
010518,SAN JERONIMO,2023,547
010518,SAN JERONIMO,2024,524
010518,SAN JERONIMO,2025,500
010518,SAN JERONIMO,2026,478
010519,SAN JUAN DE LOPECANCHA,2017,461.143820224719
010519,SAN JUAN DE LOPECANCHA,2018,453
010519,SAN JUAN DE LOPECANCHA,2019,445
010519,SAN JUAN DE LOPECANCHA,2020,434
010519,SAN JUAN DE LOPECANCHA,2021,423
010519,SAN JUAN DE LOPECANCHA,2022,411
010519,SAN JUAN DE LOPECANCHA,2023,399
010519,SAN JUAN DE LOPECANCHA,2024,388
010519,SAN JUAN DE LOPECANCHA,2025,377
010519,SAN JUAN DE LOPECANCHA,2026,366
010520,SANTA CATALINA,2017,2042.61305581835
010520,SANTA CATALINA,2018,2078
010520,SANTA CATALINA,2019,2114
010520,SANTA CATALINA,2020,2145
010520,SANTA CATALINA,2021,2168
010520,SANTA CATALINA,2022,2189
010520,SANTA CATALINA,2023,2206
010520,SANTA CATALINA,2024,2222
010520,SANTA CATALINA,2025,2238
010520,SANTA CATALINA,2026,2253
010521,SANTO TOMAS,2017,3225.7678285897
010521,SANTO TOMAS,2018,3176
010521,SANTO TOMAS,2019,3127
010521,SANTO TOMAS,2020,3070
010521,SANTO TOMAS,2021,3004
010521,SANTO TOMAS,2022,2935
010521,SANTO TOMAS,2023,2865
010521,SANTO TOMAS,2024,2793
010521,SANTO TOMAS,2025,2722
010521,SANTO TOMAS,2026,2653
010522,TINGO,2017,1343.10534016094
010522,TINGO,2018,1355
010522,TINGO,2019,1367
010522,TINGO,2020,1375
010522,TINGO,2021,1378
010522,TINGO,2022,1381
010522,TINGO,2023,1385
010522,TINGO,2024,1388
010522,TINGO,2025,1392
010522,TINGO,2026,1395
010523,TRITA,2017,1425.09937888199
010523,TRITA,2018,1437
010523,TRITA,2019,1449
010523,TRITA,2020,1457
010523,TRITA,2021,1458
010523,TRITA,2022,1459
010523,TRITA,2023,1461
010523,TRITA,2024,1463
010523,TRITA,2025,1464
010523,TRITA,2026,1465
010601,SAN NICOLAS,2017,6159.28801375215
010601,SAN NICOLAS,2018,6278
010601,SAN NICOLAS,2019,6399
010601,SAN NICOLAS,2020,6499
010601,SAN NICOLAS,2021,6551
010601,SAN NICOLAS,2022,6594
010601,SAN NICOLAS,2023,6629
010601,SAN NICOLAS,2024,6660
010601,SAN NICOLAS,2025,6690
010601,SAN NICOLAS,2026,6719
010602,CHIRIMOTO,2017,2629.64237227581
010602,CHIRIMOTO,2018,2713
010602,CHIRIMOTO,2019,2799
010602,CHIRIMOTO,2020,2877
010602,CHIRIMOTO,2021,2914
010602,CHIRIMOTO,2022,2946
010602,CHIRIMOTO,2023,2971
010602,CHIRIMOTO,2024,2996
010602,CHIRIMOTO,2025,3017
010602,CHIRIMOTO,2026,3037
010603,COCHAMAL,2017,623.039494470774
010603,COCHAMAL,2018,628
010603,COCHAMAL,2019,633
010603,COCHAMAL,2020,636
010603,COCHAMAL,2021,638
010603,COCHAMAL,2022,639
010603,COCHAMAL,2023,642
010603,COCHAMAL,2024,645
010603,COCHAMAL,2025,648
010603,COCHAMAL,2026,651
010604,HUAMBO,2017,2822.91844232182
010604,HUAMBO,2018,2772
010604,HUAMBO,2019,2722
010604,HUAMBO,2020,2664
010604,HUAMBO,2021,2590
010604,HUAMBO,2022,2515
010604,HUAMBO,2023,2439
010604,HUAMBO,2024,2363
010604,HUAMBO,2025,2287
010604,HUAMBO,2026,2211
010605,LIMABAMBA,2017,2517.27423935091
010605,LIMABAMBA,2018,2491
010605,LIMABAMBA,2019,2465
010605,LIMABAMBA,2020,2431
010605,LIMABAMBA,2021,2385
010605,LIMABAMBA,2022,2338
010605,LIMABAMBA,2023,2290
010605,LIMABAMBA,2024,2242
010605,LIMABAMBA,2025,2194
010605,LIMABAMBA,2026,2146
010606,LONGAR,2017,1717.09994086339
010606,LONGAR,2018,1704
010606,LONGAR,2019,1691
010606,LONGAR,2020,1673
010606,LONGAR,2021,1647
010606,LONGAR,2022,1621
010606,LONGAR,2023,1594
010606,LONGAR,2024,1567
010606,LONGAR,2025,1540
010606,LONGAR,2026,1513
010607,MARISCAL BENAVIDES,2017,1570.00255427842
010607,MARISCAL BENAVIDES,2018,1568
010607,MARISCAL BENAVIDES,2019,1566
010607,MARISCAL BENAVIDES,2020,1559
010607,MARISCAL BENAVIDES,2021,1539
010607,MARISCAL BENAVIDES,2022,1519
010607,MARISCAL BENAVIDES,2023,1498
010607,MARISCAL BENAVIDES,2024,1477
010607,MARISCAL BENAVIDES,2025,1456
010607,MARISCAL BENAVIDES,2026,1435
010608,MILPUC,2017,477.822323462415
010608,MILPUC,2018,458
010608,MILPUC,2019,439
010608,MILPUC,2020,419
010608,MILPUC,2021,411
010608,MILPUC,2022,405
010608,MILPUC,2023,399
010608,MILPUC,2024,393
010608,MILPUC,2025,387
010608,MILPUC,2026,381
010609,OMIA,2017,9381.24201424212
010609,OMIA,2018,9603
010609,OMIA,2019,9830
010609,OMIA,2020,10028
010609,OMIA,2021,10127
010609,OMIA,2022,10206
010609,OMIA,2023,10273
010609,OMIA,2024,10328
010609,OMIA,2025,10385
010609,OMIA,2026,10438
010610,SANTA ROSA,2017,542.029962546817
010610,SANTA ROSA,2018,538
010610,SANTA ROSA,2019,534
010610,SANTA ROSA,2020,529
010610,SANTA ROSA,2021,527
010610,SANTA ROSA,2022,526
010610,SANTA ROSA,2023,525
010610,SANTA ROSA,2024,524
010610,SANTA ROSA,2025,523
010610,SANTA ROSA,2026,522
010611,TOTORA,2017,296.031034482759
010611,TOTORA,2018,293
010611,TOTORA,2019,290
010611,TOTORA,2020,288
010611,TOTORA,2021,289
010611,TOTORA,2022,286
010611,TOTORA,2023,285
010611,TOTORA,2024,284
010611,TOTORA,2025,283
010611,TOTORA,2026,282
010612,VISTA ALEGRE,2017,3201.94166222696
010612,VISTA ALEGRE,2018,3467
010612,VISTA ALEGRE,2019,3754
010612,VISTA ALEGRE,2020,4048
010612,VISTA ALEGRE,2021,4277
010612,VISTA ALEGRE,2022,4504
010612,VISTA ALEGRE,2023,4729
010612,VISTA ALEGRE,2024,4955
010612,VISTA ALEGRE,2025,5180
010612,VISTA ALEGRE,2026,5404
010701,BAGUA GRANDE,2017,55449.7520674189
010701,BAGUA GRANDE,2018,56257
010701,BAGUA GRANDE,2019,57076
010701,BAGUA GRANDE,2020,57746
010701,BAGUA GRANDE,2021,58380
010701,BAGUA GRANDE,2022,58947
010701,BAGUA GRANDE,2023,59466
010701,BAGUA GRANDE,2024,59952
010701,BAGUA GRANDE,2025,60434
010701,BAGUA GRANDE,2026,60907
010702,CAJARURO,2017,25199.6457207389
010702,CAJARURO,2018,24996
010702,CAJARURO,2019,24794
010702,CAJARURO,2020,24525
010702,CAJARURO,2021,24236
010702,CAJARURO,2022,23916
010702,CAJARURO,2023,23574
010702,CAJARURO,2024,23221
010702,CAJARURO,2025,22864
010702,CAJARURO,2026,22504
010703,CUMBA,2017,8885.12348338814
010703,CUMBA,2018,8852
010703,CUMBA,2019,8819
010703,CUMBA,2020,8760
010703,CUMBA,2021,8695
010703,CUMBA,2022,8620
010703,CUMBA,2023,8536
010703,CUMBA,2024,8449
010703,CUMBA,2025,8361
010703,CUMBA,2026,8271
010704,EL MILAGRO,2017,6373.37104002473
010704,EL MILAGRO,2018,6422
010704,EL MILAGRO,2019,6471
010704,EL MILAGRO,2020,6503
010704,EL MILAGRO,2021,6531
010704,EL MILAGRO,2022,6551
010704,EL MILAGRO,2023,6564
010704,EL MILAGRO,2024,6576
010704,EL MILAGRO,2025,6586
010704,EL MILAGRO,2026,6596
010705,JAMALCA,2017,7337.15903150365
010705,JAMALCA,2018,7303
010705,JAMALCA,2019,7269
010705,JAMALCA,2020,7215
010705,JAMALCA,2021,7156
010705,JAMALCA,2022,7087
010705,JAMALCA,2023,7012
010705,JAMALCA,2024,6934
010705,JAMALCA,2025,6855
010705,JAMALCA,2026,6775
010706,LONYA GRANDE,2017,10887.9588624575
010706,LONYA GRANDE,2018,11034
010706,LONYA GRANDE,2019,11182
010706,LONYA GRANDE,2020,11300
010706,LONYA GRANDE,2021,11412
010706,LONYA GRANDE,2022,11509
010706,LONYA GRANDE,2023,11598
010706,LONYA GRANDE,2024,11681
010706,LONYA GRANDE,2025,11763
010706,LONYA GRANDE,2026,11843
010707,YAMON,2017,3218.04441702653
010707,YAMON,2018,3230
010707,YAMON,2019,3242
010707,YAMON,2020,3245
010707,YAMON,2021,3247
010707,YAMON,2022,3249
010707,YAMON,2023,3252
010707,YAMON,2024,3255
010707,YAMON,2025,3258
010707,YAMON,2026,3261
020101,HUARAZ,2017,64994.1858999081
020101,HUARAZ,2018,66195
020101,HUARAZ,2019,67418
020101,HUARAZ,2020,68466
020101,HUARAZ,2021,69249
020101,HUARAZ,2022,69882
020101,HUARAZ,2023,70410
020101,HUARAZ,2024,70876
020101,HUARAZ,2025,71323
020101,HUARAZ,2026,71747
020102,COCHABAMBA,2017,1767.28090539756
020102,COCHABAMBA,2018,1745
020102,COCHABAMBA,2019,1723
020102,COCHABAMBA,2020,1698
020102,COCHABAMBA,2021,1682
020102,COCHABAMBA,2022,1669
020102,COCHABAMBA,2023,1658
020102,COCHABAMBA,2024,1648
020102,COCHABAMBA,2025,1638
020102,COCHABAMBA,2026,1628
020103,COLCABAMBA,2017,336.505119453925
020103,COLCABAMBA,2018,314
020103,COLCABAMBA,2019,293
020103,COLCABAMBA,2020,274
020103,COLCABAMBA,2021,262
020103,COLCABAMBA,2022,252
020103,COLCABAMBA,2023,245
020103,COLCABAMBA,2024,239
020103,COLCABAMBA,2025,234
020103,COLCABAMBA,2026,228
020104,HUANCHAY,2017,1763.81053878034
020104,HUANCHAY,2018,1726
020104,HUANCHAY,2019,1689
020104,HUANCHAY,2020,1652
020104,HUANCHAY,2021,1627
020104,HUANCHAY,2022,1608
020104,HUANCHAY,2023,1593
020104,HUANCHAY,2024,1580
020104,HUANCHAY,2025,1566
020104,HUANCHAY,2026,1553
020105,INDEPENDENCIA,2017,80261.0232894938
020105,INDEPENDENCIA,2018,82563
020105,INDEPENDENCIA,2019,84931
020105,INDEPENDENCIA,2020,87112
020105,INDEPENDENCIA,2021,88989
020105,INDEPENDENCIA,2022,90711
020105,INDEPENDENCIA,2023,92336
020105,INDEPENDENCIA,2024,93922
020105,INDEPENDENCIA,2025,95535
020105,INDEPENDENCIA,2026,97176
020106,JANGAS,2017,4975.3086804204
020106,JANGAS,2018,5056
020106,JANGAS,2019,5138
020106,JANGAS,2020,5206
020106,JANGAS,2021,5254
020106,JANGAS,2022,5292
020106,JANGAS,2023,5320
020106,JANGAS,2024,5344
020106,JANGAS,2025,5366
020106,JANGAS,2026,5384
020107,LA LIBERTAD,2017,1142.08912655971
020107,LA LIBERTAD,2018,1132
020107,LA LIBERTAD,2019,1122
020107,LA LIBERTAD,2020,1110
020107,LA LIBERTAD,2021,1102
020107,LA LIBERTAD,2022,1095
020107,LA LIBERTAD,2023,1090
020107,LA LIBERTAD,2024,1084
020107,LA LIBERTAD,2025,1079
020107,LA LIBERTAD,2026,1074
020108,OLLEROS,2017,2512.00039777247
020108,OLLEROS,2018,2513
020108,OLLEROS,2019,2514
020108,OLLEROS,2020,2507
020108,OLLEROS,2021,2503
020108,OLLEROS,2022,2498
020108,OLLEROS,2023,2493
020108,OLLEROS,2024,2487
020108,OLLEROS,2025,2481
020108,OLLEROS,2026,2474
020109,PAMPAS GRANDE,2017,1060.39215686275
020109,PAMPAS GRANDE,2018,1040
020109,PAMPAS GRANDE,2019,1020
020109,PAMPAS GRANDE,2020,998
020109,PAMPAS GRANDE,2021,984
020109,PAMPAS GRANDE,2022,973
020109,PAMPAS GRANDE,2023,964
020109,PAMPAS GRANDE,2024,956
020109,PAMPAS GRANDE,2025,948
020109,PAMPAS GRANDE,2026,941
020110,PARIACOTO,2017,4994.39938020531
020110,PARIACOTO,2018,5078
020110,PARIACOTO,2019,5163
020110,PARIACOTO,2020,5235
020110,PARIACOTO,2021,5287
020110,PARIACOTO,2022,5328
020110,PARIACOTO,2023,5361
020110,PARIACOTO,2024,5391
020110,PARIACOTO,2025,5418
020110,PARIACOTO,2026,5444
020111,PIRA,2017,3554.09209778283
020111,PIRA,2018,3536
020111,PIRA,2019,3518
020111,PIRA,2020,3489
020111,PIRA,2021,3472
020111,PIRA,2022,3456
020111,PIRA,2023,3442
020111,PIRA,2024,3428
020111,PIRA,2025,3414
020111,PIRA,2026,3401
020112,TARICA,2017,6926.89668801963
020112,TARICA,2018,7129
020112,TARICA,2019,7337
020112,TARICA,2020,7529
020112,TARICA,2021,7695
020112,TARICA,2022,7848
020112,TARICA,2023,7992
020112,TARICA,2024,8133
020112,TARICA,2025,8277
020112,TARICA,2026,8423
020201,AIJA,2017,2141.13287356322
020201,AIJA,2018,2158
020201,AIJA,2019,2175
020201,AIJA,2020,2182
020201,AIJA,2021,2186
020201,AIJA,2022,2184
020201,AIJA,2023,2178
020201,AIJA,2024,2169
020201,AIJA,2025,2158
020201,AIJA,2026,2145
020202,CORIS,2017,1743.53475935829
020202,CORIS,2018,1713
020202,CORIS,2019,1683
020202,CORIS,2020,1649
020202,CORIS,2021,1594
020202,CORIS,2022,1538
020202,CORIS,2023,1480
020202,CORIS,2024,1424
020202,CORIS,2025,1369
020202,CORIS,2026,1315
020203,HUACLLAN,2017,395.388140161725
020203,HUACLLAN,2018,383
020203,HUACLLAN,2019,371
020203,HUACLLAN,2020,358
020203,HUACLLAN,2021,342
020203,HUACLLAN,2022,327
020203,HUACLLAN,2023,312
020203,HUACLLAN,2024,296
020203,HUACLLAN,2025,281
020203,HUACLLAN,2026,267
020204,LA MERCED,2017,1682.85378258106
020204,LA MERCED,2018,1627
020204,LA MERCED,2019,1573
020204,LA MERCED,2020,1517
020204,LA MERCED,2021,1468
020204,LA MERCED,2022,1418
020204,LA MERCED,2023,1366
020204,LA MERCED,2024,1315
020204,LA MERCED,2025,1266
020204,LA MERCED,2026,1217
020205,SUCCHA,2017,763.194857916103
020205,SUCCHA,2018,751
020205,SUCCHA,2019,739
020205,SUCCHA,2020,727
020205,SUCCHA,2021,715
020205,SUCCHA,2022,703
020205,SUCCHA,2023,688
020205,SUCCHA,2024,674
020205,SUCCHA,2025,660
020205,SUCCHA,2026,646
020301,LLAMELLIN,2017,3490.14045269878
020301,LLAMELLIN,2018,3468
020301,LLAMELLIN,2019,3446
020301,LLAMELLIN,2020,3413
020301,LLAMELLIN,2021,3373
020301,LLAMELLIN,2022,3325
020301,LLAMELLIN,2023,3272
020301,LLAMELLIN,2024,3216
020301,LLAMELLIN,2025,3159
020301,LLAMELLIN,2026,3102
020302,ACZO,2017,2038.31438631791
020302,ACZO,2018,2013
020302,ACZO,2019,1988
020302,ACZO,2020,1958
020302,ACZO,2021,1914
020302,ACZO,2022,1863
020302,ACZO,2023,1809
020302,ACZO,2024,1752
020302,ACZO,2025,1696
020302,ACZO,2026,1640
020303,CHACCHO,2017,1457.9357400722
020303,CHACCHO,2018,1421
020303,CHACCHO,2019,1385
020303,CHACCHO,2020,1346
020303,CHACCHO,2021,1314
020303,CHACCHO,2022,1283
020303,CHACCHO,2023,1254
020303,CHACCHO,2024,1225
020303,CHACCHO,2025,1197
020303,CHACCHO,2026,1168
020304,CHINGAS,2017,1964.0081799591
020304,CHINGAS,2018,1960
020304,CHINGAS,2019,1956
020304,CHINGAS,2020,1946
020304,CHINGAS,2021,1898
020304,CHINGAS,2022,1843
020304,CHINGAS,2023,1785
020304,CHINGAS,2024,1725
020304,CHINGAS,2025,1666
020304,CHINGAS,2026,1607
020305,MIRGAS,2017,4347.06576448243
020305,MIRGAS,2018,4279
020305,MIRGAS,2019,4212
020305,MIRGAS,2020,4135
020305,MIRGAS,2021,4063
020305,MIRGAS,2022,3986
020305,MIRGAS,2023,3910
020305,MIRGAS,2024,3832
020305,MIRGAS,2025,3754
020305,MIRGAS,2026,3677
020306,SAN JUAN DE RONTOY,2017,1235.61727349704
020306,SAN JUAN DE RONTOY,2018,1208
020306,SAN JUAN DE RONTOY,2019,1181
020306,SAN JUAN DE RONTOY,2020,1152
020306,SAN JUAN DE RONTOY,2021,1128
020306,SAN JUAN DE RONTOY,2022,1104
020306,SAN JUAN DE RONTOY,2023,1078
020306,SAN JUAN DE RONTOY,2024,1055
020306,SAN JUAN DE RONTOY,2025,1032
020306,SAN JUAN DE RONTOY,2026,1009
020401,CHACAS,2017,4879.1510880829
020401,CHACAS,2018,4852
020401,CHACAS,2019,4825
020401,CHACAS,2020,4787
020401,CHACAS,2021,4731
020401,CHACAS,2022,4665
020401,CHACAS,2023,4596
020401,CHACAS,2024,4521
020401,CHACAS,2025,4447
020401,CHACAS,2026,4372
020402,ACOCHACA,2017,3074.74127516779
020402,ACOCHACA,2018,3027
020402,ACOCHACA,2019,2980
020402,ACOCHACA,2020,2923
020402,ACOCHACA,2021,2860
020402,ACOCHACA,2022,2792
020402,ACOCHACA,2023,2720
020402,ACOCHACA,2024,2649
020402,ACOCHACA,2025,2578
020402,ACOCHACA,2026,2506
020501,CHIQUIAN,2017,4089.0021978022
020501,CHIQUIAN,2018,4092
020501,CHIQUIAN,2019,4095
020501,CHIQUIAN,2020,4087
020501,CHIQUIAN,2021,4047
020501,CHIQUIAN,2022,3990
020501,CHIQUIAN,2023,3924
020501,CHIQUIAN,2024,3851
020501,CHIQUIAN,2025,3777
020501,CHIQUIAN,2026,3704
020502,ABELARDO PARDO LEZAMETA,2017,268.402597402597
020502,ABELARDO PARDO LEZAMETA,2018,249
020502,ABELARDO PARDO LEZAMETA,2019,231
020502,ABELARDO PARDO LEZAMETA,2020,215
020502,ABELARDO PARDO LEZAMETA,2021,210
020502,ABELARDO PARDO LEZAMETA,2022,203
020502,ABELARDO PARDO LEZAMETA,2023,196
020502,ABELARDO PARDO LEZAMETA,2024,189
020502,ABELARDO PARDO LEZAMETA,2025,183
020502,ABELARDO PARDO LEZAMETA,2026,177
020503,ANTONIO RAYMONDI,2017,1058.13926499033
020503,ANTONIO RAYMONDI,2018,1046
020503,ANTONIO RAYMONDI,2019,1034
020503,ANTONIO RAYMONDI,2020,1020
020503,ANTONIO RAYMONDI,2021,990
020503,ANTONIO RAYMONDI,2022,958
020503,ANTONIO RAYMONDI,2023,927
020503,ANTONIO RAYMONDI,2024,896
020503,ANTONIO RAYMONDI,2025,865
020503,ANTONIO RAYMONDI,2026,834
020504,AQUIA,2017,2241.265917603
020504,AQUIA,2018,2188
020504,AQUIA,2019,2136
020504,AQUIA,2020,2079
020504,AQUIA,2021,2000
020504,AQUIA,2022,1925
020504,AQUIA,2023,1853
020504,AQUIA,2024,1782
020504,AQUIA,2025,1714
020504,AQUIA,2026,1646
020505,CAJACAY,2017,1820.17456896552
020505,CAJACAY,2018,1838
020505,CAJACAY,2019,1856
020505,CAJACAY,2020,1868
020505,CAJACAY,2021,1888
020505,CAJACAY,2022,1899
020505,CAJACAY,2023,1904
020505,CAJACAY,2024,1909
020505,CAJACAY,2025,1914
020505,CAJACAY,2026,1919
020506,CANIS,2017,339.342281879195
020506,CANIS,2018,318
020506,CANIS,2019,298
020506,CANIS,2020,279
020506,CANIS,2021,261
020506,CANIS,2022,246
020506,CANIS,2023,232
020506,CANIS,2024,221
020506,CANIS,2025,209
020506,CANIS,2026,197
020507,COLQUIOC,2017,2500.95840266223
020507,COLQUIOC,2018,2452
020507,COLQUIOC,2019,2404
020507,COLQUIOC,2020,2348
020507,COLQUIOC,2021,2265
020507,COLQUIOC,2022,2183
020507,COLQUIOC,2023,2104
020507,COLQUIOC,2024,2027
020507,COLQUIOC,2025,1953
020507,COLQUIOC,2026,1879
020508,HUALLANCA,2017,6846.07095310136
020508,HUALLANCA,2018,6727
020508,HUALLANCA,2019,6610
020508,HUALLANCA,2020,6473
020508,HUALLANCA,2021,6401
020508,HUALLANCA,2022,6304
020508,HUALLANCA,2023,6193
020508,HUALLANCA,2024,6064
020508,HUALLANCA,2025,5931
020508,HUALLANCA,2026,5800
020509,HUASTA,2017,1543.09375
020509,HUASTA,2018,1474
020509,HUASTA,2019,1408
020509,HUASTA,2020,1341
020509,HUASTA,2021,1271
020509,HUASTA,2022,1210
020509,HUASTA,2023,1153
020509,HUASTA,2024,1101
020509,HUASTA,2025,1052
020509,HUASTA,2026,1003
020510,HUAYLLACAYAN,2017,1343.05951506245
020510,HUAYLLACAYAN,2018,1352
020510,HUAYLLACAYAN,2019,1361
020510,HUAYLLACAYAN,2020,1365
020510,HUAYLLACAYAN,2021,1336
020510,HUAYLLACAYAN,2022,1298
020510,HUAYLLACAYAN,2023,1256
020510,HUAYLLACAYAN,2024,1212
020510,HUAYLLACAYAN,2025,1169
020510,HUAYLLACAYAN,2026,1126
020511,LA PRIMAVERA,2017,488.491266375546
020511,LA PRIMAVERA,2018,473
020511,LA PRIMAVERA,2019,458
020511,LA PRIMAVERA,2020,444
020511,LA PRIMAVERA,2021,421
020511,LA PRIMAVERA,2022,399
020511,LA PRIMAVERA,2023,378
020511,LA PRIMAVERA,2024,359
020511,LA PRIMAVERA,2025,342
020511,LA PRIMAVERA,2026,325
020512,MANGAS,2017,528.030769230769
020512,MANGAS,2018,524
020512,MANGAS,2019,520
020512,MANGAS,2020,515
020512,MANGAS,2021,501
020512,MANGAS,2022,486
020512,MANGAS,2023,471
020512,MANGAS,2024,455
020512,MANGAS,2025,440
020512,MANGAS,2026,425
020513,PACLLON,2017,996.748633879781
020513,PACLLON,2018,955
020513,PACLLON,2019,915
020513,PACLLON,2020,874
020513,PACLLON,2021,830
020513,PACLLON,2022,792
020513,PACLLON,2023,755
020513,PACLLON,2024,722
020513,PACLLON,2025,691
020513,PACLLON,2026,660
020514,SAN MIGUEL DE CORPANQUI,2017,530.733739837398
020514,SAN MIGUEL DE CORPANQUI,2018,511
020514,SAN MIGUEL DE CORPANQUI,2019,492
020514,SAN MIGUEL DE CORPANQUI,2020,471
020514,SAN MIGUEL DE CORPANQUI,2021,449
020514,SAN MIGUEL DE CORPANQUI,2022,429
020514,SAN MIGUEL DE CORPANQUI,2023,410
020514,SAN MIGUEL DE CORPANQUI,2024,392
020514,SAN MIGUEL DE CORPANQUI,2025,375
020514,SAN MIGUEL DE CORPANQUI,2026,358
020515,TICLLOS,2017,700.737804878049
020515,TICLLOS,2018,678
020515,TICLLOS,2019,656
020515,TICLLOS,2020,633
020515,TICLLOS,2021,605
020515,TICLLOS,2022,580
020515,TICLLOS,2023,556
020515,TICLLOS,2024,534
020515,TICLLOS,2025,511
020515,TICLLOS,2026,488
020601,CARHUAZ,2017,15855.0840637935
020601,CARHUAZ,2018,16139
020601,CARHUAZ,2019,16428
020601,CARHUAZ,2020,16675
020601,CARHUAZ,2021,16804
020601,CARHUAZ,2022,16917
020601,CARHUAZ,2023,17006
020601,CARHUAZ,2024,17083
020601,CARHUAZ,2025,17155
020601,CARHUAZ,2026,17222
020602,ACOPAMPA,2017,2700.4176300578
020602,ACOPAMPA,2018,2734
020602,ACOPAMPA,2019,2768
020602,ACOPAMPA,2020,2794
020602,ACOPAMPA,2021,2812
020602,ACOPAMPA,2022,2820
020602,ACOPAMPA,2023,2823
020602,ACOPAMPA,2024,2826
020602,ACOPAMPA,2025,2829
020602,ACOPAMPA,2026,2831
020603,AMASHCA,2017,1541.02354480052
020603,AMASHCA,2018,1535
020603,AMASHCA,2019,1529
020603,AMASHCA,2020,1520
020603,AMASHCA,2021,1507
020603,AMASHCA,2022,1491
020603,AMASHCA,2023,1473
020603,AMASHCA,2024,1453
020603,AMASHCA,2025,1434
020603,AMASHCA,2026,1414
020604,ANTA,2017,2527.26211709965
020604,ANTA,2018,2553
020604,ANTA,2019,2579
020604,ANTA,2020,2598
020604,ANTA,2021,2610
020604,ANTA,2022,2613
020604,ANTA,2023,2615
020604,ANTA,2024,2617
020604,ANTA,2025,2619
020604,ANTA,2026,2620
020605,ATAQUERO,2017,1579.12196639701
020605,ATAQUERO,2018,1593
020605,ATAQUERO,2019,1607
020605,ATAQUERO,2020,1617
020605,ATAQUERO,2021,1624
020605,ATAQUERO,2022,1628
020605,ATAQUERO,2023,1632
020605,ATAQUERO,2024,1636
020605,ATAQUERO,2025,1640
020605,ATAQUERO,2026,1643
020606,MARCARA,2017,10167.3637307656
020606,MARCARA,2018,10378
020606,MARCARA,2019,10593
020606,MARCARA,2020,10782
020606,MARCARA,2021,10940
020606,MARCARA,2022,11067
020606,MARCARA,2023,11167
020606,MARCARA,2024,11249
020606,MARCARA,2025,11321
020606,MARCARA,2026,11389
020607,PARIAHUANCA,2017,1456.00068587106
020607,PARIAHUANCA,2018,1457
020607,PARIAHUANCA,2019,1458
020607,PARIAHUANCA,2020,1455
020607,PARIAHUANCA,2021,1455
020607,PARIAHUANCA,2022,1454
020607,PARIAHUANCA,2023,1450
020607,PARIAHUANCA,2024,1444
020607,PARIAHUANCA,2025,1440
020607,PARIAHUANCA,2026,1435
020608,SAN MIGUEL DE ACO,2017,2499.00359281437
020608,SAN MIGUEL DE ACO,2018,2502
020608,SAN MIGUEL DE ACO,2019,2505
020608,SAN MIGUEL DE ACO,2020,2502
020608,SAN MIGUEL DE ACO,2021,2502
020608,SAN MIGUEL DE ACO,2022,2498
020608,SAN MIGUEL DE ACO,2023,2493
020608,SAN MIGUEL DE ACO,2024,2487
020608,SAN MIGUEL DE ACO,2025,2480
020608,SAN MIGUEL DE ACO,2026,2472
020609,SHILLA,2017,2981.12266394835
020609,SHILLA,2018,2962
020609,SHILLA,2019,2943
020609,SHILLA,2020,2915
020609,SHILLA,2021,2901
020609,SHILLA,2022,2886
020609,SHILLA,2023,2872
020609,SHILLA,2024,2858
020609,SHILLA,2025,2843
020609,SHILLA,2026,2827
020610,TINCO,2017,3598.19190047644
020610,TINCO,2018,3687
020610,TINCO,2019,3778
020610,TINCO,2020,3861
020610,TINCO,2021,3933
020610,TINCO,2022,3995
020610,TINCO,2023,4050
020610,TINCO,2024,4099
020610,TINCO,2025,4146
020610,TINCO,2026,4191
020611,YUNGAR,2017,3236.13453325198
020611,YUNGAR,2018,3257
020611,YUNGAR,2019,3278
020611,YUNGAR,2020,3288
020611,YUNGAR,2021,3298
020611,YUNGAR,2022,3300
020611,YUNGAR,2023,3302
020611,YUNGAR,2024,3304
020611,YUNGAR,2025,3306
020611,YUNGAR,2026,3307
020701,SAN LUIS,2017,11246.1735077971
020701,SAN LUIS,2018,11202
020701,SAN LUIS,2019,11158
020701,SAN LUIS,2020,11083
020701,SAN LUIS,2021,10975
020701,SAN LUIS,2022,10842
020701,SAN LUIS,2023,10694
020701,SAN LUIS,2024,10528
020701,SAN LUIS,2025,10347
020701,SAN LUIS,2026,10150
020702,SAN NICOLAS,2017,3362.48750761731
020702,SAN NICOLAS,2018,3322
020702,SAN NICOLAS,2019,3282
020702,SAN NICOLAS,2020,3233
020702,SAN NICOLAS,2021,3171
020702,SAN NICOLAS,2022,3101
020702,SAN NICOLAS,2023,3025
020702,SAN NICOLAS,2024,2947
020702,SAN NICOLAS,2025,2868
020702,SAN NICOLAS,2026,2788
020703,YAUYA,2017,4392.0544984731
020703,YAUYA,2018,4324
020703,YAUYA,2019,4257
020703,YAUYA,2020,4180
020703,YAUYA,2021,4085
020703,YAUYA,2022,3982
020703,YAUYA,2023,3872
020703,YAUYA,2024,3758
020703,YAUYA,2025,3645
020703,YAUYA,2026,3529
020801,CASMA,2017,37013.8392557145
020801,CASMA,2018,38133
020801,CASMA,2019,39286
020801,CASMA,2020,40363
020801,CASMA,2021,41315
020801,CASMA,2022,42209
020801,CASMA,2023,43067
020801,CASMA,2024,43919
020801,CASMA,2025,44792
020801,CASMA,2026,45688
020802,BUENA VISTA ALTA,2017,4984.15163002274
020802,BUENA VISTA ALTA,2018,5128
020802,BUENA VISTA ALTA,2019,5276
020802,BUENA VISTA ALTA,2020,5413
020802,BUENA VISTA ALTA,2021,5533
020802,BUENA VISTA ALTA,2022,5645
020802,BUENA VISTA ALTA,2023,5751
020802,BUENA VISTA ALTA,2024,5856
020802,BUENA VISTA ALTA,2025,5963
020802,BUENA VISTA ALTA,2026,6072
020803,COMANDANTE NOEL,2017,2247.47081712062
020803,COMANDANTE NOEL,2018,2280
020803,COMANDANTE NOEL,2019,2313
020803,COMANDANTE NOEL,2020,2340
020803,COMANDANTE NOEL,2021,2360
020803,COMANDANTE NOEL,2022,2375
020803,COMANDANTE NOEL,2023,2387
020803,COMANDANTE NOEL,2024,2396
020803,COMANDANTE NOEL,2025,2405
020803,COMANDANTE NOEL,2026,2413
020804,YAUTAN,2017,8682.87947122862
020804,YAUTAN,2018,8841
020804,YAUTAN,2019,9002
020804,YAUTAN,2020,9140
020804,YAUTAN,2021,9264
020804,YAUTAN,2022,9376
020804,YAUTAN,2023,9483
020804,YAUTAN,2024,9587
020804,YAUTAN,2025,9693
020804,YAUTAN,2026,9802
020901,CORONGO,2017,1786.00502232143
020901,CORONGO,2018,1789
020901,CORONGO,2019,1792
020901,CORONGO,2020,1790
020901,CORONGO,2021,1794
020901,CORONGO,2022,1795
020901,CORONGO,2023,1796
020901,CORONGO,2024,1797
020901,CORONGO,2025,1798
020901,CORONGO,2026,1799
020902,ACO,2017,411.255754475703
020902,ACO,2018,401
020902,ACO,2019,391
020902,ACO,2020,380
020902,ACO,2021,366
020902,ACO,2022,352
020902,ACO,2023,336
020902,ACO,2024,321
020902,ACO,2025,307
020902,ACO,2026,293
020903,BAMBAS,2017,483
020903,BAMBAS,2018,483
020903,BAMBAS,2019,483
020903,BAMBAS,2020,481
020903,BAMBAS,2021,474
020903,BAMBAS,2022,464
020903,BAMBAS,2023,453
020903,BAMBAS,2024,441
020903,BAMBAS,2025,426
020903,BAMBAS,2026,411
020904,CUSCA,2017,2838.1127348643
020904,CUSCA,2018,2856
020904,CUSCA,2019,2874
020904,CUSCA,2020,2881
020904,CUSCA,2021,2892
020904,CUSCA,2022,2901
020904,CUSCA,2023,2903
020904,CUSCA,2024,2907
020904,CUSCA,2025,2911
020904,CUSCA,2026,2913
020905,LA PAMPA,2017,1092.0147601476
020905,LA PAMPA,2018,1088
020905,LA PAMPA,2019,1084
020905,LA PAMPA,2020,1078
020905,LA PAMPA,2021,1062
020905,LA PAMPA,2022,1044
020905,LA PAMPA,2023,1024
020905,LA PAMPA,2024,999
020905,LA PAMPA,2025,972
020905,LA PAMPA,2026,945
020906,YANAC,2017,680.02380952381
020906,YANAC,2018,676
020906,YANAC,2019,672
020906,YANAC,2020,666
020906,YANAC,2021,654
020906,YANAC,2022,638
020906,YANAC,2023,622
020906,YANAC,2024,604
020906,YANAC,2025,587
020906,YANAC,2026,570
020907,YUPAN,2017,741
020907,YUPAN,2018,741
020907,YUPAN,2019,741
020907,YUPAN,2020,741
020907,YUPAN,2021,727
020907,YUPAN,2022,712
020907,YUPAN,2023,697
020907,YUPAN,2024,681
020907,YUPAN,2025,665
020907,YUPAN,2026,649
021001,HUARI,2017,9756.06373648786
021001,HUARI,2018,9781
021001,HUARI,2019,9806
021001,HUARI,2020,9803
021001,HUARI,2021,9796
021001,HUARI,2022,9786
021001,HUARI,2023,9776
021001,HUARI,2024,9765
021001,HUARI,2025,9756
021001,HUARI,2026,9749
021002,ANRA,2017,1491.39916839917
021002,ANRA,2018,1467
021002,ANRA,2019,1443
021002,ANRA,2020,1414
021002,ANRA,2021,1394
021002,ANRA,2022,1371
021002,ANRA,2023,1344
021002,ANRA,2024,1316
021002,ANRA,2025,1283
021002,ANRA,2026,1249
021003,CAJAY,2017,2732.16394052045
021003,CAJAY,2018,2711
021003,CAJAY,2019,2690
021003,CAJAY,2020,2661
021003,CAJAY,2021,2651
021003,CAJAY,2022,2637
021003,CAJAY,2023,2619
021003,CAJAY,2024,2599
021003,CAJAY,2025,2576
021003,CAJAY,2026,2550
021004,CHAVIN DE HUANTAR,2017,8579.11283315722
021004,CHAVIN DE HUANTAR,2018,8548
021004,CHAVIN DE HUANTAR,2019,8517
021004,CHAVIN DE HUANTAR,2020,8462
021004,CHAVIN DE HUANTAR,2021,8467
021004,CHAVIN DE HUANTAR,2022,8464
021004,CHAVIN DE HUANTAR,2023,8453
021004,CHAVIN DE HUANTAR,2024,8436
021004,CHAVIN DE HUANTAR,2025,8415
021004,CHAVIN DE HUANTAR,2026,8390
021005,HUACACHI,2017,1898.17400644468
021005,HUACACHI,2018,1880
021005,HUACACHI,2019,1862
021005,HUACACHI,2020,1841
021005,HUACACHI,2021,1836
021005,HUACACHI,2022,1830
021005,HUACACHI,2023,1825
021005,HUACACHI,2024,1821
021005,HUACACHI,2025,1818
021005,HUACACHI,2026,1816
021006,HUACCHIS,2017,1531.21991701245
021006,HUACCHIS,2018,1488
021006,HUACCHIS,2019,1446
021006,HUACCHIS,2020,1401
021006,HUACCHIS,2021,1366
021006,HUACCHIS,2022,1330
021006,HUACCHIS,2023,1294
021006,HUACCHIS,2024,1255
021006,HUACCHIS,2025,1216
021006,HUACCHIS,2026,1174
021007,HUACHIS,2017,3618.01359600444
021007,HUACHIS,2018,3611
021007,HUACHIS,2019,3604
021007,HUACHIS,2020,3589
021007,HUACHIS,2021,3602
021007,HUACHIS,2022,3614
021007,HUACHIS,2023,3625
021007,HUACHIS,2024,3636
021007,HUACHIS,2025,3649
021007,HUACHIS,2026,3663
021008,HUANTAR,2017,2796.07080924855
021008,HUANTAR,2018,2782
021008,HUANTAR,2019,2768
021008,HUANTAR,2020,2746
021008,HUANTAR,2021,2743
021008,HUANTAR,2022,2737
021008,HUANTAR,2023,2728
021008,HUANTAR,2024,2717
021008,HUANTAR,2025,2705
021008,HUANTAR,2026,2691
021009,MASIN,2017,1478.0306923626
021009,MASIN,2018,1439
021009,MASIN,2019,1401
021009,MASIN,2020,1360
021009,MASIN,2021,1329
021009,MASIN,2022,1297
021009,MASIN,2023,1264
021009,MASIN,2024,1230
021009,MASIN,2025,1193
021009,MASIN,2026,1155
021010,PAUCAS,2017,1663.60024984385
021010,PAUCAS,2018,1632
021010,PAUCAS,2019,1601
021010,PAUCAS,2020,1565
021010,PAUCAS,2021,1539
021010,PAUCAS,2022,1511
021010,PAUCAS,2023,1479
021010,PAUCAS,2024,1446
021010,PAUCAS,2025,1408
021010,PAUCAS,2026,1368
021011,PONTO,2017,2877.8284789644
021011,PONTO,2018,2829
021011,PONTO,2019,2781
021011,PONTO,2020,2725
021011,PONTO,2021,2688
021011,PONTO,2022,2647
021011,PONTO,2023,2602
021011,PONTO,2024,2552
021011,PONTO,2025,2499
021011,PONTO,2026,2443
021012,RAHUAPAMPA,2017,747.005326231691
021012,RAHUAPAMPA,2018,749
021012,RAHUAPAMPA,2019,751
021012,RAHUAPAMPA,2020,751
021012,RAHUAPAMPA,2021,759
021012,RAHUAPAMPA,2022,764
021012,RAHUAPAMPA,2023,767
021012,RAHUAPAMPA,2024,771
021012,RAHUAPAMPA,2025,776
021012,RAHUAPAMPA,2026,781
021013,RAPAYAN,2017,1517.19487525287
021013,RAPAYAN,2018,1500
021013,RAPAYAN,2019,1483
021013,RAPAYAN,2020,1461
021013,RAPAYAN,2021,1449
021013,RAPAYAN,2022,1433
021013,RAPAYAN,2023,1415
021013,RAPAYAN,2024,1394
021013,RAPAYAN,2025,1372
021013,RAPAYAN,2026,1346
021014,SAN MARCOS,2017,17910.0387409201
021014,SAN MARCOS,2018,18446
021014,SAN MARCOS,2019,18998
021014,SAN MARCOS,2020,19498
021014,SAN MARCOS,2021,19745
021014,SAN MARCOS,2022,19991
021014,SAN MARCOS,2023,20237
021014,SAN MARCOS,2024,20489
021014,SAN MARCOS,2025,20749
021014,SAN MARCOS,2026,21016
021015,SAN PEDRO DE CHANA,2017,2679.02374768089
021015,SAN PEDRO DE CHANA,2018,2687
021015,SAN PEDRO DE CHANA,2019,2695
021015,SAN PEDRO DE CHANA,2020,2694
021015,SAN PEDRO DE CHANA,2021,2711
021015,SAN PEDRO DE CHANA,2022,2724
021015,SAN PEDRO DE CHANA,2023,2734
021015,SAN PEDRO DE CHANA,2024,2741
021015,SAN PEDRO DE CHANA,2025,2745
021015,SAN PEDRO DE CHANA,2026,2748
021016,UCO,2017,1391.7716654107
021016,UCO,2018,1359
021016,UCO,2019,1327
021016,UCO,2020,1293
021016,UCO,2021,1269
021016,UCO,2022,1246
021016,UCO,2023,1223
021016,UCO,2024,1199
021016,UCO,2025,1176
021016,UCO,2026,1151
021101,HUARMEY,2017,25571.0255216934
021101,HUARMEY,2018,26102
021101,HUARMEY,2019,26644
021101,HUARMEY,2020,27123
021101,HUARMEY,2021,27494
021101,HUARMEY,2022,27805
021101,HUARMEY,2023,28067
021101,HUARMEY,2024,28300
021101,HUARMEY,2025,28519
021101,HUARMEY,2026,28725
021102,COCHAPETI,2017,824.004878048781
021102,COCHAPETI,2018,822
021102,COCHAPETI,2019,820
021102,COCHAPETI,2020,814
021102,COCHAPETI,2021,806
021102,COCHAPETI,2022,797
021102,COCHAPETI,2023,786
021102,COCHAPETI,2024,773
021102,COCHAPETI,2025,761
021102,COCHAPETI,2026,749
021103,CULEBRAS,2017,3318.30277942046
021103,CULEBRAS,2018,3350
021103,CULEBRAS,2019,3382
021103,CULEBRAS,2020,3405
021103,CULEBRAS,2021,3418
021103,CULEBRAS,2022,3424
021103,CULEBRAS,2023,3431
021103,CULEBRAS,2024,3438
021103,CULEBRAS,2025,3445
021103,CULEBRAS,2026,3451
021104,HUAYAN,2017,981.025746652935
021104,HUAYAN,2018,976
021104,HUAYAN,2019,971
021104,HUAYAN,2020,961
021104,HUAYAN,2021,955
021104,HUAYAN,2022,950
021104,HUAYAN,2023,945
021104,HUAYAN,2024,940
021104,HUAYAN,2025,935
021104,HUAYAN,2026,930
021105,MALVAS,2017,816.369565217391
021105,MALVAS,2018,799
021105,MALVAS,2019,782
021105,MALVAS,2020,763
021105,MALVAS,2021,751
021105,MALVAS,2022,742
021105,MALVAS,2023,734
021105,MALVAS,2024,727
021105,MALVAS,2025,720
021105,MALVAS,2026,713
021201,CARAZ,2017,25955.7532535724
021201,CARAZ,2018,26307
021201,CARAZ,2019,26663
021201,CARAZ,2020,26949
021201,CARAZ,2021,27141
021201,CARAZ,2022,27281
021201,CARAZ,2023,27376
021201,CARAZ,2024,27443
021201,CARAZ,2025,27501
021201,CARAZ,2026,27550
021202,HUALLANCA,2017,1064.23357664234
021202,HUALLANCA,2018,1080
021202,HUALLANCA,2019,1096
021202,HUALLANCA,2020,1110
021202,HUALLANCA,2021,1121
021202,HUALLANCA,2022,1130
021202,HUALLANCA,2023,1139
021202,HUALLANCA,2024,1147
021202,HUALLANCA,2025,1157
021202,HUALLANCA,2026,1167
021203,HUATA,2017,1432.08581560284
021203,HUATA,2018,1421
021203,HUATA,2019,1410
021203,HUATA,2020,1394
021203,HUATA,2021,1385
021203,HUATA,2022,1377
021203,HUATA,2023,1371
021203,HUATA,2024,1366
021203,HUATA,2025,1360
021203,HUATA,2026,1354
021204,HUAYLAS,2017,1732.05841121495
021204,HUAYLAS,2018,1722
021204,HUAYLAS,2019,1712
021204,HUAYLAS,2020,1697
021204,HUAYLAS,2021,1688
021204,HUAYLAS,2022,1682
021204,HUAYLAS,2023,1675
021204,HUAYLAS,2024,1669
021204,HUAYLAS,2025,1663
021204,HUAYLAS,2026,1657
021205,MATO,2017,1987.01264542236
021205,MATO,2018,1982
021205,MATO,2019,1977
021205,MATO,2020,1967
021205,MATO,2021,1950
021205,MATO,2022,1928
021205,MATO,2023,1905
021205,MATO,2024,1880
021205,MATO,2025,1853
021205,MATO,2026,1825
021206,PAMPAROMAS,2017,8527.07286930162
021206,PAMPAROMAS,2018,8552
021206,PAMPAROMAS,2019,8577
021206,PAMPAROMAS,2020,8577
021206,PAMPAROMAS,2021,8580
021206,PAMPAROMAS,2022,8578
021206,PAMPAROMAS,2023,8573
021206,PAMPAROMAS,2024,8564
021206,PAMPAROMAS,2025,8556
021206,PAMPAROMAS,2026,8545
021207,PUEBLO LIBRE,2017,6922.12048710602
021207,PUEBLO LIBRE,2018,6951
021207,PUEBLO LIBRE,2019,6980
021207,PUEBLO LIBRE,2020,6990
021207,PUEBLO LIBRE,2021,6998
021207,PUEBLO LIBRE,2022,7001
021207,PUEBLO LIBRE,2023,7003
021207,PUEBLO LIBRE,2024,7005
021207,PUEBLO LIBRE,2025,7007
021207,PUEBLO LIBRE,2026,7007
021208,SANTA CRUZ,2017,4618.00781589231
021208,SANTA CRUZ,2018,4612
021208,SANTA CRUZ,2019,4606
021208,SANTA CRUZ,2020,4588
021208,SANTA CRUZ,2021,4578
021208,SANTA CRUZ,2022,4568
021208,SANTA CRUZ,2023,4559
021208,SANTA CRUZ,2024,4549
021208,SANTA CRUZ,2025,4539
021208,SANTA CRUZ,2026,4528
021209,SANTO TORIBIO,2017,1151.32434860737
021209,SANTO TORIBIO,2018,1132
021209,SANTO TORIBIO,2019,1113
021209,SANTO TORIBIO,2020,1092
021209,SANTO TORIBIO,2021,1079
021209,SANTO TORIBIO,2022,1069
021209,SANTO TORIBIO,2023,1061
021209,SANTO TORIBIO,2024,1055
021209,SANTO TORIBIO,2025,1046
021209,SANTO TORIBIO,2026,1037
021210,YURACMARCA,2017,2087.63350300787
021210,YURACMARCA,2018,2124
021210,YURACMARCA,2019,2161
021210,YURACMARCA,2020,2193
021210,YURACMARCA,2021,2218
021210,YURACMARCA,2022,2239
021210,YURACMARCA,2023,2257
021210,YURACMARCA,2024,2275
021210,YURACMARCA,2025,2292
021210,YURACMARCA,2026,2308
021301,PISCOBAMBA,2017,3210.21405953135
021301,PISCOBAMBA,2018,3184
021301,PISCOBAMBA,2019,3158
021301,PISCOBAMBA,2020,3122
021301,PISCOBAMBA,2021,3095
021301,PISCOBAMBA,2022,3063
021301,PISCOBAMBA,2023,3025
021301,PISCOBAMBA,2024,2986
021301,PISCOBAMBA,2025,2946
021301,PISCOBAMBA,2026,2905
021302,CASCA,2017,4056.02477700694
021302,CASCA,2018,4046
021302,CASCA,2019,4036
021302,CASCA,2020,4015
021302,CASCA,2021,3960
021302,CASCA,2022,3902
021302,CASCA,2023,3840
021302,CASCA,2024,3776
021302,CASCA,2025,3713
021302,CASCA,2026,3648
021303,ELEAZAR GUZMAN BARRON,2017,1391.0856334041
021303,ELEAZAR GUZMAN BARRON,2018,1402
021303,ELEAZAR GUZMAN BARRON,2019,1413
021303,ELEAZAR GUZMAN BARRON,2020,1421
021303,ELEAZAR GUZMAN BARRON,2021,1410
021303,ELEAZAR GUZMAN BARRON,2022,1394
021303,ELEAZAR GUZMAN BARRON,2023,1375
021303,ELEAZAR GUZMAN BARRON,2024,1355
021303,ELEAZAR GUZMAN BARRON,2025,1334
021303,ELEAZAR GUZMAN BARRON,2026,1314
021304,FIDEL OLIVAS ESCUDERO,2017,2052.16071428571
021304,FIDEL OLIVAS ESCUDERO,2018,2034
021304,FIDEL OLIVAS ESCUDERO,2019,2016
021304,FIDEL OLIVAS ESCUDERO,2020,1993
021304,FIDEL OLIVAS ESCUDERO,2021,1942
021304,FIDEL OLIVAS ESCUDERO,2022,1886
021304,FIDEL OLIVAS ESCUDERO,2023,1825
021304,FIDEL OLIVAS ESCUDERO,2024,1765
021304,FIDEL OLIVAS ESCUDERO,2025,1704
021304,FIDEL OLIVAS ESCUDERO,2026,1645
021305,LLAMA,2017,1086.50865384615
021305,LLAMA,2018,1063
021305,LLAMA,2019,1040
021305,LLAMA,2020,1015
021305,LLAMA,2021,989
021305,LLAMA,2022,965
021305,LLAMA,2023,945
021305,LLAMA,2024,923
021305,LLAMA,2025,902
021305,LLAMA,2026,881
021306,LLUMPA,2017,6216.24165872259
021306,LLUMPA,2018,6255
021306,LLUMPA,2019,6294
021306,LLUMPA,2020,6315
021306,LLUMPA,2021,6362
021306,LLUMPA,2022,6395
021306,LLUMPA,2023,6416
021306,LLUMPA,2024,6430
021306,LLUMPA,2025,6439
021306,LLUMPA,2026,6441
021307,LUCMA,2017,2926.08845888044
021307,LUCMA,2018,2910
021307,LUCMA,2019,2894
021307,LUCMA,2020,2870
021307,LUCMA,2021,2831
021307,LUCMA,2022,2787
021307,LUCMA,2023,2740
021307,LUCMA,2024,2691
021307,LUCMA,2025,2642
021307,LUCMA,2026,2592
021308,MUSGA,2017,1042.00096153846
021308,MUSGA,2018,1041
021308,MUSGA,2019,1040
021308,MUSGA,2020,1036
021308,MUSGA,2021,1018
021308,MUSGA,2022,994
021308,MUSGA,2023,970
021308,MUSGA,2024,944
021308,MUSGA,2025,919
021308,MUSGA,2026,894
021401,OCROS,2017,1299.11294117647
021401,OCROS,2018,1287
021401,OCROS,2019,1275
021401,OCROS,2020,1259
021401,OCROS,2021,1245
021401,OCROS,2022,1227
021401,OCROS,2023,1204
021401,OCROS,2024,1178
021401,OCROS,2025,1149
021401,OCROS,2026,1120
021402,ACAS,2017,713.208998548621
021402,ACAS,2018,701
021402,ACAS,2019,689
021402,ACAS,2020,676
021402,ACAS,2021,640
021402,ACAS,2022,603
021402,ACAS,2023,566
021402,ACAS,2024,532
021402,ACAS,2025,498
021402,ACAS,2026,464
021403,CAJAMARQUILLA,2017,329.394136807818
021403,CAJAMARQUILLA,2018,318
021403,CAJAMARQUILLA,2019,307
021403,CAJAMARQUILLA,2020,297
021403,CAJAMARQUILLA,2021,286
021403,CAJAMARQUILLA,2022,275
021403,CAJAMARQUILLA,2023,264
021403,CAJAMARQUILLA,2024,252
021403,CAJAMARQUILLA,2025,241
021403,CAJAMARQUILLA,2026,230
021404,CARHUAPAMPA,2017,509.852878464819
021404,CARHUAPAMPA,2018,489
021404,CARHUAPAMPA,2019,469
021404,CARHUAPAMPA,2020,447
021404,CARHUAPAMPA,2021,420
021404,CARHUAPAMPA,2022,395
021404,CARHUAPAMPA,2023,374
021404,CARHUAPAMPA,2024,354
021404,CARHUAPAMPA,2025,335
021404,CARHUAPAMPA,2026,316
021405,COCHAS,2017,1517.20862846104
021405,COCHAS,2018,1535
021405,COCHAS,2019,1553
021405,COCHAS,2020,1566
021405,COCHAS,2021,1580
021405,COCHAS,2022,1586
021405,COCHAS,2023,1589
021405,COCHAS,2024,1591
021405,COCHAS,2025,1594
021405,COCHAS,2026,1599
021406,CONGAS,2017,1305.01218583397
021406,CONGAS,2018,1309
021406,CONGAS,2019,1313
021406,CONGAS,2020,1313
021406,CONGAS,2021,1302
021406,CONGAS,2022,1287
021406,CONGAS,2023,1268
021406,CONGAS,2024,1238
021406,CONGAS,2025,1206
021406,CONGAS,2026,1174
021407,LLIPA,2017,313.610038610039
021407,LLIPA,2018,285
021407,LLIPA,2019,259
021407,LLIPA,2020,233
021407,LLIPA,2021,230
021407,LLIPA,2022,225
021407,LLIPA,2023,220
021407,LLIPA,2024,214
021407,LLIPA,2025,209
021407,LLIPA,2026,204
021408,SAN CRISTOBAL DE RAJAN,2017,471.269487750557
021408,SAN CRISTOBAL DE RAJAN,2018,460
021408,SAN CRISTOBAL DE RAJAN,2019,449
021408,SAN CRISTOBAL DE RAJAN,2020,437
021408,SAN CRISTOBAL DE RAJAN,2021,411
021408,SAN CRISTOBAL DE RAJAN,2022,383
021408,SAN CRISTOBAL DE RAJAN,2023,355
021408,SAN CRISTOBAL DE RAJAN,2024,329
021408,SAN CRISTOBAL DE RAJAN,2025,305
021408,SAN CRISTOBAL DE RAJAN,2026,281
021409,SAN PEDRO,2017,697.215851602024
021409,SAN PEDRO,2018,643
021409,SAN PEDRO,2019,593
021409,SAN PEDRO,2020,544
021409,SAN PEDRO,2021,496
021409,SAN PEDRO,2022,458
021409,SAN PEDRO,2023,422
021409,SAN PEDRO,2024,395
021409,SAN PEDRO,2025,369
021409,SAN PEDRO,2026,343
021410,SANTIAGO DE CHILCAS,2017,448.008849557522
021410,SANTIAGO DE CHILCAS,2018,450
021410,SANTIAGO DE CHILCAS,2019,452
021410,SANTIAGO DE CHILCAS,2020,452
021410,SANTIAGO DE CHILCAS,2021,456
021410,SANTIAGO DE CHILCAS,2022,458
021410,SANTIAGO DE CHILCAS,2023,461
021410,SANTIAGO DE CHILCAS,2024,464
021410,SANTIAGO DE CHILCAS,2025,467
021410,SANTIAGO DE CHILCAS,2026,470
021501,CABANA,2017,2630.04639570552
021501,CABANA,2018,2619
021501,CABANA,2019,2608
021501,CABANA,2020,2588
021501,CABANA,2021,2558
021501,CABANA,2022,2522
021501,CABANA,2023,2484
021501,CABANA,2024,2442
021501,CABANA,2025,2401
021501,CABANA,2026,2359
021502,BOLOGNESI,2017,1087.46404602109
021502,BOLOGNESI,2018,1065
021502,BOLOGNESI,2019,1043
021502,BOLOGNESI,2020,1017
021502,BOLOGNESI,2021,989
021502,BOLOGNESI,2022,959
021502,BOLOGNESI,2023,928
021502,BOLOGNESI,2024,897
021502,BOLOGNESI,2025,867
021502,BOLOGNESI,2026,837
021503,CONCHUCOS,2017,7881.00050780754
021503,CONCHUCOS,2018,7879
021503,CONCHUCOS,2019,7877
021503,CONCHUCOS,2020,7850
021503,CONCHUCOS,2021,7793
021503,CONCHUCOS,2022,7720
021503,CONCHUCOS,2023,7633
021503,CONCHUCOS,2024,7536
021503,CONCHUCOS,2025,7437
021503,CONCHUCOS,2026,7332
021504,HUACASCHUQUE,2017,561.149171270718
021504,HUACASCHUQUE,2018,552
021504,HUACASCHUQUE,2019,543
021504,HUACASCHUQUE,2020,532
021504,HUACASCHUQUE,2021,520
021504,HUACASCHUQUE,2022,506
021504,HUACASCHUQUE,2023,492
021504,HUACASCHUQUE,2024,481
021504,HUACASCHUQUE,2025,465
021504,HUACASCHUQUE,2026,451
021505,HUANDOVAL,2017,1093.00827966881
021505,HUANDOVAL,2018,1090
021505,HUANDOVAL,2019,1087
021505,HUANDOVAL,2020,1082
021505,HUANDOVAL,2021,1072
021505,HUANDOVAL,2022,1059
021505,HUANDOVAL,2023,1044
021505,HUANDOVAL,2024,1030
021505,HUANDOVAL,2025,1015
021505,HUANDOVAL,2026,997
021506,LACABAMBA,2017,546.153409090909
021506,LACABAMBA,2018,537
021506,LACABAMBA,2019,528
021506,LACABAMBA,2020,517
021506,LACABAMBA,2021,505
021506,LACABAMBA,2022,494
021506,LACABAMBA,2023,479
021506,LACABAMBA,2024,465
021506,LACABAMBA,2025,451
021506,LACABAMBA,2026,439
021507,LLAPO,2017,637.025437201908
021507,LLAPO,2018,633
021507,LLAPO,2019,629
021507,LLAPO,2020,624
021507,LLAPO,2021,618
021507,LLAPO,2022,607
021507,LLAPO,2023,599
021507,LLAPO,2024,588
021507,LLAPO,2025,577
021507,LLAPO,2026,567
021508,PALLASCA,2017,2537.00632661131
021508,PALLASCA,2018,2533
021508,PALLASCA,2019,2529
021508,PALLASCA,2020,2517
021508,PALLASCA,2021,2497
021508,PALLASCA,2022,2470
021508,PALLASCA,2023,2440
021508,PALLASCA,2024,2407
021508,PALLASCA,2025,2374
021508,PALLASCA,2026,2338
021509,PAMPAS,2017,4318.56099436187
021509,PAMPAS,2018,4105
021509,PAMPAS,2019,3902
021509,PAMPAS,2020,3697
021509,PAMPAS,2021,3490
021509,PAMPAS,2022,3287
021509,PAMPAS,2023,3090
021509,PAMPAS,2024,2902
021509,PAMPAS,2025,2721
021509,PAMPAS,2026,2551
021510,SANTA ROSA,2017,1144.00348432056
021510,SANTA ROSA,2018,1146
021510,SANTA ROSA,2019,1148
021510,SANTA ROSA,2020,1147
021510,SANTA ROSA,2021,1140
021510,SANTA ROSA,2022,1133
021510,SANTA ROSA,2023,1123
021510,SANTA ROSA,2024,1110
021510,SANTA ROSA,2025,1098
021510,SANTA ROSA,2026,1086
021511,TAUCA,2017,2891.27654320988
021511,TAUCA,2018,2863
021511,TAUCA,2019,2835
021511,TAUCA,2020,2800
021511,TAUCA,2021,2754
021511,TAUCA,2022,2704
021511,TAUCA,2023,2648
021511,TAUCA,2024,2592
021511,TAUCA,2025,2535
021511,TAUCA,2026,2476
021601,POMABAMBA,2017,14834.1479769561
021601,POMABAMBA,2018,14881
021601,POMABAMBA,2019,14928
021601,POMABAMBA,2020,14933
021601,POMABAMBA,2021,14886
021601,POMABAMBA,2022,14818
021601,POMABAMBA,2023,14737
021601,POMABAMBA,2024,14648
021601,POMABAMBA,2025,14554
021601,POMABAMBA,2026,14455
021602,HUAYLLAN,2017,3166.4188752424
021602,HUAYLLAN,2018,3130
021602,HUAYLLAN,2019,3094
021602,HUAYLLAN,2020,3051
021602,HUAYLLAN,2021,2997
021602,HUAYLLAN,2022,2936
021602,HUAYLLAN,2023,2870
021602,HUAYLLAN,2024,2801
021602,HUAYLLAN,2025,2732
021602,HUAYLLAN,2026,2663
021603,PAROBAMBA,2017,6438.04512804497
021603,PAROBAMBA,2018,6421
021603,PAROBAMBA,2019,6404
021603,PAROBAMBA,2020,6369
021603,PAROBAMBA,2021,6313
021603,PAROBAMBA,2022,6239
021603,PAROBAMBA,2023,6151
021603,PAROBAMBA,2024,6056
021603,PAROBAMBA,2025,5960
021603,PAROBAMBA,2026,5861
021604,QUINUABAMBA,2017,2348.02099400171
021604,QUINUABAMBA,2018,2341
021604,QUINUABAMBA,2019,2334
021604,QUINUABAMBA,2020,2322
021604,QUINUABAMBA,2021,2302
021604,QUINUABAMBA,2022,2276
021604,QUINUABAMBA,2023,2245
021604,QUINUABAMBA,2024,2212
021604,QUINUABAMBA,2025,2177
021604,QUINUABAMBA,2026,2141
021701,RECUAY,2017,4651.29910421674
021701,RECUAY,2018,4614
021701,RECUAY,2019,4577
021701,RECUAY,2020,4527
021701,RECUAY,2021,4455
021701,RECUAY,2022,4374
021701,RECUAY,2023,4285
021701,RECUAY,2024,4189
021701,RECUAY,2025,4093
021701,RECUAY,2026,3995
021702,CATAC,2017,4066.00098280098
021702,CATAC,2018,4068
021702,CATAC,2019,4070
021702,CATAC,2020,4060
021702,CATAC,2021,4030
021702,CATAC,2022,3990
021702,CATAC,2023,3941
021702,CATAC,2024,3887
021702,CATAC,2025,3832
021702,CATAC,2026,3771
021703,COTAPARACO,2017,437.479217603912
021703,COTAPARACO,2018,423
021703,COTAPARACO,2019,409
021703,COTAPARACO,2020,394
021703,COTAPARACO,2021,379
021703,COTAPARACO,2022,362
021703,COTAPARACO,2023,346
021703,COTAPARACO,2024,329
021703,COTAPARACO,2025,312
021703,COTAPARACO,2026,297
021704,HUAYLLAPAMPA,2017,683.882736156352
021704,HUAYLLAPAMPA,2018,648
021704,HUAYLLAPAMPA,2019,614
021704,HUAYLLAPAMPA,2020,580
021704,HUAYLLAPAMPA,2021,546
021704,HUAYLLAPAMPA,2022,511
021704,HUAYLLAPAMPA,2023,477
021704,HUAYLLAPAMPA,2024,443
021704,HUAYLLAPAMPA,2025,412
021704,HUAYLLAPAMPA,2026,380
021705,LLACLLIN,2017,966.451287793953
021705,LLACLLIN,2018,929
021705,LLACLLIN,2019,893
021705,LLACLLIN,2020,855
021705,LLACLLIN,2021,816
021705,LLACLLIN,2022,776
021705,LLACLLIN,2023,737
021705,LLACLLIN,2024,698
021705,LLACLLIN,2025,661
021705,LLACLLIN,2026,626
021706,MARCA,2017,1676.92023874118
021706,MARCA,2018,1758
021706,MARCA,2019,1843
021706,MARCA,2020,1924
021706,MARCA,2021,1999
021706,MARCA,2022,2071
021706,MARCA,2023,2139
021706,MARCA,2024,2206
021706,MARCA,2025,2271
021706,MARCA,2026,2336
021707,PAMPAS CHICO,2017,995.348501664817
021707,PAMPAS CHICO,2018,947
021707,PAMPAS CHICO,2019,901
021707,PAMPAS CHICO,2020,854
021707,PAMPAS CHICO,2021,808
021707,PAMPAS CHICO,2022,762
021707,PAMPAS CHICO,2023,716
021707,PAMPAS CHICO,2024,670
021707,PAMPAS CHICO,2025,624
021707,PAMPAS CHICO,2026,578
021708,PARARIN,2017,1598.0493753718
021708,PARARIN,2018,1639
021708,PARARIN,2019,1681
021708,PARARIN,2020,1716
021708,PARARIN,2021,1745
021708,PARARIN,2022,1768
021708,PARARIN,2023,1788
021708,PARARIN,2024,1806
021708,PARARIN,2025,1820
021708,PARARIN,2026,1834
021709,TAPACOCHA,2017,454.111363636364
021709,TAPACOCHA,2018,447
021709,TAPACOCHA,2019,440
021709,TAPACOCHA,2020,432
021709,TAPACOCHA,2021,423
021709,TAPACOCHA,2022,412
021709,TAPACOCHA,2023,400
021709,TAPACOCHA,2024,389
021709,TAPACOCHA,2025,376
021709,TAPACOCHA,2026,365
021710,TICAPAMPA,2017,2676.22927366104
021710,TICAPAMPA,2018,2701
021710,TICAPAMPA,2019,2726
021710,TICAPAMPA,2020,2743
021710,TICAPAMPA,2021,2753
021710,TICAPAMPA,2022,2761
021710,TICAPAMPA,2023,2768
021710,TICAPAMPA,2024,2775
021710,TICAPAMPA,2025,2781
021710,TICAPAMPA,2026,2786
021801,CHIMBOTE,2017,215069.716003158
021801,CHIMBOTE,2018,215834
021801,CHIMBOTE,2019,216601
021801,CHIMBOTE,2020,216776
021801,CHIMBOTE,2021,216641
021801,CHIMBOTE,2022,216277
021801,CHIMBOTE,2023,215760
021801,CHIMBOTE,2024,215165
021801,CHIMBOTE,2025,214571
021801,CHIMBOTE,2026,213966
021802,CACERES DEL PERU,2017,4824.00082850041
021802,CACERES DEL PERU,2018,4826
021802,CACERES DEL PERU,2019,4828
021802,CACERES DEL PERU,2020,4816
021802,CACERES DEL PERU,2021,4782
021802,CACERES DEL PERU,2022,4736
021802,CACERES DEL PERU,2023,4684
021802,CACERES DEL PERU,2024,4629
021802,CACERES DEL PERU,2025,4573
021802,CACERES DEL PERU,2026,4518
021803,COISHCO,2017,16651.0490252959
021803,COISHCO,2018,16941
021803,COISHCO,2019,17236
021803,COISHCO,2020,17491
021803,COISHCO,2021,17626
021803,COISHCO,2022,17704
021803,COISHCO,2023,17743
021803,COISHCO,2024,17762
021803,COISHCO,2025,17777
021803,COISHCO,2026,17787
021804,MACATE,2017,3377.28989441931
021804,MACATE,2018,3346
021804,MACATE,2019,3315
021804,MACATE,2020,3275
021804,MACATE,2021,3221
021804,MACATE,2022,3159
021804,MACATE,2023,3094
021804,MACATE,2024,3029
021804,MACATE,2025,2964
021804,MACATE,2026,2900
021805,MORO,2017,8323.8807136194
021805,MORO,2018,8449
021805,MORO,2019,8576
021805,MORO,2020,8683
021805,MORO,2021,8748
021805,MORO,2022,8791
021805,MORO,2023,8820
021805,MORO,2024,8841
021805,MORO,2025,8860
021805,MORO,2026,8879
021806,NEPEÑA,2017,14461.3485958486
021806,NEPEÑA,2018,14601
021806,NEPEÑA,2019,14742
021806,NEPEÑA,2020,14846
021806,NEPEÑA,2021,14892
021806,NEPEÑA,2022,14908
021806,NEPEÑA,2023,14904
021806,NEPEÑA,2024,14888
021806,NEPEÑA,2025,14871
021806,NEPEÑA,2026,14853
021807,SAMANCO,2017,4917.2322090076
021807,SAMANCO,2018,5022
021807,SAMANCO,2019,5129
021807,SAMANCO,2020,5225
021807,SAMANCO,2021,5297
021807,SAMANCO,2022,5355
021807,SAMANCO,2023,5406
021807,SAMANCO,2024,5452
021807,SAMANCO,2025,5498
021807,SAMANCO,2026,5542
021808,SANTA,2017,21264.971855049
021808,SANTA,2018,21748
021808,SANTA,2019,22242
021808,SANTA,2020,22689
021808,SANTA,2021,23030
021808,SANTA,2022,23318
021808,SANTA,2023,23569
021808,SANTA,2024,23802
021808,SANTA,2025,24031
021808,SANTA,2026,24258
021809,NUEVO CHIMBOTE,2017,162443.238612596
021809,NUEVO CHIMBOTE,2018,168370
021809,NUEVO CHIMBOTE,2019,174513
021809,NUEVO CHIMBOTE,2020,180252
021809,NUEVO CHIMBOTE,2021,185125
021809,NUEVO CHIMBOTE,2022,189526
021809,NUEVO CHIMBOTE,2023,193571
021809,NUEVO CHIMBOTE,2024,197392
021809,NUEVO CHIMBOTE,2025,201129
021809,NUEVO CHIMBOTE,2026,204768
021901,SIHUAS,2017,5626.11905600564
021901,SIHUAS,2018,5652
021901,SIHUAS,2019,5678
021901,SIHUAS,2020,5687
021901,SIHUAS,2021,5710
021901,SIHUAS,2022,5726
021901,SIHUAS,2023,5737
021901,SIHUAS,2024,5744
021901,SIHUAS,2025,5748
021901,SIHUAS,2026,5750
021902,ACOBAMBA,2017,1717.2893006575
021902,ACOBAMBA,2018,1695
021902,ACOBAMBA,2019,1673
021902,ACOBAMBA,2020,1647
021902,ACOBAMBA,2021,1612
021902,ACOBAMBA,2022,1572
021902,ACOBAMBA,2023,1531
021902,ACOBAMBA,2024,1487
021902,ACOBAMBA,2025,1445
021902,ACOBAMBA,2026,1401
021903,ALFONSO UGARTE,2017,579.904672897196
021903,ALFONSO UGARTE,2018,557
021903,ALFONSO UGARTE,2019,535
021903,ALFONSO UGARTE,2020,514
021903,ALFONSO UGARTE,2021,490
021903,ALFONSO UGARTE,2022,466
021903,ALFONSO UGARTE,2023,441
021903,ALFONSO UGARTE,2024,418
021903,ALFONSO UGARTE,2025,395
021903,ALFONSO UGARTE,2026,372
021904,CASHAPAMPA,2017,2956.00033852404
021904,CASHAPAMPA,2018,2955
021904,CASHAPAMPA,2019,2954
021904,CASHAPAMPA,2020,2945
021904,CASHAPAMPA,2021,2918
021904,CASHAPAMPA,2022,2882
021904,CASHAPAMPA,2023,2840
021904,CASHAPAMPA,2024,2795
021904,CASHAPAMPA,2025,2748
021904,CASHAPAMPA,2026,2701
021905,CHINGALPO,2017,961.210075026795
021905,CHINGALPO,2018,947
021905,CHINGALPO,2019,933
021905,CHINGALPO,2020,916
021905,CHINGALPO,2021,894
021905,CHINGALPO,2022,870
021905,CHINGALPO,2023,844
021905,CHINGALPO,2024,818
021905,CHINGALPO,2025,793
021905,CHINGALPO,2026,768
021906,HUAYLLABAMBA,2017,3798.22486631016
021906,HUAYLLABAMBA,2018,3769
021906,HUAYLLABAMBA,2019,3740
021906,HUAYLLABAMBA,2020,3701
021906,HUAYLLABAMBA,2021,3639
021906,HUAYLLABAMBA,2022,3567
021906,HUAYLLABAMBA,2023,3489
021906,HUAYLLABAMBA,2024,3409
021906,HUAYLLABAMBA,2025,3326
021906,HUAYLLABAMBA,2026,3244
021907,QUICHES,2017,2474.21787479407
021907,QUICHES,2018,2451
021907,QUICHES,2019,2428
021907,QUICHES,2020,2400
021907,QUICHES,2021,2358
021907,QUICHES,2022,2310
021907,QUICHES,2023,2257
021907,QUICHES,2024,2202
021907,QUICHES,2025,2147
021907,QUICHES,2026,2091
021908,RAGASH,2017,2472.16447368421
021908,RAGASH,2018,2452
021908,RAGASH,2019,2432
021908,RAGASH,2020,2404
021908,RAGASH,2021,2363
021908,RAGASH,2022,2315
021908,RAGASH,2023,2263
021908,RAGASH,2024,2209
021908,RAGASH,2025,2155
021908,RAGASH,2026,2100
021909,SAN JUAN,2017,6742.5962154294
021909,SAN JUAN,2018,6806
021909,SAN JUAN,2019,6870
021909,SAN JUAN,2020,6914
021909,SAN JUAN,2021,6941
021909,SAN JUAN,2022,6960
021909,SAN JUAN,2023,6973
021909,SAN JUAN,2024,6981
021909,SAN JUAN,2025,6984
021909,SAN JUAN,2026,6985
021910,SICSIBAMBA,2017,1581.40822991509
021910,SICSIBAMBA,2018,1556
021910,SICSIBAMBA,2019,1531
021910,SICSIBAMBA,2020,1502
021910,SICSIBAMBA,2021,1464
021910,SICSIBAMBA,2022,1423
021910,SICSIBAMBA,2023,1381
021910,SICSIBAMBA,2024,1337
021910,SICSIBAMBA,2025,1295
021910,SICSIBAMBA,2026,1252
022001,YUNGAY,2017,21630.7138529704
022001,YUNGAY,2018,21873
022001,YUNGAY,2019,22118
022001,YUNGAY,2020,22302
022001,YUNGAY,2021,22485
022001,YUNGAY,2022,22654
022001,YUNGAY,2023,22812
022001,YUNGAY,2024,22963
022001,YUNGAY,2025,23108
022001,YUNGAY,2026,23252
022002,CASCAPARA,2017,1769.28057971015
022002,CASCAPARA,2018,1747
022002,CASCAPARA,2019,1725
022002,CASCAPARA,2020,1698
022002,CASCAPARA,2021,1672
022002,CASCAPARA,2022,1643
022002,CASCAPARA,2023,1613
022002,CASCAPARA,2024,1583
022002,CASCAPARA,2025,1553
022002,CASCAPARA,2026,1523
022003,MANCOS,2017,6908.00057937428
022003,MANCOS,2018,6906
022003,MANCOS,2019,6904
022003,MANCOS,2020,6881
022003,MANCOS,2021,6854
022003,MANCOS,2022,6821
022003,MANCOS,2023,6783
022003,MANCOS,2024,6742
022003,MANCOS,2025,6699
022003,MANCOS,2026,6653
022004,MATACOTO,2017,1503.04213298223
022004,MATACOTO,2018,1511
022004,MATACOTO,2019,1519
022004,MATACOTO,2020,1522
022004,MATACOTO,2021,1528
022004,MATACOTO,2022,1536
022004,MATACOTO,2023,1544
022004,MATACOTO,2024,1552
022004,MATACOTO,2025,1559
022004,MATACOTO,2026,1565
022005,QUILLO,2017,12804.1593991877
022005,QUILLO,2018,12926
022005,QUILLO,2019,13049
022005,QUILLO,2020,13137
022005,QUILLO,2021,13216
022005,QUILLO,2022,13284
022005,QUILLO,2023,13342
022005,QUILLO,2024,13392
022005,QUILLO,2025,13439
022005,QUILLO,2026,13480
022006,RANRAHIRCA,2017,2912.13550135501
022006,RANRAHIRCA,2018,2932
022006,RANRAHIRCA,2019,2952
022006,RANRAHIRCA,2020,2964
022006,RANRAHIRCA,2021,2974
022006,RANRAHIRCA,2022,2981
022006,RANRAHIRCA,2023,2987
022006,RANRAHIRCA,2024,2990
022006,RANRAHIRCA,2025,2993
022006,RANRAHIRCA,2026,2994
022007,SHUPLUY,2017,1978.27380952381
022007,SHUPLUY,2018,1955
022007,SHUPLUY,2019,1932
022007,SHUPLUY,2020,1904
022007,SHUPLUY,2021,1875
022007,SHUPLUY,2022,1845
022007,SHUPLUY,2023,1814
022007,SHUPLUY,2024,1782
022007,SHUPLUY,2025,1750
022007,SHUPLUY,2026,1718
022008,YANAMA,2017,5679.86285609934
022008,YANAMA,2018,5577
022008,YANAMA,2019,5476
022008,YANAMA,2020,5361
022008,YANAMA,2021,5244
022008,YANAMA,2022,5124
022008,YANAMA,2023,5002
022008,YANAMA,2024,4881
022008,YANAMA,2025,4760
022008,YANAMA,2026,4639
030101,ABANCAY,2017,70777.5818315508
030101,ABANCAY,2018,72761
030101,ABANCAY,2019,74800
030101,ABANCAY,2020,76639
030101,ABANCAY,2021,77767
030101,ABANCAY,2022,78681
030101,ABANCAY,2023,79442
030101,ABANCAY,2024,80120
030101,ABANCAY,2025,80789
030101,ABANCAY,2026,81466
030102,CHACOCHE,2017,1395.15789473684
030102,CHACOCHE,2018,1410
030102,CHACOCHE,2019,1425
030102,CHACOCHE,2020,1437
030102,CHACOCHE,2021,1448
030102,CHACOCHE,2022,1454
030102,CHACOCHE,2023,1457
030102,CHACOCHE,2024,1460
030102,CHACOCHE,2025,1463
030102,CHACOCHE,2026,1466
030103,CIRCA,2017,1980.12135665077
030103,CIRCA,2018,1933
030103,CIRCA,2019,1887
030103,CIRCA,2020,1836
030103,CIRCA,2021,1819
030103,CIRCA,2022,1796
030103,CIRCA,2023,1770
030103,CIRCA,2024,1742
030103,CIRCA,2025,1714
030103,CIRCA,2026,1686
030104,CURAHUASI,2017,17145.0047293747
030104,CURAHUASI,2018,17136
030104,CURAHUASI,2019,17127
030104,CURAHUASI,2020,17064
030104,CURAHUASI,2021,17120
030104,CURAHUASI,2022,17128
030104,CURAHUASI,2023,17103
030104,CURAHUASI,2024,17061
030104,CURAHUASI,2025,17018
030104,CURAHUASI,2026,16976
030105,HUANIPACA,2017,3128.48756906077
030105,HUANIPACA,2018,3010
030105,HUANIPACA,2019,2896
030105,HUANIPACA,2020,2778
030105,HUANIPACA,2021,2667
030105,HUANIPACA,2022,2550
030105,HUANIPACA,2023,2432
030105,HUANIPACA,2024,2315
030105,HUANIPACA,2025,2205
030105,HUANIPACA,2026,2095
030106,LAMBRAMA,2017,3237.54283779208
030106,LAMBRAMA,2018,3092
030106,LAMBRAMA,2019,2953
030106,LAMBRAMA,2020,2813
030106,LAMBRAMA,2021,2683
030106,LAMBRAMA,2022,2547
030106,LAMBRAMA,2023,2412
030106,LAMBRAMA,2024,2283
030106,LAMBRAMA,2025,2161
030106,LAMBRAMA,2026,2039
030107,PICHIRHUA,2017,2980.60100828232
030107,PICHIRHUA,2018,2877
030107,PICHIRHUA,2019,2777
030107,PICHIRHUA,2020,2673
030107,PICHIRHUA,2021,2576
030107,PICHIRHUA,2022,2471
030107,PICHIRHUA,2023,2364
030107,PICHIRHUA,2024,2258
030107,PICHIRHUA,2025,2158
030107,PICHIRHUA,2026,2058
030108,SAN PEDRO DE CACHORA,2017,2718.13239875389
030108,SAN PEDRO DE CACHORA,2018,2642
030108,SAN PEDRO DE CACHORA,2019,2568
030108,SAN PEDRO DE CACHORA,2020,2490
030108,SAN PEDRO DE CACHORA,2021,2415
030108,SAN PEDRO DE CACHORA,2022,2332
030108,SAN PEDRO DE CACHORA,2023,2246
030108,SAN PEDRO DE CACHORA,2024,2160
030108,SAN PEDRO DE CACHORA,2025,2078
030108,SAN PEDRO DE CACHORA,2026,1996
030109,TAMBURCO,2017,11077.8576804081
030109,TAMBURCO,2018,11510
030109,TAMBURCO,2019,11959
030109,TAMBURCO,2020,12386
030109,TAMBURCO,2021,12481
030109,TAMBURCO,2022,12542
030109,TAMBURCO,2023,12578
030109,TAMBURCO,2024,12602
030109,TAMBURCO,2025,12624
030109,TAMBURCO,2026,12647
030201,ANDAHUAYLAS,2017,43366.4150726432
030201,ANDAHUAYLAS,2018,44284
030201,ANDAHUAYLAS,2019,45221
030201,ANDAHUAYLAS,2020,46035
030201,ANDAHUAYLAS,2021,47143
030201,ANDAHUAYLAS,2022,48053
030201,ANDAHUAYLAS,2023,48814
030201,ANDAHUAYLAS,2024,49476
030201,ANDAHUAYLAS,2025,50078
030201,ANDAHUAYLAS,2026,50664
030202,ANDARAPA,2017,5805.99469496021
030202,ANDARAPA,2018,5730
030202,ANDARAPA,2019,5655
030202,ANDARAPA,2020,5565
030202,ANDARAPA,2021,5458
030202,ANDARAPA,2022,5368
030202,ANDARAPA,2023,5294
030202,ANDARAPA,2024,5227
030202,ANDARAPA,2025,5164
030202,ANDARAPA,2026,5105
030203,CHIARA,2017,1248.11764705882
030203,CHIARA,2018,1236
030203,CHIARA,2019,1224
030203,CHIARA,2020,1209
030203,CHIARA,2021,1193
030203,CHIARA,2022,1180
030203,CHIARA,2023,1167
030203,CHIARA,2024,1156
030203,CHIARA,2025,1144
030203,CHIARA,2026,1133
030204,HUANCARAMA,2017,5531.2457448843
030204,HUANCARAMA,2018,5378
030204,HUANCARAMA,2019,5229
030204,HUANCARAMA,2020,5070
030204,HUANCARAMA,2021,4834
030204,HUANCARAMA,2022,4654
030204,HUANCARAMA,2023,4517
030204,HUANCARAMA,2024,4408
030204,HUANCARAMA,2025,4309
030204,HUANCARAMA,2026,4221
030205,HUANCARAY,2017,3998.56582991803
030205,HUANCARAY,2018,3951
030205,HUANCARAY,2019,3904
030205,HUANCARAY,2020,3846
030205,HUANCARAY,2021,3780
030205,HUANCARAY,2022,3724
030205,HUANCARAY,2023,3676
030205,HUANCARAY,2024,3633
030205,HUANCARAY,2025,3591
030205,HUANCARAY,2026,3553
030206,HUAYANA,2017,802.332467532468
030206,HUAYANA,2018,786
030206,HUAYANA,2019,770
030206,HUAYANA,2020,751
030206,HUAYANA,2021,727
030206,HUAYANA,2022,708
030206,HUAYANA,2023,691
030206,HUAYANA,2024,677
030206,HUAYANA,2025,666
030206,HUAYANA,2026,659
030207,KISHUARA,2017,6539.65752325954
030207,KISHUARA,2018,6385
030207,KISHUARA,2019,6234
030207,KISHUARA,2020,6069
030207,KISHUARA,2021,5833
030207,KISHUARA,2022,5650
030207,KISHUARA,2023,5510
030207,KISHUARA,2024,5395
030207,KISHUARA,2025,5290
030207,KISHUARA,2026,5197
030208,PACOBAMBA,2017,3676.57026948711
030208,PACOBAMBA,2018,3562
030208,PACOBAMBA,2019,3451
030208,PACOBAMBA,2020,3334
030208,PACOBAMBA,2021,3156
030208,PACOBAMBA,2022,3022
030208,PACOBAMBA,2023,2922
030208,PACOBAMBA,2024,2841
030208,PACOBAMBA,2025,2769
030208,PACOBAMBA,2026,2706
030209,PACUCHA,2017,8763.80596664318
030209,PACUCHA,2018,8638
030209,PACUCHA,2019,8514
030209,PACUCHA,2020,8367
030209,PACUCHA,2021,8185
030209,PACUCHA,2022,8037
030209,PACUCHA,2023,7914
030209,PACUCHA,2024,7807
030209,PACUCHA,2025,7706
030209,PACUCHA,2026,7612
030210,PAMPACHIRI,2017,2335.19232446577
030210,PAMPACHIRI,2018,2314
030210,PAMPACHIRI,2019,2293
030210,PAMPACHIRI,2020,2268
030210,PAMPACHIRI,2021,2267
030210,PAMPACHIRI,2022,2256
030210,PAMPACHIRI,2023,2236
030210,PAMPACHIRI,2024,2213
030210,PAMPACHIRI,2025,2190
030210,PAMPACHIRI,2026,2166
030211,POMACOCHA,2017,915.054384017758
030211,POMACOCHA,2018,908
030211,POMACOCHA,2019,901
030211,POMACOCHA,2020,890
030211,POMACOCHA,2021,880
030211,POMACOCHA,2022,871
030211,POMACOCHA,2023,862
030211,POMACOCHA,2024,855
030211,POMACOCHA,2025,847
030211,POMACOCHA,2026,839
030212,SAN ANTONIO DE CACHI,2017,3068.1321003963
030212,SAN ANTONIO DE CACHI,2018,3048
030212,SAN ANTONIO DE CACHI,2019,3028
030212,SAN ANTONIO DE CACHI,2020,3000
030212,SAN ANTONIO DE CACHI,2021,2978
030212,SAN ANTONIO DE CACHI,2022,2955
030212,SAN ANTONIO DE CACHI,2023,2933
030212,SAN ANTONIO DE CACHI,2024,2910
030212,SAN ANTONIO DE CACHI,2025,2887
030212,SAN ANTONIO DE CACHI,2026,2863
030213,SAN JERONIMO,2017,21938.6819780022
030213,SAN JERONIMO,2018,22061
030213,SAN JERONIMO,2019,22184
030213,SAN JERONIMO,2020,22241
030213,SAN JERONIMO,2021,22469
030213,SAN JERONIMO,2022,22601
030213,SAN JERONIMO,2023,22660
030213,SAN JERONIMO,2024,22675
030213,SAN JERONIMO,2025,22690
030213,SAN JERONIMO,2026,22651
030214,SAN MIGUEL DE CHACCRAMPA,2017,1707.17274357442
030214,SAN MIGUEL DE CHACCRAMPA,2018,1690
030214,SAN MIGUEL DE CHACCRAMPA,2019,1673
030214,SAN MIGUEL DE CHACCRAMPA,2020,1650
030214,SAN MIGUEL DE CHACCRAMPA,2021,1626
030214,SAN MIGUEL DE CHACCRAMPA,2022,1605
030214,SAN MIGUEL DE CHACCRAMPA,2023,1586
030214,SAN MIGUEL DE CHACCRAMPA,2024,1570
030214,SAN MIGUEL DE CHACCRAMPA,2025,1554
030214,SAN MIGUEL DE CHACCRAMPA,2026,1538
030215,SANTA MARIA DE CHICMO,2017,8834.73783721466
030215,SANTA MARIA DE CHICMO,2018,8754
030215,SANTA MARIA DE CHICMO,2019,8674
030215,SANTA MARIA DE CHICMO,2020,8570
030215,SANTA MARIA DE CHICMO,2021,8466
030215,SANTA MARIA DE CHICMO,2022,8373
030215,SANTA MARIA DE CHICMO,2023,8287
030215,SANTA MARIA DE CHICMO,2024,8206
030215,SANTA MARIA DE CHICMO,2025,8128
030215,SANTA MARIA DE CHICMO,2026,8052
030216,TALAVERA,2017,19222.0701638679
030216,TALAVERA,2018,19465
030216,TALAVERA,2019,19711
030216,TALAVERA,2020,19901
030216,TALAVERA,2021,20291
030216,TALAVERA,2022,20572
030216,TALAVERA,2023,20773
030216,TALAVERA,2024,20923
030216,TALAVERA,2025,21054
030216,TALAVERA,2026,21159
030217,TUMAY HUARACA,2017,1981.2274368231
030217,TUMAY HUARACA,2018,1960
030217,TUMAY HUARACA,2019,1939
030217,TUMAY HUARACA,2020,1912
030217,TUMAY HUARACA,2021,1883
030217,TUMAY HUARACA,2022,1857
030217,TUMAY HUARACA,2023,1836
030217,TUMAY HUARACA,2024,1815
030217,TUMAY HUARACA,2025,1796
030217,TUMAY HUARACA,2026,1777
030218,TURPO,2017,3842.27104287983
030218,TURPO,2018,3810
030218,TURPO,2019,3778
030218,TURPO,2020,3736
030218,TURPO,2021,3696
030218,TURPO,2022,3660
030218,TURPO,2023,3625
030218,TURPO,2024,3592
030218,TURPO,2025,3559
030218,TURPO,2026,3527
030219,KAQUIABAMBA,2017,1901.33240843507
030219,KAQUIABAMBA,2018,1851
030219,KAQUIABAMBA,2019,1802
030219,KAQUIABAMBA,2020,1748
030219,KAQUIABAMBA,2021,1669
030219,KAQUIABAMBA,2022,1610
030219,KAQUIABAMBA,2023,1564
030219,KAQUIABAMBA,2024,1527
030219,KAQUIABAMBA,2025,1493
030219,KAQUIABAMBA,2026,1464
030220,JOSÉ MARÍA ARGUEDAS,2017,4144.40008990785
030220,JOSÉ MARÍA ARGUEDAS,2018,4294
030220,JOSÉ MARÍA ARGUEDAS,2019,4449
030220,JOSÉ MARÍA ARGUEDAS,2020,4596
030220,JOSÉ MARÍA ARGUEDAS,2021,4795
030220,JOSÉ MARÍA ARGUEDAS,2022,4975
030220,JOSÉ MARÍA ARGUEDAS,2023,5143
030220,JOSÉ MARÍA ARGUEDAS,2024,5309
030220,JOSÉ MARÍA ARGUEDAS,2025,5478
030220,JOSÉ MARÍA ARGUEDAS,2026,5652
030301,ANTABAMBA,2017,2949.2518134715
030301,ANTABAMBA,2018,2922
030301,ANTABAMBA,2019,2895
030301,ANTABAMBA,2020,2860
030301,ANTABAMBA,2021,2808
030301,ANTABAMBA,2022,2747
030301,ANTABAMBA,2023,2679
030301,ANTABAMBA,2024,2609
030301,ANTABAMBA,2025,2537
030301,ANTABAMBA,2026,2462
030302,EL ORO,2017,578.061016949153
030302,EL ORO,2018,584
030302,EL ORO,2019,590
030302,EL ORO,2020,595
030302,EL ORO,2021,602
030302,EL ORO,2022,607
030302,EL ORO,2023,611
030302,EL ORO,2024,614
030302,EL ORO,2025,618
030302,EL ORO,2026,620
030303,HUAQUIRCA,2017,1906.24688279302
030303,HUAQUIRCA,2018,1955
030303,HUAQUIRCA,2019,2005
030303,HUAQUIRCA,2020,2049
030303,HUAQUIRCA,2021,2074
030303,HUAQUIRCA,2022,2094
030303,HUAQUIRCA,2023,2111
030303,HUAQUIRCA,2024,2125
030303,HUAQUIRCA,2025,2138
030303,HUAQUIRCA,2026,2148
030304,JUAN ESPINOZA MEDRANO,2017,1803.22688598979
030304,JUAN ESPINOZA MEDRANO,2018,1783
030304,JUAN ESPINOZA MEDRANO,2019,1763
030304,JUAN ESPINOZA MEDRANO,2020,1738
030304,JUAN ESPINOZA MEDRANO,2021,1705
030304,JUAN ESPINOZA MEDRANO,2022,1664
030304,JUAN ESPINOZA MEDRANO,2023,1620
030304,JUAN ESPINOZA MEDRANO,2024,1573
030304,JUAN ESPINOZA MEDRANO,2025,1526
030304,JUAN ESPINOZA MEDRANO,2026,1480
030305,OROPESA,2017,2418.0820083682
030305,OROPESA,2018,2404
030305,OROPESA,2019,2390
030305,OROPESA,2020,2369
030305,OROPESA,2021,2316
030305,OROPESA,2022,2259
030305,OROPESA,2023,2199
030305,OROPESA,2024,2137
030305,OROPESA,2025,2074
030305,OROPESA,2026,2011
030306,PACHACONAS,2017,1107.05866177819
030306,PACHACONAS,2018,1099
030306,PACHACONAS,2019,1091
030306,PACHACONAS,2020,1079
030306,PACHACONAS,2021,1061
030306,PACHACONAS,2022,1040
030306,PACHACONAS,2023,1016
030306,PACHACONAS,2024,990
030306,PACHACONAS,2025,963
030306,PACHACONAS,2026,938
030307,SABAINO,2017,1176.7
030307,SABAINO,2018,1148
030307,SABAINO,2019,1120
030307,SABAINO,2020,1091
030307,SABAINO,2021,1056
030307,SABAINO,2022,1018
030307,SABAINO,2023,978
030307,SABAINO,2024,937
030307,SABAINO,2025,898
030307,SABAINO,2026,859
030401,CHALHUANCA,2017,5080.34159566228
030401,CHALHUANCA,2018,5122
030401,CHALHUANCA,2019,5164
030401,CHALHUANCA,2020,5191
030401,CHALHUANCA,2021,5203
030401,CHALHUANCA,2022,5208
030401,CHALHUANCA,2023,5211
030401,CHALHUANCA,2024,5214
030401,CHALHUANCA,2025,5217
030401,CHALHUANCA,2026,5214
030402,CAPAYA,2017,628.199669966997
030402,CAPAYA,2018,617
030402,CAPAYA,2019,606
030402,CAPAYA,2020,593
030402,CAPAYA,2021,575
030402,CAPAYA,2022,554
030402,CAPAYA,2023,532
030402,CAPAYA,2024,510
030402,CAPAYA,2025,486
030402,CAPAYA,2026,462
030403,CARAYBAMBA,2017,1003.76817702845
030403,CARAYBAMBA,2018,976
030403,CARAYBAMBA,2019,949
030403,CARAYBAMBA,2020,919
030403,CARAYBAMBA,2021,882
030403,CARAYBAMBA,2022,844
030403,CARAYBAMBA,2023,805
030403,CARAYBAMBA,2024,766
030403,CARAYBAMBA,2025,727
030403,CARAYBAMBA,2026,688
030404,CHAPIMARCA,2017,1991.34863331614
030404,CHAPIMARCA,2018,1965
030404,CHAPIMARCA,2019,1939
030404,CHAPIMARCA,2020,1907
030404,CHAPIMARCA,2021,1864
030404,CHAPIMARCA,2022,1814
030404,CHAPIMARCA,2023,1759
030404,CHAPIMARCA,2024,1702
030404,CHAPIMARCA,2025,1643
030404,CHAPIMARCA,2026,1583
030405,COLCABAMBA,2017,733.049930651872
030405,COLCABAMBA,2018,727
030405,COLCABAMBA,2019,721
030405,COLCABAMBA,2020,712
030405,COLCABAMBA,2021,687
030405,COLCABAMBA,2022,661
030405,COLCABAMBA,2023,635
030405,COLCABAMBA,2024,608
030405,COLCABAMBA,2025,581
030405,COLCABAMBA,2026,554
030406,COTARUSE,2017,2814.32486528099
030406,COTARUSE,2018,2704
030406,COTARUSE,2019,2598
030406,COTARUSE,2020,2491
030406,COTARUSE,2021,2380
030406,COTARUSE,2022,2268
030406,COTARUSE,2023,2150
030406,COTARUSE,2024,2045
030406,COTARUSE,2025,1936
030406,COTARUSE,2026,1826
030407,IHUAYLLO,2017,492.362660944206
030407,IHUAYLLO,2018,479
030407,IHUAYLLO,2019,466
030407,IHUAYLLO,2020,453
030407,IHUAYLLO,2021,443
030407,IHUAYLLO,2022,430
030407,IHUAYLLO,2023,413
030407,IHUAYLLO,2024,398
030407,IHUAYLLO,2025,385
030407,IHUAYLLO,2026,372
030408,JUSTO APU SAHUARAURA,2017,793.708165997323
030408,JUSTO APU SAHUARAURA,2018,770
030408,JUSTO APU SAHUARAURA,2019,747
030408,JUSTO APU SAHUARAURA,2020,723
030408,JUSTO APU SAHUARAURA,2021,701
030408,JUSTO APU SAHUARAURA,2022,678
030408,JUSTO APU SAHUARAURA,2023,655
030408,JUSTO APU SAHUARAURA,2024,631
030408,JUSTO APU SAHUARAURA,2025,607
030408,JUSTO APU SAHUARAURA,2026,583
030409,LUCRE,2017,1635.0831185567
030409,LUCRE,2018,1593
030409,LUCRE,2019,1552
030409,LUCRE,2020,1507
030409,LUCRE,2021,1443
030409,LUCRE,2022,1371
030409,LUCRE,2023,1292
030409,LUCRE,2024,1197
030409,LUCRE,2025,1105
030409,LUCRE,2026,1013
030410,POCOHUANCA,2017,1076.11480075901
030410,POCOHUANCA,2018,1065
030410,POCOHUANCA,2019,1054
030410,POCOHUANCA,2020,1041
030410,POCOHUANCA,2021,1023
030410,POCOHUANCA,2022,1002
030410,POCOHUANCA,2023,979
030410,POCOHUANCA,2024,955
030410,POCOHUANCA,2025,930
030410,POCOHUANCA,2026,905
030411,SAN JUAN DE CHACÑA,2017,806.154336734694
030411,SAN JUAN DE CHACÑA,2018,795
030411,SAN JUAN DE CHACÑA,2019,784
030411,SAN JUAN DE CHACÑA,2020,770
030411,SAN JUAN DE CHACÑA,2021,745
030411,SAN JUAN DE CHACÑA,2022,719
030411,SAN JUAN DE CHACÑA,2023,693
030411,SAN JUAN DE CHACÑA,2024,666
030411,SAN JUAN DE CHACÑA,2025,638
030411,SAN JUAN DE CHACÑA,2026,610
030412,SAÑAYCA,2017,1167.19788918206
030412,SAÑAYCA,2018,1152
030412,SAÑAYCA,2019,1137
030412,SAÑAYCA,2020,1118
030412,SAÑAYCA,2021,1093
030412,SAÑAYCA,2022,1063
030412,SAÑAYCA,2023,1032
030412,SAÑAYCA,2024,997
030412,SAÑAYCA,2025,963
030412,SAÑAYCA,2026,929
030413,SORAYA,2017,750.021563342318
030413,SORAYA,2018,746
030413,SORAYA,2019,742
030413,SORAYA,2020,736
030413,SORAYA,2021,710
030413,SORAYA,2022,683
030413,SORAYA,2023,656
030413,SORAYA,2024,628
030413,SORAYA,2025,600
030413,SORAYA,2026,572
030414,TAPAIRIHUA,2017,1966.20768431983
030414,TAPAIRIHUA,2018,1946
030414,TAPAIRIHUA,2019,1926
030414,TAPAIRIHUA,2020,1901
030414,TAPAIRIHUA,2021,1867
030414,TAPAIRIHUA,2022,1828
030414,TAPAIRIHUA,2023,1785
030414,TAPAIRIHUA,2024,1739
030414,TAPAIRIHUA,2025,1693
030414,TAPAIRIHUA,2026,1646
030415,TINTAY,2017,2441.55172413793
030415,TINTAY,2018,2380
030415,TINTAY,2019,2320
030415,TINTAY,2020,2255
030415,TINTAY,2021,2161
030415,TINTAY,2022,2063
030415,TINTAY,2023,1964
030415,TINTAY,2024,1863
030415,TINTAY,2025,1762
030415,TINTAY,2026,1660
030416,TORAYA,2017,1367.83704842429
030416,TORAYA,2018,1334
030416,TORAYA,2019,1301
030416,TORAYA,2020,1266
030416,TORAYA,2021,1215
030416,TORAYA,2022,1158
030416,TORAYA,2023,1095
030416,TORAYA,2024,1031
030416,TORAYA,2025,967
030416,TORAYA,2026,903
030417,YANACA,2017,1036.22365805169
030417,YANACA,2018,1021
030417,YANACA,2019,1006
030417,YANACA,2020,987
030417,YANACA,2021,962
030417,YANACA,2022,932
030417,YANACA,2023,901
030417,YANACA,2024,867
030417,YANACA,2025,833
030417,YANACA,2026,799
030501,TAMBOBAMBA,2017,10802.0045303254
030501,TAMBOBAMBA,2018,10809
030501,TAMBOBAMBA,2019,10816
030501,TAMBOBAMBA,2020,10789
030501,TAMBOBAMBA,2021,10713
030501,TAMBOBAMBA,2022,10660
030501,TAMBOBAMBA,2023,10593
030501,TAMBOBAMBA,2024,10478
030501,TAMBOBAMBA,2025,10385
030501,TAMBOBAMBA,2026,10290
030502,COTABAMBAS,2017,4135.12937148447
030502,COTABAMBAS,2018,4112
030502,COTABAMBAS,2019,4089
030502,COTABAMBAS,2020,4052
030502,COTABAMBAS,2021,4028
030502,COTABAMBAS,2022,4001
030502,COTABAMBAS,2023,3984
030502,COTABAMBAS,2024,3948
030502,COTABAMBAS,2025,3922
030502,COTABAMBAS,2026,3895
030503,COYLLURQUI,2017,7027.00422740525
030503,COYLLURQUI,2018,6943
030503,COYLLURQUI,2019,6860
030503,COYLLURQUI,2020,6756
030503,COYLLURQUI,2021,6691
030503,COYLLURQUI,2022,6651
030503,COYLLURQUI,2023,6592
030503,COYLLURQUI,2024,6502
030503,COYLLURQUI,2025,6427
030503,COYLLURQUI,2026,6351
030504,HAQUIRA,2017,10030.9171747967
030504,HAQUIRA,2018,9935
030504,HAQUIRA,2019,9840
030504,HAQUIRA,2020,9712
030504,HAQUIRA,2021,9511
030504,HAQUIRA,2022,9474
030504,HAQUIRA,2023,9434
030504,HAQUIRA,2024,9380
030504,HAQUIRA,2025,9320
030504,HAQUIRA,2026,9258
030505,MARA,2017,6219.09333981527
030505,MARA,2018,6195
030505,MARA,2019,6171
030505,MARA,2020,6127
030505,MARA,2021,6091
030505,MARA,2022,6084
030505,MARA,2023,6059
030505,MARA,2024,6007
030505,MARA,2025,5967
030505,MARA,2026,5926
030506,CHALLHUAHUACHO,2017,14813.0481640439
030506,CHALLHUAHUACHO,2018,15764
030506,CHALLHUAHUACHO,2019,16776
030506,CHALLHUAHUACHO,2020,17772
030506,CHALLHUAHUACHO,2021,18364
030506,CHALLHUAHUACHO,2022,18656
030506,CHALLHUAHUACHO,2023,18948
030506,CHALLHUAHUACHO,2024,19351
030506,CHALLHUAHUACHO,2025,19692
030506,CHALLHUAHUACHO,2026,20029
030601,CHINCHEROS,2017,5569.07234581299
030601,CHINCHEROS,2018,5549
030601,CHINCHEROS,2019,5529
030601,CHINCHEROS,2020,5495
030601,CHINCHEROS,2021,5472
030601,CHINCHEROS,2022,5443
030601,CHINCHEROS,2023,5409
030601,CHINCHEROS,2024,5374
030601,CHINCHEROS,2025,5342
030601,CHINCHEROS,2026,5310
030602,ANCO-HUALLO,2017,10791.0410270723
030602,ANCO-HUALLO,2018,10770
030602,ANCO-HUALLO,2019,10749
030602,ANCO-HUALLO,2020,10695
030602,ANCO-HUALLO,2021,10540
030602,ANCO-HUALLO,2022,10382
030602,ANCO-HUALLO,2023,10218
030602,ANCO-HUALLO,2024,10052
030602,ANCO-HUALLO,2025,9886
030602,ANCO-HUALLO,2026,9719
030603,COCHARCAS,2017,1850.85835214447
030603,COCHARCAS,2018,1811
030603,COCHARCAS,2019,1772
030603,COCHARCAS,2020,1729
030603,COCHARCAS,2021,1718
030603,COCHARCAS,2022,1707
030603,COCHARCAS,2023,1695
030603,COCHARCAS,2024,1683
030603,COCHARCAS,2025,1670
030603,COCHARCAS,2026,1657
030604,HUACCANA 15/,2017,7053.70626097133
030604,HUACCANA 15/,2018,6944
030604,HUACCANA 15/,2019,6836
030604,HUACCANA 15/,2020,6711
030604,HUACCANA 15/,2021,5489
030604,HUACCANA 15/,2022,5389
030604,HUACCANA 15/,2023,5285
030604,HUACCANA 15/,2024,5180
030604,HUACCANA 15/,2025,5073
030604,HUACCANA 15/,2026,4966
030605,OCOBAMBA,2017,7261.64898245614
030605,OCOBAMBA,2018,7193
030605,OCOBAMBA,2019,7125
030605,OCOBAMBA,2020,7036
030605,OCOBAMBA,2021,6962
030605,OCOBAMBA,2022,6877
030605,OCOBAMBA,2023,6786
030605,OCOBAMBA,2024,6692
030605,OCOBAMBA,2025,6597
030605,OCOBAMBA,2026,6502
030606,ONGOY,2017,2511.08014950166
030606,ONGOY,2018,2459
030606,ONGOY,2019,2408
030606,ONGOY,2020,2352
030606,ONGOY,2021,2320
030606,ONGOY,2022,2287
030606,ONGOY,2023,2254
030606,ONGOY,2024,2220
030606,ONGOY,2025,2185
030606,ONGOY,2026,2150
030607,URANMARCA,2017,2840.18933428776
030607,URANMARCA,2018,2817
030607,URANMARCA,2019,2794
030607,URANMARCA,2020,2765
030607,URANMARCA,2021,2743
030607,URANMARCA,2022,2717
030607,URANMARCA,2023,2692
030607,URANMARCA,2024,2666
030607,URANMARCA,2025,2642
030607,URANMARCA,2026,2618
030608,RANRACANCHA,2017,4285.34307436446
030608,RANRACANCHA,2018,4247
030608,RANRACANCHA,2019,4209
030608,RANRACANCHA,2020,4158
030608,RANRACANCHA,2021,4116
030608,RANRACANCHA,2022,4068
030608,RANRACANCHA,2023,4016
030608,RANRACANCHA,2024,3961
030608,RANRACANCHA,2025,3907
030608,RANRACANCHA,2026,3853
030609,ROCCHACC,2017,2840.08007117438
030609,ROCCHACC,2018,2825
030609,ROCCHACC,2019,2810
030609,ROCCHACC,2020,2787
030609,ROCCHACC,2021,2770
030609,ROCCHACC,2022,2751
030609,ROCCHACC,2023,2728
030609,ROCCHACC,2024,2705
030609,ROCCHACC,2025,2682
030609,ROCCHACC,2026,2659
030610,EL PORVENIR,2017,1814.09451901566
030610,EL PORVENIR,2018,1801
030610,EL PORVENIR,2019,1788
030610,EL PORVENIR,2020,1771
030610,EL PORVENIR,2021,1758
030610,EL PORVENIR,2022,1743
030610,EL PORVENIR,2023,1728
030610,EL PORVENIR,2024,1713
030610,EL PORVENIR,2025,1698
030610,EL PORVENIR,2026,1683
030611,LOS CHANKAS,2017,1060.02380952381
030611,LOS CHANKAS,2018,1055
030611,LOS CHANKAS,2019,1050
030611,LOS CHANKAS,2020,1045
030611,LOS CHANKAS,2021,1043
030611,LOS CHANKAS,2022,1040
030611,LOS CHANKAS,2023,1037
030611,LOS CHANKAS,2024,1034
030611,LOS CHANKAS,2025,1029
030611,LOS CHANKAS,2026,1024
030612,AHUAYRO 15/,2018,
030612,AHUAYRO 15/,2019,
030612,AHUAYRO 15/,2020,
030612,AHUAYRO 15/,2021,1110
030612,AHUAYRO 15/,2022,1090
030612,AHUAYRO 15/,2023,1069
030612,AHUAYRO 15/,2024,1047
030612,AHUAYRO 15/,2025,1026
030612,AHUAYRO 15/,2026,1005
030701,CHUQUIBAMBILLA,2017,5341.09990557129
030701,CHUQUIBAMBILLA,2018,5318
030701,CHUQUIBAMBILLA,2019,5295
030701,CHUQUIBAMBILLA,2020,5255
030701,CHUQUIBAMBILLA,2021,5150
030701,CHUQUIBAMBILLA,2022,5036
030701,CHUQUIBAMBILLA,2023,4907
030701,CHUQUIBAMBILLA,2024,4772
030701,CHUQUIBAMBILLA,2025,4626
030701,CHUQUIBAMBILLA,2026,4476
030702,CURPAHUASI,2017,2063.44932601098
030702,CURPAHUASI,2018,2033
030702,CURPAHUASI,2019,2003
030702,CURPAHUASI,2020,1967
030702,CURPAHUASI,2021,1918
030702,CURPAHUASI,2022,1861
030702,CURPAHUASI,2023,1799
030702,CURPAHUASI,2024,1735
030702,CURPAHUASI,2025,1671
030702,CURPAHUASI,2026,1606
030703,GAMARRA,2017,2975.96703690434
030703,GAMARRA,2018,2882
030703,GAMARRA,2019,2791
030703,GAMARRA,2020,2696
030703,GAMARRA,2021,2588
030703,GAMARRA,2022,2476
030703,GAMARRA,2023,2361
030703,GAMARRA,2024,2244
030703,GAMARRA,2025,2126
030703,GAMARRA,2026,2007
030704,HUAYLLATI,2017,1457.9357400722
030704,HUAYLLATI,2018,1421
030704,HUAYLLATI,2019,1385
030704,HUAYLLATI,2020,1346
030704,HUAYLLATI,2021,1298
030704,HUAYLLATI,2022,1246
030704,HUAYLLATI,2023,1191
030704,HUAYLLATI,2024,1136
030704,HUAYLLATI,2025,1083
030704,HUAYLLATI,2026,1030
030705,MAMARA,2017,910.027777777778
030705,MAMARA,2018,905
030705,MAMARA,2019,900
030705,MAMARA,2020,893
030705,MAMARA,2021,879
030705,MAMARA,2022,862
030705,MAMARA,2023,842
030705,MAMARA,2024,821
030705,MAMARA,2025,800
030705,MAMARA,2026,779
030706,MICAELA BASTIDAS,2017,985.724544480171
030706,MICAELA BASTIDAS,2018,959
030706,MICAELA BASTIDAS,2019,933
030706,MICAELA BASTIDAS,2020,905
030706,MICAELA BASTIDAS,2021,872
030706,MICAELA BASTIDAS,2022,835
030706,MICAELA BASTIDAS,2023,798
030706,MICAELA BASTIDAS,2024,760
030706,MICAELA BASTIDAS,2025,724
030706,MICAELA BASTIDAS,2026,688
030707,PATAYPAMPA,2017,850.398034398034
030707,PATAYPAMPA,2018,832
030707,PATAYPAMPA,2019,814
030707,PATAYPAMPA,2020,794
030707,PATAYPAMPA,2021,769
030707,PATAYPAMPA,2022,742
030707,PATAYPAMPA,2023,713
030707,PATAYPAMPA,2024,683
030707,PATAYPAMPA,2025,654
030707,PATAYPAMPA,2026,625
030708,PROGRESO,2017,3118.45209768316
030708,PROGRESO,2018,3156
030708,PROGRESO,2019,3194
030708,PROGRESO,2020,3222
030708,PROGRESO,2021,3235
030708,PROGRESO,2022,3241
030708,PROGRESO,2023,3244
030708,PROGRESO,2024,3247
030708,PROGRESO,2025,3250
030708,PROGRESO,2026,3252
030709,SAN ANTONIO,2017,292.176258992806
030709,SAN ANTONIO,2018,285
030709,SAN ANTONIO,2019,278
030709,SAN ANTONIO,2020,271
030709,SAN ANTONIO,2021,262
030709,SAN ANTONIO,2022,252
030709,SAN ANTONIO,2023,242
030709,SAN ANTONIO,2024,232
030709,SAN ANTONIO,2025,222
030709,SAN ANTONIO,2026,212
030710,SANTA ROSA,2017,598.210069444445
030710,SANTA ROSA,2018,587
030710,SANTA ROSA,2019,576
030710,SANTA ROSA,2020,562
030710,SANTA ROSA,2021,545
030710,SANTA ROSA,2022,527
030710,SANTA ROSA,2023,507
030710,SANTA ROSA,2024,486
030710,SANTA ROSA,2025,466
030710,SANTA ROSA,2026,446
030711,TURPAY,2017,676.220858895706
030711,TURPAY,2018,664
030711,TURPAY,2019,652
030711,TURPAY,2020,640
030711,TURPAY,2021,622
030711,TURPAY,2022,603
030711,TURPAY,2023,584
030711,TURPAY,2024,564
030711,TURPAY,2025,546
030711,TURPAY,2026,528
030712,VILCABAMBA,2017,1307.03709311128
030712,VILCABAMBA,2018,1314
030712,VILCABAMBA,2019,1321
030712,VILCABAMBA,2020,1324
030712,VILCABAMBA,2021,1327
030712,VILCABAMBA,2022,1326
030712,VILCABAMBA,2023,1323
030712,VILCABAMBA,2024,1317
030712,VILCABAMBA,2025,1311
030712,VILCABAMBA,2026,1304
030713,VIRUNDO,2017,718.935628742515
030713,VIRUNDO,2018,693
030713,VIRUNDO,2019,668
030713,VIRUNDO,2020,643
030713,VIRUNDO,2021,614
030713,VIRUNDO,2022,583
030713,VIRUNDO,2023,553
030713,VIRUNDO,2024,523
030713,VIRUNDO,2025,493
030713,VIRUNDO,2026,463
030714,CURASCO,2017,1301.28582739509
030714,CURASCO,2018,1282
030714,CURASCO,2019,1263
030714,CURASCO,2020,1241
030714,CURASCO,2021,1210
030714,CURASCO,2022,1173
030714,CURASCO,2023,1135
030714,CURASCO,2024,1095
030714,CURASCO,2025,1054
030714,CURASCO,2026,1013
040101,AREQUIPA,2017,55962.8952810132
040101,AREQUIPA,2018,55496
040101,AREQUIPA,2019,55033
040101,AREQUIPA,2020,54400
040101,AREQUIPA,2021,54412
040101,AREQUIPA,2022,54396
040101,AREQUIPA,2023,54362
040101,AREQUIPA,2024,54315
040101,AREQUIPA,2025,54262
040101,AREQUIPA,2026,54201
040102,ALTO SELVA ALEGRE,2017,84314.8102324409
040102,ALTO SELVA ALEGRE,2018,85790
040102,ALTO SELVA ALEGRE,2019,87291
040102,ALTO SELVA ALEGRE,2020,88537
040102,ALTO SELVA ALEGRE,2021,90180
040102,ALTO SELVA ALEGRE,2022,91755
040102,ALTO SELVA ALEGRE,2023,93292
040102,ALTO SELVA ALEGRE,2024,94815
040102,ALTO SELVA ALEGRE,2025,96351
040102,ALTO SELVA ALEGRE,2026,97900
040103,CAYMA,2017,95346.7254633216
040103,CAYMA,2018,97980
040103,CAYMA,2019,100686
040103,CAYMA,2020,103140
040103,CAYMA,2021,105760
040103,CAYMA,2022,108314
040103,CAYMA,2023,110831
040103,CAYMA,2024,113343
040103,CAYMA,2025,115881
040103,CAYMA,2026,118443
040104,CERRO COLORADO,2017,195499.052057422
040104,CERRO COLORADO,2018,206393
040104,CERRO COLORADO,2019,217894
040104,CERRO COLORADO,2020,229142
040104,CERRO COLORADO,2021,235305
040104,CERRO COLORADO,2022,241328
040104,CERRO COLORADO,2023,247274
040104,CERRO COLORADO,2024,253214
040104,CERRO COLORADO,2025,259214
040104,CERRO COLORADO,2026,265275
040105,CHARACATO,2017,13166.3044107966
040105,CHARACATO,2018,14142
040105,CHARACATO,2019,15190
040105,CHARACATO,2020,16263
040105,CHARACATO,2021,16987
040105,CHARACATO,2022,17706
040105,CHARACATO,2023,18423
040105,CHARACATO,2024,19143
040105,CHARACATO,2025,19872
040105,CHARACATO,2026,20610
040106,CHIGUATA,2017,2998.54577922078
040106,CHIGUATA,2018,3039
040106,CHIGUATA,2019,3080
040106,CHIGUATA,2020,3112
040106,CHIGUATA,2021,3171
040106,CHIGUATA,2022,3227
040106,CHIGUATA,2023,3279
040106,CHIGUATA,2024,3330
040106,CHIGUATA,2025,3382
040106,CHIGUATA,2026,3433
040107,JACOBO HUNTER,2017,50322.1616772287
040107,JACOBO HUNTER,2018,50879
040107,JACOBO HUNTER,2019,51442
040107,JACOBO HUNTER,2020,51848
040107,JACOBO HUNTER,2021,52729
040107,JACOBO HUNTER,2022,53543
040107,JACOBO HUNTER,2023,54315
040107,JACOBO HUNTER,2024,55070
040107,JACOBO HUNTER,2025,55832
040107,JACOBO HUNTER,2026,56602
040108,LA JOYA,2017,34125.6956828864
040108,LA JOYA,2018,35441
040108,LA JOYA,2019,36807
040108,LA JOYA,2020,38103
040108,LA JOYA,2021,39668
040108,LA JOYA,2022,41181
040108,LA JOYA,2023,42668
040108,LA JOYA,2024,44159
040108,LA JOYA,2025,45683
040108,LA JOYA,2026,47244
040109,MARIANO MELGAR,2017,61151.3870942326
040109,MARIANO MELGAR,2018,62295
040109,MARIANO MELGAR,2019,63460
040109,MARIANO MELGAR,2020,64442
040109,MARIANO MELGAR,2021,65809
040109,MARIANO MELGAR,2022,67014
040109,MARIANO MELGAR,2023,68105
040109,MARIANO MELGAR,2024,69135
040109,MARIANO MELGAR,2025,70154
040109,MARIANO MELGAR,2026,71157
040110,MIRAFLORES,2017,60161.9378774806
040110,MIRAFLORES,2018,61362
040110,MIRAFLORES,2019,62586
040110,MIRAFLORES,2020,63632
040110,MIRAFLORES,2021,65064
040110,MIRAFLORES,2022,66339
040110,MIRAFLORES,2023,67508
040110,MIRAFLORES,2024,68619
040110,MIRAFLORES,2025,69725
040110,MIRAFLORES,2026,70819
040111,MOLLEBAYA,2017,4770.16785482826
040111,MOLLEBAYA,2018,5426
040111,MOLLEBAYA,2019,6172
040111,MOLLEBAYA,2020,6998
040111,MOLLEBAYA,2021,7363
040111,MOLLEBAYA,2022,7727
040111,MOLLEBAYA,2023,8090
040111,MOLLEBAYA,2024,8456
040111,MOLLEBAYA,2025,8826
040111,MOLLEBAYA,2026,9201
040112,PAUCARPATA,2017,130512.442793317
040112,PAUCARPATA,2018,131837
040112,PAUCARPATA,2019,133175
040112,PAUCARPATA,2020,134099
040112,PAUCARPATA,2021,135781
040112,PAUCARPATA,2022,137061
040112,PAUCARPATA,2023,138046
040112,PAUCARPATA,2024,138830
040112,PAUCARPATA,2025,139513
040112,PAUCARPATA,2026,140086
040113,POCSI,2017,480.264192139738
040113,POCSI,2018,469
040113,POCSI,2019,458
040113,POCSI,2020,447
040113,POCSI,2021,442
040113,POCSI,2022,437
040113,POCSI,2023,430
040113,POCSI,2024,428
040113,POCSI,2025,422
040113,POCSI,2026,416
040114,POLOBAYA,2017,911.637559808612
040114,POLOBAYA,2018,873
040114,POLOBAYA,2019,836
040114,POLOBAYA,2020,797
040114,POLOBAYA,2021,771
040114,POLOBAYA,2022,746
040114,POLOBAYA,2023,722
040114,POLOBAYA,2024,697
040114,POLOBAYA,2025,672
040114,POLOBAYA,2026,647
040115,QUEQUEÑA,2017,4598.86606409203
040115,QUEQUEÑA,2018,5290
040115,QUEQUEÑA,2019,6085
040115,QUEQUEÑA,2020,6977
040115,QUEQUEÑA,2021,7324
040115,QUEQUEÑA,2022,7669
040115,QUEQUEÑA,2023,8013
040115,QUEQUEÑA,2024,8360
040115,QUEQUEÑA,2025,8711
040115,QUEQUEÑA,2026,9066
040116,SABANDIA,2017,4319.39432529044
040116,SABANDIA,2018,4397
040116,SABANDIA,2019,4476
040116,SABANDIA,2020,4544
040116,SABANDIA,2021,4648
040116,SABANDIA,2022,4745
040116,SABANDIA,2023,4837
040116,SABANDIA,2024,4928
040116,SABANDIA,2025,5020
040116,SABANDIA,2026,5113
040117,SACHACA,2017,24343.7743760272
040117,SACHACA,2018,25237
040117,SACHACA,2019,26163
040117,SACHACA,2020,27038
040117,SACHACA,2021,28101
040117,SACHACA,2022,29124
040117,SACHACA,2023,30126
040117,SACHACA,2024,31128
040117,SACHACA,2025,32152
040117,SACHACA,2026,33198
040118,SAN JUAN DE SIGUAS,2017,681.53078202995
040118,SAN JUAN DE SIGUAS,2018,640
040118,SAN JUAN DE SIGUAS,2019,601
040118,SAN JUAN DE SIGUAS,2020,561
040118,SAN JUAN DE SIGUAS,2021,546
040118,SAN JUAN DE SIGUAS,2022,530
040118,SAN JUAN DE SIGUAS,2023,513
040118,SAN JUAN DE SIGUAS,2024,496
040118,SAN JUAN DE SIGUAS,2025,479
040118,SAN JUAN DE SIGUAS,2026,461
040119,SAN JUAN DE TARUCANI,2017,1456.92239467849
040119,SAN JUAN DE TARUCANI,2018,1404
040119,SAN JUAN DE TARUCANI,2019,1353
040119,SAN JUAN DE TARUCANI,2020,1299
040119,SAN JUAN DE TARUCANI,2021,1265
040119,SAN JUAN DE TARUCANI,2022,1233
040119,SAN JUAN DE TARUCANI,2023,1201
040119,SAN JUAN DE TARUCANI,2024,1168
040119,SAN JUAN DE TARUCANI,2025,1134
040119,SAN JUAN DE TARUCANI,2026,1100
040120,SANTA ISABEL DE SIGUAS,2017,755.685131195335
040120,SANTA ISABEL DE SIGUAS,2018,720
040120,SANTA ISABEL DE SIGUAS,2019,686
040120,SANTA ISABEL DE SIGUAS,2020,650
040120,SANTA ISABEL DE SIGUAS,2021,635
040120,SANTA ISABEL DE SIGUAS,2022,618
040120,SANTA ISABEL DE SIGUAS,2023,601
040120,SANTA ISABEL DE SIGUAS,2024,584
040120,SANTA ISABEL DE SIGUAS,2025,566
040120,SANTA ISABEL DE SIGUAS,2026,548
040121,SANTA RITA DE SIGUAS,2017,6595.69013496591
040121,SANTA RITA DE SIGUAS,2018,6885
040121,SANTA RITA DE SIGUAS,2019,7187
040121,SANTA RITA DE SIGUAS,2020,7478
040121,SANTA RITA DE SIGUAS,2021,7821
040121,SANTA RITA DE SIGUAS,2022,8156
040121,SANTA RITA DE SIGUAS,2023,8488
040121,SANTA RITA DE SIGUAS,2024,8822
040121,SANTA RITA DE SIGUAS,2025,9168
040121,SANTA RITA DE SIGUAS,2026,9524
040122,SOCABAYA,2017,75135.1690525225
040122,SOCABAYA,2018,77115
040122,SOCABAYA,2019,79147
040122,SOCABAYA,2020,80977
040122,SOCABAYA,2021,83367
040122,SOCABAYA,2022,85605
040122,SOCABAYA,2023,87750
040122,SOCABAYA,2024,89862
040122,SOCABAYA,2025,92001
040122,SOCABAYA,2026,94168
040123,TIABAYA,2017,16399.0315764482
040123,TIABAYA,2018,16622
040123,TIABAYA,2019,16848
040123,TIABAYA,2020,17023
040123,TIABAYA,2021,17297
040123,TIABAYA,2022,17520
040123,TIABAYA,2023,17709
040123,TIABAYA,2024,17874
040123,TIABAYA,2025,18026
040123,TIABAYA,2026,18164
040124,UCHUMAYO,2017,14635.3119383007
040124,UCHUMAYO,2018,15153
040124,UCHUMAYO,2019,15689
040124,UCHUMAYO,2020,16195
040124,UCHUMAYO,2021,16812
040124,UCHUMAYO,2022,17404
040124,UCHUMAYO,2023,17981
040124,UCHUMAYO,2024,18558
040124,UCHUMAYO,2025,19147
040124,UCHUMAYO,2026,19748
040125,VITOR,2017,3977.56255771007
040125,VITOR,2018,4151
040125,VITOR,2019,4332
040125,VITOR,2020,4506
040125,VITOR,2021,4713
040125,VITOR,2022,4915
040125,VITOR,2023,5116
040125,VITOR,2024,5317
040125,VITOR,2025,5523
040125,VITOR,2026,5736
040126,YANAHUARA,2017,25437.2487834783
040126,YANAHUARA,2018,25766
040126,YANAHUARA,2019,26099
040126,YANAHUARA,2020,26354
040126,YANAHUARA,2021,26755
040126,YANAHUARA,2022,27081
040126,YANAHUARA,2023,27353
040126,YANAHUARA,2024,27590
040126,YANAHUARA,2025,27815
040126,YANAHUARA,2026,28023
040127,YARABAMBA,2017,1385.62010796221
040127,YARABAMBA,2018,1433
040127,YARABAMBA,2019,1482
040127,YARABAMBA,2020,1528
040127,YARABAMBA,2021,1584
040127,YARABAMBA,2022,1638
040127,YARABAMBA,2023,1691
040127,YARABAMBA,2024,1743
040127,YARABAMBA,2025,1797
040127,YARABAMBA,2026,1851
040128,YURA,2017,34061.7114464022
040128,YURA,2018,36865
040128,YURA,2019,39899
040128,YURA,2020,43033
040128,YURA,2021,44322
040128,YURA,2022,45585
040128,YURA,2023,46837
040128,YURA,2024,48089
040128,YURA,2025,49354
040128,YURA,2026,50632
040129,JOSE LUIS BUSTAMANTE Y RIVERO,2017,80985.9792732887
040129,JOSE LUIS BUSTAMANTE Y RIVERO,2018,81621
040129,JOSE LUIS BUSTAMANTE Y RIVERO,2019,82261
040129,JOSE LUIS BUSTAMANTE Y RIVERO,2020,82642
040129,JOSE LUIS BUSTAMANTE Y RIVERO,2021,83264
040129,JOSE LUIS BUSTAMANTE Y RIVERO,2022,83807
040129,JOSE LUIS BUSTAMANTE Y RIVERO,2023,84303
040129,JOSE LUIS BUSTAMANTE Y RIVERO,2024,84773
040129,JOSE LUIS BUSTAMANTE Y RIVERO,2025,85243
040129,JOSE LUIS BUSTAMANTE Y RIVERO,2026,85711
040201,CAMANA,2017,13136.5246985609
040201,CAMANA,2018,12995
040201,CAMANA,2019,12855
040201,CAMANA,2020,12677
040201,CAMANA,2021,12527
040201,CAMANA,2022,12379
040201,CAMANA,2023,12235
040201,CAMANA,2024,12090
040201,CAMANA,2025,11945
040201,CAMANA,2026,11799
040202,JOSE MARIA QUIMPER,2017,4492.2764262648
040202,JOSE MARIA QUIMPER,2018,4568
040202,JOSE MARIA QUIMPER,2019,4645
040202,JOSE MARIA QUIMPER,2020,4710
040202,JOSE MARIA QUIMPER,2021,4761
040202,JOSE MARIA QUIMPER,2022,4804
040202,JOSE MARIA QUIMPER,2023,4843
040202,JOSE MARIA QUIMPER,2024,4877
040202,JOSE MARIA QUIMPER,2025,4910
040202,JOSE MARIA QUIMPER,2026,4941
040203,MARIANO NICOLAS VALCARCEL,2017,7167.6118043424
040203,MARIANO NICOLAS VALCARCEL,2018,7579
040203,MARIANO NICOLAS VALCARCEL,2019,8014
040203,MARIANO NICOLAS VALCARCEL,2020,8448
040203,MARIANO NICOLAS VALCARCEL,2021,8863
040203,MARIANO NICOLAS VALCARCEL,2022,9273
040203,MARIANO NICOLAS VALCARCEL,2023,9682
040203,MARIANO NICOLAS VALCARCEL,2024,10095
040203,MARIANO NICOLAS VALCARCEL,2025,10517
040203,MARIANO NICOLAS VALCARCEL,2026,10945
040204,MARISCAL CACERES,2017,6176.50745565845
040204,MARISCAL CACERES,2018,6273
040204,MARISCAL CACERES,2019,6371
040204,MARISCAL CACERES,2020,6450
040204,MARISCAL CACERES,2021,6512
040204,MARISCAL CACERES,2022,6562
040204,MARISCAL CACERES,2023,6605
040204,MARISCAL CACERES,2024,6642
040204,MARISCAL CACERES,2025,6677
040204,MARISCAL CACERES,2026,6710
040205,NICOLAS DE PIEROLA,2017,7266.37597257022
040205,NICOLAS DE PIEROLA,2018,7423
040205,NICOLAS DE PIEROLA,2019,7583
040205,NICOLAS DE PIEROLA,2020,7723
040205,NICOLAS DE PIEROLA,2021,7843
040205,NICOLAS DE PIEROLA,2022,7949
040205,NICOLAS DE PIEROLA,2023,8047
040205,NICOLAS DE PIEROLA,2024,8140
040205,NICOLAS DE PIEROLA,2025,8231
040205,NICOLAS DE PIEROLA,2026,8320
040206,OCOÑA,2017,4138.19206271436
040206,OCOÑA,2018,4110
040206,OCOÑA,2019,4082
040206,OCOÑA,2020,4040
040206,OCOÑA,2021,4005
040206,OCOÑA,2022,3970
040206,OCOÑA,2023,3934
040206,OCOÑA,2024,3899
040206,OCOÑA,2025,3863
040206,OCOÑA,2026,3827
040207,QUILCA,2017,994.695610687023
040207,QUILCA,2018,1021
040207,QUILCA,2019,1048
040207,QUILCA,2020,1072
040207,QUILCA,2021,1093
040207,QUILCA,2022,1115
040207,QUILCA,2023,1133
040207,QUILCA,2024,1152
040207,QUILCA,2025,1169
040207,QUILCA,2026,1186
040208,SAMUEL PASTOR,2017,15644.7613789719
040208,SAMUEL PASTOR,2018,15970
040208,SAMUEL PASTOR,2019,16302
040208,SAMUEL PASTOR,2020,16588
040208,SAMUEL PASTOR,2021,16829
040208,SAMUEL PASTOR,2022,17046
040208,SAMUEL PASTOR,2023,17242
040208,SAMUEL PASTOR,2024,17427
040208,SAMUEL PASTOR,2025,17607
040208,SAMUEL PASTOR,2026,17782
040301,CARAVELI,2017,4116.40042877561
040301,CARAVELI,2018,4157
040301,CARAVELI,2019,4198
040301,CARAVELI,2020,4227
040301,CARAVELI,2021,4284
040301,CARAVELI,2022,4332
040301,CARAVELI,2023,4372
040301,CARAVELI,2024,4416
040301,CARAVELI,2025,4454
040301,CARAVELI,2026,4491
040302,ACARI  21/,2017,4873.16984845503
040302,ACARI  21/,2018,4976
040302,ACARI  21/,2019,5081
040302,ACARI  21/,2020,5172
040302,ACARI  21/,2021,5283
040302,ACARI  21/,2022,5381
040302,ACARI  21/,2023,5467
040302,ACARI  21/,2024,5548
040302,ACARI  21/,2025,4112
040302,ACARI  21/,2026,4133
040303,ATICO,2017,5477.85866758478
040303,ATICO,2018,5641
040303,ATICO,2019,5809
040303,ATICO,2020,5962
040303,ATICO,2021,6127
040303,ATICO,2022,6271
040303,ATICO,2023,6400
040303,ATICO,2024,6521
040303,ATICO,2025,6639
040303,ATICO,2026,6755
040304,ATIQUIPA,2017,529.657200811359
040304,ATIQUIPA,2018,511
040304,ATIQUIPA,2019,493
040304,ATIQUIPA,2020,475
040304,ATIQUIPA,2021,466
040304,ATIQUIPA,2022,455
040304,ATIQUIPA,2023,447
040304,ATIQUIPA,2024,438
040304,ATIQUIPA,2025,431
040304,ATIQUIPA,2026,424
040305,BELLA UNION  21/,2017,3231.19380097879
040305,BELLA UNION  21/,2018,3147
040305,BELLA UNION  21/,2019,3065
040305,BELLA UNION  21/,2020,2978
040305,BELLA UNION  21/,2021,2935
040305,BELLA UNION  21/,2022,2895
040305,BELLA UNION  21/,2023,2858
040305,BELLA UNION  21/,2024,2821
040305,BELLA UNION  21/,2025,4301
040305,BELLA UNION  21/,2026,4322
040306,CAHUACHO,2017,664.515923566879
040306,CAHUACHO,2018,646
040306,CAHUACHO,2019,628
040306,CAHUACHO,2020,609
040306,CAHUACHO,2021,599
040306,CAHUACHO,2022,591
040306,CAHUACHO,2023,582
040306,CAHUACHO,2024,575
040306,CAHUACHO,2025,566
040306,CAHUACHO,2026,557
040307,CHALA,2017,8841.84181707565
040307,CHALA,2018,9338
040307,CHALA,2019,9862
040307,CHALA,2020,10368
040307,CHALA,2021,10605
040307,CHALA,2022,10832
040307,CHALA,2023,11053
040307,CHALA,2024,11261
040307,CHALA,2025,11472
040307,CHALA,2026,11680
040308,CHAPARRA,2017,3667.05386095081
040308,CHAPARRA,2018,3653
040308,CHAPARRA,2019,3639
040308,CHAPARRA,2020,3613
040308,CHAPARRA,2021,3567
040308,CHAPARRA,2022,3516
040308,CHAPARRA,2023,3461
040308,CHAPARRA,2024,3404
040308,CHAPARRA,2025,3346
040308,CHAPARRA,2026,3287
040309,HUANUHUANU,2017,3017.30279898219
040309,HUANUHUANU,2018,3080
040309,HUANUHUANU,2019,3144
040309,HUANUHUANU,2020,3199
040309,HUANUHUANU,2021,3268
040309,HUANUHUANU,2022,3327
040309,HUANUHUANU,2023,3382
040309,HUANUHUANU,2024,3433
040309,HUANUHUANU,2025,3482
040309,HUANUHUANU,2026,3530
040310,JAQUI,2017,1599.0309148265
040310,JAQUI,2018,1592
040310,JAQUI,2019,1585
040310,JAQUI,2020,1576
040310,JAQUI,2021,1581
040310,JAQUI,2022,1585
040310,JAQUI,2023,1588
040310,JAQUI,2024,1590
040310,JAQUI,2025,1593
040310,JAQUI,2026,1596
040311,LOMAS,2017,1474.88436692506
040311,LOMAS,2018,1511
040311,LOMAS,2019,1548
040311,LOMAS,2020,1580
040311,LOMAS,2021,1603
040311,LOMAS,2022,1625
040311,LOMAS,2023,1645
040311,LOMAS,2024,1665
040311,LOMAS,2025,1684
040311,LOMAS,2026,1703
040312,QUICACHA,2017,1895.00840777719
040312,QUICACHA,2018,1899
040312,QUICACHA,2019,1903
040312,QUICACHA,2020,1902
040312,QUICACHA,2021,1905
040312,QUICACHA,2022,1906
040312,QUICACHA,2023,1909
040312,QUICACHA,2024,1912
040312,QUICACHA,2025,1915
040312,QUICACHA,2026,1918
040313,YAUCA,2017,1946.44865403789
040313,YAUCA,2018,1976
040313,YAUCA,2019,2006
040313,YAUCA,2020,2029
040313,YAUCA,2021,2060
040313,YAUCA,2022,2087
040313,YAUCA,2023,2108
040313,YAUCA,2024,2127
040313,YAUCA,2025,2145
040313,YAUCA,2026,2162
040401,APLAO,2017,8903.09385113269
040401,APLAO,2018,8932
040401,APLAO,2019,8961
040401,APLAO,2020,8964
040401,APLAO,2021,8994
040401,APLAO,2022,9023
040401,APLAO,2023,9057
040401,APLAO,2024,9086
040401,APLAO,2025,9116
040401,APLAO,2026,9148
040402,ANDAGUA,2017,1067.31425800194
040402,ANDAGUA,2018,1049
040402,ANDAGUA,2019,1031
040402,ANDAGUA,2020,1010
040402,ANDAGUA,2021,993
040402,ANDAGUA,2022,977
040402,ANDAGUA,2023,961
040402,ANDAGUA,2024,945
040402,ANDAGUA,2025,928
040402,ANDAGUA,2026,910
040403,AYO,2017,253.205020920502
040403,AYO,2018,246
040403,AYO,2019,239
040403,AYO,2020,230
040403,AYO,2021,223
040403,AYO,2022,216
040403,AYO,2023,209
040403,AYO,2024,202
040403,AYO,2025,195
040403,AYO,2026,188
040404,CHACHAS,2017,1700.19471153846
040404,CHACHAS,2018,1682
040404,CHACHAS,2019,1664
040404,CHACHAS,2020,1643
040404,CHACHAS,2021,1611
040404,CHACHAS,2022,1579
040404,CHACHAS,2023,1547
040404,CHACHAS,2024,1514
040404,CHACHAS,2025,1482
040404,CHACHAS,2026,1449
040405,CHILCAYMARCA,2017,980.354616895874
040405,CHILCAYMARCA,2018,999
040405,CHILCAYMARCA,2019,1018
040405,CHILCAYMARCA,2020,1034
040405,CHILCAYMARCA,2021,1053
040405,CHILCAYMARCA,2022,1073
040405,CHILCAYMARCA,2023,1093
040405,CHILCAYMARCA,2024,1113
040405,CHILCAYMARCA,2025,1135
040405,CHILCAYMARCA,2026,1157
040406,CHOCO,2017,749.050432276657
040406,CHOCO,2018,721
040406,CHOCO,2019,694
040406,CHOCO,2020,666
040406,CHOCO,2021,641
040406,CHOCO,2022,618
040406,CHOCO,2023,593
040406,CHOCO,2024,570
040406,CHOCO,2025,545
040406,CHOCO,2026,521
040407,HUANCARQUI,2017,1544.14294790343
040407,HUANCARQUI,2018,1559
040407,HUANCARQUI,2019,1574
040407,HUANCARQUI,2020,1586
040407,HUANCARQUI,2021,1602
040407,HUANCARQUI,2022,1618
040407,HUANCARQUI,2023,1633
040407,HUANCARQUI,2024,1649
040407,HUANCARQUI,2025,1664
040407,HUANCARQUI,2026,1678
040408,MACHAGUAY,2017,537.396694214876
040408,MACHAGUAY,2018,510
040408,MACHAGUAY,2019,484
040408,MACHAGUAY,2020,457
040408,MACHAGUAY,2021,433
040408,MACHAGUAY,2022,408
040408,MACHAGUAY,2023,383
040408,MACHAGUAY,2024,361
040408,MACHAGUAY,2025,339
040408,MACHAGUAY,2026,318
040409,ORCOPAMPA,2017,8460.1967923203
040409,ORCOPAMPA,2018,8501
040409,ORCOPAMPA,2019,8542
040409,ORCOPAMPA,2020,8557
040409,ORCOPAMPA,2021,8612
040409,ORCOPAMPA,2022,8667
040409,ORCOPAMPA,2023,8723
040409,ORCOPAMPA,2024,8776
040409,ORCOPAMPA,2025,8829
040409,ORCOPAMPA,2026,8881
040410,PAMPACOLCA,2017,2107.29218106996
040410,PAMPACOLCA,2018,2024
040410,PAMPACOLCA,2019,1944
040410,PAMPACOLCA,2020,1862
040410,PAMPACOLCA,2021,1788
040410,PAMPACOLCA,2022,1717
040410,PAMPACOLCA,2023,1647
040410,PAMPACOLCA,2024,1579
040410,PAMPACOLCA,2025,1510
040410,PAMPACOLCA,2026,1440
040411,TIPAN,2017,460.227272727273
040411,TIPAN,2018,450
040411,TIPAN,2019,440
040411,TIPAN,2020,429
040411,TIPAN,2021,420
040411,TIPAN,2022,411
040411,TIPAN,2023,402
040411,TIPAN,2024,393
040411,TIPAN,2025,384
040411,TIPAN,2026,375
040412,UÑON,2017,214.077669902913
040412,UÑON,2018,210
040412,UÑON,2019,206
040412,UÑON,2020,202
040412,UÑON,2021,200
040412,UÑON,2022,197
040412,UÑON,2023,195
040412,UÑON,2024,194
040412,UÑON,2025,193
040412,UÑON,2026,193
040413,URACA,2017,6694.11810786381
040413,URACA,2018,6666
040413,URACA,2019,6638
040413,URACA,2020,6590
040413,URACA,2021,6510
040413,URACA,2022,6429
040413,URACA,2023,6347
040413,URACA,2024,6265
040413,URACA,2025,6182
040413,URACA,2026,6097
040414,VIRACO,2017,1611.62040025823
040414,VIRACO,2018,1580
040414,VIRACO,2019,1549
040414,VIRACO,2020,1513
040414,VIRACO,2021,1484
040414,VIRACO,2022,1456
040414,VIRACO,2023,1428
040414,VIRACO,2024,1399
040414,VIRACO,2025,1370
040414,VIRACO,2026,1340
040501,CHIVAY,2017,6034.31086079354
040501,CHIVAY,2018,5991
040501,CHIVAY,2019,5948
040501,CHIVAY,2020,5889
040501,CHIVAY,2021,5877
040501,CHIVAY,2022,5854
040501,CHIVAY,2023,5821
040501,CHIVAY,2024,5782
040501,CHIVAY,2025,5741
040501,CHIVAY,2026,5697
040502,ACHOMA,2017,882.525
040502,ACHOMA,2018,861
040502,ACHOMA,2019,840
040502,ACHOMA,2020,817
040502,ACHOMA,2021,817
040502,ACHOMA,2022,815
040502,ACHOMA,2023,812
040502,ACHOMA,2024,808
040502,ACHOMA,2025,804
040502,ACHOMA,2026,799
040503,CABANACONDE,2017,2250.16333178222
040503,CABANACONDE,2018,2199
040503,CABANACONDE,2019,2149
040503,CABANACONDE,2020,2094
040503,CABANACONDE,2021,2077
040503,CABANACONDE,2022,2059
040503,CABANACONDE,2023,2040
040503,CABANACONDE,2024,2019
040503,CABANACONDE,2025,1997
040503,CABANACONDE,2026,1974
040504,CALLALLI,2017,1570.43377715487
040504,CALLALLI,2018,1497
040504,CALLALLI,2019,1427
040504,CALLALLI,2020,1357
040504,CALLALLI,2021,1334
040504,CALLALLI,2022,1307
040504,CALLALLI,2023,1278
040504,CALLALLI,2024,1247
040504,CALLALLI,2025,1215
040504,CALLALLI,2026,1182
040505,CAYLLOMA,2017,3760.11861215707
040505,CAYLLOMA,2018,3739
040505,CAYLLOMA,2019,3718
040505,CAYLLOMA,2020,3688
040505,CAYLLOMA,2021,3677
040505,CAYLLOMA,2022,3659
040505,CAYLLOMA,2023,3635
040505,CAYLLOMA,2024,3608
040505,CAYLLOMA,2025,3578
040505,CAYLLOMA,2026,3547
040506,COPORAQUE,2017,1183.28247602441
040506,COPORAQUE,2018,1165
040506,COPORAQUE,2019,1147
040506,COPORAQUE,2020,1126
040506,COPORAQUE,2021,1125
040506,COPORAQUE,2022,1121
040506,COPORAQUE,2023,1118
040506,COPORAQUE,2024,1114
040506,COPORAQUE,2025,1109
040506,COPORAQUE,2026,1104
040507,HUAMBO,2017,708.33185840708
040507,HUAMBO,2018,693
040507,HUAMBO,2019,678
040507,HUAMBO,2020,660
040507,HUAMBO,2021,655
040507,HUAMBO,2022,649
040507,HUAMBO,2023,643
040507,HUAMBO,2024,636
040507,HUAMBO,2025,630
040507,HUAMBO,2026,622
040508,HUANCA,2017,1080.43968095713
040508,HUANCA,2018,1041
040508,HUANCA,2019,1003
040508,HUANCA,2020,967
040508,HUANCA,2021,966
040508,HUANCA,2022,962
040508,HUANCA,2023,958
040508,HUANCA,2024,952
040508,HUANCA,2025,946
040508,HUANCA,2026,939
040509,ICHUPAMPA,2017,576.001742160279
040509,ICHUPAMPA,2018,575
040509,ICHUPAMPA,2019,574
040509,ICHUPAMPA,2020,572
040509,ICHUPAMPA,2021,572
040509,ICHUPAMPA,2022,571
040509,ICHUPAMPA,2023,567
040509,ICHUPAMPA,2024,564
040509,ICHUPAMPA,2025,561
040509,ICHUPAMPA,2026,557
040510,LARI,2017,948.236095346198
040510,LARI,2018,914
040510,LARI,2019,881
040510,LARI,2020,847
040510,LARI,2021,830
040510,LARI,2022,813
040510,LARI,2023,795
040510,LARI,2024,776
040510,LARI,2025,758
040510,LARI,2026,739
040511,LLUTA,2017,763.553250345782
040511,LLUTA,2018,743
040511,LLUTA,2019,723
040511,LLUTA,2020,703
040511,LLUTA,2021,695
040511,LLUTA,2022,687
040511,LLUTA,2023,680
040511,LLUTA,2024,675
040511,LLUTA,2025,672
040511,LLUTA,2026,670
040512,MACA,2017,734.319602272727
040512,MACA,2018,719
040512,MACA,2019,704
040512,MACA,2020,687
040512,MACA,2021,683
040512,MACA,2022,677
040512,MACA,2023,672
040512,MACA,2024,667
040512,MACA,2025,660
040512,MACA,2026,653
040513,MADRIGAL,2017,668.006024096386
040513,MADRIGAL,2018,666
040513,MADRIGAL,2019,664
040513,MADRIGAL,2020,660
040513,MADRIGAL,2021,659
040513,MADRIGAL,2022,656
040513,MADRIGAL,2023,652
040513,MADRIGAL,2024,648
040513,MADRIGAL,2025,643
040513,MADRIGAL,2026,638
040514,SAN ANTONIO DE CHUCA,2017,947.587125416204
040514,SAN ANTONIO DE CHUCA,2018,924
040514,SAN ANTONIO DE CHUCA,2019,901
040514,SAN ANTONIO DE CHUCA,2020,878
040514,SAN ANTONIO DE CHUCA,2021,867
040514,SAN ANTONIO DE CHUCA,2022,855
040514,SAN ANTONIO DE CHUCA,2023,843
040514,SAN ANTONIO DE CHUCA,2024,832
040514,SAN ANTONIO DE CHUCA,2025,823
040514,SAN ANTONIO DE CHUCA,2026,815
040515,SIBAYO,2017,703.093158660844
040515,SIBAYO,2018,695
040515,SIBAYO,2019,687
040515,SIBAYO,2020,677
040515,SIBAYO,2021,677
040515,SIBAYO,2022,675
040515,SIBAYO,2023,673
040515,SIBAYO,2024,670
040515,SIBAYO,2025,666
040515,SIBAYO,2026,663
040516,TAPAY,2017,761.451814768461
040516,TAPAY,2018,780
040516,TAPAY,2019,799
040516,TAPAY,2020,817
040516,TAPAY,2021,844
040516,TAPAY,2022,870
040516,TAPAY,2023,896
040516,TAPAY,2024,921
040516,TAPAY,2025,949
040516,TAPAY,2026,978
040517,TISCO,2017,1551.32116788321
040517,TISCO,2018,1529
040517,TISCO,2019,1507
040517,TISCO,2020,1483
040517,TISCO,2021,1483
040517,TISCO,2022,1482
040517,TISCO,2023,1479
040517,TISCO,2024,1476
040517,TISCO,2025,1471
040517,TISCO,2026,1467
040518,TUTI,2017,655.585089141005
040518,TUTI,2018,636
040518,TUTI,2019,617
040518,TUTI,2020,598
040518,TUTI,2021,590
040518,TUTI,2022,581
040518,TUTI,2023,573
040518,TUTI,2024,563
040518,TUTI,2025,554
040518,TUTI,2026,546
040519,YANQUE,2017,2191.03727565578
040519,YANQUE,2018,2182
040519,YANQUE,2019,2173
040519,YANQUE,2020,2158
040519,YANQUE,2021,2150
040519,YANQUE,2022,2138
040519,YANQUE,2023,2122
040519,YANQUE,2024,2105
040519,YANQUE,2025,2086
040519,YANQUE,2026,2066
040520,MAJES,2017,62473.0787560048
040520,MAJES,2018,65212
040520,MAJES,2019,68071
040520,MAJES,2020,70780
040520,MAJES,2021,72859
040520,MAJES,2022,74846
040520,MAJES,2023,76767
040520,MAJES,2024,78660
040520,MAJES,2025,80557
040520,MAJES,2026,82457
040601,CHUQUIBAMBA,2017,3404.0426035503
040601,CHUQUIBAMBA,2018,3392
040601,CHUQUIBAMBA,2019,3380
040601,CHUQUIBAMBA,2020,3361
040601,CHUQUIBAMBA,2021,3347
040601,CHUQUIBAMBA,2022,3336
040601,CHUQUIBAMBA,2023,3327
040601,CHUQUIBAMBA,2024,3319
040601,CHUQUIBAMBA,2025,3314
040601,CHUQUIBAMBA,2026,3311
040602,ANDARAY,2017,683.001459854015
040602,ANDARAY,2018,684
040602,ANDARAY,2019,685
040602,ANDARAY,2020,685
040602,ANDARAY,2021,678
040602,ANDARAY,2022,671
040602,ANDARAY,2023,664
040602,ANDARAY,2024,656
040602,ANDARAY,2025,649
040602,ANDARAY,2026,641
040603,CAYARANI,2017,3349.13335349259
040603,CAYARANI,2018,3328
040603,CAYARANI,2019,3307
040603,CAYARANI,2020,3275
040603,CAYARANI,2021,3263
040603,CAYARANI,2022,3251
040603,CAYARANI,2023,3238
040603,CAYARANI,2024,3224
040603,CAYARANI,2025,3208
040603,CAYARANI,2026,3191
040604,CHICHAS,2017,702.118421052632
040604,CHICHAS,2018,693
040604,CHICHAS,2019,684
040604,CHICHAS,2020,673
040604,CHICHAS,2021,663
040604,CHICHAS,2022,653
040604,CHICHAS,2023,644
040604,CHICHAS,2024,634
040604,CHICHAS,2025,624
040604,CHICHAS,2026,614
040605,IRAY,2017,621.080724876442
040605,IRAY,2018,614
040605,IRAY,2019,607
040605,IRAY,2020,599
040605,IRAY,2021,591
040605,IRAY,2022,584
040605,IRAY,2023,577
040605,IRAY,2024,569
040605,IRAY,2025,561
040605,IRAY,2026,554
040606,RIO GRANDE,2017,3430.02898550725
040606,RIO GRANDE,2018,3440
040606,RIO GRANDE,2019,3450
040606,RIO GRANDE,2020,3451
040606,RIO GRANDE,2021,3456
040606,RIO GRANDE,2022,3461
040606,RIO GRANDE,2023,3464
040606,RIO GRANDE,2024,3466
040606,RIO GRANDE,2025,3467
040606,RIO GRANDE,2026,3466
040607,SALAMANCA,2017,512.145089285714
040607,SALAMANCA,2018,479
040607,SALAMANCA,2019,448
040607,SALAMANCA,2020,419
040607,SALAMANCA,2021,396
040607,SALAMANCA,2022,371
040607,SALAMANCA,2023,351
040607,SALAMANCA,2024,336
040607,SALAMANCA,2025,319
040607,SALAMANCA,2026,307
040608,YANAQUIHUA,2017,4146.77739216658
040608,YANAQUIHUA,2018,4090
040608,YANAQUIHUA,2019,4034
040608,YANAQUIHUA,2020,3963
040608,YANAQUIHUA,2021,3900
040608,YANAQUIHUA,2022,3840
040608,YANAQUIHUA,2023,3779
040608,YANAQUIHUA,2024,3717
040608,YANAQUIHUA,2025,3656
040608,YANAQUIHUA,2026,3590
040701,MOLLENDO,2017,25647.2729317575
040701,MOLLENDO,2018,25937
040701,MOLLENDO,2019,26230
040701,MOLLENDO,2020,26453
040701,MOLLENDO,2021,26658
040701,MOLLENDO,2022,26843
040701,MOLLENDO,2023,27013
040701,MOLLENDO,2024,27177
040701,MOLLENDO,2025,27336
040701,MOLLENDO,2026,27492
040702,COCACHACRA,2017,8518.22965599051
040702,COCACHACRA,2018,8474
040702,COCACHACRA,2019,8430
040702,COCACHACRA,2020,8363
040702,COCACHACRA,2021,8321
040702,COCACHACRA,2022,8284
040702,COCACHACRA,2023,8250
040702,COCACHACRA,2024,8219
040702,COCACHACRA,2025,8187
040702,COCACHACRA,2026,8157
040703,DEAN VALDIVIA,2017,6868.25244507442
040703,DEAN VALDIVIA,2018,6961
040703,DEAN VALDIVIA,2019,7055
040703,DEAN VALDIVIA,2020,7129
040703,DEAN VALDIVIA,2021,7196
040703,DEAN VALDIVIA,2022,7255
040703,DEAN VALDIVIA,2023,7311
040703,DEAN VALDIVIA,2024,7363
040703,DEAN VALDIVIA,2025,7415
040703,DEAN VALDIVIA,2026,7465
040704,ISLAY,2017,5063.50358180058
040704,ISLAY,2018,5114
040704,ISLAY,2019,5165
040704,ISLAY,2020,5202
040704,ISLAY,2021,5237
040704,ISLAY,2022,5269
040704,ISLAY,2023,5298
040704,ISLAY,2024,5326
040704,ISLAY,2025,5353
040704,ISLAY,2026,5380
040705,MEJIA,2017,1204.13739837398
040705,MEJIA,2018,1217
040705,MEJIA,2019,1230
040705,MEJIA,2020,1240
040705,MEJIA,2021,1250
040705,MEJIA,2022,1261
040705,MEJIA,2023,1272
040705,MEJIA,2024,1281
040705,MEJIA,2025,1292
040705,MEJIA,2026,1305
040706,PUNTA DE BOMBON,2017,6448.01870170016
040706,PUNTA DE BOMBON,2018,6459
040706,PUNTA DE BOMBON,2019,6470
040706,PUNTA DE BOMBON,2020,6464
040706,PUNTA DE BOMBON,2021,6458
040706,PUNTA DE BOMBON,2022,6448
040706,PUNTA DE BOMBON,2023,6436
040706,PUNTA DE BOMBON,2024,6422
040706,PUNTA DE BOMBON,2025,6409
040706,PUNTA DE BOMBON,2026,6393
040801,COTAHUASI,2017,2978.00301608579
040801,COTAHUASI,2018,2981
040801,COTAHUASI,2019,2984
040801,COTAHUASI,2020,2981
040801,COTAHUASI,2021,2981
040801,COTAHUASI,2022,2982
040801,COTAHUASI,2023,2983
040801,COTAHUASI,2024,2984
040801,COTAHUASI,2025,2985
040801,COTAHUASI,2026,2985
040802,ALCA,2017,1909.15413333333
040802,ALCA,2018,1892
040802,ALCA,2019,1875
040802,ALCA,2020,1851
040802,ALCA,2021,1831
040802,ALCA,2022,1813
040802,ALCA,2023,1795
040802,ALCA,2024,1776
040802,ALCA,2025,1757
040802,ALCA,2026,1738
040803,CHARCANA,2017,597.015228426396
040803,CHARCANA,2018,594
040803,CHARCANA,2019,591
040803,CHARCANA,2020,586
040803,CHARCANA,2021,582
040803,CHARCANA,2022,579
040803,CHARCANA,2023,575
040803,CHARCANA,2024,572
040803,CHARCANA,2025,568
040803,CHARCANA,2026,564
040804,HUAYNACOTAS,2017,1979.67960146827
040804,HUAYNACOTAS,2018,1943
040804,HUAYNACOTAS,2019,1907
040804,HUAYNACOTAS,2020,1867
040804,HUAYNACOTAS,2021,1832
040804,HUAYNACOTAS,2022,1798
040804,HUAYNACOTAS,2023,1765
040804,HUAYNACOTAS,2024,1734
040804,HUAYNACOTAS,2025,1700
040804,HUAYNACOTAS,2026,1666
040805,PAMPAMARCA,2017,1167.31975199291
040805,PAMPAMARCA,2018,1148
040805,PAMPAMARCA,2019,1129
040805,PAMPAMARCA,2020,1106
040805,PAMPAMARCA,2021,1087
040805,PAMPAMARCA,2022,1068
040805,PAMPAMARCA,2023,1050
040805,PAMPAMARCA,2024,1032
040805,PAMPAMARCA,2025,1013
040805,PAMPAMARCA,2026,994
040806,PUYCA,2017,2450.45679530201
040806,PUYCA,2018,2417
040806,PUYCA,2019,2384
040806,PUYCA,2020,2346
040806,PUYCA,2021,2314
040806,PUYCA,2022,2283
040806,PUYCA,2023,2254
040806,PUYCA,2024,2226
040806,PUYCA,2025,2198
040806,PUYCA,2026,2170
040807,QUECHUALLA,2017,276.003597122302
040807,QUECHUALLA,2018,277
040807,QUECHUALLA,2019,278
040807,QUECHUALLA,2020,278
040807,QUECHUALLA,2021,279
040807,QUECHUALLA,2022,279
040807,QUECHUALLA,2023,280
040807,QUECHUALLA,2024,281
040807,QUECHUALLA,2025,282
040807,QUECHUALLA,2026,283
040808,SAYLA,2017,339.539936102236
040808,SAYLA,2018,326
040808,SAYLA,2019,313
040808,SAYLA,2020,300
040808,SAYLA,2021,289
040808,SAYLA,2022,279
040808,SAYLA,2023,267
040808,SAYLA,2024,258
040808,SAYLA,2025,249
040808,SAYLA,2026,240
040809,TAURIA,2017,319.012698412698
040809,TAURIA,2018,317
040809,TAURIA,2019,315
040809,TAURIA,2020,313
040809,TAURIA,2021,311
040809,TAURIA,2022,309
040809,TAURIA,2023,307
040809,TAURIA,2024,305
040809,TAURIA,2025,303
040809,TAURIA,2026,301
040810,TOMEPAMPA,2017,703.29037037037
040810,TOMEPAMPA,2018,689
040810,TOMEPAMPA,2019,675
040810,TOMEPAMPA,2020,658
040810,TOMEPAMPA,2021,643
040810,TOMEPAMPA,2022,630
040810,TOMEPAMPA,2023,617
040810,TOMEPAMPA,2024,603
040810,TOMEPAMPA,2025,591
040810,TOMEPAMPA,2026,579
040811,TORO,2017,593.355018587361
040811,TORO,2018,565
040811,TORO,2019,538
040811,TORO,2020,511
040811,TORO,2021,493
040811,TORO,2022,476
040811,TORO,2023,459
040811,TORO,2024,441
040811,TORO,2025,424
040811,TORO,2026,407
050101,AYACUCHO,2017,103168.659448131
050101,AYACUCHO,2018,105944
050101,AYACUCHO,2019,108794
050101,AYACUCHO,2020,111370
050101,AYACUCHO,2021,112794
050101,AYACUCHO,2022,113761
050101,AYACUCHO,2023,114419
050101,AYACUCHO,2024,114918
050101,AYACUCHO,2025,115393
050101,AYACUCHO,2026,115845
050102,ACOCRO,2017,8051.19141490727
050102,ACOCRO,2018,8308
050102,ACOCRO,2019,8573
050102,ACOCRO,2020,8818
050102,ACOCRO,2021,8974
050102,ACOCRO,2022,9095
050102,ACOCRO,2023,9193
050102,ACOCRO,2024,9277
050102,ACOCRO,2025,9361
050102,ACOCRO,2026,9443
050103,ACOS VINCHOS,2017,4587.48885218827
050103,ACOS VINCHOS,2018,4714
050103,ACOS VINCHOS,2019,4844
050103,ACOS VINCHOS,2020,4964
050103,ACOS VINCHOS,2021,5030
050103,ACOS VINCHOS,2022,5079
050103,ACOS VINCHOS,2023,5112
050103,ACOS VINCHOS,2024,5138
050103,ACOS VINCHOS,2025,5163
050103,ACOS VINCHOS,2026,5188
050104,CARMEN ALTO,2017,29360.550673167
050104,CARMEN ALTO,2018,30156
050104,CARMEN ALTO,2019,30973
050104,CARMEN ALTO,2020,31712
050104,CARMEN ALTO,2021,32121
050104,CARMEN ALTO,2022,32402
050104,CARMEN ALTO,2023,32595
050104,CARMEN ALTO,2024,32741
050104,CARMEN ALTO,2025,32883
050104,CARMEN ALTO,2026,33016
050105,CHIARA,2017,6129.77948402948
050105,CHIARA,2018,6318
050105,CHIARA,2019,6512
050105,CHIARA,2020,6691
050105,CHIARA,2021,6802
050105,CHIARA,2022,6886
050105,CHIARA,2023,6951
050105,CHIARA,2024,7007
050105,CHIARA,2025,7062
050105,CHIARA,2026,7117
050106,OCROS,2017,5682.80225988701
050106,OCROS,2018,5848
050106,OCROS,2019,6018
050106,OCROS,2020,6172
050106,OCROS,2021,6263
050106,OCROS,2022,6328
050106,OCROS,2023,6379
050106,OCROS,2024,6418
050106,OCROS,2025,6457
050106,OCROS,2026,6494
050107,PACAYCASA,2017,3285.70606844981
050107,PACAYCASA,2018,3380
050107,PACAYCASA,2019,3477
050107,PACAYCASA,2020,3565
050107,PACAYCASA,2021,3617
050107,PACAYCASA,2022,3654
050107,PACAYCASA,2023,3682
050107,PACAYCASA,2024,3704
050107,PACAYCASA,2025,3725
050107,PACAYCASA,2026,3746
050108,QUINUA,2017,5364.39816772375
050108,QUINUA,2018,5518
050108,QUINUA,2019,5676
050108,QUINUA,2020,5821
050108,QUINUA,2021,5905
050108,QUINUA,2022,5966
050108,QUINUA,2023,6012
050108,QUINUA,2024,6048
050108,QUINUA,2025,6084
050108,QUINUA,2026,6118
050109,SAN JOSE DE TICLLAS,2017,1473.18677792041
050109,SAN JOSE DE TICLLAS,2018,1515
050109,SAN JOSE DE TICLLAS,2019,1558
050109,SAN JOSE DE TICLLAS,2020,1596
050109,SAN JOSE DE TICLLAS,2021,1620
050109,SAN JOSE DE TICLLAS,2022,1635
050109,SAN JOSE DE TICLLAS,2023,1646
050109,SAN JOSE DE TICLLAS,2024,1655
050109,SAN JOSE DE TICLLAS,2025,1663
050109,SAN JOSE DE TICLLAS,2026,1673
050110,SAN JUAN BAUTISTA,2017,50178.4744333258
050110,SAN JUAN BAUTISTA,2018,51455
050110,SAN JUAN BAUTISTA,2019,52764
050110,SAN JUAN BAUTISTA,2020,53934
050110,SAN JUAN BAUTISTA,2021,54544
050110,SAN JUAN BAUTISTA,2022,54933
050110,SAN JUAN BAUTISTA,2023,55173
050110,SAN JUAN BAUTISTA,2024,55331
050110,SAN JUAN BAUTISTA,2025,55479
050110,SAN JUAN BAUTISTA,2026,55617
050111,SANTIAGO DE PISCHA,2017,1507.32415519399
050111,SANTIAGO DE PISCHA,2018,1552
050111,SANTIAGO DE PISCHA,2019,1598
050111,SANTIAGO DE PISCHA,2020,1639
050111,SANTIAGO DE PISCHA,2021,1662
050111,SANTIAGO DE PISCHA,2022,1680
050111,SANTIAGO DE PISCHA,2023,1693
050111,SANTIAGO DE PISCHA,2024,1703
050111,SANTIAGO DE PISCHA,2025,1714
050111,SANTIAGO DE PISCHA,2026,1724
050112,SOCOS,2017,6303.29577464789
050112,SOCOS,2018,6486
050112,SOCOS,2019,6674
050112,SOCOS,2020,6846
050112,SOCOS,2021,6947
050112,SOCOS,2022,7022
050112,SOCOS,2023,7077
050112,SOCOS,2024,7122
050112,SOCOS,2025,7167
050112,SOCOS,2026,7210
050113,TAMBILLO,2017,5480.55269922879
050113,TAMBILLO,2018,5655
050113,TAMBILLO,2019,5835
050113,TAMBILLO,2020,6001
050113,TAMBILLO,2021,6106
050113,TAMBILLO,2022,6187
050113,TAMBILLO,2023,6251
050113,TAMBILLO,2024,6309
050113,TAMBILLO,2025,6364
050113,TAMBILLO,2026,6419
050114,VINCHOS,2017,14821.029721166
050114,VINCHOS,2018,15293
050114,VINCHOS,2019,15780
050114,VINCHOS,2020,16233
050114,VINCHOS,2021,16519
050114,VINCHOS,2022,16743
050114,VINCHOS,2023,16922
050114,VINCHOS,2024,17076
050114,VINCHOS,2025,17231
050114,VINCHOS,2026,17381
050115,JESUS NAZARENO,2017,19408.3942584199
050115,JESUS NAZARENO,2018,19955
050115,JESUS NAZARENO,2019,20517
050115,JESUS NAZARENO,2020,21028
050115,JESUS NAZARENO,2021,21321
050115,JESUS NAZARENO,2022,21530
050115,JESUS NAZARENO,2023,21680
050115,JESUS NAZARENO,2024,21800
050115,JESUS NAZARENO,2025,21917
050115,JESUS NAZARENO,2026,22028
050116,ANDRÉS AVELINO CÁCERES DORREGARAY,2017,29208.1968755085
050116,ANDRÉS AVELINO CÁCERES DORREGARAY,2018,29957
050116,ANDRÉS AVELINO CÁCERES DORREGARAY,2019,30725
050116,ANDRÉS AVELINO CÁCERES DORREGARAY,2020,31411
050116,ANDRÉS AVELINO CÁCERES DORREGARAY,2021,31770
050116,ANDRÉS AVELINO CÁCERES DORREGARAY,2022,32000
050116,ANDRÉS AVELINO CÁCERES DORREGARAY,2023,32140
050116,ANDRÉS AVELINO CÁCERES DORREGARAY,2024,32236
050116,ANDRÉS AVELINO CÁCERES DORREGARAY,2025,32326
050116,ANDRÉS AVELINO CÁCERES DORREGARAY,2026,32407
050201,CANGALLO,2017,6073.87434643279
050201,CANGALLO,2018,6001
050201,CANGALLO,2019,5929
050201,CANGALLO,2020,5842
050201,CANGALLO,2021,5742
050201,CANGALLO,2022,5638
050201,CANGALLO,2023,5533
050201,CANGALLO,2024,5426
050201,CANGALLO,2025,5320
050201,CANGALLO,2026,5214
050202,CHUSCHI,2017,8950.46530837004
050202,CHUSCHI,2018,9015
050202,CHUSCHI,2019,9080
050202,CHUSCHI,2020,9119
050202,CHUSCHI,2021,9146
050202,CHUSCHI,2022,9181
050202,CHUSCHI,2023,9218
050202,CHUSCHI,2024,9256
050202,CHUSCHI,2025,9292
050202,CHUSCHI,2026,9322
050203,LOS MOROCHUCOS,2017,8197.0273489729
050203,LOS MOROCHUCOS,2018,8212
050203,LOS MOROCHUCOS,2019,8227
050203,LOS MOROCHUCOS,2020,8217
050203,LOS MOROCHUCOS,2021,8188
050203,LOS MOROCHUCOS,2022,8152
050203,LOS MOROCHUCOS,2023,8110
050203,LOS MOROCHUCOS,2024,8064
050203,LOS MOROCHUCOS,2025,8016
050203,LOS MOROCHUCOS,2026,7964
050204,MARIA PARADO DE BELLIDO,2017,2203.55603448276
050204,MARIA PARADO DE BELLIDO,2018,2145
050204,MARIA PARADO DE BELLIDO,2019,2088
050204,MARIA PARADO DE BELLIDO,2020,2026
050204,MARIA PARADO DE BELLIDO,2021,1963
050204,MARIA PARADO DE BELLIDO,2022,1899
050204,MARIA PARADO DE BELLIDO,2023,1835
050204,MARIA PARADO DE BELLIDO,2024,1772
050204,MARIA PARADO DE BELLIDO,2025,1713
050204,MARIA PARADO DE BELLIDO,2026,1654
050205,PARAS,2017,4461.74741200828
050205,PARAS,2018,4404
050205,PARAS,2019,4347
050205,PARAS,2020,4279
050205,PARAS,2021,4202
050205,PARAS,2022,4122
050205,PARAS,2023,4040
050205,PARAS,2024,3959
050205,PARAS,2025,3877
050205,PARAS,2026,3797
050206,TOTOS,2017,3226.7307567392
050206,TOTOS,2018,3152
050206,TOTOS,2019,3079
050206,TOTOS,2020,2999
050206,TOTOS,2021,2916
050206,TOTOS,2022,2830
050206,TOTOS,2023,2746
050206,TOTOS,2024,2663
050206,TOTOS,2025,2580
050206,TOTOS,2026,2501
050301,SANCOS,2017,3275.26142368667
050301,SANCOS,2018,3246
050301,SANCOS,2019,3217
050301,SANCOS,2020,3181
050301,SANCOS,2021,3156
050301,SANCOS,2022,3137
050301,SANCOS,2023,3123
050301,SANCOS,2024,3108
050301,SANCOS,2025,3095
050301,SANCOS,2026,3083
050302,CARAPO,2017,1949.70806100218
050302,CARAPO,2018,1892
050302,CARAPO,2019,1836
050302,CARAPO,2020,1774
050302,CARAPO,2021,1731
050302,CARAPO,2022,1696
050302,CARAPO,2023,1668
050302,CARAPO,2024,1644
050302,CARAPO,2025,1620
050302,CARAPO,2026,1597
050303,SACSAMARCA,2017,1414.8588410104
050303,SACSAMARCA,2018,1380
050303,SACSAMARCA,2019,1346
050303,SACSAMARCA,2020,1308
050303,SACSAMARCA,2021,1282
050303,SACSAMARCA,2022,1262
050303,SACSAMARCA,2023,1244
050303,SACSAMARCA,2024,1229
050303,SACSAMARCA,2025,1215
050303,SACSAMARCA,2026,1200
050304,SANTIAGO DE LUCANAMARCA,2017,2212.86970837253
050304,SANTIAGO DE LUCANAMARCA,2018,2169
050304,SANTIAGO DE LUCANAMARCA,2019,2126
050304,SANTIAGO DE LUCANAMARCA,2020,2078
050304,SANTIAGO DE LUCANAMARCA,2021,2045
050304,SANTIAGO DE LUCANAMARCA,2022,2018
050304,SANTIAGO DE LUCANAMARCA,2023,1996
050304,SANTIAGO DE LUCANAMARCA,2024,1978
050304,SANTIAGO DE LUCANAMARCA,2025,1959
050304,SANTIAGO DE LUCANAMARCA,2026,1941
050401,HUANTA,2017,41672.8552247519
050401,HUANTA,2018,42245
050401,HUANTA,2019,42825
050401,HUANTA,2020,43266
050401,HUANTA,2021,43939
050401,HUANTA,2022,44491
050401,HUANTA,2023,44952
050401,HUANTA,2024,45322
050401,HUANTA,2025,45669
050401,HUANTA,2026,45991
050402,AYAHUANCO,2017,1298.20544337138
050402,AYAHUANCO,2018,1216
050402,AYAHUANCO,2019,1139
050402,AYAHUANCO,2020,1072
050402,AYAHUANCO,2021,1023
050402,AYAHUANCO,2022,981
050402,AYAHUANCO,2023,940
050402,AYAHUANCO,2024,906
050402,AYAHUANCO,2025,877
050402,AYAHUANCO,2026,848
050403,HUAMANGUILLA,2017,4462.7655703289
050403,HUAMANGUILLA,2018,4374
050403,HUAMANGUILLA,2019,4287
050403,HUAMANGUILLA,2020,4188
050403,HUAMANGUILLA,2021,4113
050403,HUAMANGUILLA,2022,4028
050403,HUAMANGUILLA,2023,3938
050403,HUAMANGUILLA,2024,3843
050403,HUAMANGUILLA,2025,3748
050403,HUAMANGUILLA,2026,3651
050404,IGUAIN,2017,2853.01256544503
050404,IGUAIN,2018,2859
050404,IGUAIN,2019,2865
050404,IGUAIN,2020,2861
050404,IGUAIN,2021,2860
050404,IGUAIN,2022,2857
050404,IGUAIN,2023,2853
050404,IGUAIN,2024,2848
050404,IGUAIN,2025,2842
050404,IGUAIN,2026,2835
050405,LURICOCHA,2017,6000.01364300796
050405,LURICOCHA,2018,6078
050405,LURICOCHA,2019,6157
050405,LURICOCHA,2020,6217
050405,LURICOCHA,2021,6311
050405,LURICOCHA,2022,6389
050405,LURICOCHA,2023,6454
050405,LURICOCHA,2024,6513
050405,LURICOCHA,2025,6565
050405,LURICOCHA,2026,6614
050406,SANTILLANA 7/,2017,4132.33726474279
050406,SANTILLANA 7/,2018,4058
050406,SANTILLANA 7/,2019,3985
050406,SANTILLANA 7/,2020,3900
050406,SANTILLANA 7/,2021,3623
050406,SANTILLANA 7/,2022,3553
050406,SANTILLANA 7/,2023,3477
050406,SANTILLANA 7/,2024,3399
050406,SANTILLANA 7/,2025,3318
050406,SANTILLANA 7/,2026,3235
050407,SIVIA,2017,12071.156556269
050407,SIVIA,2018,11953
050407,SIVIA,2019,11836
050407,SIVIA,2020,11685
050407,SIVIA,2021,11594
050407,SIVIA,2022,11474
050407,SIVIA,2023,11331
050407,SIVIA,2024,11175
050407,SIVIA,2025,11014
050407,SIVIA,2026,10847
050408,LLOCHEGUA,2017,11112.4862369185
050408,LLOCHEGUA,2018,11241
050408,LLOCHEGUA,2019,11371
050408,LLOCHEGUA,2020,11466
050408,LLOCHEGUA,2021,11622
050408,LLOCHEGUA,2022,11748
050408,LLOCHEGUA,2023,11851
050408,LLOCHEGUA,2024,11939
050408,LLOCHEGUA,2025,12017
050408,LLOCHEGUA,2026,12089
050409,CANAYRE,2017,3920.97236002835
050409,CANAYRE,2018,4074
050409,CANAYRE,2019,4233
050409,CANAYRE,2020,4384
050409,CANAYRE,2021,4515
050409,CANAYRE,2022,4646
050409,CANAYRE,2023,4777
050409,CANAYRE,2024,4909
050409,CANAYRE,2025,5041
050409,CANAYRE,2026,5170
050410,UCHURACCAY,2017,3922.65851714058
050410,UCHURACCAY,2018,3842
050410,UCHURACCAY,2019,3763
050410,UCHURACCAY,2020,3672
050410,UCHURACCAY,2021,3605
050410,UCHURACCAY,2022,3526
050410,UCHURACCAY,2023,3443
050410,UCHURACCAY,2024,3358
050410,UCHURACCAY,2025,3274
050410,UCHURACCAY,2026,3188
050411,PUCACOLPA,2017,2781.30615572768
050411,PUCACOLPA,2018,2612
050411,PUCACOLPA,2019,2453
050411,PUCACOLPA,2020,2299
050411,PUCACOLPA,2021,2167
050411,PUCACOLPA,2022,2040
050411,PUCACOLPA,2023,1918
050411,PUCACOLPA,2024,1804
050411,PUCACOLPA,2025,1695
050411,PUCACOLPA,2026,1585
050412,CHACA,2017,2288.37713004484
050412,CHACA,2018,2259
050412,CHACA,2019,2230
050412,CHACA,2020,2195
050412,CHACA,2021,2172
050412,CHACA,2022,2143
050412,CHACA,2023,2111
050412,CHACA,2024,2076
050412,CHACA,2025,2041
050412,CHACA,2026,2005
050413,PUTIS 7/,2018,
050413,PUTIS 7/,2019,
050413,PUTIS 7/,2020,
050413,PUTIS 7/,2021,215
050413,PUTIS 7/,2022,212
050413,PUTIS 7/,2023,210
050413,PUTIS 7/,2024,230
050413,PUTIS 7/,2025,250
050413,PUTIS 7/,2026,270
050501,SAN MIGUEL 9/ 10/,2017,11223.4945924558
050501,SAN MIGUEL 9/ 10/,2018,11298
050501,SAN MIGUEL 9/ 10/,2019,11373
050501,SAN MIGUEL 9/ 10/,2020,11410
050501,SAN MIGUEL 9/ 10/,2021,8145
050501,SAN MIGUEL 9/ 10/,2022,8191
050501,SAN MIGUEL 9/ 10/,2023,8239
050501,SAN MIGUEL 9/ 10/,2024,8287
050501,SAN MIGUEL 9/ 10/,2025,8334
050501,SAN MIGUEL 9/ 10/,2026,8381
050502,ANCO 4/,2017,8645.52301204819
050502,ANCO 4/,2018,8471
050502,ANCO 4/,2019,8300
050502,ANCO 4/,2020,8105
050502,ANCO 4/,2021,5691
050502,ANCO 4/,2022,5545
050502,ANCO 4/,2023,5403
050502,ANCO 4/,2024,5265
050502,ANCO 4/,2025,5127
050502,ANCO 4/,2026,4989
050503,AYNA,2017,10143.143438959
050503,AYNA,2018,10105
050503,AYNA,2019,10067
050503,AYNA,2020,9995
050503,AYNA,2021,9932
050503,AYNA,2022,9874
050503,AYNA,2023,9818
050503,AYNA,2024,9765
050503,AYNA,2025,9712
050503,AYNA,2026,9659
050504,CHILCAS,2017,1780.17452541335
050504,CHILCAS,2018,1705
050504,CHILCAS,2019,1633
050504,CHILCAS,2020,1558
050504,CHILCAS,2021,1502
050504,CHILCAS,2022,1447
050504,CHILCAS,2023,1391
050504,CHILCAS,2024,1336
050504,CHILCAS,2025,1281
050504,CHILCAS,2026,1226
050505,CHUNGUI,2017,4601.51143174251
050505,CHUNGUI,2018,4553
050505,CHUNGUI,2019,4505
050505,CHUNGUI,2020,4443
050505,CHUNGUI,2021,4379
050505,CHUNGUI,2022,4320
050505,CHUNGUI,2023,4262
050505,CHUNGUI,2024,4205
050505,CHUNGUI,2025,4149
050505,CHUNGUI,2026,4093
050506,LUIS CARRANZA,2017,1345.04702424688
050506,LUIS CARRANZA,2018,1353
050506,LUIS CARRANZA,2019,1361
050506,LUIS CARRANZA,2020,1365
050506,LUIS CARRANZA,2021,1372
050506,LUIS CARRANZA,2022,1380
050506,LUIS CARRANZA,2023,1386
050506,LUIS CARRANZA,2024,1394
050506,LUIS CARRANZA,2025,1401
050506,LUIS CARRANZA,2026,1408
050507,SANTA ROSA,2017,12447.6846354785
050507,SANTA ROSA,2018,12540
050507,SANTA ROSA,2019,12633
050507,SANTA ROSA,2020,12686
050507,SANTA ROSA,2021,12728
050507,SANTA ROSA,2022,12772
050507,SANTA ROSA,2023,12820
050507,SANTA ROSA,2024,12868
050507,SANTA ROSA,2025,12917
050507,SANTA ROSA,2026,12964
050508,TAMBO,2017,10970.154822335
050508,TAMBO,2018,10395
050508,TAMBO,2019,9850
050508,TAMBO,2020,9302
050508,TAMBO,2021,8733
050508,TAMBO,2022,8165
050508,TAMBO,2023,7598
050508,TAMBO,2024,7032
050508,TAMBO,2025,6465
050508,TAMBO,2026,5898
050509,SAMUGARI  8/,2017,10484.0873974371
050509,SAMUGARI  8/,2018,10664
050509,SAMUGARI  8/,2019,10847
050509,SAMUGARI  8/,2020,10997
050509,SAMUGARI  8/,2021,8914
050509,SAMUGARI  8/,2022,9020
050509,SAMUGARI  8/,2023,9129
050509,SAMUGARI  8/,2024,9239
050509,SAMUGARI  8/,2025,9349
050509,SAMUGARI  8/,2026,9459
050510,ANCHIHUAY,2017,4572.13818017611
050510,ANCHIHUAY,2018,4500
050510,ANCHIHUAY,2019,4429
050510,ANCHIHUAY,2020,4345
050510,ANCHIHUAY,2021,4255
050510,ANCHIHUAY,2022,4170
050510,ANCHIHUAY,2023,4087
050510,ANCHIHUAY,2024,4007
050510,ANCHIHUAY,2025,3926
050510,ANCHIHUAY,2026,3845
050511,ORONCCOY,2017,1146.52459016393
050511,ORONCCOY,2018,1122
050511,ORONCCOY,2019,1098
050511,ORONCCOY,2020,1071
050511,ORONCCOY,2021,1049
050511,ORONCCOY,2022,1027
050511,ORONCCOY,2023,1007
050511,ORONCCOY,2024,984
050511,ORONCCOY,2025,963
050511,ORONCCOY,2026,942
050512,UNIÓN PROGRESO 4/,2018,
050512,UNIÓN PROGRESO 4/,2019,
050512,UNIÓN PROGRESO 4/,2020,
050512,UNIÓN PROGRESO 4/,2021,2203
050512,UNIÓN PROGRESO 4/,2022,2146
050512,UNIÓN PROGRESO 4/,2023,2091
050512,UNIÓN PROGRESO 4/,2024,2038
050512,UNIÓN PROGRESO 4/,2025,1985
050512,UNIÓN PROGRESO 4/,2026,1932
050513,RIO MAGDALENA 8/,2018,
050513,RIO MAGDALENA 8/,2019,
050513,RIO MAGDALENA 8/,2020,
050513,RIO MAGDALENA 8/,2021,2214
050513,RIO MAGDALENA 8/,2022,2241
050513,RIO MAGDALENA 8/,2023,2268
050513,RIO MAGDALENA 8/,2024,2294
050513,RIO MAGDALENA 8/,2025,2322
050513,RIO MAGDALENA 8/,2026,2350
050514,NINABAMBA 9/,2018,
050514,NINABAMBA 9/,2019,
050514,NINABAMBA 9/,2020,
050514,NINABAMBA 9/,2021,1869
050514,NINABAMBA 9/,2022,1880
050514,NINABAMBA 9/,2023,1891
050514,NINABAMBA 9/,2024,1902
050514,NINABAMBA 9/,2025,1912
050514,NINABAMBA 9/,2026,1922
050515,PATIBAMBA 10/,2018,
050515,PATIBAMBA 10/,2019,
050515,PATIBAMBA 10/,2020,
050515,PATIBAMBA 10/,2021,1462
050515,PATIBAMBA 10/,2022,1471
050515,PATIBAMBA 10/,2023,1479
050515,PATIBAMBA 10/,2024,1488
050515,PATIBAMBA 10/,2025,1497
050515,PATIBAMBA 10/,2026,1506
050601,PUQUIO,2017,14542.015440571
050601,PUQUIO,2018,14557
050601,PUQUIO,2019,14572
050601,PUQUIO,2020,14535
050601,PUQUIO,2021,14527
050601,PUQUIO,2022,14517
050601,PUQUIO,2023,14515
050601,PUQUIO,2024,14510
050601,PUQUIO,2025,14505
050601,PUQUIO,2026,14500
050602,AUCARA,2017,3033.1649928264
050602,AUCARA,2018,2908
050602,AUCARA,2019,2788
050602,AUCARA,2020,2665
050602,AUCARA,2021,2574
050602,AUCARA,2022,2503
050602,AUCARA,2023,2444
050602,AUCARA,2024,2392
050602,AUCARA,2025,2342
050602,AUCARA,2026,2292
050603,CABANA,2017,2245.66005802708
050603,CABANA,2018,2155
050603,CABANA,2019,2068
050603,CABANA,2020,1976
050603,CABANA,2021,1909
050603,CABANA,2022,1857
050603,CABANA,2023,1813
050603,CABANA,2024,1775
050603,CABANA,2025,1738
050603,CABANA,2026,1701
050604,CARMEN SALCEDO,2017,1855.86377519853
050604,CARMEN SALCEDO,2018,1743
050604,CARMEN SALCEDO,2019,1637
050604,CARMEN SALCEDO,2020,1532
050604,CARMEN SALCEDO,2021,1453
050604,CARMEN SALCEDO,2022,1391
050604,CARMEN SALCEDO,2023,1340
050604,CARMEN SALCEDO,2024,1295
050604,CARMEN SALCEDO,2025,1251
050604,CARMEN SALCEDO,2026,1208
050605,CHAVIÑA,2017,2332.04325259516
050605,CHAVIÑA,2018,2322
050605,CHAVIÑA,2019,2312
050605,CHAVIÑA,2020,2296
050605,CHAVIÑA,2021,2286
050605,CHAVIÑA,2022,2279
050605,CHAVIÑA,2023,2272
050605,CHAVIÑA,2024,2267
050605,CHAVIÑA,2025,2261
050605,CHAVIÑA,2026,2256
050606,CHIPAO,2017,2769.48804390435
050606,CHIPAO,2018,2658
050606,CHIPAO,2019,2551
050606,CHIPAO,2020,2443
050606,CHIPAO,2021,2363
050606,CHIPAO,2022,2299
050606,CHIPAO,2023,2248
050606,CHIPAO,2024,2202
050606,CHIPAO,2025,2157
050606,CHIPAO,2026,2113
050607,HUAC-HUAS,2017,1780.45728334358
050607,HUAC-HUAS,2018,1702
050607,HUAC-HUAS,2019,1627
050607,HUAC-HUAS,2020,1550
050607,HUAC-HUAS,2021,1493
050607,HUAC-HUAS,2022,1449
050607,HUAC-HUAS,2023,1412
050607,HUAC-HUAS,2024,1379
050607,HUAC-HUAS,2025,1348
050607,HUAC-HUAS,2026,1317
050608,LARAMATE,2017,1744.25910693302
050608,LARAMATE,2018,1723
050608,LARAMATE,2019,1702
050608,LARAMATE,2020,1676
050608,LARAMATE,2021,1658
050608,LARAMATE,2022,1645
050608,LARAMATE,2023,1633
050608,LARAMATE,2024,1623
050608,LARAMATE,2025,1613
050608,LARAMATE,2026,1604
050609,LEONCIO PRADO,2017,1208.20829655781
050609,LEONCIO PRADO,2018,1170
050609,LEONCIO PRADO,2019,1133
050609,LEONCIO PRADO,2020,1095
050609,LEONCIO PRADO,2021,1067
050609,LEONCIO PRADO,2022,1045
050609,LEONCIO PRADO,2023,1027
050609,LEONCIO PRADO,2024,1011
050609,LEONCIO PRADO,2025,995
050609,LEONCIO PRADO,2026,980
050610,LLAUTA,2017,984.341730558598
050610,LLAUTA,2018,948
050610,LLAUTA,2019,913
050610,LLAUTA,2020,877
050610,LLAUTA,2021,854
050610,LLAUTA,2022,832
050610,LLAUTA,2023,812
050610,LLAUTA,2024,798
050610,LLAUTA,2025,783
050610,LLAUTA,2026,768
050611,LUCANAS,2017,2956.41003584229
050611,LUCANAS,2018,2872
050611,LUCANAS,2019,2790
050611,LUCANAS,2020,2703
050611,LUCANAS,2021,2640
050611,LUCANAS,2022,2590
050611,LUCANAS,2023,2549
050611,LUCANAS,2024,2513
050611,LUCANAS,2025,2478
050611,LUCANAS,2026,2444
050612,OCAÑA,2017,2509.16880891174
050612,OCAÑA,2018,2420
050612,OCAÑA,2019,2334
050612,OCAÑA,2020,2244
050612,OCAÑA,2021,2178
050612,OCAÑA,2022,2127
050612,OCAÑA,2023,2084
050612,OCAÑA,2024,2047
050612,OCAÑA,2025,2010
050612,OCAÑA,2026,1974
050613,OTOCA,2017,2097.39596273292
050613,OTOCA,2018,2013
050613,OTOCA,2019,1932
050613,OTOCA,2020,1848
050613,OTOCA,2021,1786
050613,OTOCA,2022,1738
050613,OTOCA,2023,1698
050613,OTOCA,2024,1663
050613,OTOCA,2025,1628
050613,OTOCA,2026,1595
050614,SAISA,2017,864.029274004684
050614,SAISA,2018,859
050614,SAISA,2019,854
050614,SAISA,2020,848
050614,SAISA,2021,844
050614,SAISA,2022,841
050614,SAISA,2023,838
050614,SAISA,2024,836
050614,SAISA,2025,833
050614,SAISA,2026,831
050615,SAN CRISTOBAL,2017,1868.09174809989
050615,SAN CRISTOBAL,2018,1855
050615,SAN CRISTOBAL,2019,1842
050615,SAN CRISTOBAL,2020,1823
050615,SAN CRISTOBAL,2021,1811
050615,SAN CRISTOBAL,2022,1802
050615,SAN CRISTOBAL,2023,1794
050615,SAN CRISTOBAL,2024,1787
050615,SAN CRISTOBAL,2025,1780
050615,SAN CRISTOBAL,2026,1774
050616,SAN JUAN,2017,1044.25296442688
050616,SAN JUAN,2018,1028
050616,SAN JUAN,2019,1012
050616,SAN JUAN,2020,994
050616,SAN JUAN,2021,981
050616,SAN JUAN,2022,971
050616,SAN JUAN,2023,963
050616,SAN JUAN,2024,956
050616,SAN JUAN,2025,949
050616,SAN JUAN,2026,942
050617,SAN PEDRO,2017,2831.07127112417
050617,SAN PEDRO,2018,2776
050617,SAN PEDRO,2019,2722
050617,SAN PEDRO,2020,2661
050617,SAN PEDRO,2021,2618
050617,SAN PEDRO,2022,2584
050617,SAN PEDRO,2023,2556
050617,SAN PEDRO,2024,2532
050617,SAN PEDRO,2025,2508
050617,SAN PEDRO,2026,2484
050618,SAN PEDRO DE PALCO,2017,1026.87460148778
050618,SAN PEDRO DE PALCO,2018,983
050618,SAN PEDRO DE PALCO,2019,941
050618,SAN PEDRO DE PALCO,2020,898
050618,SAN PEDRO DE PALCO,2021,866
050618,SAN PEDRO DE PALCO,2022,841
050618,SAN PEDRO DE PALCO,2023,822
050618,SAN PEDRO DE PALCO,2024,803
050618,SAN PEDRO DE PALCO,2025,786
050618,SAN PEDRO DE PALCO,2026,768
050619,SANCOS,2017,5069.75217303416
050619,SANCOS,2018,5008
050619,SANCOS,2019,4947
050619,SANCOS,2020,4869
050619,SANCOS,2021,4817
050619,SANCOS,2022,4776
050619,SANCOS,2023,4743
050619,SANCOS,2024,4713
050619,SANCOS,2025,4684
050619,SANCOS,2026,4656
050620,SANTA ANA DE HUAYCAHUACHO,2017,830.075650118203
050620,SANTA ANA DE HUAYCAHUACHO,2018,838
050620,SANTA ANA DE HUAYCAHUACHO,2019,846
050620,SANTA ANA DE HUAYCAHUACHO,2020,850
050620,SANTA ANA DE HUAYCAHUACHO,2021,854
050620,SANTA ANA DE HUAYCAHUACHO,2022,858
050620,SANTA ANA DE HUAYCAHUACHO,2023,861
050620,SANTA ANA DE HUAYCAHUACHO,2024,863
050620,SANTA ANA DE HUAYCAHUACHO,2025,866
050620,SANTA ANA DE HUAYCAHUACHO,2026,868
050621,SANTA LUCIA,2017,1382.47140864714
050621,SANTA LUCIA,2018,1408
050621,SANTA LUCIA,2019,1434
050621,SANTA LUCIA,2020,1455
050621,SANTA LUCIA,2021,1473
050621,SANTA LUCIA,2022,1486
050621,SANTA LUCIA,2023,1498
050621,SANTA LUCIA,2024,1508
050621,SANTA LUCIA,2025,1518
050621,SANTA LUCIA,2026,1527
050701,CORACORA,2017,14010.3867326877
050701,CORACORA,2018,13871
050701,CORACORA,2019,13733
050701,CORACORA,2020,13549
050701,CORACORA,2021,13414
050701,CORACORA,2022,13240
050701,CORACORA,2023,13047
050701,CORACORA,2024,12835
050701,CORACORA,2025,12618
050701,CORACORA,2026,12393
050702,CHUMPI,2017,2377.82206405694
050702,CHUMPI,2018,2312
050702,CHUMPI,2019,2248
050702,CHUMPI,2020,2179
050702,CHUMPI,2021,2117
050702,CHUMPI,2022,2053
050702,CHUMPI,2023,1986
050702,CHUMPI,2024,1918
050702,CHUMPI,2025,1852
050702,CHUMPI,2026,1787
050703,CORONEL CASTAÑEDA,2017,1775.60562632696
050703,CORONEL CASTAÑEDA,2018,1829
050703,CORONEL CASTAÑEDA,2019,1884
050703,CORONEL CASTAÑEDA,2020,1934
050703,CORONEL CASTAÑEDA,2021,1992
050703,CORONEL CASTAÑEDA,2022,2045
050703,CORONEL CASTAÑEDA,2023,2095
050703,CORONEL CASTAÑEDA,2024,2145
050703,CORONEL CASTAÑEDA,2025,2193
050703,CORONEL CASTAÑEDA,2026,2242
050704,PACAPAUSA,2017,692.380634390651
050704,PACAPAUSA,2018,644
050704,PACAPAUSA,2019,599
050704,PACAPAUSA,2020,556
050704,PACAPAUSA,2021,520
050704,PACAPAUSA,2022,486
050704,PACAPAUSA,2023,455
050704,PACAPAUSA,2024,427
050704,PACAPAUSA,2025,403
050704,PACAPAUSA,2026,380
050705,PULLO,2017,6537.37815005727
050705,PULLO,2018,6757
050705,PULLO,2019,6984
050705,PULLO,2020,7191
050705,PULLO,2021,7424
050705,PULLO,2022,7641
050705,PULLO,2023,7843
050705,PULLO,2024,8035
050705,PULLO,2025,8222
050705,PULLO,2026,8402
050706,PUYUSCA,2017,2204.29015784587
050706,PUYUSCA,2018,2179
050706,PUYUSCA,2019,2154
050706,PUYUSCA,2020,2123
050706,PUYUSCA,2021,2098
050706,PUYUSCA,2022,2069
050706,PUYUSCA,2023,2035
050706,PUYUSCA,2024,1999
050706,PUYUSCA,2025,1963
050706,PUYUSCA,2026,1926
050707,SAN FRANCISCO DE RAVACAYCO,2017,558.317669172932
050707,SAN FRANCISCO DE RAVACAYCO,2018,545
050707,SAN FRANCISCO DE RAVACAYCO,2019,532
050707,SAN FRANCISCO DE RAVACAYCO,2020,518
050707,SAN FRANCISCO DE RAVACAYCO,2021,506
050707,SAN FRANCISCO DE RAVACAYCO,2022,493
050707,SAN FRANCISCO DE RAVACAYCO,2023,478
050707,SAN FRANCISCO DE RAVACAYCO,2024,464
050707,SAN FRANCISCO DE RAVACAYCO,2025,449
050707,SAN FRANCISCO DE RAVACAYCO,2026,436
050708,UPAHUACHO,2017,1257.64192139738
050708,UPAHUACHO,2018,1200
050708,UPAHUACHO,2019,1145
050708,UPAHUACHO,2020,1089
050708,UPAHUACHO,2021,1038
050708,UPAHUACHO,2022,988
050708,UPAHUACHO,2023,938
050708,UPAHUACHO,2024,891
050708,UPAHUACHO,2025,844
050708,UPAHUACHO,2026,798
050801,PAUSA,2017,3336.09608540925
050801,PAUSA,2018,3354
050801,PAUSA,2019,3372
050801,PAUSA,2020,3376
050801,PAUSA,2021,3380
050801,PAUSA,2022,3385
050801,PAUSA,2023,3390
050801,PAUSA,2024,3396
050801,PAUSA,2025,3399
050801,PAUSA,2026,3403
050802,COLTA,2017,510.142548596112
050802,COLTA,2018,486
050802,COLTA,2019,463
050802,COLTA,2020,440
050802,COLTA,2021,417
050802,COLTA,2022,394
050802,COLTA,2023,372
050802,COLTA,2024,351
050802,COLTA,2025,329
050802,COLTA,2026,307
050803,CORCULLA,2017,476.219298245614
050803,CORCULLA,2018,466
050803,CORCULLA,2019,456
050803,CORCULLA,2020,445
050803,CORCULLA,2021,434
050803,CORCULLA,2022,423
050803,CORCULLA,2023,413
050803,CORCULLA,2024,403
050803,CORCULLA,2025,392
050803,CORCULLA,2026,381
050804,LAMPA,2017,2111.78778926637
050804,LAMPA,2018,2071
050804,LAMPA,2019,2031
050804,LAMPA,2020,1983
050804,LAMPA,2021,1937
050804,LAMPA,2022,1892
050804,LAMPA,2023,1848
050804,LAMPA,2024,1805
050804,LAMPA,2025,1762
050804,LAMPA,2026,1720
050805,MARCABAMBA,2017,664.308176100629
050805,MARCABAMBA,2018,650
050805,MARCABAMBA,2019,636
050805,MARCABAMBA,2020,621
050805,MARCABAMBA,2021,606
050805,MARCABAMBA,2022,591
050805,MARCABAMBA,2023,577
050805,MARCABAMBA,2024,562
050805,MARCABAMBA,2025,548
050805,MARCABAMBA,2026,534
050806,OYOLO,2017,1529.04409937888
050806,OYOLO,2018,1569
050806,OYOLO,2019,1610
050806,OYOLO,2020,1647
050806,OYOLO,2021,1682
050806,OYOLO,2022,1716
050806,OYOLO,2023,1750
050806,OYOLO,2024,1783
050806,OYOLO,2025,1815
050806,OYOLO,2026,1847
050807,PARARCA,2017,448.78640776699
050807,PARARCA,2018,430
050807,PARARCA,2019,412
050807,PARARCA,2020,392
050807,PARARCA,2021,373
050807,PARARCA,2022,354
050807,PARARCA,2023,336
050807,PARARCA,2024,318
050807,PARARCA,2025,300
050807,PARARCA,2026,282
050808,SAN JAVIER DE ALPABAMBA,2017,320.775862068966
050808,SAN JAVIER DE ALPABAMBA,2018,305
050808,SAN JAVIER DE ALPABAMBA,2019,290
050808,SAN JAVIER DE ALPABAMBA,2020,275
050808,SAN JAVIER DE ALPABAMBA,2021,260
050808,SAN JAVIER DE ALPABAMBA,2022,246
050808,SAN JAVIER DE ALPABAMBA,2023,231
050808,SAN JAVIER DE ALPABAMBA,2024,217
050808,SAN JAVIER DE ALPABAMBA,2025,205
050808,SAN JAVIER DE ALPABAMBA,2026,193
050809,SAN JOSE DE USHUA,2017,234.066115702479
050809,SAN JOSE DE USHUA,2018,238
050809,SAN JOSE DE USHUA,2019,242
050809,SAN JOSE DE USHUA,2020,247
050809,SAN JOSE DE USHUA,2021,251
050809,SAN JOSE DE USHUA,2022,255
050809,SAN JOSE DE USHUA,2023,259
050809,SAN JOSE DE USHUA,2024,262
050809,SAN JOSE DE USHUA,2025,266
050809,SAN JOSE DE USHUA,2026,270
050810,SARA SARA,2017,552.047524752475
050810,SARA SARA,2018,528
050810,SARA SARA,2019,505
050810,SARA SARA,2020,483
050810,SARA SARA,2021,460
050810,SARA SARA,2022,438
050810,SARA SARA,2023,417
050810,SARA SARA,2024,395
050810,SARA SARA,2025,374
050810,SARA SARA,2026,353
050901,QUEROBAMBA,2017,2640.0462184874
050901,QUEROBAMBA,2018,2629
050901,QUEROBAMBA,2019,2618
050901,QUEROBAMBA,2020,2600
050901,QUEROBAMBA,2021,2589
050901,QUEROBAMBA,2022,2583
050901,QUEROBAMBA,2023,2577
050901,QUEROBAMBA,2024,2574
050901,QUEROBAMBA,2025,2569
050901,QUEROBAMBA,2026,2565
050902,BELEN,2017,355.692307692308
050902,BELEN,2018,340
050902,BELEN,2019,325
050902,BELEN,2020,310
050902,BELEN,2021,300
050902,BELEN,2022,293
050902,BELEN,2023,287
050902,BELEN,2024,283
050902,BELEN,2025,278
050902,BELEN,2026,275
050903,CHALCOS,2017,517.673596673597
050903,CHALCOS,2018,499
050903,CHALCOS,2019,481
050903,CHALCOS,2020,461
050903,CHALCOS,2021,448
050903,CHALCOS,2022,439
050903,CHALCOS,2023,432
050903,CHALCOS,2024,426
050903,CHALCOS,2025,421
050903,CHALCOS,2026,415
050904,CHILCAYOC,2017,525.394366197183
050904,CHILCAYOC,2018,511
050904,CHILCAYOC,2019,497
050904,CHILCAYOC,2020,481
050904,CHILCAYOC,2021,471
050904,CHILCAYOC,2022,464
050904,CHILCAYOC,2023,458
050904,CHILCAYOC,2024,454
050904,CHILCAYOC,2025,449
050904,CHILCAYOC,2026,445
050905,HUACAÑA,2017,399.791780821918
050905,HUACAÑA,2018,382
050905,HUACAÑA,2019,365
050905,HUACAÑA,2020,348
050905,HUACAÑA,2021,337
050905,HUACAÑA,2022,328
050905,HUACAÑA,2023,322
050905,HUACAÑA,2024,317
050905,HUACAÑA,2025,312
050905,HUACAÑA,2026,307
050906,MORCOLLA,2017,1334.70643642072
050906,MORCOLLA,2018,1304
050906,MORCOLLA,2019,1274
050906,MORCOLLA,2020,1243
050906,MORCOLLA,2021,1223
050906,MORCOLLA,2022,1208
050906,MORCOLLA,2023,1197
050906,MORCOLLA,2024,1187
050906,MORCOLLA,2025,1178
050906,MORCOLLA,2026,1170
050907,PAICO,2017,597.242647058824
050907,PAICO,2018,570
050907,PAICO,2019,544
050907,PAICO,2020,517
050907,PAICO,2021,499
050907,PAICO,2022,486
050907,PAICO,2023,477
050907,PAICO,2024,469
050907,PAICO,2025,461
050907,PAICO,2026,453
050908,SAN PEDRO DE LARCAY,2017,855.203860072376
050908,SAN PEDRO DE LARCAY,2018,842
050908,SAN PEDRO DE LARCAY,2019,829
050908,SAN PEDRO DE LARCAY,2020,814
050908,SAN PEDRO DE LARCAY,2021,805
050908,SAN PEDRO DE LARCAY,2022,798
050908,SAN PEDRO DE LARCAY,2023,793
050908,SAN PEDRO DE LARCAY,2024,788
050908,SAN PEDRO DE LARCAY,2025,784
050908,SAN PEDRO DE LARCAY,2026,780
050909,SAN SALVADOR DE QUIJE,2017,1074.06211812627
050909,SAN SALVADOR DE QUIJE,2018,1027
050909,SAN SALVADOR DE QUIJE,2019,982
050909,SAN SALVADOR DE QUIJE,2020,936
050909,SAN SALVADOR DE QUIJE,2021,906
050909,SAN SALVADOR DE QUIJE,2022,883
050909,SAN SALVADOR DE QUIJE,2023,867
050909,SAN SALVADOR DE QUIJE,2024,853
050909,SAN SALVADOR DE QUIJE,2025,839
050909,SAN SALVADOR DE QUIJE,2026,826
050910,SANTIAGO DE PAUCARAY,2017,638.976271186441
050910,SANTIAGO DE PAUCARAY,2018,614
050910,SANTIAGO DE PAUCARAY,2019,590
050910,SANTIAGO DE PAUCARAY,2020,565
050910,SANTIAGO DE PAUCARAY,2021,549
050910,SANTIAGO DE PAUCARAY,2022,537
050910,SANTIAGO DE PAUCARAY,2023,528
050910,SANTIAGO DE PAUCARAY,2024,520
050910,SANTIAGO DE PAUCARAY,2025,513
050910,SANTIAGO DE PAUCARAY,2026,506
050911,SORAS,2017,1074.31213872832
050911,SORAS,2018,1056
050911,SORAS,2019,1038
050911,SORAS,2020,1017
050911,SORAS,2021,1004
050911,SORAS,2022,994
050911,SORAS,2023,987
050911,SORAS,2024,981
050911,SORAS,2025,976
050911,SORAS,2026,970
051001,HUANCAPI,2017,2003.83203328133
051001,HUANCAPI,2018,1963
051001,HUANCAPI,2019,1923
051001,HUANCAPI,2020,1878
051001,HUANCAPI,2021,1847
051001,HUANCAPI,2022,1823
051001,HUANCAPI,2023,1803
051001,HUANCAPI,2024,1786
051001,HUANCAPI,2025,1769
051001,HUANCAPI,2026,1752
051002,ALCAMENCA,2017,1625.71506105834
051002,ALCAMENCA,2018,1548
051002,ALCAMENCA,2019,1474
051002,ALCAMENCA,2020,1399
051002,ALCAMENCA,2021,1345
051002,ALCAMENCA,2022,1302
051002,ALCAMENCA,2023,1268
051002,ALCAMENCA,2024,1238
051002,ALCAMENCA,2025,1208
051002,ALCAMENCA,2026,1178
051003,APONGO,2017,682.52657807309
051003,APONGO,2018,641
051003,APONGO,2019,602
051003,APONGO,2020,565
051003,APONGO,2021,537
051003,APONGO,2022,516
051003,APONGO,2023,498
051003,APONGO,2024,483
051003,APONGO,2025,469
051003,APONGO,2026,455
051004,ASQUIPATA,2017,488.00826446281
051004,ASQUIPATA,2018,486
051004,ASQUIPATA,2019,484
051004,ASQUIPATA,2020,482
051004,ASQUIPATA,2021,481
051004,ASQUIPATA,2022,480
051004,ASQUIPATA,2023,478
051004,ASQUIPATA,2024,476
051004,ASQUIPATA,2025,474
051004,ASQUIPATA,2026,472
051005,CANARIA,2017,4055.00618046972
051005,CANARIA,2018,4050
051005,CANARIA,2019,4045
051005,CANARIA,2020,4027
051005,CANARIA,2021,4018
051005,CANARIA,2022,4012
051005,CANARIA,2023,4007
051005,CANARIA,2024,4002
051005,CANARIA,2025,3998
051005,CANARIA,2026,3997
051006,CAYARA,2017,1190.22107081174
051006,CAYARA,2018,1174
051006,CAYARA,2019,1158
051006,CAYARA,2020,1138
051006,CAYARA,2021,1125
051006,CAYARA,2022,1115
051006,CAYARA,2023,1106
051006,CAYARA,2024,1099
051006,CAYARA,2025,1092
051006,CAYARA,2026,1085
051007,COLCA,2017,1071.24639076035
051007,COLCA,2018,1055
051007,COLCA,2019,1039
051007,COLCA,2020,1020
051007,COLCA,2021,1007
051007,COLCA,2022,997
051007,COLCA,2023,989
051007,COLCA,2024,982
051007,COLCA,2025,975
051007,COLCA,2026,968
051008,HUAMANQUIQUIA,2017,1150.15035587189
051008,HUAMANQUIQUIA,2018,1137
051008,HUAMANQUIQUIA,2019,1124
051008,HUAMANQUIQUIA,2020,1107
051008,HUAMANQUIQUIA,2021,1096
051008,HUAMANQUIQUIA,2022,1087
051008,HUAMANQUIQUIA,2023,1081
051008,HUAMANQUIQUIA,2024,1075
051008,HUAMANQUIQUIA,2025,1069
051008,HUAMANQUIQUIA,2026,1063
051009,HUANCARAYLLA,2017,1362.18550272798
051009,HUANCARAYLLA,2018,1322
051009,HUANCARAYLLA,2019,1283
051009,HUANCARAYLLA,2020,1241
051009,HUANCARAYLLA,2021,1211
051009,HUANCARAYLLA,2022,1188
051009,HUANCARAYLLA,2023,1170
051009,HUANCARAYLLA,2024,1153
051009,HUANCARAYLLA,2025,1137
051009,HUANCARAYLLA,2026,1121
051010,HUALLA,2017,2237.24830917874
051010,HUALLA,2018,2152
051010,HUALLA,2019,2070
051010,HUALLA,2020,1985
051010,HUALLA,2021,1924
051010,HUALLA,2022,1876
051010,HUALLA,2023,1838
051010,HUALLA,2024,1804
051010,HUALLA,2025,1771
051010,HUALLA,2026,1738
051011,SARHUA,2017,2725.38481773769
051011,SARHUA,2018,2693
051011,SARHUA,2019,2661
051011,SARHUA,2020,2624
051011,SARHUA,2021,2599
051011,SARHUA,2022,2579
051011,SARHUA,2023,2563
051011,SARHUA,2024,2549
051011,SARHUA,2025,2536
051011,SARHUA,2026,2524
051012,VILCANCHOS,2017,2529.68696362893
051012,VILCANCHOS,2018,2488
051012,VILCANCHOS,2019,2447
051012,VILCANCHOS,2020,2400
051012,VILCANCHOS,2021,2368
051012,VILCANCHOS,2022,2343
051012,VILCANCHOS,2023,2323
051012,VILCANCHOS,2024,2307
051012,VILCANCHOS,2025,2290
051012,VILCANCHOS,2026,2273
051101,VILCAS HUAMAN,2017,6935.73525438992
051101,VILCAS HUAMAN,2018,6798
051101,VILCAS HUAMAN,2019,6663
051101,VILCAS HUAMAN,2020,6513
051101,VILCAS HUAMAN,2021,6421
051101,VILCAS HUAMAN,2022,6353
051101,VILCAS HUAMAN,2023,6306
051101,VILCAS HUAMAN,2024,6265
051101,VILCAS HUAMAN,2025,6229
051101,VILCAS HUAMAN,2026,6193
051102,ACCOMARCA,2017,956.303269447576
051102,ACCOMARCA,2018,921
051102,ACCOMARCA,2019,887
051102,ACCOMARCA,2020,851
051102,ACCOMARCA,2021,828
051102,ACCOMARCA,2022,812
051102,ACCOMARCA,2023,801
051102,ACCOMARCA,2024,791
051102,ACCOMARCA,2025,782
051102,ACCOMARCA,2026,772
051103,CARHUANCA,2017,885.688172043011
051103,CARHUANCA,2018,861
051103,CARHUANCA,2019,837
051103,CARHUANCA,2020,812
051103,CARHUANCA,2021,796
051103,CARHUANCA,2022,785
051103,CARHUANCA,2023,776
051103,CARHUANCA,2024,770
051103,CARHUANCA,2025,763
051103,CARHUANCA,2026,758
051104,CONCEPCION,2017,1812.19549330085
051104,CONCEPCION,2018,1725
051104,CONCEPCION,2019,1642
051104,CONCEPCION,2020,1558
051104,CONCEPCION,2021,1504
051104,CONCEPCION,2022,1465
051104,CONCEPCION,2023,1437
051104,CONCEPCION,2024,1414
051104,CONCEPCION,2025,1392
051104,CONCEPCION,2026,1370
051105,HUAMBALPA,2017,1464.6825633383
051105,HUAMBALPA,2018,1402
051105,HUAMBALPA,2019,1342
051105,HUAMBALPA,2020,1280
051105,HUAMBALPA,2021,1240
051105,HUAMBALPA,2022,1212
051105,HUAMBALPA,2023,1191
051105,HUAMBALPA,2024,1175
051105,HUAMBALPA,2025,1158
051105,HUAMBALPA,2026,1143
051106,INDEPENDENCIA,2017,1239.93094405594
051106,INDEPENDENCIA,2018,1191
051106,INDEPENDENCIA,2019,1144
051106,INDEPENDENCIA,2020,1095
051106,INDEPENDENCIA,2021,1064
051106,INDEPENDENCIA,2022,1042
051106,INDEPENDENCIA,2023,1025
051106,INDEPENDENCIA,2024,1012
051106,INDEPENDENCIA,2025,999
051106,INDEPENDENCIA,2026,987
051107,SAURAMA,2017,1135.83720930233
051107,SAURAMA,2018,1105
051107,SAURAMA,2019,1075
051107,SAURAMA,2020,1042
051107,SAURAMA,2021,1022
051107,SAURAMA,2022,1007
051107,SAURAMA,2023,996
051107,SAURAMA,2024,988
051107,SAURAMA,2025,979
051107,SAURAMA,2026,971
051108,VISCHONGO,2017,4051.46633039092
051108,VISCHONGO,2018,4008
051108,VISCHONGO,2019,3965
051108,VISCHONGO,2020,3912
051108,VISCHONGO,2021,3881
051108,VISCHONGO,2022,3859
051108,VISCHONGO,2023,3842
051108,VISCHONGO,2024,3829
051108,VISCHONGO,2025,3816
051108,VISCHONGO,2026,3804
060101,CAJAMARCA,2017,230022.805594254
060101,CAJAMARCA,2018,235184
060101,CAJAMARCA,2019,240461
060101,CAJAMARCA,2020,245137
060101,CAJAMARCA,2021,247044
060101,CAJAMARCA,2022,248596
060101,CAJAMARCA,2023,249898
060101,CAJAMARCA,2024,251058
060101,CAJAMARCA,2025,252188
060101,CAJAMARCA,2026,253279
060102,ASUNCION,2017,8601.44475851051
060102,ASUNCION,2018,8366
060102,ASUNCION,2019,8137
060102,ASUNCION,2020,7896
060102,ASUNCION,2021,7632
060102,ASUNCION,2022,7359
060102,ASUNCION,2023,7083
060102,ASUNCION,2024,6805
060102,ASUNCION,2025,6531
060102,ASUNCION,2026,6259
060103,CHETILLA,2017,3890.00644329897
060103,CHETILLA,2018,3885
060103,CHETILLA,2019,3880
060103,CHETILLA,2020,3863
060103,CHETILLA,2021,3847
060103,CHETILLA,2022,3827
060103,CHETILLA,2023,3803
060103,CHETILLA,2024,3778
060103,CHETILLA,2025,3754
060103,CHETILLA,2026,3730
060104,COSPAN,2017,7310.26806978676
060104,COSPAN,2018,7266
060104,COSPAN,2019,7222
060104,COSPAN,2020,7159
060104,COSPAN,2021,7117
060104,COSPAN,2022,7069
060104,COSPAN,2023,7018
060104,COSPAN,2024,6966
060104,COSPAN,2025,6914
060104,COSPAN,2026,6863
060105,ENCAÑADA,2017,20716.0090595766
060105,ENCAÑADA,2018,20512
060105,ENCAÑADA,2019,20310
060105,ENCAÑADA,2020,20052
060105,ENCAÑADA,2021,19735
060105,ENCAÑADA,2022,19393
060105,ENCAÑADA,2023,19036
060105,ENCAÑADA,2024,18673
060105,ENCAÑADA,2025,18314
060105,ENCAÑADA,2026,17957
060106,JESUS,2017,16030.1537948189
060106,JESUS,2018,16255
060106,JESUS,2019,16483
060106,JESUS,2020,16666
060106,JESUS,2021,16751
060106,JESUS,2022,16813
060106,JESUS,2023,16858
060106,JESUS,2024,16893
060106,JESUS,2025,16928
060106,JESUS,2026,16960
060107,LLACANORA,2017,6180.23417332514
060107,LLACANORA,2018,6342
060107,LLACANORA,2019,6508
060107,LLACANORA,2020,6657
060107,LLACANORA,2021,6695
060107,LLACANORA,2022,6723
060107,LLACANORA,2023,6745
060107,LLACANORA,2024,6763
060107,LLACANORA,2025,6781
060107,LLACANORA,2026,6797
060108,LOS BAÑOS DEL INCA,2017,48101.6698186328
060108,LOS BAÑOS DEL INCA,2018,49824
060108,LOS BAÑOS DEL INCA,2019,51608
060108,LOS BAÑOS DEL INCA,2020,53298
060108,LOS BAÑOS DEL INCA,2021,54396
060108,LOS BAÑOS DEL INCA,2022,55412
060108,LOS BAÑOS DEL INCA,2023,56364
060108,LOS BAÑOS DEL INCA,2024,57278
060108,LOS BAÑOS DEL INCA,2025,58177
060108,LOS BAÑOS DEL INCA,2026,59059
060109,MAGDALENA,2017,8885.03265167778
060109,MAGDALENA,2018,8868
060109,MAGDALENA,2019,8851
060109,MAGDALENA,2020,8809
060109,MAGDALENA,2021,8770
060109,MAGDALENA,2022,8722
060109,MAGDALENA,2023,8668
060109,MAGDALENA,2024,8611
060109,MAGDALENA,2025,8555
060109,MAGDALENA,2026,8498
060110,MATARA,2017,3777.02134387352
060110,MATARA,2018,3786
060110,MATARA,2019,3795
060110,MATARA,2020,3793
060110,MATARA,2021,3784
060110,MATARA,2022,3766
060110,MATARA,2023,3748
060110,MATARA,2024,3728
060110,MATARA,2025,3704
060110,MATARA,2026,3682
060111,NAMORA,2017,10085.6881888228
060111,NAMORA,2018,10169
060111,NAMORA,2019,10253
060111,NAMORA,2020,10308
060111,NAMORA,2021,10364
060111,NAMORA,2022,10406
060111,NAMORA,2023,10437
060111,NAMORA,2024,10463
060111,NAMORA,2025,10488
060111,NAMORA,2026,10511
060112,SAN JUAN,2017,4584.03157894737
060112,SAN JUAN,2018,4572
060112,SAN JUAN,2019,4560
060112,SAN JUAN,2020,4532
060112,SAN JUAN,2021,4510
060112,SAN JUAN,2022,4485
060112,SAN JUAN,2023,4455
060112,SAN JUAN,2024,4425
060112,SAN JUAN,2025,4395
060112,SAN JUAN,2026,4365
060201,CAJABAMBA,2017,32525.6777398784
060201,CAJABAMBA,2018,33115
060201,CAJABAMBA,2019,33715
060201,CAJABAMBA,2020,34231
060201,CAJABAMBA,2021,34538
060201,CAJABAMBA,2022,34762
060201,CAJABAMBA,2023,34929
060201,CAJABAMBA,2024,35063
060201,CAJABAMBA,2025,35192
060201,CAJABAMBA,2026,35312
060202,CACHACHI,2017,25152.0556144276
060202,CACHACHI,2018,25315
060202,CACHACHI,2019,25479
060202,CACHACHI,2020,25575
060202,CACHACHI,2021,25589
060202,CACHACHI,2022,25599
060202,CACHACHI,2023,25606
060202,CACHACHI,2024,25611
060202,CACHACHI,2025,25616
060202,CACHACHI,2026,25621
060203,CONDEBAMBA,2017,14718.0242356204
060203,CONDEBAMBA,2018,14929
060203,CONDEBAMBA,2019,15143
060203,CONDEBAMBA,2020,15319
060203,CONDEBAMBA,2021,15434
060203,CONDEBAMBA,2022,15519
060203,CONDEBAMBA,2023,15583
060203,CONDEBAMBA,2024,15637
060203,CONDEBAMBA,2025,15688
060203,CONDEBAMBA,2026,15736
060204,SITACOCHA,2017,8163.13449425713
060204,SITACOCHA,2018,8130
060204,SITACOCHA,2019,8097
060204,SITACOCHA,2020,8042
060204,SITACOCHA,2021,7955
060204,SITACOCHA,2022,7867
060204,SITACOCHA,2023,7778
060204,SITACOCHA,2024,7687
060204,SITACOCHA,2025,7597
060204,SITACOCHA,2026,7505
060301,CELENDIN,2017,27936.9881436668
060301,CELENDIN,2018,28346
060301,CELENDIN,2019,28761
060301,CELENDIN,2020,29097
060301,CELENDIN,2021,29442
060301,CELENDIN,2022,29695
060301,CELENDIN,2023,29886
060301,CELENDIN,2024,30049
060301,CELENDIN,2025,30220
060301,CELENDIN,2026,30396
060302,CHUMUCH,2017,2784.24743777452
060302,CHUMUCH,2018,2758
060302,CHUMUCH,2019,2732
060302,CHUMUCH,2020,2699
060302,CHUMUCH,2021,2667
060302,CHUMUCH,2022,2626
060302,CHUMUCH,2023,2580
060302,CHUMUCH,2024,2531
060302,CHUMUCH,2025,2481
060302,CHUMUCH,2026,2429
060303,CORTEGANA,2017,7492.24966243586
060303,CORTEGANA,2018,7449
060303,CORTEGANA,2019,7406
060303,CORTEGANA,2020,7343
060303,CORTEGANA,2021,7282
060303,CORTEGANA,2022,7197
060303,CORTEGANA,2023,7095
060303,CORTEGANA,2024,6984
060303,CORTEGANA,2025,6871
060303,CORTEGANA,2026,6754
060304,HUASMIN,2017,11379.1425603036
060304,HUASMIN,2018,11223
060304,HUASMIN,2019,11069
060304,HUASMIN,2020,10885
060304,HUASMIN,2021,10703
060304,HUASMIN,2022,10485
060304,HUASMIN,2023,10241
060304,HUASMIN,2024,9982
060304,HUASMIN,2025,9717
060304,HUASMIN,2026,9444
060305,JORGE CHAVEZ,2017,480.076923076923
060305,JORGE CHAVEZ,2018,474
060305,JORGE CHAVEZ,2019,468
060305,JORGE CHAVEZ,2020,461
060305,JORGE CHAVEZ,2021,455
060305,JORGE CHAVEZ,2022,447
060305,JORGE CHAVEZ,2023,438
060305,JORGE CHAVEZ,2024,429
060305,JORGE CHAVEZ,2025,420
060305,JORGE CHAVEZ,2026,411
060306,JOSE GALVEZ,2017,2768.00325850833
060306,JOSE GALVEZ,2018,2765
060306,JOSE GALVEZ,2019,2762
060306,JOSE GALVEZ,2020,2751
060306,JOSE GALVEZ,2021,2740
060306,JOSE GALVEZ,2022,2720
060306,JOSE GALVEZ,2023,2693
060306,JOSE GALVEZ,2024,2662
060306,JOSE GALVEZ,2025,2631
060306,JOSE GALVEZ,2026,2597
060307,MIGUEL IGLESIAS,2017,4115.93188079139
060307,MIGUEL IGLESIAS,2018,4054
060307,MIGUEL IGLESIAS,2019,3993
060307,MIGUEL IGLESIAS,2020,3922
060307,MIGUEL IGLESIAS,2021,3853
060307,MIGUEL IGLESIAS,2022,3771
060307,MIGUEL IGLESIAS,2023,3681
060307,MIGUEL IGLESIAS,2024,3586
060307,MIGUEL IGLESIAS,2025,3489
060307,MIGUEL IGLESIAS,2026,3391
060308,OXAMARCA,2017,5944.20854613551
060308,OXAMARCA,2018,5909
060308,OXAMARCA,2019,5874
060308,OXAMARCA,2020,5824
060308,OXAMARCA,2021,5776
060308,OXAMARCA,2022,5710
060308,OXAMARCA,2023,5632
060308,OXAMARCA,2024,5548
060308,OXAMARCA,2025,5462
060308,OXAMARCA,2026,5376
060309,SOROCHUCO,2017,7985.92854353768
060309,SOROCHUCO,2018,7833
060309,SOROCHUCO,2019,7683
060309,SOROCHUCO,2020,7514
060309,SOROCHUCO,2021,7348
060309,SOROCHUCO,2022,7158
060309,SOROCHUCO,2023,6953
060309,SOROCHUCO,2024,6738
060309,SOROCHUCO,2025,6519
060309,SOROCHUCO,2026,6296
060310,SUCRE,2017,5531.07284647605
060310,SUCRE,2018,5511
060310,SUCRE,2019,5491
060310,SUCRE,2020,5455
060310,SUCRE,2021,5419
060310,SUCRE,2022,5364
060310,SUCRE,2023,5296
060310,SUCRE,2024,5220
060310,SUCRE,2025,5142
060310,SUCRE,2026,5060
060311,UTCO,2017,1127.20510483136
060311,UTCO,2018,1112
060311,UTCO,2019,1097
060311,UTCO,2020,1081
060311,UTCO,2021,1067
060311,UTCO,2022,1052
060311,UTCO,2023,1036
060311,UTCO,2024,1021
060311,UTCO,2025,1007
060311,UTCO,2026,995
060312,LA LIBERTAD DE PALLAN,2017,7032.26619637201
060312,LA LIBERTAD DE PALLAN,2018,6989
060312,LA LIBERTAD DE PALLAN,2019,6946
060312,LA LIBERTAD DE PALLAN,2020,6884
060312,LA LIBERTAD DE PALLAN,2021,6823
060312,LA LIBERTAD DE PALLAN,2022,6740
060312,LA LIBERTAD DE PALLAN,2023,6641
060312,LA LIBERTAD DE PALLAN,2024,6533
060312,LA LIBERTAD DE PALLAN,2025,6422
060312,LA LIBERTAD DE PALLAN,2026,6308
060401,CHOTA,2017,49808.3589002301
060401,CHOTA,2018,50325
060401,CHOTA,2019,50847
060401,CHOTA,2020,51231
060401,CHOTA,2021,51686
060401,CHOTA,2022,52061
060401,CHOTA,2023,52378
060401,CHOTA,2024,52658
060401,CHOTA,2025,52925
060401,CHOTA,2026,53177
060402,ANGUIA,2017,3423.32401215806
060402,ANGUIA,2018,3356
060402,ANGUIA,2019,3290
060402,ANGUIA,2020,3216
060402,ANGUIA,2021,3147
060402,ANGUIA,2022,3074
060402,ANGUIA,2023,2998
060402,ANGUIA,2024,2922
060402,ANGUIA,2025,2846
060402,ANGUIA,2026,2770
060403,CHADIN,2017,3725.21368220224
060403,CHADIN,2018,3697
060403,CHADIN,2019,3669
060403,CHADIN,2020,3632
060403,CHADIN,2021,3600
060403,CHADIN,2022,3563
060403,CHADIN,2023,3523
060403,CHADIN,2024,3481
060403,CHADIN,2025,3439
060403,CHADIN,2026,3397
060404,CHIGUIRIP,2017,3839.21193304536
060404,CHIGUIRIP,2018,3771
060404,CHIGUIRIP,2019,3704
060404,CHIGUIRIP,2020,3628
060404,CHIGUIRIP,2021,3558
060404,CHIGUIRIP,2022,3483
060404,CHIGUIRIP,2023,3405
060404,CHIGUIRIP,2024,3325
060404,CHIGUIRIP,2025,3247
060404,CHIGUIRIP,2026,3168
060405,CHIMBAN,2017,2418.21679859279
060405,CHIMBAN,2018,2345
060405,CHIMBAN,2019,2274
060405,CHIMBAN,2020,2201
060405,CHIMBAN,2021,2130
060405,CHIMBAN,2022,2056
060405,CHIMBAN,2023,1981
060405,CHIMBAN,2024,1906
060405,CHIMBAN,2025,1831
060405,CHIMBAN,2026,1757
060406,CHOROPAMPA,2017,2502.61716449306
060406,CHOROPAMPA,2018,2439
060406,CHOROPAMPA,2019,2377
060406,CHOROPAMPA,2020,2311
060406,CHOROPAMPA,2021,2248
060406,CHOROPAMPA,2022,2182
060406,CHOROPAMPA,2023,2114
060406,CHOROPAMPA,2024,2046
060406,CHOROPAMPA,2025,1979
060406,CHOROPAMPA,2026,1911
060407,COCHABAMBA,2017,6001.4409221902
060407,COCHABAMBA,2018,5950
060407,COCHABAMBA,2019,5899
060407,COCHABAMBA,2020,5832
060407,COCHABAMBA,2021,5774
060407,COCHABAMBA,2022,5708
060407,COCHABAMBA,2023,5637
060407,COCHABAMBA,2024,5564
060407,COCHABAMBA,2025,5490
060407,COCHABAMBA,2026,5415
060408,CONCHAN,2017,6040.12178416305
060408,CONCHAN,2018,6013
060408,CONCHAN,2019,5986
060408,CONCHAN,2020,5944
060408,CONCHAN,2021,5911
060408,CONCHAN,2022,5869
060408,CONCHAN,2023,5821
060408,CONCHAN,2024,5770
060408,CONCHAN,2025,5719
060408,CONCHAN,2026,5667
060409,HUAMBOS,2017,8762.30034642032
060409,HUAMBOS,2018,8711
060409,HUAMBOS,2019,8660
060409,HUAMBOS,2020,8584
060409,HUAMBOS,2021,8522
060409,HUAMBOS,2022,8448
060409,HUAMBOS,2023,8366
060409,HUAMBOS,2024,8280
060409,HUAMBOS,2025,8193
060409,HUAMBOS,2026,8106
060410,LAJAS,2017,11809.3506549097
060410,LAJAS,2018,11745
060410,LAJAS,2019,11681
060410,LAJAS,2020,11586
060410,LAJAS,2021,11509
060410,LAJAS,2022,11415
060410,LAJAS,2023,11310
060410,LAJAS,2024,11200
060410,LAJAS,2025,11088
060410,LAJAS,2026,10976
060411,LLAMA,2017,7524.21493820527
060411,LLAMA,2018,7484
060411,LLAMA,2019,7444
060411,LLAMA,2020,7385
060411,LLAMA,2021,7337
060411,LLAMA,2022,7278
060411,LLAMA,2023,7213
060411,LLAMA,2024,7143
060411,LLAMA,2025,7074
060411,LLAMA,2026,7003
060412,MIRACOSTA,2017,3383.18751875188
060412,MIRACOSTA,2018,3358
060412,MIRACOSTA,2019,3333
060412,MIRACOSTA,2020,3300
060412,MIRACOSTA,2021,3272
060412,MIRACOSTA,2022,3239
060412,MIRACOSTA,2023,3203
060412,MIRACOSTA,2024,3165
060412,MIRACOSTA,2025,3128
060412,MIRACOSTA,2026,3090
060413,PACCHA,2017,4728.205957994
060413,PACCHA,2018,4697
060413,PACCHA,2019,4666
060413,PACCHA,2020,4621
060413,PACCHA,2021,4584
060413,PACCHA,2022,4540
060413,PACCHA,2023,4492
060413,PACCHA,2024,4442
060413,PACCHA,2025,4392
060413,PACCHA,2026,4341
060414,PION,2017,1296.46153846154
060414,PION,2018,1272
060414,PION,2019,1248
060414,PION,2020,1222
060414,PION,2021,1197
060414,PION,2022,1171
060414,PION,2023,1144
060414,PION,2024,1116
060414,PION,2025,1089
060414,PION,2026,1062
060415,QUEROCOTO,2017,8885.01365226222
060415,QUEROCOTO,2018,8874
060415,QUEROCOTO,2019,8863
060415,QUEROCOTO,2020,8826
060415,QUEROCOTO,2021,8803
060415,QUEROCOTO,2022,8768
060415,QUEROCOTO,2023,8723
060415,QUEROCOTO,2024,8674
060415,QUEROCOTO,2025,8624
060415,QUEROCOTO,2026,8572
060416,SAN JUAN DE LICUPIS,2017,1002.0495951417
060416,SAN JUAN DE LICUPIS,2018,995
060416,SAN JUAN DE LICUPIS,2019,988
060416,SAN JUAN DE LICUPIS,2020,977
060416,SAN JUAN DE LICUPIS,2021,968
060416,SAN JUAN DE LICUPIS,2022,958
060416,SAN JUAN DE LICUPIS,2023,947
060416,SAN JUAN DE LICUPIS,2024,935
060416,SAN JUAN DE LICUPIS,2025,924
060416,SAN JUAN DE LICUPIS,2026,912
060417,TACABAMBA,2017,17123.0976854599
060417,TACABAMBA,2018,16986
060417,TACABAMBA,2019,16850
060417,TACABAMBA,2020,16668
060417,TACABAMBA,2021,16513
060417,TACABAMBA,2022,16334
060417,TACABAMBA,2023,16140
060417,TACABAMBA,2024,15938
060417,TACABAMBA,2025,15736
060417,TACABAMBA,2026,15533
060418,TOCMOCHE,2017,902.040449438202
060418,TOCMOCHE,2018,896
060418,TOCMOCHE,2019,890
060418,TOCMOCHE,2020,880
060418,TOCMOCHE,2021,872
060418,TOCMOCHE,2022,864
060418,TOCMOCHE,2023,855
060418,TOCMOCHE,2024,846
060418,TOCMOCHE,2025,833
060418,TOCMOCHE,2026,824
060419,CHALAMARCA,2017,9834.20782019704
060419,CHALAMARCA,2018,9789
060419,CHALAMARCA,2019,9744
060419,CHALAMARCA,2020,9670
060419,CHALAMARCA,2021,9612
060419,CHALAMARCA,2022,9541
060419,CHALAMARCA,2023,9460
060419,CHALAMARCA,2024,9374
060419,CHALAMARCA,2025,9288
060419,CHALAMARCA,2026,9200
060501,CONTUMAZA,2017,8173.11848107508
060501,CONTUMAZA,2018,8142
060501,CONTUMAZA,2019,8111
060501,CONTUMAZA,2020,8061
060501,CONTUMAZA,2021,8017
060501,CONTUMAZA,2022,7945
060501,CONTUMAZA,2023,7855
060501,CONTUMAZA,2024,7756
060501,CONTUMAZA,2025,7655
060501,CONTUMAZA,2026,7550
060502,CHILETE,2017,2829.19008264463
060502,CHILETE,2018,2806
060502,CHILETE,2019,2783
060502,CHILETE,2020,2752
060502,CHILETE,2021,2721
060502,CHILETE,2022,2669
060502,CHILETE,2023,2604
060502,CHILETE,2024,2531
060502,CHILETE,2025,2458
060502,CHILETE,2026,2384
060503,CUPISNIQUE,2017,1433.05724381625
060503,CUPISNIQUE,2018,1424
060503,CUPISNIQUE,2019,1415
060503,CUPISNIQUE,2020,1402
060503,CUPISNIQUE,2021,1389
060503,CUPISNIQUE,2022,1369
060503,CUPISNIQUE,2023,1343
060503,CUPISNIQUE,2024,1314
060503,CUPISNIQUE,2025,1285
060503,CUPISNIQUE,2026,1255
060504,GUZMANGO,2017,2856.00035038542
060504,GUZMANGO,2018,2855
060504,GUZMANGO,2019,2854
060504,GUZMANGO,2020,2845
060504,GUZMANGO,2021,2842
060504,GUZMANGO,2022,2835
060504,GUZMANGO,2023,2828
060504,GUZMANGO,2024,2819
060504,GUZMANGO,2025,2811
060504,GUZMANGO,2026,2803
060505,SAN BENITO,2017,3577.05436893204
060505,SAN BENITO,2018,3591
060505,SAN BENITO,2019,3605
060505,SAN BENITO,2020,3607
060505,SAN BENITO,2021,3608
060505,SAN BENITO,2022,3612
060505,SAN BENITO,2023,3617
060505,SAN BENITO,2024,3622
060505,SAN BENITO,2025,3628
060505,SAN BENITO,2026,3635
060506,SANTA CRUZ DE TOLEDO,2017,1064.02371916509
060506,SANTA CRUZ DE TOLEDO,2018,1059
060506,SANTA CRUZ DE TOLEDO,2019,1054
060506,SANTA CRUZ DE TOLEDO,2020,1047
060506,SANTA CRUZ DE TOLEDO,2021,1040
060506,SANTA CRUZ DE TOLEDO,2022,1030
060506,SANTA CRUZ DE TOLEDO,2023,1017
060506,SANTA CRUZ DE TOLEDO,2024,1002
060506,SANTA CRUZ DE TOLEDO,2025,986
060506,SANTA CRUZ DE TOLEDO,2026,970
060507,TANTARICA,2017,2613.08513053349
060507,TANTARICA,2018,2628
060507,TANTARICA,2019,2643
060507,TANTARICA,2020,2650
060507,TANTARICA,2021,2651
060507,TANTARICA,2022,2653
060507,TANTARICA,2023,2655
060507,TANTARICA,2024,2659
060507,TANTARICA,2025,2663
060507,TANTARICA,2026,2667
060508,YONAN,2017,7127.20479364629
060508,YONAN,2018,7089
060508,YONAN,2019,7051
060508,YONAN,2020,6993
060508,YONAN,2021,6940
060508,YONAN,2022,6851
060508,YONAN,2023,6739
060508,YONAN,2024,6616
060508,YONAN,2025,6489
060508,YONAN,2026,6362
060601,CUTERVO,2017,51484.0094090202
060601,CUTERVO,2018,51462
060601,CUTERVO,2019,51440
060601,CUTERVO,2020,51272
060601,CUTERVO,2021,51313
060601,CUTERVO,2022,51275
060601,CUTERVO,2023,51182
060601,CUTERVO,2024,51053
060601,CUTERVO,2025,50915
060601,CUTERVO,2026,50762
060602,CALLAYUC,2017,9778.18196822777
060602,CALLAYUC,2018,9736
060602,CALLAYUC,2019,9694
060602,CALLAYUC,2020,9627
060602,CALLAYUC,2021,9598
060602,CALLAYUC,2022,9554
060602,CALLAYUC,2023,9501
060602,CALLAYUC,2024,9442
060602,CALLAYUC,2025,9381
060602,CALLAYUC,2026,9318
060603,CHOROS,2017,3338.06801692866
060603,CHOROS,2018,3323
060603,CHOROS,2019,3308
060603,CHOROS,2020,3286
060603,CHOROS,2021,3277
060603,CHOROS,2022,3262
060603,CHOROS,2023,3246
060603,CHOROS,2024,3226
060603,CHOROS,2025,3206
060603,CHOROS,2026,3185
060604,CUJILLO,2017,2637.16994219653
060604,CUJILLO,2018,2616
060604,CUJILLO,2019,2595
060604,CUJILLO,2020,2569
060604,CUJILLO,2021,2552
060604,CUJILLO,2022,2532
060604,CUJILLO,2023,2509
060604,CUJILLO,2024,2485
060604,CUJILLO,2025,2461
060604,CUJILLO,2026,2437
060605,LA RAMADA,2017,4122.50223214286
060605,LA RAMADA,2018,4077
060605,LA RAMADA,2019,4032
060605,LA RAMADA,2020,3977
060605,LA RAMADA,2021,3940
060605,LA RAMADA,2022,3897
060605,LA RAMADA,2023,3849
060605,LA RAMADA,2024,3800
060605,LA RAMADA,2025,3751
060605,LA RAMADA,2026,3701
060606,PIMPINGOS,2017,5336.8629373318
060606,PIMPINGOS,2018,5269
060606,PIMPINGOS,2019,5202
060606,PIMPINGOS,2020,5121
060606,PIMPINGOS,2021,5063
060606,PIMPINGOS,2022,4998
060606,PIMPINGOS,2023,4927
060606,PIMPINGOS,2024,4856
060606,PIMPINGOS,2025,4784
060606,PIMPINGOS,2026,4712
060607,QUEROCOTILLO,2017,14042.8439835849
060607,QUEROCOTILLO,2018,13843
060607,QUEROCOTILLO,2019,13646
060607,QUEROCOTILLO,2020,13416
060607,QUEROCOTILLO,2021,13241
060607,QUEROCOTILLO,2022,13051
060607,QUEROCOTILLO,2023,12849
060607,QUEROCOTILLO,2024,12641
060607,QUEROCOTILLO,2025,12435
060607,QUEROCOTILLO,2026,12228
060608,SAN ANDRES DE CUTERVO,2017,4486.00068917988
060608,SAN ANDRES DE CUTERVO,2018,4419
060608,SAN ANDRES DE CUTERVO,2019,4353
060608,SAN ANDRES DE CUTERVO,2020,4276
060608,SAN ANDRES DE CUTERVO,2021,4219
060608,SAN ANDRES DE CUTERVO,2022,4155
060608,SAN ANDRES DE CUTERVO,2023,4087
060608,SAN ANDRES DE CUTERVO,2024,4020
060608,SAN ANDRES DE CUTERVO,2025,3952
060608,SAN ANDRES DE CUTERVO,2026,3883
060609,SAN JUAN DE CUTERVO,2017,1916.1922257721
060609,SAN JUAN DE CUTERVO,2018,1897
060609,SAN JUAN DE CUTERVO,2019,1878
060609,SAN JUAN DE CUTERVO,2020,1856
060609,SAN JUAN DE CUTERVO,2021,1840
060609,SAN JUAN DE CUTERVO,2022,1822
060609,SAN JUAN DE CUTERVO,2023,1803
060609,SAN JUAN DE CUTERVO,2024,1782
060609,SAN JUAN DE CUTERVO,2025,1761
060609,SAN JUAN DE CUTERVO,2026,1739
060610,SAN LUIS DE LUCMA,2017,3188.1737854581
060610,SAN LUIS DE LUCMA,2018,3127
060610,SAN LUIS DE LUCMA,2019,3067
060610,SAN LUIS DE LUCMA,2020,2999
060610,SAN LUIS DE LUCMA,2021,2945
060610,SAN LUIS DE LUCMA,2022,2888
060610,SAN LUIS DE LUCMA,2023,2828
060610,SAN LUIS DE LUCMA,2024,2768
060610,SAN LUIS DE LUCMA,2025,2708
060610,SAN LUIS DE LUCMA,2026,2650
060611,SANTA CRUZ,2017,2781.42609657206
060611,SANTA CRUZ,2018,2747
060611,SANTA CRUZ,2019,2713
060611,SANTA CRUZ,2020,2671
060611,SANTA CRUZ,2021,2641
060611,SANTA CRUZ,2022,2608
060611,SANTA CRUZ,2023,2572
060611,SANTA CRUZ,2024,2534
060611,SANTA CRUZ,2025,2497
060611,SANTA CRUZ,2026,2461
060612,SANTO DOMINGO DE LA CAPILLA,2017,5100.11401425178
060612,SANTO DOMINGO DE LA CAPILLA,2018,5076
060612,SANTO DOMINGO DE LA CAPILLA,2019,5052
060612,SANTO DOMINGO DE LA CAPILLA,2020,5015
060612,SANTO DOMINGO DE LA CAPILLA,2021,4999
060612,SANTO DOMINGO DE LA CAPILLA,2022,4974
060612,SANTO DOMINGO DE LA CAPILLA,2023,4944
060612,SANTO DOMINGO DE LA CAPILLA,2024,4912
060612,SANTO DOMINGO DE LA CAPILLA,2025,4878
060612,SANTO DOMINGO DE LA CAPILLA,2026,4845
060613,SANTO TOMAS,2017,7730.15992167102
060613,SANTO TOMAS,2018,7695
060613,SANTO TOMAS,2019,7660
060613,SANTO TOMAS,2020,7603
060613,SANTO TOMAS,2021,7577
060613,SANTO TOMAS,2022,7541
060613,SANTO TOMAS,2023,7496
060613,SANTO TOMAS,2024,7446
060613,SANTO TOMAS,2025,7397
060613,SANTO TOMAS,2026,7344
060614,SOCOTA,2017,9478.05625606208
060614,SOCOTA,2018,9378
060614,SOCOTA,2019,9279
060614,SOCOTA,2020,9156
060614,SOCOTA,2021,9072
060614,SOCOTA,2022,8975
060614,SOCOTA,2023,8869
060614,SOCOTA,2024,8760
060614,SOCOTA,2025,8649
060614,SOCOTA,2026,8539
060615,TORIBIO CASANOVA,2017,1177.51018600531
060615,TORIBIO CASANOVA,2018,1153
060615,TORIBIO CASANOVA,2019,1129
060615,TORIBIO CASANOVA,2020,1104
060615,TORIBIO CASANOVA,2021,1084
060615,TORIBIO CASANOVA,2022,1062
060615,TORIBIO CASANOVA,2023,1040
060615,TORIBIO CASANOVA,2024,1018
060615,TORIBIO CASANOVA,2025,997
060615,TORIBIO CASANOVA,2026,977
060701,BAMBAMARCA,2017,65481.6270110792
060701,BAMBAMARCA,2018,65279
060701,BAMBAMARCA,2019,65077
060701,BAMBAMARCA,2020,64702
060701,BAMBAMARCA,2021,64343
060701,BAMBAMARCA,2022,63780
060701,BAMBAMARCA,2023,63076
060701,BAMBAMARCA,2024,62299
060701,BAMBAMARCA,2025,61515
060701,BAMBAMARCA,2026,60716
060702,CHUGUR,2017,3075.43156843157
060702,CHUGUR,2018,3039
060702,CHUGUR,2019,3003
060702,CHUGUR,2020,2959
060702,CHUGUR,2021,2917
060702,CHUGUR,2022,2866
060702,CHUGUR,2023,2809
060702,CHUGUR,2024,2751
060702,CHUGUR,2025,2691
060702,CHUGUR,2026,2633
060703,HUALGAYOC,2017,16300.0000613572
060703,HUALGAYOC,2018,16299
060703,HUALGAYOC,2019,16298
060703,HUALGAYOC,2020,16252
060703,HUALGAYOC,2021,16213
060703,HUALGAYOC,2022,16120
060703,HUALGAYOC,2023,15993
060703,HUALGAYOC,2024,15846
060703,HUALGAYOC,2025,15697
060703,HUALGAYOC,2026,15544
060801,JAEN,2017,100564.176512299
060801,JAEN,2018,102445
060801,JAEN,2019,104361
060801,JAEN,2020,106009
060801,JAEN,2021,107039
060801,JAEN,2022,107925
060801,JAEN,2023,108709
060801,JAEN,2024,109435
060801,JAEN,2025,110148
060801,JAEN,2026,110846
060802,BELLAVISTA,2017,16111.6253294918
060802,BELLAVISTA,2018,16212
060802,BELLAVISTA,2019,16313
060802,BELLAVISTA,2020,16370
060802,BELLAVISTA,2021,16428
060802,BELLAVISTA,2022,16464
060802,BELLAVISTA,2023,16484
060802,BELLAVISTA,2024,16496
060802,BELLAVISTA,2025,16507
060802,BELLAVISTA,2026,16515
060803,CHONTALI,2017,10284.1951995373
060803,CHONTALI,2018,10329
060803,CHONTALI,2019,10374
060803,CHONTALI,2020,10391
060803,CHONTALI,2021,10435
060803,CHONTALI,2022,10464
060803,CHONTALI,2023,10484
060803,CHONTALI,2024,10499
060803,CHONTALI,2025,10512
060803,CHONTALI,2026,10524
060804,COLASAY,2017,10725.1737945296
060804,COLASAY,2018,10682
060804,COLASAY,2019,10639
060804,COLASAY,2020,10567
060804,COLASAY,2021,10498
060804,COLASAY,2022,10414
060804,COLASAY,2023,10321
060804,COLASAY,2024,10223
060804,COLASAY,2025,10124
060804,COLASAY,2026,10025
060805,HUABAL,2017,8638.75818611455
060805,HUABAL,2018,8762
060805,HUABAL,2019,8887
060805,HUABAL,2020,8989
060805,HUABAL,2021,9021
060805,HUABAL,2022,9041
060805,HUABAL,2023,9052
060805,HUABAL,2024,9059
060805,HUABAL,2025,9065
060805,HUABAL,2026,9069
060806,LAS PIRIAS,2017,4551.26509413547
060806,LAS PIRIAS,2018,4586
060806,LAS PIRIAS,2019,4621
060806,LAS PIRIAS,2020,4643
060806,LAS PIRIAS,2021,4660
060806,LAS PIRIAS,2022,4670
060806,LAS PIRIAS,2023,4676
060806,LAS PIRIAS,2024,4680
060806,LAS PIRIAS,2025,4683
060806,LAS PIRIAS,2026,4685
060807,POMAHUACA,2017,9091.39083704267
060807,POMAHUACA,2018,9151
060807,POMAHUACA,2019,9211
060807,POMAHUACA,2020,9245
060807,POMAHUACA,2021,9278
060807,POMAHUACA,2022,9299
060807,POMAHUACA,2023,9311
060807,POMAHUACA,2024,9319
060807,POMAHUACA,2025,9325
060807,POMAHUACA,2026,9330
060808,PUCARA,2017,6883.0036374218
060808,PUCARA,2018,6878
060808,PUCARA,2019,6873
060808,PUCARA,2020,6850
060808,PUCARA,2021,6873
060808,PUCARA,2022,6888
060808,PUCARA,2023,6895
060808,PUCARA,2024,6899
060808,PUCARA,2025,6903
060808,PUCARA,2026,6905
060809,SALLIQUE,2017,7548.00477707006
060809,SALLIQUE,2018,7542
060809,SALLIQUE,2019,7536
060809,SALLIQUE,2020,7509
060809,SALLIQUE,2021,7509
060809,SALLIQUE,2022,7502
060809,SALLIQUE,2023,7490
060809,SALLIQUE,2024,7474
060809,SALLIQUE,2025,7459
060809,SALLIQUE,2026,7443
060810,SAN FELIPE,2017,4927.7238511125
060810,SAN FELIPE,2018,4868
060810,SAN FELIPE,2019,4809
060810,SAN FELIPE,2020,4740
060810,SAN FELIPE,2021,4662
060810,SAN FELIPE,2022,4577
060810,SAN FELIPE,2023,4490
060810,SAN FELIPE,2024,4398
060810,SAN FELIPE,2025,4306
060810,SAN FELIPE,2026,4215
060811,SAN JOSE DEL ALTO,2017,7736.57607739666
060811,SAN JOSE DEL ALTO,2018,7847
060811,SAN JOSE DEL ALTO,2019,7959
060811,SAN JOSE DEL ALTO,2020,8050
060811,SAN JOSE DEL ALTO,2021,8114
060811,SAN JOSE DEL ALTO,2022,8151
060811,SAN JOSE DEL ALTO,2023,8169
060811,SAN JOSE DEL ALTO,2024,8177
060811,SAN JOSE DEL ALTO,2025,8185
060811,SAN JOSE DEL ALTO,2026,8188
060812,SANTA ROSA,2017,10721.1736521242
060812,SANTA ROSA,2018,10609
060812,SANTA ROSA,2019,10498
060812,SANTA ROSA,2020,10361
060812,SANTA ROSA,2021,10212
060812,SANTA ROSA,2022,10050
060812,SANTA ROSA,2023,9878
060812,SANTA ROSA,2024,9702
060812,SANTA ROSA,2025,9525
060812,SANTA ROSA,2026,9348
060901,SAN IGNACIO,2017,37998.6590644459
060901,SAN IGNACIO,2018,38745
060901,SAN IGNACIO,2019,39506
060901,SAN IGNACIO,2020,40171
060901,SAN IGNACIO,2021,40710
060901,SAN IGNACIO,2022,41202
060901,SAN IGNACIO,2023,41664
060901,SAN IGNACIO,2024,42102
060901,SAN IGNACIO,2025,42546
060901,SAN IGNACIO,2026,42984
060902,CHIRINOS,2017,15290.7436759019
060902,CHIRINOS,2018,15530
060902,CHIRINOS,2019,15773
060902,CHIRINOS,2020,15974
060902,CHIRINOS,2021,16121
060902,CHIRINOS,2022,16246
060902,CHIRINOS,2023,16354
060902,CHIRINOS,2024,16454
060902,CHIRINOS,2025,16553
060902,CHIRINOS,2026,16650
060903,HUARANGO,2017,18982.621549611
060903,HUARANGO,2018,18874
060903,HUARANGO,2019,18766
060903,HUARANGO,2020,18607
060903,HUARANGO,2021,18384
060903,HUARANGO,2022,18131
060903,HUARANGO,2023,17856
060903,HUARANGO,2024,17563
060903,HUARANGO,2025,17260
060903,HUARANGO,2026,16954
060904,LA COIPA,2017,20527.0675161658
060904,LA COIPA,2018,20778
060904,LA COIPA,2019,21032
060904,LA COIPA,2020,21229
060904,LA COIPA,2021,21354
060904,LA COIPA,2022,21446
060904,LA COIPA,2023,21516
060904,LA COIPA,2024,21573
060904,LA COIPA,2025,21625
060904,LA COIPA,2026,21674
060905,NAMBALLE,2017,9964.00090270812
060905,NAMBALLE,2018,9967
060905,NAMBALLE,2019,9970
060905,NAMBALLE,2020,9945
060905,NAMBALLE,2021,9885
060905,NAMBALLE,2022,9809
060905,NAMBALLE,2023,9719
060905,NAMBALLE,2024,9621
060905,NAMBALLE,2025,9517
060905,NAMBALLE,2026,9412
060906,SAN JOSE DE LOURDES,2017,19384.7699549527
060906,SAN JOSE DE LOURDES,2018,19570
060906,SAN JOSE DE LOURDES,2019,19757
060906,SAN JOSE DE LOURDES,2020,19890
060906,SAN JOSE DE LOURDES,2021,19955
060906,SAN JOSE DE LOURDES,2022,19989
060906,SAN JOSE DE LOURDES,2023,20001
060906,SAN JOSE DE LOURDES,2024,20013
060906,SAN JOSE DE LOURDES,2025,20025
060906,SAN JOSE DE LOURDES,2026,20033
060907,TABACONAS,2017,19322.6286407767
060907,TABACONAS,2018,19548
060907,TABACONAS,2019,19776
060907,TABACONAS,2020,19954
060907,TABACONAS,2021,20068
060907,TABACONAS,2022,20155
060907,TABACONAS,2023,20224
060907,TABACONAS,2024,20284
060907,TABACONAS,2025,20345
060907,TABACONAS,2026,20403
061001,PEDRO GALVEZ,2017,20998.8845724388
061001,PEDRO GALVEZ,2018,21245
061001,PEDRO GALVEZ,2019,21494
061001,PEDRO GALVEZ,2020,21685
061001,PEDRO GALVEZ,2021,21941
061001,PEDRO GALVEZ,2022,22165
061001,PEDRO GALVEZ,2023,22367
061001,PEDRO GALVEZ,2024,22545
061001,PEDRO GALVEZ,2025,22715
061001,PEDRO GALVEZ,2026,22882
061002,CHANCAY,2017,3110.03918393782
061002,CHANCAY,2018,3099
061002,CHANCAY,2019,3088
061002,CHANCAY,2020,3069
061002,CHANCAY,2021,3058
061002,CHANCAY,2022,3042
061002,CHANCAY,2023,3023
061002,CHANCAY,2024,3003
061002,CHANCAY,2025,2982
061002,CHANCAY,2026,2961
061003,EDUARDO VILLANUEVA,2017,2832.7425210084
061003,EDUARDO VILLANUEVA,2018,2903
061003,EDUARDO VILLANUEVA,2019,2975
061003,EDUARDO VILLANUEVA,2020,3039
061003,EDUARDO VILLANUEVA,2021,3114
061003,EDUARDO VILLANUEVA,2022,3186
061003,EDUARDO VILLANUEVA,2023,3254
061003,EDUARDO VILLANUEVA,2024,3323
061003,EDUARDO VILLANUEVA,2025,3393
061003,EDUARDO VILLANUEVA,2026,3462
061004,GREGORIO PITA,2017,5530.81680545042
061004,GREGORIO PITA,2018,5406
061004,GREGORIO PITA,2019,5284
061004,GREGORIO PITA,2020,5150
061004,GREGORIO PITA,2021,5035
061004,GREGORIO PITA,2022,4913
061004,GREGORIO PITA,2023,4791
061004,GREGORIO PITA,2024,4667
061004,GREGORIO PITA,2025,4545
061004,GREGORIO PITA,2026,4422
061005,ICHOCAN,2017,2003.03220936085
061005,ICHOCAN,2018,1995
061005,ICHOCAN,2019,1987
061005,ICHOCAN,2020,1971
061005,ICHOCAN,2021,1961
061005,ICHOCAN,2022,1950
061005,ICHOCAN,2023,1935
061005,ICHOCAN,2024,1920
061005,ICHOCAN,2025,1905
061005,ICHOCAN,2026,1890
061006,JOSE MANUEL QUIROZ,2017,3736.29673024523
061006,JOSE MANUEL QUIROZ,2018,3703
061006,JOSE MANUEL QUIROZ,2019,3670
061006,JOSE MANUEL QUIROZ,2020,3627
061006,JOSE MANUEL QUIROZ,2021,3595
061006,JOSE MANUEL QUIROZ,2022,3558
061006,JOSE MANUEL QUIROZ,2023,3516
061006,JOSE MANUEL QUIROZ,2024,3473
061006,JOSE MANUEL QUIROZ,2025,3430
061006,JOSE MANUEL QUIROZ,2026,3386
061007,JOSE SABOGAL,2017,13059.1099352874
061007,JOSE SABOGAL,2018,13097
061007,JOSE SABOGAL,2019,13135
061007,JOSE SABOGAL,2020,13137
061007,JOSE SABOGAL,2021,13178
061007,JOSE SABOGAL,2022,13198
061007,JOSE SABOGAL,2023,13204
061007,JOSE SABOGAL,2024,13210
061007,JOSE SABOGAL,2025,13216
061007,JOSE SABOGAL,2026,13220
061101,SAN MIGUEL,2017,14353.6105032823
061101,SAN MIGUEL,2018,14260
061101,SAN MIGUEL,2019,14167
061101,SAN MIGUEL,2020,14036
061101,SAN MIGUEL,2021,13919
061101,SAN MIGUEL,2022,13767
061101,SAN MIGUEL,2023,13596
061101,SAN MIGUEL,2024,13414
061101,SAN MIGUEL,2025,13234
061101,SAN MIGUEL,2026,13053
061102,BOLIVAR,2017,1382.39595808383
061102,BOLIVAR,2018,1359
061102,BOLIVAR,2019,1336
061102,BOLIVAR,2020,1310
061102,BOLIVAR,2021,1285
061102,BOLIVAR,2022,1252
061102,BOLIVAR,2023,1216
061102,BOLIVAR,2024,1178
061102,BOLIVAR,2025,1141
061102,BOLIVAR,2026,1103
061103,CALQUIS,2017,4301.00209545984
061103,CALQUIS,2018,4298
061103,CALQUIS,2019,4295
061103,CALQUIS,2020,4281
061103,CALQUIS,2021,4273
061103,CALQUIS,2022,4260
061103,CALQUIS,2023,4245
061103,CALQUIS,2024,4228
061103,CALQUIS,2025,4210
061103,CALQUIS,2026,4194
061104,CATILLUC,2017,2925.42907180385
061104,CATILLUC,2018,2890
061104,CATILLUC,2019,2855
061104,CATILLUC,2020,2813
061104,CATILLUC,2021,2772
061104,CATILLUC,2022,2721
061104,CATILLUC,2023,2664
061104,CATILLUC,2024,2604
061104,CATILLUC,2025,2543
061104,CATILLUC,2026,2484
061105,EL PRADO,2017,1718.21488095238
061105,EL PRADO,2018,1699
061105,EL PRADO,2019,1680
061105,EL PRADO,2020,1657
061105,EL PRADO,2021,1635
061105,EL PRADO,2022,1608
061105,EL PRADO,2023,1575
061105,EL PRADO,2024,1543
061105,EL PRADO,2025,1510
061105,EL PRADO,2026,1477
061106,LA FLORIDA,2017,2239.24122207022
061106,LA FLORIDA,2018,2216
061106,LA FLORIDA,2019,2193
061106,LA FLORIDA,2020,2165
061106,LA FLORIDA,2021,2138
061106,LA FLORIDA,2022,2105
061106,LA FLORIDA,2023,2066
061106,LA FLORIDA,2024,2026
061106,LA FLORIDA,2025,1986
061106,LA FLORIDA,2026,1946
061107,LLAPA,2017,4745.67688322901
061107,LLAPA,2018,4689
061107,LLAPA,2019,4633
061107,LLAPA,2020,4563
061107,LLAPA,2021,4497
061107,LLAPA,2022,4414
061107,LLAPA,2023,4320
061107,LLAPA,2024,4221
061107,LLAPA,2025,4123
061107,LLAPA,2026,4025
061108,NANCHOC,2017,1375.00072833212
061108,NANCHOC,2018,1374
061108,NANCHOC,2019,1373
061108,NANCHOC,2020,1370
061108,NANCHOC,2021,1368
061108,NANCHOC,2022,1365
061108,NANCHOC,2023,1361
061108,NANCHOC,2024,1356
061108,NANCHOC,2025,1352
061108,NANCHOC,2026,1348
061109,NIEPOS,2017,3510.67460553736
061109,NIEPOS,2018,3434
061109,NIEPOS,2019,3359
061109,NIEPOS,2020,3276
061109,NIEPOS,2021,3193
061109,NIEPOS,2022,3089
061109,NIEPOS,2023,2973
061109,NIEPOS,2024,2851
061109,NIEPOS,2025,2731
061109,NIEPOS,2026,2611
061110,SAN GREGORIO,2017,2319.07370257305
061110,SAN GREGORIO,2018,2306
061110,SAN GREGORIO,2019,2293
061110,SAN GREGORIO,2020,2274
061110,SAN GREGORIO,2021,2257
061110,SAN GREGORIO,2022,2236
061110,SAN GREGORIO,2023,2211
061110,SAN GREGORIO,2024,2185
061110,SAN GREGORIO,2025,2159
061110,SAN GREGORIO,2026,2132
061111,SAN SILVESTRE DE COCHAN,2017,3899.92065591114
061111,SAN SILVESTRE DE COCHAN,2018,3840
061111,SAN SILVESTRE DE COCHAN,2019,3781
061111,SAN SILVESTRE DE COCHAN,2020,3711
061111,SAN SILVESTRE DE COCHAN,2021,3643
061111,SAN SILVESTRE DE COCHAN,2022,3558
061111,SAN SILVESTRE DE COCHAN,2023,3463
061111,SAN SILVESTRE DE COCHAN,2024,3362
061111,SAN SILVESTRE DE COCHAN,2025,3262
061111,SAN SILVESTRE DE COCHAN,2026,3163
061112,TONGOD,2017,2872.74432677761
061112,TONGOD,2018,2756
061112,TONGOD,2019,2644
061112,TONGOD,2020,2530
061112,TONGOD,2021,2402
061112,TONGOD,2022,2274
061112,TONGOD,2023,2144
061112,TONGOD,2024,2014
061112,TONGOD,2025,1884
061112,TONGOD,2026,1755
061113,UNION AGUA BLANCA,2017,3245.40844626536
061113,UNION AGUA BLANCA,2018,3209
061113,UNION AGUA BLANCA,2019,3173
061113,UNION AGUA BLANCA,2020,3128
061113,UNION AGUA BLANCA,2021,3086
061113,UNION AGUA BLANCA,2022,3032
061113,UNION AGUA BLANCA,2023,2971
061113,UNION AGUA BLANCA,2024,2907
061113,UNION AGUA BLANCA,2025,2845
061113,UNION AGUA BLANCA,2026,2781
061201,SAN PABLO,2017,13377.1188972282
061201,SAN PABLO,2018,13417
061201,SAN PABLO,2019,13457
061201,SAN PABLO,2020,13460
061201,SAN PABLO,2021,13372
061201,SAN PABLO,2022,13263
061201,SAN PABLO,2023,13142
061201,SAN PABLO,2024,13011
061201,SAN PABLO,2025,12877
061201,SAN PABLO,2026,12739
061202,SAN BERNARDINO,2017,4590
061202,SAN BERNARDINO,2018,4590
061202,SAN BERNARDINO,2019,4590
061202,SAN BERNARDINO,2020,4578
061202,SAN BERNARDINO,2021,4536
061202,SAN BERNARDINO,2022,4487
061202,SAN BERNARDINO,2023,4432
061202,SAN BERNARDINO,2024,4375
061202,SAN BERNARDINO,2025,4318
061202,SAN BERNARDINO,2026,4260
061203,SAN LUIS,2017,1013.944386149
061203,SAN LUIS,2018,983
061203,SAN LUIS,2019,953
061203,SAN LUIS,2020,922
061203,SAN LUIS,2021,886
061203,SAN LUIS,2022,850
061203,SAN LUIS,2023,815
061203,SAN LUIS,2024,780
061203,SAN LUIS,2025,747
061203,SAN LUIS,2026,715
061204,TUMBADEN,2017,3657.02719608376
061204,TUMBADEN,2018,3667
061204,TUMBADEN,2019,3677
061204,TUMBADEN,2020,3678
061204,TUMBADEN,2021,3655
061204,TUMBADEN,2022,3625
061204,TUMBADEN,2023,3592
061204,TUMBADEN,2024,3556
061204,TUMBADEN,2025,3519
061204,TUMBADEN,2026,3483
061301,SANTA CRUZ,2017,9829.02296152669
061301,SANTA CRUZ,2018,9814
061301,SANTA CRUZ,2019,9799
061301,SANTA CRUZ,2020,9756
061301,SANTA CRUZ,2021,9715
061301,SANTA CRUZ,2022,9640
061301,SANTA CRUZ,2023,9546
061301,SANTA CRUZ,2024,9435
061301,SANTA CRUZ,2025,9325
061301,SANTA CRUZ,2026,9211
061302,ANDABAMBA,2017,1399.58376768429
061302,ANDABAMBA,2018,1371
061302,ANDABAMBA,2019,1343
061302,ANDABAMBA,2020,1311
061302,ANDABAMBA,2021,1280
061302,ANDABAMBA,2022,1247
061302,ANDABAMBA,2023,1211
061302,ANDABAMBA,2024,1175
061302,ANDABAMBA,2025,1140
061302,ANDABAMBA,2026,1104
061303,CATACHE,2017,9764.19650832318
061303,CATACHE,2018,9808
061303,CATACHE,2019,9852
061303,CATACHE,2020,9870
061303,CATACHE,2021,9891
061303,CATACHE,2022,9875
061303,CATACHE,2023,9838
061303,CATACHE,2024,9784
061303,CATACHE,2025,9729
061303,CATACHE,2026,9667
061304,CHANCAYBAÑOS,2017,3559.20798858773
061304,CHANCAYBAÑOS,2018,3532
061304,CHANCAYBAÑOS,2019,3505
061304,CHANCAYBAÑOS,2020,3468
061304,CHANCAYBAÑOS,2021,3432
061304,CHANCAYBAÑOS,2022,3386
061304,CHANCAYBAÑOS,2023,3330
061304,CHANCAYBAÑOS,2024,3273
061304,CHANCAYBAÑOS,2025,3214
061304,CHANCAYBAÑOS,2026,3155
061305,LA ESPERANZA,2017,2461.51233793392
061305,LA ESPERANZA,2018,2426
061305,LA ESPERANZA,2019,2391
061305,LA ESPERANZA,2020,2351
061305,LA ESPERANZA,2021,2311
061305,LA ESPERANZA,2022,2264
061305,LA ESPERANZA,2023,2213
061305,LA ESPERANZA,2024,2161
061305,LA ESPERANZA,2025,2108
061305,LA ESPERANZA,2026,2056
061306,NINABAMBA,2017,2196.98161586841
061306,NINABAMBA,2018,2131
061306,NINABAMBA,2019,2067
061306,NINABAMBA,2020,1999
061306,NINABAMBA,2021,1933
061306,NINABAMBA,2022,1864
061306,NINABAMBA,2023,1792
061306,NINABAMBA,2024,1721
061306,NINABAMBA,2025,1653
061306,NINABAMBA,2026,1587
061307,PULAN,2017,4091.03382130237
061307,PULAN,2018,4026
061307,PULAN,2019,3962
061307,PULAN,2020,3887
061307,PULAN,2021,3815
061307,PULAN,2022,3731
061307,PULAN,2023,3641
061307,PULAN,2024,3549
061307,PULAN,2025,3456
061307,PULAN,2026,3365
061308,SAUCEPAMPA,2017,1523.10957004161
061308,SAUCEPAMPA,2018,1482
061308,SAUCEPAMPA,2019,1442
061308,SAUCEPAMPA,2020,1399
061308,SAUCEPAMPA,2021,1357
061308,SAUCEPAMPA,2022,1314
061308,SAUCEPAMPA,2023,1268
061308,SAUCEPAMPA,2024,1222
061308,SAUCEPAMPA,2025,1178
061308,SAUCEPAMPA,2026,1134
061309,SEXI,2017,451.03611738149
061309,SEXI,2018,447
061309,SEXI,2019,443
061309,SEXI,2020,437
061309,SEXI,2021,433
061309,SEXI,2022,426
061309,SEXI,2023,419
061309,SEXI,2024,412
061309,SEXI,2025,403
061309,SEXI,2026,398
061310,UTICYACU,2017,1336.52647975078
061310,UTICYACU,2018,1310
061310,UTICYACU,2019,1284
061310,UTICYACU,2020,1255
061310,UTICYACU,2021,1226
061310,UTICYACU,2022,1194
061310,UTICYACU,2023,1160
061310,UTICYACU,2024,1126
061310,UTICYACU,2025,1092
061310,UTICYACU,2026,1060
061311,YAUYUCAN,2017,2983.44520783236
061311,YAUYUCAN,2018,2947
061311,YAUYUCAN,2019,2911
061311,YAUYUCAN,2020,2869
061311,YAUYUCAN,2021,2826
061311,YAUYUCAN,2022,2776
061311,YAUYUCAN,2023,2720
061311,YAUYUCAN,2024,2661
061311,YAUYUCAN,2025,2603
061311,YAUYUCAN,2026,2544
070101,CALLAO,2017,482737.073888092
070101,CALLAO,2018,492879
070101,CALLAO,2019,503234
070101,CALLAO,2020,512386
070101,CALLAO,2021,520709
070101,CALLAO,2022,528405
070101,CALLAO,2023,535664
070101,CALLAO,2024,542675
070101,CALLAO,2025,549626
070101,CALLAO,2026,556500
070102,BELLAVISTA,2017,78584.6112878873
070102,BELLAVISTA,2018,79358
070102,BELLAVISTA,2019,80139
070102,BELLAVISTA,2020,80704
070102,BELLAVISTA,2021,81122
070102,BELLAVISTA,2022,81428
070102,BELLAVISTA,2023,81656
070102,BELLAVISTA,2024,81839
070102,BELLAVISTA,2025,82009
070102,BELLAVISTA,2026,82164
070103,CARMEN DE LA LEGUA REYNOSO,2017,44835.9945173292
070103,CARMEN DE LA LEGUA REYNOSO,2018,45396
070103,CARMEN DE LA LEGUA REYNOSO,2019,45963
070103,CARMEN DE LA LEGUA REYNOSO,2020,46409
070103,CARMEN DE LA LEGUA REYNOSO,2021,46772
070103,CARMEN DE LA LEGUA REYNOSO,2022,47071
070103,CARMEN DE LA LEGUA REYNOSO,2023,47327
070103,CARMEN DE LA LEGUA REYNOSO,2024,47558
070103,CARMEN DE LA LEGUA REYNOSO,2025,47783
070103,CARMEN DE LA LEGUA REYNOSO,2026,48001
070104,LA PERLA,2017,63175.6672539054
070104,LA PERLA,2018,63657
070104,LA PERLA,2019,64142
070104,LA PERLA,2020,64454
070104,LA PERLA,2021,64524
070104,LA PERLA,2022,64612
070104,LA PERLA,2023,64714
070104,LA PERLA,2024,64826
070104,LA PERLA,2025,64945
070104,LA PERLA,2026,65073
070105,LA PUNTA,2017,3995.06459752713
070105,LA PUNTA,2018,3979
070105,LA PUNTA,2019,3963
070105,LA PUNTA,2020,3935
070105,LA PUNTA,2021,3902
070105,LA PUNTA,2022,3862
070105,LA PUNTA,2023,3819
070105,LA PUNTA,2024,3775
070105,LA PUNTA,2025,3732
070105,LA PUNTA,2026,3687
070106,VENTANILLA,2017,331248.224963939
070106,VENTANILLA,2018,343900
070106,VENTANILLA,2019,357035
070106,VENTANILLA,2020,369618
070106,VENTANILLA,2021,380894
070106,VENTANILLA,2022,391564
070106,VENTANILLA,2023,401862
070106,VENTANILLA,2024,412023
070106,VENTANILLA,2025,422286
070106,VENTANILLA,2026,432648
070107,MI PERU,2017,48243.2870914649
070107,MI PERU,2018,49620
070107,MI PERU,2019,51036
070107,MI PERU,2020,52348
070107,MI PERU,2021,53557
070107,MI PERU,2022,54706
070107,MI PERU,2023,55818
070107,MI PERU,2024,56918
070107,MI PERU,2025,58030
070107,MI PERU,2026,59154
080101,CUSCO,2017,116403.29058487
080101,CUSCO,2018,117110
080101,CUSCO,2019,117821
080101,CUSCO,2020,118127
080101,CUSCO,2021,118510
080101,CUSCO,2022,118843
080101,CUSCO,2023,119148
080101,CUSCO,2024,119438
080101,CUSCO,2025,119732
080101,CUSCO,2026,120026
080102,CCORCA,2017,2398.0103820598
080102,CCORCA,2018,2403
080102,CCORCA,2019,2408
080102,CCORCA,2020,2405
080102,CCORCA,2021,2407
080102,CCORCA,2022,2407
080102,CCORCA,2023,2410
080102,CCORCA,2024,2413
080102,CCORCA,2025,2416
080102,CCORCA,2026,2417
080103,POROY,2017,9720.28595200561
080103,POROY,2018,10535
080103,POROY,2019,11418
080103,POROY,2020,12333
080103,POROY,2021,12969
080103,POROY,2022,13497
080103,POROY,2023,13953
080103,POROY,2024,14369
080103,POROY,2025,14777
080103,POROY,2026,15177
080104,SAN JERONIMO,2017,58578.3022513365
080104,SAN JERONIMO,2018,62369
080104,SAN JERONIMO,2019,66405
080104,SAN JERONIMO,2020,70453
080104,SAN JERONIMO,2021,73312
080104,SAN JERONIMO,2022,75696
080104,SAN JERONIMO,2023,77751
080104,SAN JERONIMO,2024,79628
080104,SAN JERONIMO,2025,81475
080104,SAN JERONIMO,2026,83279
080105,SAN SEBASTIAN,2017,117322.052648767
080105,SAN SEBASTIAN,2018,122835
080105,SAN SEBASTIAN,2019,128607
080105,SAN SEBASTIAN,2020,134182
080105,SAN SEBASTIAN,2021,138200
080105,SAN SEBASTIAN,2022,141559
080105,SAN SEBASTIAN,2023,144460
080105,SAN SEBASTIAN,2024,147108
080105,SAN SEBASTIAN,2025,149718
080105,SAN SEBASTIAN,2026,152277
080106,SANTIAGO,2017,98955.4645410156
080106,SANTIAGO,2018,100663
080106,SANTIAGO,2019,102400
080106,SANTIAGO,2020,103817
080106,SANTIAGO,2021,104961
080106,SANTIAGO,2022,105919
080106,SANTIAGO,2023,106739
080106,SANTIAGO,2024,107473
080106,SANTIAGO,2025,108170
080106,SANTIAGO,2026,108825
080107,SAYLLA,2017,6526.62944689691
080107,SAYLLA,2018,7090
080107,SAYLLA,2019,7702
080107,SAYLLA,2020,8338
080107,SAYLLA,2021,8779
080107,SAYLLA,2022,9146
080107,SAYLLA,2023,9462
080107,SAYLLA,2024,9751
080107,SAYLLA,2025,10034
080107,SAYLLA,2026,10311
080108,WANCHAQ,2017,61078.4433461438
080108,WANCHAQ,2018,61243
080108,WANCHAQ,2019,61408
080108,WANCHAQ,2020,61364
080108,WANCHAQ,2021,61420
080108,WANCHAQ,2022,61474
080108,WANCHAQ,2023,61530
080108,WANCHAQ,2024,61588
080108,WANCHAQ,2025,61650
080108,WANCHAQ,2026,61715
080201,ACOMAYO,2017,4774.49251817016
080201,ACOMAYO,2018,4726
080201,ACOMAYO,2019,4678
080201,ACOMAYO,2020,4616
080201,ACOMAYO,2021,4579
080201,ACOMAYO,2022,4548
080201,ACOMAYO,2023,4523
080201,ACOMAYO,2024,4500
080201,ACOMAYO,2025,4479
080201,ACOMAYO,2026,4458
080202,ACOPIA,2017,2918.70299003322
080202,ACOPIA,2018,2964
080202,ACOPIA,2019,3010
080202,ACOPIA,2020,3048
080202,ACOPIA,2021,3077
080202,ACOPIA,2022,3102
080202,ACOPIA,2023,3121
080202,ACOPIA,2024,3137
080202,ACOPIA,2025,3153
080202,ACOPIA,2026,3167
080203,ACOS,2017,2389.05111956063
080203,ACOS,2018,2378
080203,ACOS,2019,2367
080203,ACOS,2020,2350
080203,ACOS,2021,2341
080203,ACOS,2022,2333
080203,ACOS,2023,2328
080203,ACOS,2024,2323
080203,ACOS,2025,2319
080203,ACOS,2026,2314
080204,MOSOC LLACTA,2017,1218.14758497317
080204,MOSOC LLACTA,2018,1167
080204,MOSOC LLACTA,2019,1118
080204,MOSOC LLACTA,2020,1069
080204,MOSOC LLACTA,2021,1036
080204,MOSOC LLACTA,2022,1007
080204,MOSOC LLACTA,2023,983
080204,MOSOC LLACTA,2024,963
080204,MOSOC LLACTA,2025,940
080204,MOSOC LLACTA,2026,920
080205,POMACANCHI,2017,7741.20885001958
080205,POMACANCHI,2018,7701
080205,POMACANCHI,2019,7661
080205,POMACANCHI,2020,7598
080205,POMACANCHI,2021,7564
080205,POMACANCHI,2022,7537
080205,POMACANCHI,2023,7515
080205,POMACANCHI,2024,7497
080205,POMACANCHI,2025,7479
080205,POMACANCHI,2026,7461
080206,RONDOCAN,2017,2112.06659939455
080206,RONDOCAN,2018,2046
080206,RONDOCAN,2019,1982
080206,RONDOCAN,2020,1915
080206,RONDOCAN,2021,1871
080206,RONDOCAN,2022,1832
080206,RONDOCAN,2023,1800
080206,RONDOCAN,2024,1772
080206,RONDOCAN,2025,1743
080206,RONDOCAN,2026,1717
080207,SANGARARA,2017,3475.11644832606
080207,SANGARARA,2018,3455
080207,SANGARARA,2019,3435
080207,SANGARARA,2020,3404
080207,SANGARARA,2021,3387
080207,SANGARARA,2022,3373
080207,SANGARARA,2023,3362
080207,SANGARARA,2024,3353
080207,SANGARARA,2025,3343
080207,SANGARARA,2026,3335
080301,ANTA,2017,22996.2901447278
080301,ANTA,2018,23817
080301,ANTA,2019,24667
080301,ANTA,2020,25464
080301,ANTA,2021,26038
080301,ANTA,2022,26512
080301,ANTA,2023,26916
080301,ANTA,2024,27276
080301,ANTA,2025,27628
080301,ANTA,2026,27974
080302,ANCAHUASI,2017,7522.17040591363
080302,ANCAHUASI,2018,7616
080302,ANCAHUASI,2019,7711
080302,ANCAHUASI,2020,7784
080302,ANCAHUASI,2021,7835
080302,ANCAHUASI,2022,7873
080302,ANCAHUASI,2023,7900
080302,ANCAHUASI,2024,7922
080302,ANCAHUASI,2025,7943
080302,ANCAHUASI,2026,7962
080303,CACHIMAYO,2017,2550.62476687803
080303,CACHIMAYO,2018,2615
080303,CACHIMAYO,2019,2681
080303,CACHIMAYO,2020,2742
080303,CACHIMAYO,2021,2787
080303,CACHIMAYO,2022,2823
080303,CACHIMAYO,2023,2854
080303,CACHIMAYO,2024,2882
080303,CACHIMAYO,2025,2909
080303,CACHIMAYO,2026,2935
080304,CHINCHAYPUJIO,2017,4418.13180778032
080304,CHINCHAYPUJIO,2018,4394
080304,CHINCHAYPUJIO,2019,4370
080304,CHINCHAYPUJIO,2020,4333
080304,CHINCHAYPUJIO,2021,4311
080304,CHINCHAYPUJIO,2022,4292
080304,CHINCHAYPUJIO,2023,4275
080304,CHINCHAYPUJIO,2024,4260
080304,CHINCHAYPUJIO,2025,4244
080304,CHINCHAYPUJIO,2026,4227
080305,HUAROCONDO,2017,4871.1596781025
080305,HUAROCONDO,2018,4796
080305,HUAROCONDO,2019,4722
080305,HUAROCONDO,2020,4634
080305,HUAROCONDO,2021,4576
080305,HUAROCONDO,2022,4528
080305,HUAROCONDO,2023,4486
080305,HUAROCONDO,2024,4447
080305,HUAROCONDO,2025,4409
080305,HUAROCONDO,2026,4370
080306,LIMATAMBO,2017,8049.02948652771
080306,LIMATAMBO,2018,7958
080306,LIMATAMBO,2019,7868
080306,LIMATAMBO,2020,7754
080306,LIMATAMBO,2021,7681
080306,LIMATAMBO,2022,7620
080306,LIMATAMBO,2023,7567
080306,LIMATAMBO,2024,7517
080306,LIMATAMBO,2025,7468
080306,LIMATAMBO,2026,7417
080307,MOLLEPATA,2017,3340.8768115942
080307,MOLLEPATA,2018,3395
080307,MOLLEPATA,2019,3450
080307,MOLLEPATA,2020,3496
080307,MOLLEPATA,2021,3531
080307,MOLLEPATA,2022,3559
080307,MOLLEPATA,2023,3580
080307,MOLLEPATA,2024,3600
080307,MOLLEPATA,2025,3617
080307,MOLLEPATA,2026,3633
080308,PUCYURA,2017,3247.18005626758
080308,PUCYURA,2018,3223
080308,PUCYURA,2019,3199
080308,PUCYURA,2020,3166
080308,PUCYURA,2021,3146
080308,PUCYURA,2022,3128
080308,PUCYURA,2023,3113
080308,PUCYURA,2024,3099
080308,PUCYURA,2025,3084
080308,PUCYURA,2026,3068
080309,ZURITE,2017,3740.02659574468
080309,ZURITE,2018,3750
080309,ZURITE,2019,3760
080309,ZURITE,2020,3758
080309,ZURITE,2021,3760
080309,ZURITE,2022,3762
080309,ZURITE,2023,3764
080309,ZURITE,2024,3766
080309,ZURITE,2025,3768
080309,ZURITE,2026,3769
080401,CALCA,2017,22286.966510701
080401,CALCA,2018,22681
080401,CALCA,2019,23082
080401,CALCA,2020,23423
080401,CALCA,2021,23653
080401,CALCA,2022,23833
080401,CALCA,2023,23969
080401,CALCA,2024,24084
080401,CALCA,2025,24188
080401,CALCA,2026,24283
080402,COYA,2017,3646.00246440307
080402,COYA,2018,3649
080402,COYA,2019,3652
080402,COYA,2020,3645
080402,COYA,2021,3639
080402,COYA,2022,3631
080402,COYA,2023,3620
080402,COYA,2024,3609
080402,COYA,2025,3599
080402,COYA,2026,3588
080403,LAMAY,2017,5792.69189189189
080403,LAMAY,2018,5856
080403,LAMAY,2019,5920
080403,LAMAY,2020,5967
080403,LAMAY,2021,5997
080403,LAMAY,2022,6016
080403,LAMAY,2023,6029
080403,LAMAY,2024,6038
080403,LAMAY,2025,6046
080403,LAMAY,2026,6054
080404,LARES,2017,6554.2597342398
080404,LARES,2018,6513
080404,LARES,2019,6472
080404,LARES,2020,6412
080404,LARES,2021,6368
080404,LARES,2022,6324
080404,LARES,2023,6284
080404,LARES,2024,6244
080404,LARES,2025,6205
080404,LARES,2026,6167
080405,PISAC,2017,11006.8968052516
080405,PISAC,2018,11214
080405,PISAC,2019,11425
080405,PISAC,2020,11607
080405,PISAC,2021,11728
080405,PISAC,2022,11817
080405,PISAC,2023,11885
080405,PISAC,2024,11942
080405,PISAC,2025,11997
080405,PISAC,2026,12049
080406,SAN SALVADOR,2017,5908.48023618173
080406,SAN SALVADOR,2018,6002
080406,SAN SALVADOR,2019,6097
080406,SAN SALVADOR,2020,6175
080406,SAN SALVADOR,2021,6225
080406,SAN SALVADOR,2022,6258
080406,SAN SALVADOR,2023,6281
080406,SAN SALVADOR,2024,6295
080406,SAN SALVADOR,2025,6308
080406,SAN SALVADOR,2026,6317
080407,TARAY,2017,4710.77007450331
080407,TARAY,2018,4771
080407,TARAY,2019,4832
080407,TARAY,2020,4880
080407,TARAY,2021,4911
080407,TARAY,2022,4932
080407,TARAY,2023,4947
080407,TARAY,2024,4958
080407,TARAY,2025,4969
080407,TARAY,2026,4979
080408,YANATILE,2017,9777.90178292149
080408,YANATILE,2018,9684
080408,YANATILE,2019,9591
080408,YANATILE,2020,9473
080408,YANATILE,2021,9385
080408,YANATILE,2022,9303
080408,YANATILE,2023,9228
080408,YANATILE,2024,9156
080408,YANATILE,2025,9085
080408,YANATILE,2026,9016
080501,YANAOCA,2017,9326.01548054182
080501,YANAOCA,2018,9314
080501,YANAOCA,2019,9302
080501,YANAOCA,2020,9270
080501,YANAOCA,2021,9256
080501,YANAOCA,2022,9247
080501,YANAOCA,2023,9239
080501,YANAOCA,2024,9232
080501,YANAOCA,2025,9226
080501,YANAOCA,2026,9221
080502,CHECCA,2017,5571.10429114612
080502,CHECCA,2018,5547
080502,CHECCA,2019,5523
080502,CHECCA,2020,5485
080502,CHECCA,2021,5464
080502,CHECCA,2022,5448
080502,CHECCA,2023,5435
080502,CHECCA,2024,5422
080502,CHECCA,2025,5412
080502,CHECCA,2026,5400
080503,KUNTURKANKI,2017,5224.0192159877
080503,KUNTURKANKI,2018,5214
080503,KUNTURKANKI,2019,5204
080503,KUNTURKANKI,2020,5178
080503,KUNTURKANKI,2021,5166
080503,KUNTURKANKI,2022,5158
080503,KUNTURKANKI,2023,5151
080503,KUNTURKANKI,2024,5145
080503,KUNTURKANKI,2025,5139
080503,KUNTURKANKI,2026,5134
080504,LANGUI,2017,2206.47805788982
080504,LANGUI,2018,2174
080504,LANGUI,2019,2142
080504,LANGUI,2020,2104
080504,LANGUI,2021,2079
080504,LANGUI,2022,2060
080504,LANGUI,2023,2043
080504,LANGUI,2024,2029
080504,LANGUI,2025,2014
080504,LANGUI,2026,2000
080505,LAYO,2017,5670.21875
080505,LAYO,2018,5635
080505,LAYO,2019,5600
080505,LAYO,2020,5548
080505,LAYO,2021,5518
080505,LAYO,2022,5495
080505,LAYO,2023,5475
080505,LAYO,2024,5457
080505,LAYO,2025,5441
080505,LAYO,2026,5424
080506,PAMPAMARCA,2017,1915.01891749869
080506,PAMPAMARCA,2018,1909
080506,PAMPAMARCA,2019,1903
080506,PAMPAMARCA,2020,1889
080506,PAMPAMARCA,2021,1885
080506,PAMPAMARCA,2022,1878
080506,PAMPAMARCA,2023,1874
080506,PAMPAMARCA,2024,1870
080506,PAMPAMARCA,2025,1865
080506,PAMPAMARCA,2026,1862
080507,QUEHUE,2017,2778.50628698225
080507,QUEHUE,2018,2741
080507,QUEHUE,2019,2704
080507,QUEHUE,2020,2660
080507,QUEHUE,2021,2632
080507,QUEHUE,2022,2609
080507,QUEHUE,2023,2590
080507,QUEHUE,2024,2573
080507,QUEHUE,2025,2556
080507,QUEHUE,2026,2540
080508,TUPAC AMARU,2017,2684.13643235072
080508,TUPAC AMARU,2018,2665
080508,TUPAC AMARU,2019,2646
080508,TUPAC AMARU,2020,2620
080508,TUPAC AMARU,2021,2605
080508,TUPAC AMARU,2022,2592
080508,TUPAC AMARU,2023,2582
080508,TUPAC AMARU,2024,2574
080508,TUPAC AMARU,2025,2565
080508,TUPAC AMARU,2026,2556
080601,SICUANI,2017,62049.0574056405
080601,SICUANI,2018,62983
080601,SICUANI,2019,63931
080601,SICUANI,2020,64711
080601,SICUANI,2021,65225
080601,SICUANI,2022,65594
080601,SICUANI,2023,65864
080601,SICUANI,2024,66071
080601,SICUANI,2025,66264
080601,SICUANI,2026,66437
080602,CHECACUPE,2017,5109.32382970526
080602,CHECACUPE,2018,5150
080602,CHECACUPE,2019,5191
080602,CHECACUPE,2020,5217
080602,CHECACUPE,2021,5235
080602,CHECACUPE,2022,5246
080602,CHECACUPE,2023,5253
080602,CHECACUPE,2024,5258
080602,CHECACUPE,2025,5263
080602,CHECACUPE,2026,5268
080603,COMBAPATA,2017,5032.00178642319
080603,COMBAPATA,2018,5035
080603,COMBAPATA,2019,5038
080603,COMBAPATA,2020,5026
080603,COMBAPATA,2021,5017
080603,COMBAPATA,2022,5006
080603,COMBAPATA,2023,4995
080603,COMBAPATA,2024,4984
080603,COMBAPATA,2025,4972
080603,COMBAPATA,2026,4961
080604,MARANGANI,2017,10505.0646704295
080604,MARANGANI,2018,10479
080604,MARANGANI,2019,10453
080604,MARANGANI,2020,10399
080604,MARANGANI,2021,10359
080604,MARANGANI,2022,10320
080604,MARANGANI,2023,10280
080604,MARANGANI,2024,10243
080604,MARANGANI,2025,10207
080604,MARANGANI,2026,10170
080605,PITUMARCA,2017,7997.07835775706
080605,PITUMARCA,2018,8126
080605,PITUMARCA,2019,8257
080605,PITUMARCA,2020,8366
080605,PITUMARCA,2021,8440
080605,PITUMARCA,2022,8496
080605,PITUMARCA,2023,8538
080605,PITUMARCA,2024,8574
080605,PITUMARCA,2025,8605
080605,PITUMARCA,2026,8634
080606,SAN PABLO,2017,4569.16146179402
080606,SAN PABLO,2018,4542
080606,SAN PABLO,2019,4515
080606,SAN PABLO,2020,4475
080606,SAN PABLO,2021,4446
080606,SAN PABLO,2022,4420
080606,SAN PABLO,2023,4395
080606,SAN PABLO,2024,4372
080606,SAN PABLO,2025,4349
080606,SAN PABLO,2026,4326
080607,SAN PEDRO,2017,2833.01276143212
080607,SAN PEDRO,2018,2827
080607,SAN PEDRO,2019,2821
080607,SAN PEDRO,2020,2808
080607,SAN PEDRO,2021,2798
080607,SAN PEDRO,2022,2789
080607,SAN PEDRO,2023,2780
080607,SAN PEDRO,2024,2769
080607,SAN PEDRO,2025,2759
080607,SAN PEDRO,2026,2751
080608,TINTA,2017,5459.01825150575
080608,TINTA,2018,5469
080608,TINTA,2019,5479
080608,TINTA,2020,5474
080608,TINTA,2021,5470
080608,TINTA,2022,5462
080608,TINTA,2023,5453
080608,TINTA,2024,5445
080608,TINTA,2025,5436
080608,TINTA,2026,5426
080701,SANTO TOMAS,2017,23120.2857827337
080701,SANTO TOMAS,2018,23039
080701,SANTO TOMAS,2019,22958
080701,SANTO TOMAS,2020,22809
080701,SANTO TOMAS,2021,22733
080701,SANTO TOMAS,2022,22673
080701,SANTO TOMAS,2023,22624
080701,SANTO TOMAS,2024,22581
080701,SANTO TOMAS,2025,22541
080701,SANTO TOMAS,2026,22500
080702,CAPACMARCA,2017,4212.17532467533
080702,CAPACMARCA,2018,4185
080702,CAPACMARCA,2019,4158
080702,CAPACMARCA,2020,4119
080702,CAPACMARCA,2021,4097
080702,CAPACMARCA,2022,4079
080702,CAPACMARCA,2023,4064
080702,CAPACMARCA,2024,4051
080702,CAPACMARCA,2025,4037
080702,CAPACMARCA,2026,4025
080703,CHAMACA,2017,6746.85278956944
080703,CHAMACA,2018,6671
080703,CHAMACA,2019,6596
080703,CHAMACA,2020,6503
080703,CHAMACA,2021,6445
080703,CHAMACA,2022,6399
080703,CHAMACA,2023,6359
080703,CHAMACA,2024,6324
080703,CHAMACA,2025,6288
080703,CHAMACA,2026,6255
080704,COLQUEMARCA,2017,7427.35597675706
080704,COLQUEMARCA,2018,7327
080704,COLQUEMARCA,2019,7228
080704,COLQUEMARCA,2020,7110
080704,COLQUEMARCA,2021,7036
080704,COLQUEMARCA,2022,6974
080704,COLQUEMARCA,2023,6923
080704,COLQUEMARCA,2024,6876
080704,COLQUEMARCA,2025,6831
080704,COLQUEMARCA,2026,6787
080705,LIVITACA,2017,12447.309902393
080705,LIVITACA,2018,12575
080705,LIVITACA,2019,12704
080705,LIVITACA,2020,12798
080705,LIVITACA,2021,12879
080705,LIVITACA,2022,12949
080705,LIVITACA,2023,13009
080705,LIVITACA,2024,13066
080705,LIVITACA,2025,13121
080705,LIVITACA,2026,13176
080706,LLUSCO,2017,4729.90497534738
080706,LLUSCO,2018,4594
080706,LLUSCO,2019,4462
080706,LLUSCO,2020,4322
080706,LLUSCO,2021,4227
080706,LLUSCO,2022,4149
080706,LLUSCO,2023,4083
080706,LLUSCO,2024,4022
080706,LLUSCO,2025,3964
080706,LLUSCO,2026,3907
080707,QUIÑOTA,2017,4066.05574826561
080707,QUIÑOTA,2018,4051
080707,QUIÑOTA,2019,4036
080707,QUIÑOTA,2020,4010
080707,QUIÑOTA,2021,3997
080707,QUIÑOTA,2022,3986
080707,QUIÑOTA,2023,3978
080707,QUIÑOTA,2024,3969
080707,QUIÑOTA,2025,3964
080707,QUIÑOTA,2026,3956
080708,VELILLE,2017,8281.59848035142
080708,VELILLE,2018,8352
080708,VELILLE,2019,8423
080708,VELILLE,2020,8472
080708,VELILLE,2021,8516
080708,VELILLE,2022,8554
080708,VELILLE,2023,8587
080708,VELILLE,2024,8619
080708,VELILLE,2025,8649
080708,VELILLE,2026,8679
080801,ESPINAR,2017,36749.0601537175
080801,ESPINAR,2018,37493
080801,ESPINAR,2019,38252
080801,ESPINAR,2020,38886
080801,ESPINAR,2021,39539
080801,ESPINAR,2022,40173
080801,ESPINAR,2023,40781
080801,ESPINAR,2024,41373
080801,ESPINAR,2025,41945
080801,ESPINAR,2026,42506
080802,CONDOROMA,2017,942.590401785714
080802,CONDOROMA,2018,919
080802,CONDOROMA,2019,896
080802,CONDOROMA,2020,872
080802,CONDOROMA,2021,854
080802,CONDOROMA,2022,839
080802,CONDOROMA,2023,824
080802,CONDOROMA,2024,812
080802,CONDOROMA,2025,800
080802,CONDOROMA,2026,788
080803,COPORAQUE,2017,11043.3200468933
080803,COPORAQUE,2018,10632
080803,COPORAQUE,2019,10236
080803,COPORAQUE,2020,9824
080803,COPORAQUE,2021,9434
080803,COPORAQUE,2022,9055
080803,COPORAQUE,2023,8688
080803,COPORAQUE,2024,8333
080803,COPORAQUE,2025,7992
080803,COPORAQUE,2026,7663
080804,OCORURO,2017,1114.46956521739
080804,OCORURO,2018,1074
080804,OCORURO,2019,1035
080804,OCORURO,2020,995
080804,OCORURO,2021,962
080804,OCORURO,2022,931
080804,OCORURO,2023,902
080804,OCORURO,2024,874
080804,OCORURO,2025,846
080804,OCORURO,2026,818
080805,PALLPATA,2017,5144.00955165692
080805,PALLPATA,2018,5137
080805,PALLPATA,2019,5130
080805,PALLPATA,2020,5111
080805,PALLPATA,2021,5094
080805,PALLPATA,2022,5075
080805,PALLPATA,2023,5059
080805,PALLPATA,2024,5040
080805,PALLPATA,2025,5021
080805,PALLPATA,2026,5002
080806,PICHIGUA,2017,3025.41436464088
080806,PICHIGUA,2018,2960
080806,PICHIGUA,2019,2896
080806,PICHIGUA,2020,2824
080806,PICHIGUA,2021,2767
080806,PICHIGUA,2022,2714
080806,PICHIGUA,2023,2663
080806,PICHIGUA,2024,2614
080806,PICHIGUA,2025,2565
080806,PICHIGUA,2026,2514
080807,SUYCKUTAMBO,2017,1787.16097560976
080807,SUYCKUTAMBO,2018,1712
080807,SUYCKUTAMBO,2019,1640
080807,SUYCKUTAMBO,2020,1566
080807,SUYCKUTAMBO,2021,1498
080807,SUYCKUTAMBO,2022,1433
080807,SUYCKUTAMBO,2023,1371
080807,SUYCKUTAMBO,2024,1312
080807,SUYCKUTAMBO,2025,1258
080807,SUYCKUTAMBO,2026,1205
080808,ALTO PICHIGUA,2017,2097.67671774592
080808,ALTO PICHIGUA,2018,2060
080808,ALTO PICHIGUA,2019,2023
080808,ALTO PICHIGUA,2020,1981
080808,ALTO PICHIGUA,2021,1950
080808,ALTO PICHIGUA,2022,1920
080808,ALTO PICHIGUA,2023,1894
080808,ALTO PICHIGUA,2024,1867
080808,ALTO PICHIGUA,2025,1842
080808,ALTO PICHIGUA,2026,1816
080901,SANTA ANA,2017,30811.8991097923
080901,SANTA ANA,2018,30570
080901,SANTA ANA,2019,30330
080901,SANTA ANA,2020,29990
080901,SANTA ANA,2021,29744
080901,SANTA ANA,2022,29650
080901,SANTA ANA,2023,29456
080901,SANTA ANA,2024,29105
080901,SANTA ANA,2025,28908
080901,SANTA ANA,2026,28710
080902,ECHARATE 12/,2017,27330.4468199646
080902,ECHARATE 12/,2018,26660
080902,ECHARATE 12/,2019,26006
080902,ECHARATE 12/,2020,25281
080902,ECHARATE 12/,2021,18650
080902,ECHARATE 12/,2022,18247
080902,ECHARATE 12/,2023,17871
080902,ECHARATE 12/,2024,17510
080902,ECHARATE 12/,2025,17150
080902,ECHARATE 12/,2026,16790
080903,HUAYOPATA,2017,5565.07239819005
080903,HUAYOPATA,2018,5545
080903,HUAYOPATA,2019,5525
080903,HUAYOPATA,2020,5487
080903,HUAYOPATA,2021,5462
080903,HUAYOPATA,2022,5440
080903,HUAYOPATA,2023,5418
080903,HUAYOPATA,2024,5398
080903,HUAYOPATA,2025,5378
080903,HUAYOPATA,2026,5358
080904,MARANURA,2017,5562.35082458771
080904,MARANURA,2018,5448
080904,MARANURA,2019,5336
080904,MARANURA,2020,5209
080904,MARANURA,2021,5108
080904,MARANURA,2022,5017
080904,MARANURA,2023,4930
080904,MARANURA,2024,4847
080904,MARANURA,2025,4764
080904,MARANURA,2026,4681
080905,OCOBAMBA,2017,6097.21510373444
080905,OCOBAMBA,2018,6061
080905,OCOBAMBA,2019,6025
080905,OCOBAMBA,2020,5985
080905,OCOBAMBA,2021,5944
080905,OCOBAMBA,2022,5903
080905,OCOBAMBA,2023,5861
080905,OCOBAMBA,2024,5819
080905,OCOBAMBA,2025,5778
080905,OCOBAMBA,2026,5737
080906,QUELLOUNO,2017,15159.0129057747
080906,QUELLOUNO,2018,15173
080906,QUELLOUNO,2019,15187
080906,QUELLOUNO,2020,15150
080906,QUELLOUNO,2021,15132
080906,QUELLOUNO,2022,15112
080906,QUELLOUNO,2023,15091
080906,QUELLOUNO,2024,15071
080906,QUELLOUNO,2025,15053
080906,QUELLOUNO,2026,15035
080907,KIMBIRI 13/ 14/,2017,17789.4128970164
080907,KIMBIRI 13/ 14/,2018,18240
080907,KIMBIRI 13/ 14/,2019,18702
080907,KIMBIRI 13/ 14/,2020,19099
080907,KIMBIRI 13/ 14/,2021,13688
080907,KIMBIRI 13/ 14/,2022,13885
080907,KIMBIRI 13/ 14/,2023,14056
080907,KIMBIRI 13/ 14/,2024,14212
080907,KIMBIRI 13/ 14/,2025,14360
080907,KIMBIRI 13/ 14/,2026,14508
080908,SANTA TERESA,2017,6975.00129143349
080908,SANTA TERESA,2018,6972
080908,SANTA TERESA,2019,6969
080908,SANTA TERESA,2020,6945
080908,SANTA TERESA,2021,6933
080908,SANTA TERESA,2022,6921
080908,SANTA TERESA,2023,6912
080908,SANTA TERESA,2024,6902
080908,SANTA TERESA,2025,6894
080908,SANTA TERESA,2026,6886
080909,VILCABAMBA,2017,10570.0642919201
080909,VILCABAMBA,2018,10464
080909,VILCABAMBA,2019,10359
080909,VILCABAMBA,2020,10240
080909,VILCABAMBA,2021,10146
080909,VILCABAMBA,2022,10058
080909,VILCABAMBA,2023,9976
080909,VILCABAMBA,2024,9899
080909,VILCABAMBA,2025,9822
080909,VILCABAMBA,2026,9745
080910,PICHARI  16/,2017,23939.2440749235
080910,PICHARI  16/,2018,25025
080910,PICHARI  16/,2019,26160
080910,PICHARI  16/,2020,27234
080910,PICHARI  16/,2021,22680
080910,PICHARI  16/,2022,23299
080910,PICHARI  16/,2023,24006
080910,PICHARI  16/,2024,24860
080910,PICHARI  16/,2025,25560
080910,PICHARI  16/,2026,26260
080911,INKAWASI,2017,4847.87487447279
080911,INKAWASI,2018,4913
080911,INKAWASI,2019,4979
080911,INKAWASI,2020,5031
080911,INKAWASI,2021,5079
080911,INKAWASI,2022,5125
080911,INKAWASI,2023,5166
080911,INKAWASI,2024,5207
080911,INKAWASI,2025,5249
080911,INKAWASI,2026,5291
080912,VILLA VIRGEN,2017,2299.46046511628
080912,VILLA VIRGEN,2018,2332
080912,VILLA VIRGEN,2019,2365
080912,VILLA VIRGEN,2020,2391
080912,VILLA VIRGEN,2021,2416
080912,VILLA VIRGEN,2022,2437
080912,VILLA VIRGEN,2023,2458
080912,VILLA VIRGEN,2024,2479
080912,VILLA VIRGEN,2025,2501
080912,VILLA VIRGEN,2026,2523
080913,VILLA KINTIARINA,2017,2294.33361702128
080913,VILLA KINTIARINA,2018,2322
080913,VILLA KINTIARINA,2019,2350
080913,VILLA KINTIARINA,2020,2369
080913,VILLA KINTIARINA,2021,2388
080913,VILLA KINTIARINA,2022,2405
080913,VILLA KINTIARINA,2023,2420
080913,VILLA KINTIARINA,2024,2431
080913,VILLA KINTIARINA,2025,2442
080913,VILLA KINTIARINA,2026,2453
080914,MEGANTONI,2017,7621.15305176751
080914,MEGANTONI,2018,7587
080914,MEGANTONI,2019,7553
080914,MEGANTONI,2020,7499
080914,MEGANTONI,2021,7461
080914,MEGANTONI,2022,7427
080914,MEGANTONI,2023,7394
080914,MEGANTONI,2024,7363
080914,MEGANTONI,2025,7335
080914,MEGANTONI,2026,7307
080915,KUMPIRUSHIATO 12/,2018,
080915,KUMPIRUSHIATO 12/,2019,
080915,KUMPIRUSHIATO 12/,2020,
080915,KUMPIRUSHIATO 12/,2021,6054
080915,KUMPIRUSHIATO 12/,2022,5923
080915,KUMPIRUSHIATO 12/,2023,5801
080915,KUMPIRUSHIATO 12/,2024,5683
080915,KUMPIRUSHIATO 12/,2025,5567
080915,KUMPIRUSHIATO 12/,2026,5451
080916,CIELO PUNCO  13/,2018,
080916,CIELO PUNCO  13/,2019,
080916,CIELO PUNCO  13/,2020,
080916,CIELO PUNCO  13/,2021,2204
080916,CIELO PUNCO  13/,2022,2235
080916,CIELO PUNCO  13/,2023,2263
080916,CIELO PUNCO  13/,2024,2288
080916,CIELO PUNCO  13/,2025,2312
080916,CIELO PUNCO  13/,2026,2336
080917,MANITEA  14/,2018,
080917,MANITEA  14/,2019,
080917,MANITEA  14/,2020,
080917,MANITEA  14/,2021,3531
080917,MANITEA  14/,2022,3582
080917,MANITEA  14/,2023,3626
080917,MANITEA  14/,2024,3666
080917,MANITEA  14/,2025,3704
080917,MANITEA  14/,2026,3742
080918,UNIÓN ASHÁNINKA  16/,2018,
080918,UNIÓN ASHÁNINKA  16/,2019,
080918,UNIÓN ASHÁNINKA  16/,2020,
080918,UNIÓN ASHÁNINKA  16/,2021,5539
080918,UNIÓN ASHÁNINKA  16/,2022,5723
080918,UNIÓN ASHÁNINKA  16/,2023,5899
080918,UNIÓN ASHÁNINKA  16/,2024,6072
080918,UNIÓN ASHÁNINKA  16/,2025,6243
080918,UNIÓN ASHÁNINKA  16/,2026,6414
081001,PARURO,2017,3467.01034780109
081001,PARURO,2018,3473
081001,PARURO,2019,3479
081001,PARURO,2020,3474
081001,PARURO,2021,3474
081001,PARURO,2022,3475
081001,PARURO,2023,3477
081001,PARURO,2024,3479
081001,PARURO,2025,3481
081001,PARURO,2026,3484
081002,ACCHA,2017,3269.63699276502
081002,ACCHA,2018,3224
081002,ACCHA,2019,3179
081002,ACCHA,2020,3125
081002,ACCHA,2021,3091
081002,ACCHA,2022,3064
081002,ACCHA,2023,3041
081002,ACCHA,2024,3020
081002,ACCHA,2025,3000
081002,ACCHA,2026,2980
081003,CCAPI,2017,3267.66645669291
081003,CCAPI,2018,3221
081003,CCAPI,2019,3175
081003,CCAPI,2020,3121
081003,CCAPI,2021,3087
081003,CCAPI,2022,3059
081003,CCAPI,2023,3036
081003,CCAPI,2024,3015
081003,CCAPI,2025,2995
081003,CCAPI,2026,2975
081004,COLCHA,2017,1024.64168377823
081004,COLCHA,2018,999
081004,COLCHA,2019,974
081004,COLCHA,2020,948
081004,COLCHA,2021,931
081004,COLCHA,2022,916
081004,COLCHA,2023,905
081004,COLCHA,2024,894
081004,COLCHA,2025,884
081004,COLCHA,2026,874
081005,HUANOQUITE,2017,5164.11258795934
081005,HUANOQUITE,2018,5140
081005,HUANOQUITE,2019,5116
081005,HUANOQUITE,2020,5078
081005,HUANOQUITE,2021,5057
081005,HUANOQUITE,2022,5040
081005,HUANOQUITE,2023,5025
081005,HUANOQUITE,2024,5012
081005,HUANOQUITE,2025,4999
081005,HUANOQUITE,2026,4987
081006,OMACHA,2017,5955.17382447802
081006,OMACHA,2018,5923
081006,OMACHA,2019,5891
081006,OMACHA,2020,5842
081006,OMACHA,2021,5814
081006,OMACHA,2022,5792
081006,OMACHA,2023,5771
081006,OMACHA,2024,5752
081006,OMACHA,2025,5734
081006,OMACHA,2026,5718
081007,PACCARITAMBO,2017,2160.20821529745
081007,PACCARITAMBO,2018,2139
081007,PACCARITAMBO,2019,2118
081007,PACCARITAMBO,2020,2092
081007,PACCARITAMBO,2021,2076
081007,PACCARITAMBO,2022,2063
081007,PACCARITAMBO,2023,2052
081007,PACCARITAMBO,2024,2042
081007,PACCARITAMBO,2025,2033
081007,PACCARITAMBO,2026,2024
081008,PILLPINTO,2017,1090.30740037951
081008,PILLPINTO,2018,1072
081008,PILLPINTO,2019,1054
081008,PILLPINTO,2020,1033
081008,PILLPINTO,2021,1020
081008,PILLPINTO,2022,1009
081008,PILLPINTO,2023,1000
081008,PILLPINTO,2024,993
081008,PILLPINTO,2025,984
081008,PILLPINTO,2026,975
081009,YAURISQUE,2017,2064.9347826087
081009,YAURISQUE,2018,2021
081009,YAURISQUE,2019,1978
081009,YAURISQUE,2020,1931
081009,YAURISQUE,2021,1900
081009,YAURISQUE,2022,1875
081009,YAURISQUE,2023,1854
081009,YAURISQUE,2024,1836
081009,YAURISQUE,2025,1818
081009,YAURISQUE,2026,1800
081101,PAUCARTAMBO,2017,13032.5999399535
081101,PAUCARTAMBO,2018,13177
081101,PAUCARTAMBO,2019,13323
081101,PAUCARTAMBO,2020,13435
081101,PAUCARTAMBO,2021,13536
081101,PAUCARTAMBO,2022,13627
081101,PAUCARTAMBO,2023,13709
081101,PAUCARTAMBO,2024,13788
081101,PAUCARTAMBO,2025,13867
081101,PAUCARTAMBO,2026,13946
081102,CAICAY,2017,2899.93477537438
081102,CAICAY,2018,2952
081102,CAICAY,2019,3005
081102,CAICAY,2020,3050
081102,CAICAY,2021,3089
081102,CAICAY,2022,3122
081102,CAICAY,2023,3151
081102,CAICAY,2024,3181
081102,CAICAY,2025,3210
081102,CAICAY,2026,3239
081103,CHALLABAMBA,2017,9508.04224757077
081103,CHALLABAMBA,2018,9488
081103,CHALLABAMBA,2019,9468
081103,CHALLABAMBA,2020,9421
081103,CHALLABAMBA,2021,9398
081103,CHALLABAMBA,2022,9379
081103,CHALLABAMBA,2023,9364
081103,CHALLABAMBA,2024,9350
081103,CHALLABAMBA,2025,9337
081103,CHALLABAMBA,2026,9324
081104,COLQUEPATA,2017,9035.107099075
081104,COLQUEPATA,2018,9004
081104,COLQUEPATA,2019,8973
081104,COLQUEPATA,2020,8915
081104,COLQUEPATA,2021,8883
081104,COLQUEPATA,2022,8858
081104,COLQUEPATA,2023,8836
081104,COLQUEPATA,2024,8815
081104,COLQUEPATA,2025,8795
081104,COLQUEPATA,2026,8776
081105,HUANCARANI,2017,7591.25847457627
081105,HUANCARANI,2018,7689
081105,HUANCARANI,2019,7788
081105,HUANCARANI,2020,7866
081105,HUANCARANI,2021,7923
081105,HUANCARANI,2022,7966
081105,HUANCARANI,2023,8001
081105,HUANCARANI,2024,8029
081105,HUANCARANI,2025,8055
081105,HUANCARANI,2026,8079
081106,KOSÑIPATA,2017,4845.08188331627
081106,KOSÑIPATA,2018,4865
081106,KOSÑIPATA,2019,4885
081106,KOSÑIPATA,2020,4892
081106,KOSÑIPATA,2021,4903
081106,KOSÑIPATA,2022,4914
081106,KOSÑIPATA,2023,4924
081106,KOSÑIPATA,2024,4935
081106,KOSÑIPATA,2025,4945
081106,KOSÑIPATA,2026,4955
081201,URCOS,2017,11589.3044893191
081201,URCOS,2018,11785
081201,URCOS,2019,11984
081201,URCOS,2020,12152
081201,URCOS,2021,12279
081201,URCOS,2022,12416
081201,URCOS,2023,12538
081201,URCOS,2024,12657
081201,URCOS,2025,12774
081201,URCOS,2026,12888
081202,ANDAHUAYLILLAS,2017,6379.51020710059
081202,ANDAHUAYLILLAS,2018,6567
081202,ANDAHUAYLILLAS,2019,6760
081202,ANDAHUAYLILLAS,2020,6938
081202,ANDAHUAYLILLAS,2021,7095
081202,ANDAHUAYLILLAS,2022,7245
081202,ANDAHUAYLILLAS,2023,7382
081202,ANDAHUAYLILLAS,2024,7509
081202,ANDAHUAYLILLAS,2025,7637
081202,ANDAHUAYLILLAS,2026,7761
081203,CAMANTI,2017,2449.14084507042
081203,CAMANTI,2018,2502
081203,CAMANTI,2019,2556
081203,CAMANTI,2020,2603
081203,CAMANTI,2021,2638
081203,CAMANTI,2022,2668
081203,CAMANTI,2023,2692
081203,CAMANTI,2024,2710
081203,CAMANTI,2025,2727
081203,CAMANTI,2026,2743
081204,CCARHUAYO,2017,3078.26817602041
081204,CCARHUAYO,2018,3107
081204,CCARHUAYO,2019,3136
081204,CCARHUAYO,2020,3156
081204,CCARHUAYO,2021,3172
081204,CCARHUAYO,2022,3186
081204,CCARHUAYO,2023,3197
081204,CCARHUAYO,2024,3204
081204,CCARHUAYO,2025,3211
081204,CCARHUAYO,2026,3217
081205,CCATCA,2017,14861.5266972538
081205,CCATCA,2018,14950
081205,CCATCA,2019,15039
081205,CCATCA,2020,15084
081205,CCATCA,2021,15122
081205,CCATCA,2022,15165
081205,CCATCA,2023,15186
081205,CCATCA,2024,15197
081205,CCATCA,2025,15207
081205,CCATCA,2026,15214
081206,CUSIPATA,2017,4671.00021399529
081206,CUSIPATA,2018,4672
081206,CUSIPATA,2019,4673
081206,CUSIPATA,2020,4661
081206,CUSIPATA,2021,4654
081206,CUSIPATA,2022,4652
081206,CUSIPATA,2023,4645
081206,CUSIPATA,2024,4635
081206,CUSIPATA,2025,4627
081206,CUSIPATA,2026,4616
081207,HUARO,2017,4801.70766415938
081207,HUARO,2018,4860
081207,HUARO,2019,4919
081207,HUARO,2020,4965
081207,HUARO,2021,5000
081207,HUARO,2022,5032
081207,HUARO,2023,5055
081207,HUARO,2024,5073
081207,HUARO,2025,5091
081207,HUARO,2026,5107
081208,LUCRE,2017,4842.41446208113
081208,LUCRE,2018,4971
081208,LUCRE,2019,5103
081208,LUCRE,2020,5223
081208,LUCRE,2021,5326
081208,LUCRE,2022,5423
081208,LUCRE,2023,5510
081208,LUCRE,2024,5592
081208,LUCRE,2025,5669
081208,LUCRE,2026,5747
081209,MARCAPATA,2017,4829.3937360179
081209,MARCAPATA,2018,4873
081209,MARCAPATA,2019,4917
081209,MARCAPATA,2020,4947
081209,MARCAPATA,2021,4971
081209,MARCAPATA,2022,4994
081209,MARCAPATA,2023,5008
081209,MARCAPATA,2024,5019
081209,MARCAPATA,2025,5029
081209,MARCAPATA,2026,5038
081210,OCONGATE,2017,17193.855513308
081210,OCONGATE,2018,17664
081210,OCONGATE,2019,18147
081210,OCONGATE,2020,18587
081210,OCONGATE,2021,18796
081210,OCONGATE,2022,19019
081210,OCONGATE,2023,19224
081210,OCONGATE,2024,19417
081210,OCONGATE,2025,19609
081210,OCONGATE,2026,19799
081211,OROPESA,2017,10040.3677401846
081211,OROPESA,2018,10535
081211,OROPESA,2019,11054
081211,OROPESA,2020,11563
081211,OROPESA,2021,12050
081211,OROPESA,2022,12323
081211,OROPESA,2023,12583
081211,OROPESA,2024,12836
081211,OROPESA,2025,13087
081211,OROPESA,2026,13336
081212,QUIQUIJANA,2017,11442.8912173098
081212,QUIQUIJANA,2018,11590
081212,QUIQUIJANA,2019,11739
081212,QUIQUIJANA,2020,11856
081212,QUIQUIJANA,2021,11943
081212,QUIQUIJANA,2022,12025
081212,QUIQUIJANA,2023,12084
081212,QUIQUIJANA,2024,12132
081212,QUIQUIJANA,2025,12176
081212,QUIQUIJANA,2026,12219
081301,URUBAMBA,2017,22066.7371027474
081301,URUBAMBA,2018,22637
081301,URUBAMBA,2019,23222
081301,URUBAMBA,2020,23754
081301,URUBAMBA,2021,24178
081301,URUBAMBA,2022,24550
081301,URUBAMBA,2023,24885
081301,URUBAMBA,2024,25201
081301,URUBAMBA,2025,25516
081301,URUBAMBA,2026,25828
081302,CHINCHERO,2017,11485.6033380387
081302,CHINCHERO,2018,11761
081302,CHINCHERO,2019,12043
081302,CHINCHERO,2020,12298
081302,CHINCHERO,2021,12498
081302,CHINCHERO,2022,12671
081302,CHINCHERO,2023,12825
081302,CHINCHERO,2024,12970
081302,CHINCHERO,2025,13115
081302,CHINCHERO,2026,13258
081303,HUAYLLABAMBA,2017,5934.72932816538
081303,HUAYLLABAMBA,2018,6062
081303,HUAYLLABAMBA,2019,6192
081303,HUAYLLABAMBA,2020,6308
081303,HUAYLLABAMBA,2021,6395
081303,HUAYLLABAMBA,2022,6467
081303,HUAYLLABAMBA,2023,6529
081303,HUAYLLABAMBA,2024,6585
081303,HUAYLLABAMBA,2025,6639
081303,HUAYLLABAMBA,2026,6691
081304,MACHUPICCHU,2017,5575.40627755246
081304,MACHUPICCHU,2018,5623
081304,MACHUPICCHU,2019,5671
081304,MACHUPICCHU,2020,5704
081304,MACHUPICCHU,2021,5729
081304,MACHUPICCHU,2022,5746
081304,MACHUPICCHU,2023,5761
081304,MACHUPICCHU,2024,5772
081304,MACHUPICCHU,2025,5782
081304,MACHUPICCHU,2026,5791
081305,MARAS,2017,6611.51731312231
081305,MARAS,2018,6670
081305,MARAS,2019,6729
081305,MARAS,2020,6769
081305,MARAS,2021,6799
081305,MARAS,2022,6822
081305,MARAS,2023,6839
081305,MARAS,2024,6853
081305,MARAS,2025,6865
081305,MARAS,2026,6877
081306,OLLANTAYTAMBO,2017,11255.2661913761
081306,OLLANTAYTAMBO,2018,11447
081306,OLLANTAYTAMBO,2019,11642
081306,OLLANTAYTAMBO,2020,11808
081306,OLLANTAYTAMBO,2021,11918
081306,OLLANTAYTAMBO,2022,12000
081306,OLLANTAYTAMBO,2023,12061
081306,OLLANTAYTAMBO,2024,12110
081306,OLLANTAYTAMBO,2025,12154
081306,OLLANTAYTAMBO,2026,12193
081307,YUCAY,2017,3312.32238010657
081307,YUCAY,2018,3345
081307,YUCAY,2019,3378
081307,YUCAY,2020,3402
081307,YUCAY,2021,3421
081307,YUCAY,2022,3435
081307,YUCAY,2023,3444
081307,YUCAY,2024,3452
081307,YUCAY,2025,3461
081307,YUCAY,2026,3469
090101,HUANCAVELICA,2017,41978.8542203684
090101,HUANCAVELICA,2018,42325
090101,HUANCAVELICA,2019,42674
090101,HUANCAVELICA,2020,42858
090101,HUANCAVELICA,2021,42962
090101,HUANCAVELICA,2022,43082
090101,HUANCAVELICA,2023,43223
090101,HUANCAVELICA,2024,43380
090101,HUANCAVELICA,2025,43556
090101,HUANCAVELICA,2026,43733
090102,ACOBAMBILLA,2017,2271.98618648249
090102,ACOBAMBILLA,2018,2146
090102,ACOBAMBILLA,2019,2027
090102,ACOBAMBILLA,2020,1909
090102,ACOBAMBILLA,2021,1807
090102,ACOBAMBILLA,2022,1702
090102,ACOBAMBILLA,2023,1597
090102,ACOBAMBILLA,2024,1489
090102,ACOBAMBILLA,2025,1379
090102,ACOBAMBILLA,2026,1269
090103,ACORIA,2017,19944.1578859712
090103,ACORIA,2018,18954
090103,ACORIA,2019,18013
090103,ACORIA,2020,17056
090103,ACORIA,2021,16315
090103,ACORIA,2022,15483
090103,ACORIA,2023,14580
090103,ACORIA,2024,13632
090103,ACORIA,2025,12668
090103,ACORIA,2026,11704
090104,CONAYCA,2017,940.023890784983
090104,CONAYCA,2018,909
090104,CONAYCA,2019,879
090104,CONAYCA,2020,848
090104,CONAYCA,2021,827
090104,CONAYCA,2022,804
090104,CONAYCA,2023,778
090104,CONAYCA,2024,751
090104,CONAYCA,2025,725
090104,CONAYCA,2026,699
090105,CUENCA,2017,1255.29292035398
090105,CUENCA,2018,1191
090105,CUENCA,2019,1130
090105,CUENCA,2020,1071
090105,CUENCA,2021,1024
090105,CUENCA,2022,975
090105,CUENCA,2023,926
090105,CUENCA,2024,877
090105,CUENCA,2025,826
090105,CUENCA,2026,775
090106,HUACHOCOLPA,2017,2060.55203380877
090106,HUACHOCOLPA,2018,1975
090106,HUACHOCOLPA,2019,1893
090106,HUACHOCOLPA,2020,1807
090106,HUACHOCOLPA,2021,1745
090106,HUACHOCOLPA,2022,1674
090106,HUACHOCOLPA,2023,1598
090106,HUACHOCOLPA,2024,1517
090106,HUACHOCOLPA,2025,1436
090106,HUACHOCOLPA,2026,1355
090107,HUAYLLAHUARA,2017,719.530102790015
090107,HUAYLLAHUARA,2018,700
090107,HUAYLLAHUARA,2019,681
090107,HUAYLLAHUARA,2020,662
090107,HUAYLLAHUARA,2021,651
090107,HUAYLLAHUARA,2022,637
090107,HUAYLLAHUARA,2023,623
090107,HUAYLLAHUARA,2024,608
090107,HUAYLLAHUARA,2025,592
090107,HUAYLLAHUARA,2026,576
090108,IZCUCHACA,2017,930.053493449782
090108,IZCUCHACA,2018,923
090108,IZCUCHACA,2019,916
090108,IZCUCHACA,2020,905
090108,IZCUCHACA,2021,905
090108,IZCUCHACA,2022,906
090108,IZCUCHACA,2023,908
090108,IZCUCHACA,2024,910
090108,IZCUCHACA,2025,912
090108,IZCUCHACA,2026,914
090109,LARIA,2017,812.370816599732
090109,LARIA,2018,779
090109,LARIA,2019,747
090109,LARIA,2020,717
090109,LARIA,2021,694
090109,LARIA,2022,669
090109,LARIA,2023,641
090109,LARIA,2024,612
090109,LARIA,2025,583
090109,LARIA,2026,554
090110,MANTA,2017,1052.01247401247
090110,MANTA,2018,1006
090110,MANTA,2019,962
090110,MANTA,2020,917
090110,MANTA,2021,883
090110,MANTA,2022,846
090110,MANTA,2023,805
090110,MANTA,2024,762
090110,MANTA,2025,718
090110,MANTA,2026,674
090111,MARISCAL CACERES,2017,550.630350194553
090111,MARISCAL CACERES,2018,532
090111,MARISCAL CACERES,2019,514
090111,MARISCAL CACERES,2020,494
090111,MARISCAL CACERES,2021,482
090111,MARISCAL CACERES,2022,470
090111,MARISCAL CACERES,2023,451
090111,MARISCAL CACERES,2024,435
090111,MARISCAL CACERES,2025,415
090111,MARISCAL CACERES,2026,395
090112,MOYA,2017,1087.60351966874
090112,MOYA,2018,1025
090112,MOYA,2019,966
090112,MOYA,2020,911
090112,MOYA,2021,865
090112,MOYA,2022,814
090112,MOYA,2023,758
090112,MOYA,2024,700
090112,MOYA,2025,641
090112,MOYA,2026,582
090113,NUEVO OCCORO,2017,1891.03504804975
090113,NUEVO OCCORO,2018,1829
090113,NUEVO OCCORO,2019,1769
090113,NUEVO OCCORO,2020,1706
090113,NUEVO OCCORO,2021,1664
090113,NUEVO OCCORO,2022,1617
090113,NUEVO OCCORO,2023,1565
090113,NUEVO OCCORO,2024,1511
090113,NUEVO OCCORO,2025,1457
090113,NUEVO OCCORO,2026,1403
090114,PALCA,2017,2203.6927680798
090114,PALCA,2018,2102
090114,PALCA,2019,2005
090114,PALCA,2020,1906
090114,PALCA,2021,1831
090114,PALCA,2022,1746
090114,PALCA,2023,1655
090114,PALCA,2024,1559
090114,PALCA,2025,1461
090114,PALCA,2026,1363
090115,PILCHACA,2017,546.153409090909
090115,PILCHACA,2018,537
090115,PILCHACA,2019,528
090115,PILCHACA,2020,517
090115,PILCHACA,2021,512
090115,PILCHACA,2022,508
090115,PILCHACA,2023,502
090115,PILCHACA,2024,496
090115,PILCHACA,2025,490
090115,PILCHACA,2026,484
090116,VILCA,2017,2097.84807492196
090116,VILCA,2018,2008
090116,VILCA,2019,1922
090116,VILCA,2020,1834
090116,VILCA,2021,1769
090116,VILCA,2022,1695
090116,VILCA,2023,1615
090116,VILCA,2024,1532
090116,VILCA,2025,1447
090116,VILCA,2026,1362
090117,YAULI,2017,21793.0415916719
090117,YAULI,2018,21166
090117,YAULI,2019,20557
090117,YAULI,2020,19892
090117,YAULI,2021,19291
090117,YAULI,2022,18684
090117,YAULI,2023,18070
090117,YAULI,2024,17448
090117,YAULI,2025,16817
090117,YAULI,2026,16186
090118,ASCENSION,2017,16324.1872738407
090118,ASCENSION,2018,17124
090118,ASCENSION,2019,17963
090118,ASCENSION,2020,18765
090118,ASCENSION,2021,19388
090118,ASCENSION,2022,20031
090118,ASCENSION,2023,20696
090118,ASCENSION,2024,21383
090118,ASCENSION,2025,22094
090118,ASCENSION,2026,22805
090119,HUANDO,2017,6836.76219972806
090119,HUANDO,2018,6727
090119,HUANDO,2019,6619
090119,HUANDO,2020,6490
090119,HUANDO,2021,6361
090119,HUANDO,2022,6232
090119,HUANDO,2023,6102
090119,HUANDO,2024,5971
090119,HUANDO,2025,5839
090119,HUANDO,2026,5707
090201,ACOBAMBA,2017,9726.14183588894
090201,ACOBAMBA,2018,9689
090201,ACOBAMBA,2019,9652
090201,ACOBAMBA,2020,9579
090201,ACOBAMBA,2021,9468
090201,ACOBAMBA,2022,9320
090201,ACOBAMBA,2023,9148
090201,ACOBAMBA,2024,8955
090201,ACOBAMBA,2025,8758
090201,ACOBAMBA,2026,8552
090202,ANDABAMBA,2017,3508.61454213569
090202,ANDABAMBA,2018,3396
090202,ANDABAMBA,2019,3287
090202,ANDABAMBA,2020,3171
090202,ANDABAMBA,2021,3050
090202,ANDABAMBA,2022,2922
090202,ANDABAMBA,2023,2791
090202,ANDABAMBA,2024,2662
090202,ANDABAMBA,2025,2538
090202,ANDABAMBA,2026,2418
090203,ANTA,2017,5195.50678253497
090203,ANTA,2018,4951
090203,ANTA,2019,4718
090203,ANTA,2020,4483
090203,ANTA,2021,4244
090203,ANTA,2022,4004
090203,ANTA,2023,3767
090203,ANTA,2024,3538
090203,ANTA,2025,3321
090203,ANTA,2026,3115
090204,CAJA,2017,2039.98092209857
090204,CAJA,2018,1962
090204,CAJA,2019,1887
090204,CAJA,2020,1809
090204,CAJA,2021,1729
090204,CAJA,2022,1645
090204,CAJA,2023,1562
090204,CAJA,2024,1481
090204,CAJA,2025,1402
090204,CAJA,2026,1328
090205,MARCAS,2017,1690.98858592264
090205,MARCAS,2018,1633
090205,MARCAS,2019,1577
090205,MARCAS,2020,1519
090205,MARCAS,2021,1457
090205,MARCAS,2022,1394
090205,MARCAS,2023,1329
090205,MARCAS,2024,1265
090205,MARCAS,2025,1205
090205,MARCAS,2026,1145
090206,PAUCARA,2017,11623.1751589143
090206,PAUCARA,2018,10733
090206,PAUCARA,2019,9911
090206,PAUCARA,2020,9117
090206,PAUCARA,2021,8355
090206,PAUCARA,2022,7625
090206,PAUCARA,2023,6937
090206,PAUCARA,2024,6300
090206,PAUCARA,2025,5714
090206,PAUCARA,2026,5178
090207,POMACOCHA,2017,3163.97208207198
090207,POMACOCHA,2018,3067
090207,POMACOCHA,2019,2973
090207,POMACOCHA,2020,2873
090207,POMACOCHA,2021,2766
090207,POMACOCHA,2022,2654
090207,POMACOCHA,2023,2540
090207,POMACOCHA,2024,2426
090207,POMACOCHA,2025,2314
090207,POMACOCHA,2026,2208
090208,ROSARIO,2017,5382.73192239859
090208,ROSARIO,2018,5241
090208,ROSARIO,2019,5103
090208,ROSARIO,2020,4952
090208,ROSARIO,2021,4789
090208,ROSARIO,2022,4615
090208,ROSARIO,2023,4434
090208,ROSARIO,2024,4253
090208,ROSARIO,2025,4077
090208,ROSARIO,2026,3905
090301,LIRCAY,2017,25478.0171698771
090301,LIRCAY,2018,25639
090301,LIRCAY,2019,25801
090301,LIRCAY,2020,25891
090301,LIRCAY,2021,25649
090301,LIRCAY,2022,25384
090301,LIRCAY,2023,25102
090301,LIRCAY,2024,24808
090301,LIRCAY,2025,24509
090301,LIRCAY,2026,24207
090302,ANCHONGA,2017,7687.28389667138
090302,ANCHONGA,2018,7734
090302,ANCHONGA,2019,7781
090302,ANCHONGA,2020,7805
090302,ANCHONGA,2021,7684
090302,ANCHONGA,2022,7557
090302,ANCHONGA,2023,7425
090302,ANCHONGA,2024,7290
090302,ANCHONGA,2025,7155
090302,ANCHONGA,2026,7019
090303,CALLANMARCA,2017,670.511041009464
090303,CALLANMARCA,2018,652
090303,CALLANMARCA,2019,634
090303,CALLANMARCA,2020,615
090303,CALLANMARCA,2021,585
090303,CALLANMARCA,2022,555
090303,CALLANMARCA,2023,525
090303,CALLANMARCA,2024,495
090303,CALLANMARCA,2025,468
090303,CALLANMARCA,2026,441
090304,CCOCHACCASA,2017,3236.03109452736
090304,CCOCHACCASA,2018,3226
090304,CCOCHACCASA,2019,3216
090304,CCOCHACCASA,2020,3198
090304,CCOCHACCASA,2021,3118
090304,CCOCHACCASA,2022,3032
090304,CCOCHACCASA,2023,2943
090304,CCOCHACCASA,2024,2854
090304,CCOCHACCASA,2025,2767
090304,CCOCHACCASA,2026,2679
090305,CHINCHO,2017,1037.53380423814
090305,CHINCHO,2018,1014
090305,CHINCHO,2019,991
090305,CHINCHO,2020,967
090305,CHINCHO,2021,925
090305,CHINCHO,2022,885
090305,CHINCHO,2023,848
090305,CHINCHO,2024,807
090305,CHINCHO,2025,770
090305,CHINCHO,2026,735
090306,CONGALLA,2017,3901.31975985382
090306,CONGALLA,2018,3866
090306,CONGALLA,2019,3831
090306,CONGALLA,2020,3786
090306,CONGALLA,2021,3677
090306,CONGALLA,2022,3566
090306,CONGALLA,2023,3453
090306,CONGALLA,2024,3339
090306,CONGALLA,2025,3226
090306,CONGALLA,2026,3113
090307,HUANCA-HUANCA,2017,1451.13773717498
090307,HUANCA-HUANCA,2018,1437
090307,HUANCA-HUANCA,2019,1423
090307,HUANCA-HUANCA,2020,1405
090307,HUANCA-HUANCA,2021,1360
090307,HUANCA-HUANCA,2022,1311
090307,HUANCA-HUANCA,2023,1261
090307,HUANCA-HUANCA,2024,1212
090307,HUANCA-HUANCA,2025,1162
090307,HUANCA-HUANCA,2026,1112
090308,HUAYLLAY GRANDE,2017,1209.45149592022
090308,HUAYLLAY GRANDE,2018,1155
090308,HUAYLLAY GRANDE,2019,1103
090308,HUAYLLAY GRANDE,2020,1051
090308,HUAYLLAY GRANDE,2021,982
090308,HUAYLLAY GRANDE,2022,915
090308,HUAYLLAY GRANDE,2023,851
090308,HUAYLLAY GRANDE,2024,792
090308,HUAYLLAY GRANDE,2025,733
090308,HUAYLLAY GRANDE,2026,677
090309,JULCAMARCA,2017,1851.4111169376
090309,JULCAMARCA,2018,1879
090309,JULCAMARCA,2019,1907
090309,JULCAMARCA,2020,1929
090309,JULCAMARCA,2021,1911
090309,JULCAMARCA,2022,1889
090309,JULCAMARCA,2023,1862
090309,JULCAMARCA,2024,1834
090309,JULCAMARCA,2025,1805
090309,JULCAMARCA,2026,1774
090310,SAN ANTONIO DE ANTAPARCO,2017,2552.6147938561
090310,SAN ANTONIO DE ANTAPARCO,2018,2513
090310,SAN ANTONIO DE ANTAPARCO,2019,2474
090310,SAN ANTONIO DE ANTAPARCO,2020,2429
090310,SAN ANTONIO DE ANTAPARCO,2021,2337
090310,SAN ANTONIO DE ANTAPARCO,2022,2243
090310,SAN ANTONIO DE ANTAPARCO,2023,2147
090310,SAN ANTONIO DE ANTAPARCO,2024,2051
090310,SAN ANTONIO DE ANTAPARCO,2025,1957
090310,SAN ANTONIO DE ANTAPARCO,2026,1864
090311,SANTO TOMAS DE PATA,2017,1574.23502604167
090311,SANTO TOMAS DE PATA,2018,1555
090311,SANTO TOMAS DE PATA,2019,1536
090311,SANTO TOMAS DE PATA,2020,1513
090311,SANTO TOMAS DE PATA,2021,1460
090311,SANTO TOMAS DE PATA,2022,1405
090311,SANTO TOMAS DE PATA,2023,1350
090311,SANTO TOMAS DE PATA,2024,1295
090311,SANTO TOMAS DE PATA,2025,1238
090311,SANTO TOMAS DE PATA,2026,1184
090312,SECCLLA,2017,3312.0027124774
090312,SECCLLA,2018,3315
090312,SECCLLA,2019,3318
090312,SECCLLA,2020,3312
090312,SECCLLA,2021,3240
090312,SECCLLA,2022,3162
090312,SECCLLA,2023,3080
090312,SECCLLA,2024,2997
090312,SECCLLA,2025,2914
090312,SECCLLA,2026,2831
090401,CASTROVIRREYNA,2017,3235.10128165052
090401,CASTROVIRREYNA,2018,3217
090401,CASTROVIRREYNA,2019,3199
090401,CASTROVIRREYNA,2020,3172
090401,CASTROVIRREYNA,2021,3134
090401,CASTROVIRREYNA,2022,3084
090401,CASTROVIRREYNA,2023,3033
090401,CASTROVIRREYNA,2024,2970
090401,CASTROVIRREYNA,2025,2912
090401,CASTROVIRREYNA,2026,2851
090402,ARMA,2017,1077.14682539683
090402,ARMA,2018,1042
090402,ARMA,2019,1008
090402,ARMA,2020,972
090402,ARMA,2021,935
090402,ARMA,2022,895
090402,ARMA,2023,855
090402,ARMA,2024,816
090402,ARMA,2025,778
090402,ARMA,2026,742
090403,AURAHUA,2017,1628.14322747894
090403,AURAHUA,2018,1585
090403,AURAHUA,2019,1543
090403,AURAHUA,2020,1497
090403,AURAHUA,2021,1447
090403,AURAHUA,2022,1395
090403,AURAHUA,2023,1342
090403,AURAHUA,2024,1289
090403,AURAHUA,2025,1238
090403,AURAHUA,2026,1189
090404,CAPILLAS,2017,1013.08016877637
090404,CAPILLAS,2018,980
090404,CAPILLAS,2019,948
090404,CAPILLAS,2020,915
090404,CAPILLAS,2021,880
090404,CAPILLAS,2022,844
090404,CAPILLAS,2023,806
090404,CAPILLAS,2024,770
090404,CAPILLAS,2025,734
090404,CAPILLAS,2026,701
090405,CHUPAMARCA,2017,978.206315789474
090405,CHUPAMARCA,2018,964
090405,CHUPAMARCA,2019,950
090405,CHUPAMARCA,2020,935
090405,CHUPAMARCA,2021,916
090405,CHUPAMARCA,2022,894
090405,CHUPAMARCA,2023,870
090405,CHUPAMARCA,2024,847
090405,CHUPAMARCA,2025,824
090405,CHUPAMARCA,2026,801
090406,COCAS,2017,782.259946949602
090406,COCAS,2018,768
090406,COCAS,2019,754
090406,COCAS,2020,737
090406,COCAS,2021,718
090406,COCAS,2022,699
090406,COCAS,2023,676
090406,COCAS,2024,655
090406,COCAS,2025,634
090406,COCAS,2026,613
090407,HUACHOS,2017,1039.89817792069
090407,HUACHOS,2018,985
090407,HUACHOS,2019,933
090407,HUACHOS,2020,880
090407,HUACHOS,2021,828
090407,HUACHOS,2022,777
090407,HUACHOS,2023,726
090407,HUACHOS,2024,679
090407,HUACHOS,2025,634
090407,HUACHOS,2026,592
090408,HUAMATAMBO,2017,424.002369668246
090408,HUAMATAMBO,2018,423
090408,HUAMATAMBO,2019,422
090408,HUAMATAMBO,2020,418
090408,HUAMATAMBO,2021,415
090408,HUAMATAMBO,2022,408
090408,HUAMATAMBO,2023,403
090408,HUAMATAMBO,2024,397
090408,HUAMATAMBO,2025,388
090408,HUAMATAMBO,2026,380
090409,MOLLEPAMPA,2017,1277.46867371847
090409,MOLLEPAMPA,2018,1253
090409,MOLLEPAMPA,2019,1229
090409,MOLLEPAMPA,2020,1201
090409,MOLLEPAMPA,2021,1172
090409,MOLLEPAMPA,2022,1138
090409,MOLLEPAMPA,2023,1103
090409,MOLLEPAMPA,2024,1067
090409,MOLLEPAMPA,2025,1032
090409,MOLLEPAMPA,2026,998
090410,SAN JUAN,2017,732.222955145119
090410,SAN JUAN,2018,745
090410,SAN JUAN,2019,758
090410,SAN JUAN,2020,769
090410,SAN JUAN,2021,777
090410,SAN JUAN,2022,784
090410,SAN JUAN,2023,789
090410,SAN JUAN,2024,791
090410,SAN JUAN,2025,793
090410,SAN JUAN,2026,794
090411,SANTA ANA,2017,1003.66704288939
090411,SANTA ANA,2018,943
090411,SANTA ANA,2019,886
090411,SANTA ANA,2020,834
090411,SANTA ANA,2021,783
090411,SANTA ANA,2022,735
090411,SANTA ANA,2023,688
090411,SANTA ANA,2024,645
090411,SANTA ANA,2025,607
090411,SANTA ANA,2026,572
090412,TANTARA,2017,711.051502145923
090412,TANTARA,2018,705
090412,TANTARA,2019,699
090412,TANTARA,2020,691
090412,TANTARA,2021,680
090412,TANTARA,2022,668
090412,TANTARA,2023,654
090412,TANTARA,2024,640
090412,TANTARA,2025,626
090412,TANTARA,2026,611
090413,TICRAPO,2017,1620.16120906801
090413,TICRAPO,2018,1604
090413,TICRAPO,2019,1588
090413,TICRAPO,2020,1567
090413,TICRAPO,2021,1542
090413,TICRAPO,2022,1512
090413,TICRAPO,2023,1478
090413,TICRAPO,2024,1443
090413,TICRAPO,2025,1408
090413,TICRAPO,2026,1374
090501,CHURCAMPA,2017,5590.14166967835
090501,CHURCAMPA,2018,5562
090501,CHURCAMPA,2019,5534
090501,CHURCAMPA,2020,5493
090501,CHURCAMPA,2021,5441
090501,CHURCAMPA,2022,5376
090501,CHURCAMPA,2023,5302
090501,CHURCAMPA,2024,5231
090501,CHURCAMPA,2025,5161
090501,CHURCAMPA,2026,5095
090502,ANCO,2017,5986.3434531886
090502,ANCO,2018,5941
090502,ANCO,2019,5896
090502,ANCO,2020,5833
090502,ANCO,2021,5757
090502,ANCO,2022,5667
090502,ANCO,2023,5568
090502,ANCO,2024,5463
090502,ANCO,2025,5365
090502,ANCO,2026,5271
090503,CHINCHIHUASI,2017,2185.73527931555
090503,CHINCHIHUASI,2018,2084
090503,CHINCHIHUASI,2019,1987
090503,CHINCHIHUASI,2020,1889
090503,CHINCHIHUASI,2021,1789
090503,CHINCHIHUASI,2022,1687
090503,CHINCHIHUASI,2023,1584
090503,CHINCHIHUASI,2024,1481
090503,CHINCHIHUASI,2025,1379
090503,CHINCHIHUASI,2026,1278
090504,EL CARMEN,2017,2646.47554347826
090504,EL CARMEN,2018,2611
090504,EL CARMEN,2019,2576
090504,EL CARMEN,2020,2533
090504,EL CARMEN,2021,2482
090504,EL CARMEN,2022,2423
090504,EL CARMEN,2023,2360
090504,EL CARMEN,2024,2296
090504,EL CARMEN,2025,2236
090504,EL CARMEN,2026,2178
090505,LA MERCED,2017,1168.02122241087
090505,LA MERCED,2018,1173
090505,LA MERCED,2019,1178
090505,LA MERCED,2020,1179
090505,LA MERCED,2021,1183
090505,LA MERCED,2022,1186
090505,LA MERCED,2023,1189
090505,LA MERCED,2024,1192
090505,LA MERCED,2025,1195
090505,LA MERCED,2026,1199
090506,LOCROJA,2017,3659.08771929825
090506,LOCROJA,2018,3596
090506,LOCROJA,2019,3534
090506,LOCROJA,2020,3464
090506,LOCROJA,2021,3379
090506,LOCROJA,2022,3284
090506,LOCROJA,2023,3181
090506,LOCROJA,2024,3077
090506,LOCROJA,2025,2978
090506,LOCROJA,2026,2881
090507,PAUCARBAMBA,2017,4904.89458626761
090507,PAUCARBAMBA,2018,4721
090507,PAUCARBAMBA,2019,4544
090507,PAUCARBAMBA,2020,4362
090507,PAUCARBAMBA,2021,4167
090507,PAUCARBAMBA,2022,3966
090507,PAUCARBAMBA,2023,3762
090507,PAUCARBAMBA,2024,3559
090507,PAUCARBAMBA,2025,3360
090507,PAUCARBAMBA,2026,3164
090508,SAN MIGUEL DE MAYOCC,2017,825.741312741313
090508,SAN MIGUEL DE MAYOCC,2018,801
090508,SAN MIGUEL DE MAYOCC,2019,777
090508,SAN MIGUEL DE MAYOCC,2020,751
090508,SAN MIGUEL DE MAYOCC,2021,726
090508,SAN MIGUEL DE MAYOCC,2022,699
090508,SAN MIGUEL DE MAYOCC,2023,672
090508,SAN MIGUEL DE MAYOCC,2024,646
090508,SAN MIGUEL DE MAYOCC,2025,618
090508,SAN MIGUEL DE MAYOCC,2026,591
090509,SAN PEDRO DE CORIS,2017,3724.99889012209
090509,SAN PEDRO DE CORIS,2018,3664
090509,SAN PEDRO DE CORIS,2019,3604
090509,SAN PEDRO DE CORIS,2020,3535
090509,SAN PEDRO DE CORIS,2021,3452
090509,SAN PEDRO DE CORIS,2022,3357
090509,SAN PEDRO DE CORIS,2023,3256
090509,SAN PEDRO DE CORIS,2024,3154
090509,SAN PEDRO DE CORIS,2025,3057
090509,SAN PEDRO DE CORIS,2026,2962
090510,PACHAMARCA,2017,2066.32590673575
090510,PACHAMARCA,2018,1997
090510,PACHAMARCA,2019,1930
090510,PACHAMARCA,2020,1861
090510,PACHAMARCA,2021,1791
090510,PACHAMARCA,2022,1718
090510,PACHAMARCA,2023,1645
090510,PACHAMARCA,2024,1571
090510,PACHAMARCA,2025,1499
090510,PACHAMARCA,2026,1428
090511,COSME,2017,3216.8352365416
090511,COSME,2018,3140
090511,COSME,2019,3065
090511,COSME,2020,2983
090511,COSME,2021,2899
090511,COSME,2022,2810
090511,COSME,2023,2719
090511,COSME,2024,2628
090511,COSME,2025,2538
090511,COSME,2026,2450
090601,HUAYTARA,2017,2367.00673684211
090601,HUAYTARA,2018,2371
090601,HUAYTARA,2019,2375
090601,HUAYTARA,2020,2374
090601,HUAYTARA,2021,2365
090601,HUAYTARA,2022,2350
090601,HUAYTARA,2023,2332
090601,HUAYTARA,2024,2312
090601,HUAYTARA,2025,2293
090601,HUAYTARA,2026,2274
090602,AYAVI,2017,833
090602,AYAVI,2018,833
090602,AYAVI,2019,833
090602,AYAVI,2020,830
090602,AYAVI,2021,824
090602,AYAVI,2022,816
090602,AYAVI,2023,807
090602,AYAVI,2024,798
090602,AYAVI,2025,789
090602,AYAVI,2026,780
090603,CORDOVA,2017,1129.5297679112
090603,CORDOVA,2018,1058
090603,CORDOVA,2019,991
090603,CORDOVA,2020,927
090603,CORDOVA,2021,865
090603,CORDOVA,2022,801
090603,CORDOVA,2023,738
090603,CORDOVA,2024,674
090603,CORDOVA,2025,613
090603,CORDOVA,2026,552
090604,HUAYACUNDO ARMA,2017,482.018442622951
090604,HUAYACUNDO ARMA,2018,485
090604,HUAYACUNDO ARMA,2019,488
090604,HUAYACUNDO ARMA,2020,488
090604,HUAYACUNDO ARMA,2021,492
090604,HUAYACUNDO ARMA,2022,494
090604,HUAYACUNDO ARMA,2023,496
090604,HUAYACUNDO ARMA,2024,497
090604,HUAYACUNDO ARMA,2025,498
090604,HUAYACUNDO ARMA,2026,499
090605,LARAMARCA,2017,918.189461883408
090605,LARAMARCA,2018,905
090605,LARAMARCA,2019,892
090605,LARAMARCA,2020,876
090605,LARAMARCA,2021,855
090605,LARAMARCA,2022,829
090605,LARAMARCA,2023,802
090605,LARAMARCA,2024,775
090605,LARAMARCA,2025,749
090605,LARAMARCA,2026,723
090606,OCOYO,2017,925.992452830189
090606,OCOYO,2018,858
090606,OCOYO,2019,795
090606,OCOYO,2020,735
090606,OCOYO,2021,684
090606,OCOYO,2022,631
090606,OCOYO,2023,579
090606,OCOYO,2024,527
090606,OCOYO,2025,476
090606,OCOYO,2026,426
090607,PILPICHACA,2017,3104.42112344433
090607,PILPICHACA,2018,3038
090607,PILPICHACA,2019,2973
090607,PILPICHACA,2020,2899
090607,PILPICHACA,2021,2799
090607,PILPICHACA,2022,2691
090607,PILPICHACA,2023,2570
090607,PILPICHACA,2024,2453
090607,PILPICHACA,2025,2336
090607,PILPICHACA,2026,2227
090608,QUERCO,2017,1119.86559594252
090608,QUERCO,2018,1151
090608,QUERCO,2019,1183
090608,QUERCO,2020,1211
090608,QUERCO,2021,1241
090608,QUERCO,2022,1272
090608,QUERCO,2023,1302
090608,QUERCO,2024,1330
090608,QUERCO,2025,1359
090608,QUERCO,2026,1385
090609,QUITO-ARMA,2017,757.196452933152
090609,QUITO-ARMA,2018,745
090609,QUITO-ARMA,2019,733
090609,QUITO-ARMA,2020,718
090609,QUITO-ARMA,2021,699
090609,QUITO-ARMA,2022,676
090609,QUITO-ARMA,2023,651
090609,QUITO-ARMA,2024,627
090609,QUITO-ARMA,2025,603
090609,QUITO-ARMA,2026,580
090610,SAN ANTONIO DE CUSICANCHA,2017,1491.22268041237
090610,SAN ANTONIO DE CUSICANCHA,2018,1473
090610,SAN ANTONIO DE CUSICANCHA,2019,1455
090610,SAN ANTONIO DE CUSICANCHA,2020,1431
090610,SAN ANTONIO DE CUSICANCHA,2021,1399
090610,SAN ANTONIO DE CUSICANCHA,2022,1362
090610,SAN ANTONIO DE CUSICANCHA,2023,1322
090610,SAN ANTONIO DE CUSICANCHA,2024,1280
090610,SAN ANTONIO DE CUSICANCHA,2025,1241
090610,SAN ANTONIO DE CUSICANCHA,2026,1203
090611,SAN FRANCISCO DE SANGAYAICO,2017,981.284729064039
090611,SAN FRANCISCO DE SANGAYAICO,2018,998
090611,SAN FRANCISCO DE SANGAYAICO,2019,1015
090611,SAN FRANCISCO DE SANGAYAICO,2020,1029
090611,SAN FRANCISCO DE SANGAYAICO,2021,1043
090611,SAN FRANCISCO DE SANGAYAICO,2022,1055
090611,SAN FRANCISCO DE SANGAYAICO,2023,1068
090611,SAN FRANCISCO DE SANGAYAICO,2024,1079
090611,SAN FRANCISCO DE SANGAYAICO,2025,1090
090611,SAN FRANCISCO DE SANGAYAICO,2026,1100
090612,SAN ISIDRO,2017,1148.00086956522
090612,SAN ISIDRO,2018,1149
090612,SAN ISIDRO,2019,1150
090612,SAN ISIDRO,2020,1148
090612,SAN ISIDRO,2021,1142
090612,SAN ISIDRO,2022,1133
090612,SAN ISIDRO,2023,1123
090612,SAN ISIDRO,2024,1111
090612,SAN ISIDRO,2025,1101
090612,SAN ISIDRO,2026,1090
090613,SANTIAGO DE CHOCORVOS,2017,1924.58616647128
090613,SANTIAGO DE CHOCORVOS,2018,1812
090613,SANTIAGO DE CHOCORVOS,2019,1706
090613,SANTIAGO DE CHOCORVOS,2020,1600
090613,SANTIAGO DE CHOCORVOS,2021,1492
090613,SANTIAGO DE CHOCORVOS,2022,1381
090613,SANTIAGO DE CHOCORVOS,2023,1271
090613,SANTIAGO DE CHOCORVOS,2024,1161
090613,SANTIAGO DE CHOCORVOS,2025,1053
090613,SANTIAGO DE CHOCORVOS,2026,947
090614,SANTIAGO DE QUIRAHUARA,2017,418.06100795756
090614,SANTIAGO DE QUIRAHUARA,2018,397
090614,SANTIAGO DE QUIRAHUARA,2019,377
090614,SANTIAGO DE QUIRAHUARA,2020,356
090614,SANTIAGO DE QUIRAHUARA,2021,333
090614,SANTIAGO DE QUIRAHUARA,2022,311
090614,SANTIAGO DE QUIRAHUARA,2023,287
090614,SANTIAGO DE QUIRAHUARA,2024,264
090614,SANTIAGO DE QUIRAHUARA,2025,241
090614,SANTIAGO DE QUIRAHUARA,2026,221
090615,SANTO DOMINGO DE CAPILLAS,2017,824.679948586118
090615,SANTO DOMINGO DE CAPILLAS,2018,801
090615,SANTO DOMINGO DE CAPILLAS,2019,778
090615,SANTO DOMINGO DE CAPILLAS,2020,751
090615,SANTO DOMINGO DE CAPILLAS,2021,725
090615,SANTO DOMINGO DE CAPILLAS,2022,697
090615,SANTO DOMINGO DE CAPILLAS,2023,668
090615,SANTO DOMINGO DE CAPILLAS,2024,640
090615,SANTO DOMINGO DE CAPILLAS,2025,612
090615,SANTO DOMINGO DE CAPILLAS,2026,584
090616,TAMBO,2017,733.861146496815
090616,TAMBO,2018,759
090616,TAMBO,2019,785
090616,TAMBO,2020,809
090616,TAMBO,2021,835
090616,TAMBO,2022,862
090616,TAMBO,2023,889
090616,TAMBO,2024,915
090616,TAMBO,2025,940
090616,TAMBO,2026,964
090701,PAMPAS,2017,10686.9348707324
090701,PAMPAS,2018,10892
090701,PAMPAS,2019,11101
090701,PAMPAS,2020,11278
090701,PAMPAS,2021,11419
090701,PAMPAS,2022,11515
090701,PAMPAS,2023,11582
090701,PAMPAS,2024,11628
090701,PAMPAS,2025,11670
090701,PAMPAS,2026,11718
090702,ACOSTAMBO,2017,3608.71705763105
090702,ACOSTAMBO,2018,3530
090702,ACOSTAMBO,2019,3453
090702,ACOSTAMBO,2020,3365
090702,ACOSTAMBO,2021,3269
090702,ACOSTAMBO,2022,3166
090702,ACOSTAMBO,2023,3057
090702,ACOSTAMBO,2024,2948
090702,ACOSTAMBO,2025,2842
090702,ACOSTAMBO,2026,2737
090703,ACRAQUIA,2017,3883.18340611354
090703,ACRAQUIA,2018,3772
090703,ACRAQUIA,2019,3664
090703,ACRAQUIA,2020,3548
090703,ACRAQUIA,2021,3424
090703,ACRAQUIA,2022,3293
090703,ACRAQUIA,2023,3158
090703,ACRAQUIA,2024,3025
090703,ACRAQUIA,2025,2897
090703,ACRAQUIA,2026,2770
090704,AHUAYCHA,2017,4238.69221321543
090704,AHUAYCHA,2018,4154
090704,AHUAYCHA,2019,4071
090704,AHUAYCHA,2020,3978
090704,AHUAYCHA,2021,3873
090704,AHUAYCHA,2022,3758
090704,AHUAYCHA,2023,3637
090704,AHUAYCHA,2024,3516
090704,AHUAYCHA,2025,3396
090704,AHUAYCHA,2026,3278
090705,COLCABAMBA,2017,12300.7295244386
090705,COLCABAMBA,2018,12206
090705,COLCABAMBA,2019,12112
090705,COLCABAMBA,2020,11989
090705,COLCABAMBA,2021,11822
090705,COLCABAMBA,2022,11614
090705,COLCABAMBA,2023,11385
090705,COLCABAMBA,2024,11139
090705,COLCABAMBA,2025,10899
090705,COLCABAMBA,2026,10664
090706,DANIEL HERNANDEZ,2017,9922.13695478191
090706,DANIEL HERNANDEZ,2018,9959
090706,DANIEL HERNANDEZ,2019,9996
090706,DANIEL HERNANDEZ,2020,10002
090706,DANIEL HERNANDEZ,2021,10033
090706,DANIEL HERNANDEZ,2022,10052
090706,DANIEL HERNANDEZ,2023,10065
090706,DANIEL HERNANDEZ,2024,10074
090706,DANIEL HERNANDEZ,2025,10084
090706,DANIEL HERNANDEZ,2026,10099
090707,HUACHOCOLPA 2/,2017,3549.84608433735
090707,HUACHOCOLPA 2/,2018,3433
090707,HUACHOCOLPA 2/,2019,3320
090707,HUACHOCOLPA 2/,2020,2426
090707,HUACHOCOLPA 2/,2021,2380
090707,HUACHOCOLPA 2/,2022,2329
090707,HUACHOCOLPA 2/,2023,2274
090707,HUACHOCOLPA 2/,2024,2217
090707,HUACHOCOLPA 2/,2025,2162
090707,HUACHOCOLPA 2/,2026,2108
090709,HUARIBAMBA,2017,3305.0888252149
090709,HUARIBAMBA,2018,3222
090709,HUARIBAMBA,2019,3141
090709,HUARIBAMBA,2020,3052
090709,HUARIBAMBA,2021,2955
090709,HUARIBAMBA,2022,2852
090709,HUARIBAMBA,2023,2745
090709,HUARIBAMBA,2024,2639
090709,HUARIBAMBA,2025,2535
090709,HUARIBAMBA,2026,2432
090710,ÑAHUIMPUQUIO,2017,1620.38572364113
090710,ÑAHUIMPUQUIO,2018,1573
090710,ÑAHUIMPUQUIO,2019,1527
090710,ÑAHUIMPUQUIO,2020,1479
090710,ÑAHUIMPUQUIO,2021,1426
090710,ÑAHUIMPUQUIO,2022,1372
090710,ÑAHUIMPUQUIO,2023,1315
090710,ÑAHUIMPUQUIO,2024,1260
090710,ÑAHUIMPUQUIO,2025,1206
090710,ÑAHUIMPUQUIO,2026,1153
090711,PAZOS,2017,5669.30964372319
090711,PAZOS,2018,5513
090711,PAZOS,2019,5361
090711,PAZOS,2020,5198
090711,PAZOS,2021,5021
090711,PAZOS,2022,4834
090711,PAZOS,2023,4643
090711,PAZOS,2024,4452
090711,PAZOS,2025,4266
090711,PAZOS,2026,4082
090713,QUISHUAR,2017,791.187744458931
090713,QUISHUAR,2018,779
090713,QUISHUAR,2019,767
090713,QUISHUAR,2020,752
090713,QUISHUAR,2021,736
090713,QUISHUAR,2022,718
090713,QUISHUAR,2023,695
090713,QUISHUAR,2024,675
090713,QUISHUAR,2025,654
090713,QUISHUAR,2026,633
090714,SALCABAMBA,2017,4243.41222493888
090714,SALCABAMBA,2018,4166
090714,SALCABAMBA,2019,4090
090714,SALCABAMBA,2020,4005
090714,SALCABAMBA,2021,3907
090714,SALCABAMBA,2022,3799
090714,SALCABAMBA,2023,3685
090714,SALCABAMBA,2024,3568
090714,SALCABAMBA,2025,3453
090714,SALCABAMBA,2026,3340
090715,SALCAHUASI,2017,2956.79203697121
090715,SALCAHUASI,2018,2884
090715,SALCAHUASI,2019,2813
090715,SALCAHUASI,2020,2734
090715,SALCAHUASI,2021,2648
090715,SALCAHUASI,2022,2557
090715,SALCAHUASI,2023,2461
090715,SALCAHUASI,2024,2367
090715,SALCAHUASI,2025,2275
090715,SALCAHUASI,2026,2184
090716,SAN MARCOS DE ROCCHAC,2017,2046.7632
090716,SAN MARCOS DE ROCCHAC,2018,1959
090716,SAN MARCOS DE ROCCHAC,2019,1875
090716,SAN MARCOS DE ROCCHAC,2020,1789
090716,SAN MARCOS DE ROCCHAC,2021,1703
090716,SAN MARCOS DE ROCCHAC,2022,1613
090716,SAN MARCOS DE ROCCHAC,2023,1527
090716,SAN MARCOS DE ROCCHAC,2024,1443
090716,SAN MARCOS DE ROCCHAC,2025,1364
090716,SAN MARCOS DE ROCCHAC,2026,1286
090717,SURCUBAMBA 2/,2017,5094.00489811912
090717,SURCUBAMBA 2/,2018,5099
090717,SURCUBAMBA 2/,2019,5104
090717,SURCUBAMBA 2/,2020,4236
090717,SURCUBAMBA 2/,2021,4158
090717,SURCUBAMBA 2/,2022,4068
090717,SURCUBAMBA 2/,2023,3971
090717,SURCUBAMBA 2/,2024,3872
090717,SURCUBAMBA 2/,2025,3776
090717,SURCUBAMBA 2/,2026,3682
090718,TINTAY PUNCU 5/,2017,3389.58488714426
090718,TINTAY PUNCU 5/,2018,3219
090718,TINTAY PUNCU 5/,2019,3057
090718,TINTAY PUNCU 5/,2020,2893
090718,TINTAY PUNCU 5/,2021,1677
090718,TINTAY PUNCU 5/,2022,1575
090718,TINTAY PUNCU 5/,2023,1472
090718,TINTAY PUNCU 5/,2024,1368
090718,TINTAY PUNCU 5/,2025,1265
090718,TINTAY PUNCU 5/,2026,1163
090719,QUICHUAS,2017,4313.00837014648
090719,QUICHUAS,2018,4307
090719,QUICHUAS,2019,4301
090719,QUICHUAS,2020,4281
090719,QUICHUAS,2021,4246
090719,QUICHUAS,2022,4198
090719,QUICHUAS,2023,4139
090719,QUICHUAS,2024,4076
090719,QUICHUAS,2025,4012
090719,QUICHUAS,2026,3950
090720,ANDAYMARCA,2017,2610.15094339623
090720,ANDAYMARCA,2018,2630
090720,ANDAYMARCA,2019,2650
090720,ANDAYMARCA,2020,2662
090720,ANDAYMARCA,2021,2671
090720,ANDAYMARCA,2022,2677
090720,ANDAYMARCA,2023,2682
090720,ANDAYMARCA,2024,2685
090720,ANDAYMARCA,2025,2689
090720,ANDAYMARCA,2026,2694
090721,ROBLE,2017,1458.94590417311
090721,ROBLE,2018,1374
090721,ROBLE,2019,1294
090721,ROBLE,2020,1216
090721,ROBLE,2021,1140
090721,ROBLE,2022,1066
090721,ROBLE,2023,996
090721,ROBLE,2024,930
090721,ROBLE,2025,869
090721,ROBLE,2026,808
090722,PICHOS,2017,2170.07854984894
090722,PICHOS,2018,2076
090722,PICHOS,2019,1986
090722,PICHOS,2020,1894
090722,PICHOS,2021,1800
090722,PICHOS,2022,1705
090722,PICHOS,2023,1612
090722,PICHOS,2024,1521
090722,PICHOS,2025,1433
090722,PICHOS,2026,1346
090723,SANTIAGO DE TUCUMA,2017,1676.51977750309
090723,SANTIAGO DE TUCUMA,2018,1647
090723,SANTIAGO DE TUCUMA,2019,1618
090723,SANTIAGO DE TUCUMA,2020,1585
090723,SANTIAGO DE TUCUMA,2021,1545
090723,SANTIAGO DE TUCUMA,2022,1503
090723,SANTIAGO DE TUCUMA,2023,1457
090723,SANTIAGO DE TUCUMA,2024,1411
090723,SANTIAGO DE TUCUMA,2025,1367
090723,SANTIAGO DE TUCUMA,2026,1324
090724,LAMBRAS 2/,2018,
090724,LAMBRAS 2/,2019,
090724,LAMBRAS 2/,2020,1633
090724,LAMBRAS 2/,2021,1603
090724,LAMBRAS 2/,2022,1568
090724,LAMBRAS 2/,2023,1531
090724,LAMBRAS 2/,2024,1493
090724,LAMBRAS 2/,2025,1455
090724,LAMBRAS 2/,2026,1418
090725,COCHABAMBA 5/,2018,
090725,COCHABAMBA 5/,2019,
090725,COCHABAMBA 5/,2020,
090725,COCHABAMBA 5/,2021,1052
090725,COCHABAMBA 5/,2022,988
090725,COCHABAMBA 5/,2023,923
090725,COCHABAMBA 5/,2024,858
090725,COCHABAMBA 5/,2025,794
090725,COCHABAMBA 5/,2026,730
100101,HUÁNUCO,2017,90712.8832271762
100101,HUÁNUCO,2018,92440
100101,HUÁNUCO,2019,94200
100101,HUÁNUCO,2020,95540
100101,HUÁNUCO,2021,96397
100101,HUÁNUCO,2022,97086
100101,HUÁNUCO,2023,97688
100101,HUÁNUCO,2024,98234
100101,HUÁNUCO,2025,98752
100101,HUÁNUCO,2026,99240
100102,AMARILIS,2017,84276.9244617903
100102,AMARILIS,2018,85811
100102,AMARILIS,2019,87373
100102,AMARILIS,2020,88635
100102,AMARILIS,2021,89553
100102,AMARILIS,2022,90762
100102,AMARILIS,2023,91704
100102,AMARILIS,2024,92458
100102,AMARILIS,2025,93101
100102,AMARILIS,2026,93627
100103,CHINCHAO,2017,13370.2198763384
100103,CHINCHAO,2018,13316
100103,CHINCHAO,2019,13262
100103,CHINCHAO,2020,13159
100103,CHINCHAO,2021,13015
100103,CHINCHAO,2022,12920
100103,CHINCHAO,2023,12790
100103,CHINCHAO,2024,12639
100103,CHINCHAO,2025,12478
100103,CHINCHAO,2026,12306
100104,CHURUBAMBA,2017,17477.0955223881
100104,CHURUBAMBA,2018,16764
100104,CHURUBAMBA,2019,16080
100104,CHURUBAMBA,2020,15364
100104,CHURUBAMBA,2021,14619
100104,CHURUBAMBA,2022,13954
100104,CHURUBAMBA,2023,13276
100104,CHURUBAMBA,2024,12602
100104,CHURUBAMBA,2025,11948
100104,CHURUBAMBA,2026,11313
100105,MARGOS,2017,4725.46289424861
100105,MARGOS,2018,4514
100105,MARGOS,2019,4312
100105,MARGOS,2020,4120
100105,MARGOS,2021,3935
100105,MARGOS,2022,3784
100105,MARGOS,2023,3639
100105,MARGOS,2024,3503
100105,MARGOS,2025,3380
100105,MARGOS,2026,3266
100106,QUISQUI,2017,3829.69571511291
100106,QUISQUI,2018,3637
100106,QUISQUI,2019,3454
100106,QUISQUI,2020,3279
100106,QUISQUI,2021,3108
100106,QUISQUI,2022,2963
100106,QUISQUI,2023,2825
100106,QUISQUI,2024,2694
100106,QUISQUI,2025,2575
100106,QUISQUI,2026,2463
100107,SAN FRANCISCO DE CAYRAN,2017,4913.0524482688
100107,SAN FRANCISCO DE CAYRAN,2018,4897
100107,SAN FRANCISCO DE CAYRAN,2019,4881
100107,SAN FRANCISCO DE CAYRAN,2020,4847
100107,SAN FRANCISCO DE CAYRAN,2021,4798
100107,SAN FRANCISCO DE CAYRAN,2022,4767
100107,SAN FRANCISCO DE CAYRAN,2023,4723
100107,SAN FRANCISCO DE CAYRAN,2024,4672
100107,SAN FRANCISCO DE CAYRAN,2025,4617
100107,SAN FRANCISCO DE CAYRAN,2026,4558
100108,SAN PEDRO DE CHAULAN,2017,3989.59141184125
100108,SAN PEDRO DE CHAULAN,2018,3502
100108,SAN PEDRO DE CHAULAN,2019,3074
100108,SAN PEDRO DE CHAULAN,2020,2748
100108,SAN PEDRO DE CHAULAN,2021,2538
100108,SAN PEDRO DE CHAULAN,2022,2484
100108,SAN PEDRO DE CHAULAN,2023,2428
100108,SAN PEDRO DE CHAULAN,2024,2369
100108,SAN PEDRO DE CHAULAN,2025,2310
100108,SAN PEDRO DE CHAULAN,2026,2248
100109,SANTA MARIA DEL VALLE,2017,21121.540466962
100109,SANTA MARIA DEL VALLE,2018,21395
100109,SANTA MARIA DEL VALLE,2019,21672
100109,SANTA MARIA DEL VALLE,2020,21872
100109,SANTA MARIA DEL VALLE,2021,21987
100109,SANTA MARIA DEL VALLE,2022,22123
100109,SANTA MARIA DEL VALLE,2023,22239
100109,SANTA MARIA DEL VALLE,2024,22342
100109,SANTA MARIA DEL VALLE,2025,22439
100109,SANTA MARIA DEL VALLE,2026,22529
100110,YARUMAYO,2017,1592.00251889169
100110,YARUMAYO,2018,1590
100110,YARUMAYO,2019,1588
100110,YARUMAYO,2020,1584
100110,YARUMAYO,2021,1578
100110,YARUMAYO,2022,1578
100110,YARUMAYO,2023,1576
100110,YARUMAYO,2024,1572
100110,YARUMAYO,2025,1563
100110,YARUMAYO,2026,1557
100111,PILLCO MARCA,2017,43641.676453101
100111,PILLCO MARCA,2018,46137
100111,PILLCO MARCA,2019,48775
100111,PILLCO MARCA,2020,51354
100111,PILLCO MARCA,2021,53829
100111,PILLCO MARCA,2022,55072
100111,PILLCO MARCA,2023,56275
100111,PILLCO MARCA,2024,57452
100111,PILLCO MARCA,2025,58621
100111,PILLCO MARCA,2026,59779
100112,YACUS,2017,5387.66326923077
100112,YACUS,2018,5293
100112,YACUS,2019,5200
100112,YACUS,2020,5092
100112,YACUS,2021,4965
100112,YACUS,2022,4857
100112,YACUS,2023,4738
100112,YACUS,2024,4611
100112,YACUS,2025,4483
100112,YACUS,2026,4353
100113,SAN PABLO DE PILLAO,2017,8525.12953181273
100113,SAN PABLO DE PILLAO,2018,8427
100113,SAN PABLO DE PILLAO,2019,8330
100113,SAN PABLO DE PILLAO,2020,8205
100113,SAN PABLO DE PILLAO,2021,8049
100113,SAN PABLO DE PILLAO,2022,7919
100113,SAN PABLO DE PILLAO,2023,7770
100113,SAN PABLO DE PILLAO,2024,7604
100113,SAN PABLO DE PILLAO,2025,7436
100113,SAN PABLO DE PILLAO,2026,7261
100201,AMBO,2017,21555.985623846
100201,AMBO,2018,22143
100201,AMBO,2019,22746
100201,AMBO,2020,23267
100201,AMBO,2021,23696
100201,AMBO,2022,24054
100201,AMBO,2023,24358
100201,AMBO,2024,24614
100201,AMBO,2025,24840
100201,AMBO,2026,25035
100202,CAYNA,2017,2671.33105390185
100202,CAYNA,2018,2577
100202,CAYNA,2019,2486
100202,CAYNA,2020,2391
100202,CAYNA,2021,2290
100202,CAYNA,2022,2188
100202,CAYNA,2023,2088
100202,CAYNA,2024,1988
100202,CAYNA,2025,1893
100202,CAYNA,2026,1800
100203,COLPAS,2017,1842.88235294118
100203,COLPAS,2018,1770
100203,COLPAS,2019,1700
100203,COLPAS,2020,1629
100203,COLPAS,2021,1555
100203,COLPAS,2022,1482
100203,COLPAS,2023,1408
100203,COLPAS,2024,1338
100203,COLPAS,2025,1270
100203,COLPAS,2026,1207
100204,CONCHAMARCA,2017,4757.71806750496
100204,CONCHAMARCA,2018,4644
100204,CONCHAMARCA,2019,4533
100204,CONCHAMARCA,2020,4411
100204,CONCHAMARCA,2021,4276
100204,CONCHAMARCA,2022,4135
100204,CONCHAMARCA,2023,3991
100204,CONCHAMARCA,2024,3847
100204,CONCHAMARCA,2025,3706
100204,CONCHAMARCA,2026,3569
100205,HUACAR,2017,8110.01236093943
100205,HUACAR,2018,8100
100205,HUACAR,2019,8090
100205,HUACAR,2020,8053
100205,HUACAR,2021,7994
100205,HUACAR,2022,7920
100205,HUACAR,2023,7837
100205,HUACAR,2024,7748
100205,HUACAR,2025,7659
100205,HUACAR,2026,7570
100206,SAN FRANCISCO,2017,1669.5466939332
100206,SAN FRANCISCO,2018,1565
100206,SAN FRANCISCO,2019,1467
100206,SAN FRANCISCO,2020,1374
100206,SAN FRANCISCO,2021,1284
100206,SAN FRANCISCO,2022,1199
100206,SAN FRANCISCO,2023,1118
100206,SAN FRANCISCO,2024,1045
100206,SAN FRANCISCO,2025,977
100206,SAN FRANCISCO,2026,914
100207,SAN RAFAEL,2017,9442.08336108336
100207,SAN RAFAEL,2018,9223
100207,SAN RAFAEL,2019,9009
100207,SAN RAFAEL,2020,8772
100207,SAN RAFAEL,2021,8508
100207,SAN RAFAEL,2022,8230
100207,SAN RAFAEL,2023,7946
100207,SAN RAFAEL,2024,7663
100207,SAN RAFAEL,2025,7385
100207,SAN RAFAEL,2026,7112
100208,TOMAY KICHWA,2017,3613.04937554458
100208,TOMAY KICHWA,2018,3527
100208,TOMAY KICHWA,2019,3443
100208,TOMAY KICHWA,2020,3350
100208,TOMAY KICHWA,2021,3247
100208,TOMAY KICHWA,2022,3140
100208,TOMAY KICHWA,2023,3030
100208,TOMAY KICHWA,2024,2921
100208,TOMAY KICHWA,2025,2814
100208,TOMAY KICHWA,2026,2709
100301,LA UNION,2017,6928.58049886621
100301,LA UNION,2018,6992
100301,LA UNION,2019,7056
100301,LA UNION,2020,7093
100301,LA UNION,2021,7102
100301,LA UNION,2022,7108
100301,LA UNION,2023,7110
100301,LA UNION,2024,7112
100301,LA UNION,2025,7114
100301,LA UNION,2026,7125
100307,CHUQUIS,2017,3533.42274678112
100307,CHUQUIS,2018,3395
100307,CHUQUIS,2019,3262
100307,CHUQUIS,2020,3123
100307,CHUQUIS,2021,2980
100307,CHUQUIS,2022,2833
100307,CHUQUIS,2023,2686
100307,CHUQUIS,2024,2542
100307,CHUQUIS,2025,2402
100307,CHUQUIS,2026,2265
100311,MARIAS,2017,6024.09677983899
100311,MARIAS,2018,5867
100311,MARIAS,2019,5714
100311,MARIAS,2020,5547
100311,MARIAS,2021,5363
100311,MARIAS,2022,5170
100311,MARIAS,2023,4968
100311,MARIAS,2024,4768
100311,MARIAS,2025,4568
100311,MARIAS,2026,4373
100313,PACHAS,2017,5932.58331724271
100313,PACHAS,2018,5543
100313,PACHAS,2019,5179
100313,PACHAS,2020,4821
100313,PACHAS,2021,4470
100313,PACHAS,2022,4131
100313,PACHAS,2023,3806
100313,PACHAS,2024,3500
100313,PACHAS,2025,3215
100313,PACHAS,2026,2933
100316,QUIVILLA,2017,1283.32525951557
100316,QUIVILLA,2018,1218
100316,QUIVILLA,2019,1156
100316,QUIVILLA,2020,1094
100316,QUIVILLA,2021,1031
100316,QUIVILLA,2022,968
100316,QUIVILLA,2023,907
100316,QUIVILLA,2024,849
100316,QUIVILLA,2025,792
100316,QUIVILLA,2026,736
100317,RIPAN,2017,5583.18037624493
100317,RIPAN,2018,5502
100317,RIPAN,2019,5422
100317,RIPAN,2020,5324
100317,RIPAN,2021,5208
100317,RIPAN,2022,5078
100317,RIPAN,2023,4938
100317,RIPAN,2024,4784
100317,RIPAN,2025,4628
100317,RIPAN,2026,4477
100321,SHUNQUI,2017,1768.58251833741
100321,SHUNQUI,2018,1701
100321,SHUNQUI,2019,1636
100321,SHUNQUI,2020,1567
100321,SHUNQUI,2021,1496
100321,SHUNQUI,2022,1423
100321,SHUNQUI,2023,1350
100321,SHUNQUI,2024,1279
100321,SHUNQUI,2025,1210
100321,SHUNQUI,2026,1142
100322,SILLAPATA,2017,1907.66972477064
100322,SILLAPATA,2018,1824
100322,SILLAPATA,2019,1744
100322,SILLAPATA,2020,1662
100322,SILLAPATA,2021,1578
100322,SILLAPATA,2022,1493
100322,SILLAPATA,2023,1409
100322,SILLAPATA,2024,1327
100322,SILLAPATA,2025,1249
100322,SILLAPATA,2026,1172
100323,YANAS,2017,2402.98014997794
100323,YANAS,2018,2334
100323,YANAS,2019,2267
100323,YANAS,2020,2196
100323,YANAS,2021,2118
100323,YANAS,2022,2035
100323,YANAS,2023,1953
100323,YANAS,2024,1869
100323,YANAS,2025,1787
100323,YANAS,2026,1707
100401,HUACAYBAMBA,2017,6012.65285326087
100401,HUACAYBAMBA,2018,5950
100401,HUACAYBAMBA,2019,5888
100401,HUACAYBAMBA,2020,5809
100401,HUACAYBAMBA,2021,5711
100401,HUACAYBAMBA,2022,5602
100401,HUACAYBAMBA,2023,5488
100401,HUACAYBAMBA,2024,5370
100401,HUACAYBAMBA,2025,5253
100401,HUACAYBAMBA,2026,5135
100402,CANCHABAMBA,2017,2796.16013071895
100402,CANCHABAMBA,2018,2775
100402,CANCHABAMBA,2019,2754
100402,CANCHABAMBA,2020,2725
100402,CANCHABAMBA,2021,2688
100402,CANCHABAMBA,2022,2645
100402,CANCHABAMBA,2023,2599
100402,CANCHABAMBA,2024,2552
100402,CANCHABAMBA,2025,2505
100402,CANCHABAMBA,2026,2456
100403,COCHABAMBA,2017,1692.9686888454
100403,COCHABAMBA,2018,1611
100403,COCHABAMBA,2019,1533
100403,COCHABAMBA,2020,1454
100403,COCHABAMBA,2021,1375
100403,COCHABAMBA,2022,1297
100403,COCHABAMBA,2023,1221
100403,COCHABAMBA,2024,1149
100403,COCHABAMBA,2025,1081
100403,COCHABAMBA,2026,1016
100404,PINRA,2017,6705.56890187635
100404,PINRA,2018,6603
100404,PINRA,2019,6502
100404,PINRA,2020,6384
100404,PINRA,2021,6246
100404,PINRA,2022,6100
100404,PINRA,2023,5947
100404,PINRA,2024,5791
100404,PINRA,2025,5636
100404,PINRA,2026,5485
100501,LLATA,2017,14008.4976881953
100501,LLATA,2018,13925
100501,LLATA,2019,13842
100501,LLATA,2020,13718
100501,LLATA,2021,13583
100501,LLATA,2022,13439
100501,LLATA,2023,13289
100501,LLATA,2024,13136
100501,LLATA,2025,12980
100501,LLATA,2026,12823
100502,ARANCAY,2017,1411.66617320503
100502,ARANCAY,2018,1381
100502,ARANCAY,2019,1351
100502,ARANCAY,2020,1316
100502,ARANCAY,2021,1278
100502,ARANCAY,2022,1237
100502,ARANCAY,2023,1193
100502,ARANCAY,2024,1150
100502,ARANCAY,2025,1109
100502,ARANCAY,2026,1067
100503,CHAVIN DE PARIARCA,2017,3968.23029682702
100503,CHAVIN DE PARIARCA,2018,3938
100503,CHAVIN DE PARIARCA,2019,3908
100503,CHAVIN DE PARIARCA,2020,3866
100503,CHAVIN DE PARIARCA,2021,3808
100503,CHAVIN DE PARIARCA,2022,3739
100503,CHAVIN DE PARIARCA,2023,3665
100503,CHAVIN DE PARIARCA,2024,3586
100503,CHAVIN DE PARIARCA,2025,3508
100503,CHAVIN DE PARIARCA,2026,3426
100504,JACAS GRANDE,2017,6026.19402484055
100504,JACAS GRANDE,2018,5992
100504,JACAS GRANDE,2019,5958
100504,JACAS GRANDE,2020,5906
100504,JACAS GRANDE,2021,5828
100504,JACAS GRANDE,2022,5735
100504,JACAS GRANDE,2023,5631
100504,JACAS GRANDE,2024,5521
100504,JACAS GRANDE,2025,5409
100504,JACAS GRANDE,2026,5296
100505,JIRCAN,2017,1524.05381165919
100505,JIRCAN,2018,1428
100505,JIRCAN,2019,1338
100505,JIRCAN,2020,1249
100505,JIRCAN,2021,1163
100505,JIRCAN,2022,1079
100505,JIRCAN,2023,1002
100505,JIRCAN,2024,926
100505,JIRCAN,2025,858
100505,JIRCAN,2026,794
100506,MIRAFLORES,2017,3204.1825095057
100506,MIRAFLORES,2018,3180
100506,MIRAFLORES,2019,3156
100506,MIRAFLORES,2020,3124
100506,MIRAFLORES,2021,3077
100506,MIRAFLORES,2022,3023
100506,MIRAFLORES,2023,2963
100506,MIRAFLORES,2024,2900
100506,MIRAFLORES,2025,2836
100506,MIRAFLORES,2026,2773
100507,MONZON,2017,13435.4385964912
100507,MONZON,2018,12980
100507,MONZON,2019,12540
100507,MONZON,2020,12077
100507,MONZON,2021,11578
100507,MONZON,2022,11068
100507,MONZON,2023,10556
100507,MONZON,2024,10054
100507,MONZON,2025,9568
100507,MONZON,2026,9097
100508,PUNCHAO,2017,2058.3369890329
100508,PUNCHAO,2018,2032
100508,PUNCHAO,2019,2006
100508,PUNCHAO,2020,1976
100508,PUNCHAO,2021,1937
100508,PUNCHAO,2022,1893
100508,PUNCHAO,2023,1847
100508,PUNCHAO,2024,1799
100508,PUNCHAO,2025,1751
100508,PUNCHAO,2026,1703
100509,PUÑOS,2017,4281.40033341272
100509,PUÑOS,2018,4240
100509,PUÑOS,2019,4199
100509,PUÑOS,2020,4146
100509,PUÑOS,2021,4075
100509,PUÑOS,2022,3995
100509,PUÑOS,2023,3906
100509,PUÑOS,2024,3815
100509,PUÑOS,2025,3722
100509,PUÑOS,2026,3631
100510,SINGA,2017,3250.44109149278
100510,SINGA,2018,3182
100510,SINGA,2019,3115
100510,SINGA,2020,3039
100510,SINGA,2021,2952
100510,SINGA,2022,2861
100510,SINGA,2023,2765
100510,SINGA,2024,2669
100510,SINGA,2025,2574
100510,SINGA,2026,2481
100511,TANTAMAYO,2017,1908.20512820513
100511,TANTAMAYO,2018,1830
100511,TANTAMAYO,2019,1755
100511,TANTAMAYO,2020,1678
100511,TANTAMAYO,2021,1597
100511,TANTAMAYO,2022,1516
100511,TANTAMAYO,2023,1436
100511,TANTAMAYO,2024,1359
100511,TANTAMAYO,2025,1284
100511,TANTAMAYO,2026,1214
100601,RUPA-RUPA,2017,54582.9158922748
100601,RUPA-RUPA,2018,55795
100601,RUPA-RUPA,2019,57034
100601,RUPA-RUPA,2020,58126
100601,RUPA-RUPA,2021,59087
100601,RUPA-RUPA,2022,59894
100601,RUPA-RUPA,2023,60575
100601,RUPA-RUPA,2024,61187
100601,RUPA-RUPA,2025,61769
100601,RUPA-RUPA,2026,62329
100602,DANIEL ALOMIA ROBLES,2017,6799.16834134265
100602,DANIEL ALOMIA ROBLES,2018,6833
100602,DANIEL ALOMIA ROBLES,2019,6867
100602,DANIEL ALOMIA ROBLES,2020,6880
100602,DANIEL ALOMIA ROBLES,2021,6887
100602,DANIEL ALOMIA ROBLES,2022,6890
100602,DANIEL ALOMIA ROBLES,2023,6893
100602,DANIEL ALOMIA ROBLES,2024,6896
100602,DANIEL ALOMIA ROBLES,2025,6899
100602,DANIEL ALOMIA ROBLES,2026,6898
100603,HERMILIO VALDIZAN,2017,3710.00242980562
100603,HERMILIO VALDIZAN,2018,3707
100603,HERMILIO VALDIZAN,2019,3704
100603,HERMILIO VALDIZAN,2020,3691
100603,HERMILIO VALDIZAN,2021,3668
100603,HERMILIO VALDIZAN,2022,3635
100603,HERMILIO VALDIZAN,2023,3596
100603,HERMILIO VALDIZAN,2024,3550
100603,HERMILIO VALDIZAN,2025,3506
100603,HERMILIO VALDIZAN,2026,3461
100604,JOSE CRESPO Y CASTILLO,2017,22982.8421186549
100604,JOSE CRESPO Y CASTILLO,2018,23280
100604,JOSE CRESPO Y CASTILLO,2019,23581
100604,JOSE CRESPO Y CASTILLO,2020,23817
100604,JOSE CRESPO Y CASTILLO,2021,23875
100604,JOSE CRESPO Y CASTILLO,2022,23918
100604,JOSE CRESPO Y CASTILLO,2023,23949
100604,JOSE CRESPO Y CASTILLO,2024,23973
100604,JOSE CRESPO Y CASTILLO,2025,23994
100604,JOSE CRESPO Y CASTILLO,2026,24006
100605,LUYANDO,2017,9246.84051358234
100605,LUYANDO,2018,9335
100605,LUYANDO,2019,9424
100605,LUYANDO,2020,9485
100605,LUYANDO,2021,9505
100605,LUYANDO,2022,9519
100605,LUYANDO,2023,9529
100605,LUYANDO,2024,9535
100605,LUYANDO,2025,9541
100605,LUYANDO,2026,9543
100606,MARIANO DAMASO BERAUN,2017,10696.7418945843
100606,MARIANO DAMASO BERAUN,2018,10868
100606,MARIANO DAMASO BERAUN,2019,11042
100606,MARIANO DAMASO BERAUN,2020,11187
100606,MARIANO DAMASO BERAUN,2021,11304
100606,MARIANO DAMASO BERAUN,2022,11390
100606,MARIANO DAMASO BERAUN,2023,11455
100606,MARIANO DAMASO BERAUN,2024,11504
100606,MARIANO DAMASO BERAUN,2025,11549
100606,MARIANO DAMASO BERAUN,2026,11590
100607,PUCAYACU,2017,3900.02551020408
100607,PUCAYACU,2018,3910
100607,PUCAYACU,2019,3920
100607,PUCAYACU,2020,3917
100607,PUCAYACU,2021,3922
100607,PUCAYACU,2022,3924
100607,PUCAYACU,2023,3928
100607,PUCAYACU,2024,3932
100607,PUCAYACU,2025,3936
100607,PUCAYACU,2026,3938
100608,CASTILLO GRANDE,2017,13443.8711162255
100608,CASTILLO GRANDE,2018,13672
100608,CASTILLO GRANDE,2019,13904
100608,CASTILLO GRANDE,2020,14099
100608,CASTILLO GRANDE,2021,14260
100608,CASTILLO GRANDE,2022,14382
100608,CASTILLO GRANDE,2023,14476
100608,CASTILLO GRANDE,2024,14552
100608,CASTILLO GRANDE,2025,14622
100608,CASTILLO GRANDE,2026,14686
100609,PUEBLO NUEVO,2017,4461.04421385067
100609,PUEBLO NUEVO,2018,4447
100609,PUEBLO NUEVO,2019,4433
100609,PUEBLO NUEVO,2020,4406
100609,PUEBLO NUEVO,2021,4369
100609,PUEBLO NUEVO,2022,4320
100609,PUEBLO NUEVO,2023,4263
100609,PUEBLO NUEVO,2024,4200
100609,PUEBLO NUEVO,2025,4137
100609,PUEBLO NUEVO,2026,4072
100610,SANTO DOMINGO DE ANDA,2017,2750.23148148148
100610,SANTO DOMINGO DE ANDA,2018,2725
100610,SANTO DOMINGO DE ANDA,2019,2700
100610,SANTO DOMINGO DE ANDA,2020,2667
100610,SANTO DOMINGO DE ANDA,2021,2628
100610,SANTO DOMINGO DE ANDA,2022,2581
100610,SANTO DOMINGO DE ANDA,2023,2531
100610,SANTO DOMINGO DE ANDA,2024,2480
100610,SANTO DOMINGO DE ANDA,2025,2427
100610,SANTO DOMINGO DE ANDA,2026,2373
100701,HUACRACHUCO,2017,15214.0855897504
100701,HUACRACHUCO,2018,15178
100701,HUACRACHUCO,2019,15142
100701,HUACRACHUCO,2020,15048
100701,HUACRACHUCO,2021,15077
100701,HUACRACHUCO,2022,15077
100701,HUACRACHUCO,2023,15058
100701,HUACRACHUCO,2024,15026
100701,HUACRACHUCO,2025,14989
100701,HUACRACHUCO,2026,14948
100702,CHOLON,2017,5864.88098566935
100702,CHOLON,2018,5793
100702,CHOLON,2019,5722
100702,CHOLON,2020,5629
100702,CHOLON,2021,5573
100702,CHOLON,2022,5507
100702,CHOLON,2023,5432
100702,CHOLON,2024,5353
100702,CHOLON,2025,5273
100702,CHOLON,2026,5190
100703,SAN BUENAVENTURA,2017,2207.54043945769
100703,SAN BUENAVENTURA,2018,2173
100703,SAN BUENAVENTURA,2019,2139
100703,SAN BUENAVENTURA,2020,2097
100703,SAN BUENAVENTURA,2021,2059
100703,SAN BUENAVENTURA,2022,2010
100703,SAN BUENAVENTURA,2023,1956
100703,SAN BUENAVENTURA,2024,1898
100703,SAN BUENAVENTURA,2025,1839
100703,SAN BUENAVENTURA,2026,1779
100704,LA MORADA,2017,2863.28814055637
100704,LA MORADA,2018,3127
100704,LA MORADA,2019,3415
100704,LA MORADA,2020,3713
100704,LA MORADA,2021,3811
100704,LA MORADA,2022,3902
100704,LA MORADA,2023,3988
100704,LA MORADA,2024,4072
100704,LA MORADA,2025,4154
100704,LA MORADA,2026,4235
100705,SANTA ROSA DE ALTO YANAJANCA,2017,2333.25625
100705,SANTA ROSA DE ALTO YANAJANCA,2018,2444
100705,SANTA ROSA DE ALTO YANAJANCA,2019,2560
100705,SANTA ROSA DE ALTO YANAJANCA,2020,2673
100705,SANTA ROSA DE ALTO YANAJANCA,2021,2729
100705,SANTA ROSA DE ALTO YANAJANCA,2022,2781
100705,SANTA ROSA DE ALTO YANAJANCA,2023,2829
100705,SANTA ROSA DE ALTO YANAJANCA,2024,2875
100705,SANTA ROSA DE ALTO YANAJANCA,2025,2920
100705,SANTA ROSA DE ALTO YANAJANCA,2026,2965
100801,PANAO,2017,18509.6495544257
100801,PANAO,2018,18400
100801,PANAO,2019,18291
100801,PANAO,2020,18126
100801,PANAO,2021,17963
100801,PANAO,2022,17778
100801,PANAO,2023,17579
100801,PANAO,2024,17376
100801,PANAO,2025,17175
100801,PANAO,2026,16978
100802,CHAGLLA,2017,10952.3948469291
100802,CHAGLLA,2018,10733
100802,CHAGLLA,2019,10518
100802,CHAGLLA,2020,10278
100802,CHAGLLA,2021,10009
100802,CHAGLLA,2022,9714
100802,CHAGLLA,2023,9405
100802,CHAGLLA,2024,9093
100802,CHAGLLA,2025,8791
100802,CHAGLLA,2026,8495
100803,MOLINO,2017,11204.6862194016
100803,MOLINO,2018,11117
100803,MOLINO,2019,11030
100803,MOLINO,2020,10912
100803,MOLINO,2021,10601
100803,MOLINO,2022,10277
100803,MOLINO,2023,9946
100803,MOLINO,2024,9614
100803,MOLINO,2025,9284
100803,MOLINO,2026,8958
100804,UMARI,2017,12051.4459121742
100804,UMARI,2018,11620
100804,UMARI,2019,11204
100804,UMARI,2020,10770
100804,UMARI,2021,10413
100804,UMARI,2022,10043
100804,UMARI,2023,9667
100804,UMARI,2024,9289
100804,UMARI,2025,8915
100804,UMARI,2026,8543
100901,PUERTO INCA,2017,10134.3287958115
100901,PUERTO INCA,2018,10318
100901,PUERTO INCA,2019,10505
100901,PUERTO INCA,2020,10665
100901,PUERTO INCA,2021,10781
100901,PUERTO INCA,2022,10870
100901,PUERTO INCA,2023,10938
100901,PUERTO INCA,2024,10993
100901,PUERTO INCA,2025,11040
100901,PUERTO INCA,2026,11084
100902,CODO DEL POZUZO,2017,7664.10960942343
100902,CODO DEL POZUZO,2018,7862
100902,CODO DEL POZUZO,2019,8065
100902,CODO DEL POZUZO,2020,8248
100902,CODO DEL POZUZO,2021,8400
100902,CODO DEL POZUZO,2022,8532
100902,CODO DEL POZUZO,2023,8647
100902,CODO DEL POZUZO,2024,8753
100902,CODO DEL POZUZO,2025,8857
100902,CODO DEL POZUZO,2026,8955
100903,HONORIA,2017,4976.7413509061
100903,HONORIA,2018,4916
100903,HONORIA,2019,4856
100903,HONORIA,2020,4782
100903,HONORIA,2021,4711
100903,HONORIA,2022,4637
100903,HONORIA,2023,4562
100903,HONORIA,2024,4485
100903,HONORIA,2025,4408
100903,HONORIA,2026,4332
100904,TOURNAVISTA,2017,6145.00950155763
100904,TOURNAVISTA,2018,6281
100904,TOURNAVISTA,2019,6420
100904,TOURNAVISTA,2020,6543
100904,TOURNAVISTA,2021,6642
100904,TOURNAVISTA,2022,6723
100904,TOURNAVISTA,2023,6789
100904,TOURNAVISTA,2024,6850
100904,TOURNAVISTA,2025,6909
100904,TOURNAVISTA,2026,6964
100905,YUYAPICHIS,2017,6574.63022076372
100905,YUYAPICHIS,2018,6639
100905,YUYAPICHIS,2019,6704
100905,YUYAPICHIS,2020,6749
100905,YUYAPICHIS,2021,6772
100905,YUYAPICHIS,2022,6791
100905,YUYAPICHIS,2023,6807
100905,YUYAPICHIS,2024,6822
100905,YUYAPICHIS,2025,6836
100905,YUYAPICHIS,2026,6850
101001,JESUS,2017,4401.95886385896
101001,JESUS,2018,4240
101001,JESUS,2019,4084
101001,JESUS,2020,3921
101001,JESUS,2021,3751
101001,JESUS,2022,3578
101001,JESUS,2023,3407
101001,JESUS,2024,3240
101001,JESUS,2025,3079
101001,JESUS,2026,2924
101002,BAÑOS,2017,2156.44650900901
101002,BAÑOS,2018,1957
101002,BAÑOS,2019,1776
101002,BAÑOS,2020,1606
101002,BAÑOS,2021,1447
101002,BAÑOS,2022,1301
101002,BAÑOS,2023,1167
101002,BAÑOS,2024,1046
101002,BAÑOS,2025,937
101002,BAÑOS,2026,839
101003,JIVIA,2017,1298.60357142857
101003,JIVIA,2018,1206
101003,JIVIA,2019,1120
101003,JIVIA,2020,1035
101003,JIVIA,2021,950
101003,JIVIA,2022,869
101003,JIVIA,2023,790
101003,JIVIA,2024,714
101003,JIVIA,2025,644
101003,JIVIA,2026,578
101004,QUEROPALCA,2017,1070.37037037037
101004,QUEROPALCA,2018,1020
101004,QUEROPALCA,2019,972
101004,QUEROPALCA,2020,924
101004,QUEROPALCA,2021,875
101004,QUEROPALCA,2022,827
101004,QUEROPALCA,2023,780
101004,QUEROPALCA,2024,735
101004,QUEROPALCA,2025,691
101004,QUEROPALCA,2026,650
101005,RONDOS,2017,4074.38729451101
101005,RONDOS,2018,3824
101005,RONDOS,2019,3589
101005,RONDOS,2020,3356
101005,RONDOS,2021,3123
101005,RONDOS,2022,2896
101005,RONDOS,2023,2679
101005,RONDOS,2024,2473
101005,RONDOS,2025,2279
101005,RONDOS,2026,2096
101006,SAN FRANCISCO DE ASIS,2017,1379.46291768541
101006,SAN FRANCISCO DE ASIS,2018,1301
101006,SAN FRANCISCO DE ASIS,2019,1227
101006,SAN FRANCISCO DE ASIS,2020,1152
101006,SAN FRANCISCO DE ASIS,2021,1078
101006,SAN FRANCISCO DE ASIS,2022,1007
101006,SAN FRANCISCO DE ASIS,2023,939
101006,SAN FRANCISCO DE ASIS,2024,874
101006,SAN FRANCISCO DE ASIS,2025,813
101006,SAN FRANCISCO DE ASIS,2026,756
101007,SAN MIGUEL DE CAURI,2017,5932.23844011142
101007,SAN MIGUEL DE CAURI,2018,5652
101007,SAN MIGUEL DE CAURI,2019,5385
101007,SAN MIGUEL DE CAURI,2020,5120
101007,SAN MIGUEL DE CAURI,2021,4856
101007,SAN MIGUEL DE CAURI,2022,4599
101007,SAN MIGUEL DE CAURI,2023,4353
101007,SAN MIGUEL DE CAURI,2024,4119
101007,SAN MIGUEL DE CAURI,2025,3899
101007,SAN MIGUEL DE CAURI,2026,3692
101101,CHAVINILLO,2017,5051.07284628378
101101,CHAVINILLO,2018,4891
101101,CHAVINILLO,2019,4736
101101,CHAVINILLO,2020,4570
101101,CHAVINILLO,2021,4390
101101,CHAVINILLO,2022,4207
101101,CHAVINILLO,2023,4026
101101,CHAVINILLO,2024,3848
101101,CHAVINILLO,2025,3682
101101,CHAVINILLO,2026,3523
101102,CAHUAC,2017,1268.15503875969
101102,CAHUAC,2018,1144
101102,CAHUAC,2019,1032
101102,CAHUAC,2020,928
101102,CAHUAC,2021,874
101102,CAHUAC,2022,821
101102,CAHUAC,2023,768
101102,CAHUAC,2024,716
101102,CAHUAC,2025,664
101102,CAHUAC,2026,613
101103,CHACABAMBA,2017,1203.29364278507
101103,CHACABAMBA,2018,1092
101103,CHACABAMBA,2019,991
101103,CHACABAMBA,2020,898
101103,CHACABAMBA,2021,847
101103,CHACABAMBA,2022,795
101103,CHACABAMBA,2023,745
101103,CHACABAMBA,2024,694
101103,CHACABAMBA,2025,645
101103,CHACABAMBA,2026,595
101104,APARICIO POMARES,2017,5028.48754375129
101104,APARICIO POMARES,2018,4942
101104,APARICIO POMARES,2019,4857
101104,APARICIO POMARES,2020,4754
101104,APARICIO POMARES,2021,4566
101104,APARICIO POMARES,2022,4379
101104,APARICIO POMARES,2023,4194
101104,APARICIO POMARES,2024,4013
101104,APARICIO POMARES,2025,3836
101104,APARICIO POMARES,2026,3661
101105,JACAS CHICO,2017,1176.95291902072
101105,JACAS CHICO,2018,1118
101105,JACAS CHICO,2019,1062
101105,JACAS CHICO,2020,1006
101105,JACAS CHICO,2021,948
101105,JACAS CHICO,2022,892
101105,JACAS CHICO,2023,837
101105,JACAS CHICO,2024,786
101105,JACAS CHICO,2025,737
101105,JACAS CHICO,2026,693
101106,OBAS,2017,4164.32761310452
101106,OBAS,2018,4002
101106,OBAS,2019,3846
101106,OBAS,2020,3684
101106,OBAS,2021,3513
101106,OBAS,2022,3342
101106,OBAS,2023,3175
101106,OBAS,2024,3014
101106,OBAS,2025,2863
101106,OBAS,2026,2721
101107,PAMPAMARCA,2017,1213.7244611059
101107,PAMPAMARCA,2018,1138
101107,PAMPAMARCA,2019,1067
101107,PAMPAMARCA,2020,996
101107,PAMPAMARCA,2021,925
101107,PAMPAMARCA,2022,859
101107,PAMPAMARCA,2023,794
101107,PAMPAMARCA,2024,736
101107,PAMPAMARCA,2025,681
101107,PAMPAMARCA,2026,631
101108,CHORAS,2017,2178.17554540842
101108,CHORAS,2018,2072
101108,CHORAS,2019,1971
101108,CHORAS,2020,1869
101108,CHORAS,2021,1764
101108,CHORAS,2022,1661
101108,CHORAS,2023,1563
101108,CHORAS,2024,1470
101108,CHORAS,2025,1381
101108,CHORAS,2026,1300
110101,ICA,2017,155996.083401134
110101,ICA,2018,160288
110101,ICA,2019,164698
110101,ICA,2020,168765
110101,ICA,2021,173261
110101,ICA,2022,177538
110101,ICA,2023,181683
110101,ICA,2024,185788
110101,ICA,2025,189946
110101,ICA,2026,194155
110102,LA TINGUIÑA,2017,41646.6217861219
110102,LA TINGUIÑA,2018,43141
110102,LA TINGUIÑA,2019,44689
110102,LA TINGUIÑA,2020,46164
110102,LA TINGUIÑA,2021,47727
110102,LA TINGUIÑA,2022,49227
110102,LA TINGUIÑA,2023,50694
110102,LA TINGUIÑA,2024,52159
110102,LA TINGUIÑA,2025,53650
110102,LA TINGUIÑA,2026,55168
110103,LOS AQUIJES,2017,22880.1423205848
110103,LOS AQUIJES,2018,23802
110103,LOS AQUIJES,2019,24761
110103,LOS AQUIJES,2020,25686
110103,LOS AQUIJES,2021,26242
110103,LOS AQUIJES,2022,26796
110103,LOS AQUIJES,2023,27349
110103,LOS AQUIJES,2024,27906
110103,LOS AQUIJES,2025,28470
110103,LOS AQUIJES,2026,29041
110104,OCUCAJE,2017,4700.56202480992
110104,OCUCAJE,2018,4847
110104,OCUCAJE,2019,4998
110104,OCUCAJE,2020,5141
110104,OCUCAJE,2021,5297
110104,OCUCAJE,2022,5448
110104,OCUCAJE,2023,5597
110104,OCUCAJE,2024,5744
110104,OCUCAJE,2025,5893
110104,OCUCAJE,2026,6046
110105,PACHACUTEC,2017,7612.66964064436
110105,PACHACUTEC,2018,7838
110105,PACHACUTEC,2019,8070
110105,PACHACUTEC,2020,8284
110105,PACHACUTEC,2021,8519
110105,PACHACUTEC,2022,8741
110105,PACHACUTEC,2023,8955
110105,PACHACUTEC,2024,9168
110105,PACHACUTEC,2025,9381
110105,PACHACUTEC,2026,9596
110106,PARCONA,2017,57255.8227813944
110106,PARCONA,2018,58266
110106,PARCONA,2019,59294
110106,PARCONA,2020,60173
110106,PARCONA,2021,61178
110106,PARCONA,2022,62071
110106,PARCONA,2023,62883
110106,PARCONA,2024,63641
110106,PARCONA,2025,64373
110106,PARCONA,2026,65073
110107,PUEBLO NUEVO,2017,6632.46537396122
110107,PUEBLO NUEVO,2018,6920
110107,PUEBLO NUEVO,2019,7220
110107,PUEBLO NUEVO,2020,7513
110107,PUEBLO NUEVO,2021,7832
110107,PUEBLO NUEVO,2022,8150
110107,PUEBLO NUEVO,2023,8469
110107,PUEBLO NUEVO,2024,8795
110107,PUEBLO NUEVO,2025,9131
110107,PUEBLO NUEVO,2026,9477
110108,SALAS,2017,26675.1626600918
110108,SALAS,2018,27910
110108,SALAS,2019,29202
110108,SALAS,2020,30467
110108,SALAS,2021,31068
110108,SALAS,2022,31666
110108,SALAS,2023,32263
110108,SALAS,2024,32864
110108,SALAS,2025,33472
110108,SALAS,2026,34088
110109,SAN JOSE DE LOS MOLINOS,2017,7425.86813468186
110109,SAN JOSE DE LOS MOLINOS,2018,7616
110109,SAN JOSE DE LOS MOLINOS,2019,7811
110109,SAN JOSE DE LOS MOLINOS,2020,7989
110109,SAN JOSE DE LOS MOLINOS,2021,8186
110109,SAN JOSE DE LOS MOLINOS,2022,8372
110109,SAN JOSE DE LOS MOLINOS,2023,8552
110109,SAN JOSE DE LOS MOLINOS,2024,8727
110109,SAN JOSE DE LOS MOLINOS,2025,8906
110109,SAN JOSE DE LOS MOLINOS,2026,9086
110110,SAN JUAN BAUTISTA,2017,14616.6328217237
110110,SAN JUAN BAUTISTA,2018,14928
110110,SAN JUAN BAUTISTA,2019,15246
110110,SAN JUAN BAUTISTA,2020,15527
110110,SAN JUAN BAUTISTA,2021,15845
110110,SAN JUAN BAUTISTA,2022,16137
110110,SAN JUAN BAUTISTA,2023,16414
110110,SAN JUAN BAUTISTA,2024,16683
110110,SAN JUAN BAUTISTA,2025,16952
110110,SAN JUAN BAUTISTA,2026,17222
110111,SANTIAGO,2017,28803.9976207785
110111,SANTIAGO,2018,29524
110111,SANTIAGO,2019,30262
110111,SANTIAGO,2020,30933
110111,SANTIAGO,2021,31591
110111,SANTIAGO,2022,32245
110111,SANTIAGO,2023,32899
110111,SANTIAGO,2024,33558
110111,SANTIAGO,2025,34224
110111,SANTIAGO,2026,34899
110112,SUBTANJALLA,2017,28514.8350545129
110112,SUBTANJALLA,2018,29864
110112,SUBTANJALLA,2019,31277
110112,SUBTANJALLA,2020,32666
110112,SUBTANJALLA,2021,33358
110112,SUBTANJALLA,2022,34046
110112,SUBTANJALLA,2023,34735
110112,SUBTANJALLA,2024,35428
110112,SUBTANJALLA,2025,36130
110112,SUBTANJALLA,2026,36840
110113,TATE,2017,4867.37954768928
110113,TATE,2018,4975
110113,TATE,2019,5085
110113,TATE,2020,5184
110113,TATE,2021,5295
110113,TATE,2022,5398
110113,TATE,2023,5496
110113,TATE,2024,5591
110113,TATE,2025,5687
110113,TATE,2026,5783
110114,YAUCA DEL ROSARIO,2017,1217.18043303929
110114,YAUCA DEL ROSARIO,2018,1232
110114,YAUCA DEL ROSARIO,2019,1247
110114,YAUCA DEL ROSARIO,2020,1260
110114,YAUCA DEL ROSARIO,2021,1278
110114,YAUCA DEL ROSARIO,2022,1296
110114,YAUCA DEL ROSARIO,2023,1315
110114,YAUCA DEL ROSARIO,2024,1333
110114,YAUCA DEL ROSARIO,2025,1350
110114,YAUCA DEL ROSARIO,2026,1366
110201,CHINCHA ALTA,2017,72014.8491110935
110201,CHINCHA ALTA,2018,73730
110201,CHINCHA ALTA,2019,75486
110201,CHINCHA ALTA,2020,77070
110201,CHINCHA ALTA,2021,78523
110201,CHINCHA ALTA,2022,79899
110201,CHINCHA ALTA,2023,81231
110201,CHINCHA ALTA,2024,82545
110201,CHINCHA ALTA,2025,83871
110201,CHINCHA ALTA,2026,85207
110202,ALTO LARAN,2017,8113.25199675889
110202,ALTO LARAN,2018,8372
110202,ALTO LARAN,2019,8639
110202,ALTO LARAN,2020,8891
110202,ALTO LARAN,2021,9119
110202,ALTO LARAN,2022,9339
110202,ALTO LARAN,2023,9551
110202,ALTO LARAN,2024,9760
110202,ALTO LARAN,2025,9971
110202,ALTO LARAN,2026,10182
110203,CHAVIN,2017,2086.01588594705
110203,CHAVIN,2018,2263
110203,CHAVIN,2019,2455
110203,CHAVIN,2020,2658
110203,CHAVIN,2021,2856
110203,CHAVIN,2022,3057
110203,CHAVIN,2023,3261
110203,CHAVIN,2024,3469
110203,CHAVIN,2025,3683
110203,CHAVIN,2026,3903
110204,CHINCHA BAJA,2017,13905.3399763905
110204,CHINCHA BAJA,2018,14151
110204,CHINCHA BAJA,2019,14401
110204,CHINCHA BAJA,2020,14613
110204,CHINCHA BAJA,2021,14783
110204,CHINCHA BAJA,2022,14928
110204,CHINCHA BAJA,2023,15055
110204,CHINCHA BAJA,2024,15172
110204,CHINCHA BAJA,2025,15285
110204,CHINCHA BAJA,2026,15392
110205,EL CARMEN,2017,13288.8486722445
110205,EL CARMEN,2018,13515
110205,EL CARMEN,2019,13745
110205,EL CARMEN,2020,13940
110205,EL CARMEN,2021,14093
110205,EL CARMEN,2022,14222
110205,EL CARMEN,2023,14335
110205,EL CARMEN,2024,14437
110205,EL CARMEN,2025,14534
110205,EL CARMEN,2026,14628
110206,GROCIO PRADO,2017,26599.26270167
110206,GROCIO PRADO,2018,27419
110206,GROCIO PRADO,2019,28264
110206,GROCIO PRADO,2020,29052
110206,GROCIO PRADO,2021,29770
110206,GROCIO PRADO,2022,30450
110206,GROCIO PRADO,2023,31106
110206,GROCIO PRADO,2024,31753
110206,GROCIO PRADO,2025,32403
110206,GROCIO PRADO,2026,33053
110207,PUEBLO NUEVO,2017,67295.0404972662
110207,PUEBLO NUEVO,2018,69371
110207,PUEBLO NUEVO,2019,71511
110207,PUEBLO NUEVO,2020,73510
110207,PUEBLO NUEVO,2021,75326
110207,PUEBLO NUEVO,2022,77050
110207,PUEBLO NUEVO,2023,78716
110207,PUEBLO NUEVO,2024,80353
110207,PUEBLO NUEVO,2025,81998
110207,PUEBLO NUEVO,2026,83646
110208,SAN JUAN DE YANAC,2017,1227.69291859696
110208,SAN JUAN DE YANAC,2018,1362
110208,SAN JUAN DE YANAC,2019,1511
110208,SAN JUAN DE YANAC,2020,1673
110208,SAN JUAN DE YANAC,2021,1831
110208,SAN JUAN DE YANAC,2022,1993
110208,SAN JUAN DE YANAC,2023,2157
110208,SAN JUAN DE YANAC,2024,2326
110208,SAN JUAN DE YANAC,2025,2499
110208,SAN JUAN DE YANAC,2026,2678
110209,SAN PEDRO DE HUACARPANA,2017,1041.18334892423
110209,SAN PEDRO DE HUACARPANA,2018,1055
110209,SAN PEDRO DE HUACARPANA,2019,1069
110209,SAN PEDRO DE HUACARPANA,2020,1083
110209,SAN PEDRO DE HUACARPANA,2021,1098
110209,SAN PEDRO DE HUACARPANA,2022,1111
110209,SAN PEDRO DE HUACARPANA,2023,1126
110209,SAN PEDRO DE HUACARPANA,2024,1144
110209,SAN PEDRO DE HUACARPANA,2025,1162
110209,SAN PEDRO DE HUACARPANA,2026,1184
110210,SUNAMPE,2017,30411.6577133275
110210,SUNAMPE,2018,31295
110210,SUNAMPE,2019,32204
110210,SUNAMPE,2020,33046
110210,SUNAMPE,2021,33809
110210,SUNAMPE,2022,34535
110210,SUNAMPE,2023,35235
110210,SUNAMPE,2024,35927
110210,SUNAMPE,2025,36625
110210,SUNAMPE,2026,37329
110211,TAMBO DE MORA,2017,6037.34598562949
110211,TAMBO DE MORA,2018,6217
110211,TAMBO DE MORA,2019,6402
110211,TAMBO DE MORA,2020,6574
110211,TAMBO DE MORA,2021,6730
110211,TAMBO DE MORA,2022,6879
110211,TAMBO DE MORA,2023,7023
110211,TAMBO DE MORA,2024,7165
110211,TAMBO DE MORA,2025,7309
110211,TAMBO DE MORA,2026,7454
110301,NASCA,2017,28711.9770637533
110301,NASCA,2018,29090
110301,NASCA,2019,29473
110301,NASCA,2020,29772
110301,NASCA,2021,30312
110301,NASCA,2022,30819
110301,NASCA,2023,31304
110301,NASCA,2024,31780
110301,NASCA,2025,32259
110301,NASCA,2026,32744
110302,CHANGUILLO,2017,2105.29002320186
110302,CHANGUILLO,2018,2130
110302,CHANGUILLO,2019,2155
110302,CHANGUILLO,2020,2175
110302,CHANGUILLO,2021,2214
110302,CHANGUILLO,2022,2247
110302,CHANGUILLO,2023,2282
110302,CHANGUILLO,2024,2313
110302,CHANGUILLO,2025,2347
110302,CHANGUILLO,2026,2379
110303,EL INGENIO,2017,3394.27275304792
110303,EL INGENIO,2018,3460
110303,EL INGENIO,2019,3527
110303,EL INGENIO,2020,3585
110303,EL INGENIO,2021,3669
110303,EL INGENIO,2022,3749
110303,EL INGENIO,2023,3825
110303,EL INGENIO,2024,3901
110303,EL INGENIO,2025,3977
110303,EL INGENIO,2026,4054
110304,MARCONA,2017,16540.3368445026
110304,MARCONA,2018,17044
110304,MARCONA,2019,17563
110304,MARCONA,2020,18046
110304,MARCONA,2021,18634
110304,MARCONA,2022,19194
110304,MARCONA,2023,19732
110304,MARCONA,2024,20265
110304,MARCONA,2025,20803
110304,MARCONA,2026,21346
110305,VISTA ALEGRE,2017,21522.4603374995
110305,VISTA ALEGRE,2018,22615
110305,VISTA ALEGRE,2019,23763
110305,VISTA ALEGRE,2020,24894
110305,VISTA ALEGRE,2021,25456
110305,VISTA ALEGRE,2022,26003
110305,VISTA ALEGRE,2023,26541
110305,VISTA ALEGRE,2024,27075
110305,VISTA ALEGRE,2025,27612
110305,VISTA ALEGRE,2026,28151
110401,PALPA,2017,8281.79718244266
110401,PALPA,2018,8434
110401,PALPA,2019,8589
110401,PALPA,2020,8722
110401,PALPA,2021,8842
110401,PALPA,2022,8952
110401,PALPA,2023,9056
110401,PALPA,2024,9160
110401,PALPA,2025,9263
110401,PALPA,2026,9365
110402,LLIPATA,2017,1662.70727482679
110402,LLIPATA,2018,1697
110402,LLIPATA,2019,1732
110402,LLIPATA,2020,1765
110402,LLIPATA,2021,1798
110402,LLIPATA,2022,1829
110402,LLIPATA,2023,1859
110402,LLIPATA,2024,1891
110402,LLIPATA,2025,1924
110402,LLIPATA,2026,1957
110403,RIO GRANDE,2017,2870.26794258373
110403,RIO GRANDE,2018,2898
110403,RIO GRANDE,2019,2926
110403,RIO GRANDE,2020,2946
110403,RIO GRANDE,2021,2970
110403,RIO GRANDE,2022,2995
110403,RIO GRANDE,2023,3021
110403,RIO GRANDE,2024,3046
110403,RIO GRANDE,2025,3073
110403,RIO GRANDE,2026,3100
110404,SANTA CRUZ,2017,1033.00866217517
110404,SANTA CRUZ,2018,1036
110404,SANTA CRUZ,2019,1039
110404,SANTA CRUZ,2020,1037
110404,SANTA CRUZ,2021,1038
110404,SANTA CRUZ,2022,1041
110404,SANTA CRUZ,2023,1045
110404,SANTA CRUZ,2024,1046
110404,SANTA CRUZ,2025,1048
110404,SANTA CRUZ,2026,1051
110405,TIBILLO,2017,370.010928961749
110405,TIBILLO,2018,368
110405,TIBILLO,2019,366
110405,TIBILLO,2020,362
110405,TIBILLO,2021,360
110405,TIBILLO,2022,358
110405,TIBILLO,2023,356
110405,TIBILLO,2024,355
110405,TIBILLO,2025,352
110405,TIBILLO,2026,351
110501,PISCO,2017,71737.5759102688
110501,PISCO,2018,74035
110501,PISCO,2019,76406
110501,PISCO,2020,78636
110501,PISCO,2021,80733
110501,PISCO,2022,82721
110501,PISCO,2023,84646
110501,PISCO,2024,86548
110501,PISCO,2025,88467
110501,PISCO,2026,90405
110502,HUANCANO,2017,1510.21981004071
110502,HUANCANO,2018,1492
110502,HUANCANO,2019,1474
110502,HUANCANO,2020,1452
110502,HUANCANO,2021,1448
110502,HUANCANO,2022,1443
110502,HUANCANO,2023,1437
110502,HUANCANO,2024,1432
110502,HUANCANO,2025,1426
110502,HUANCANO,2026,1420
110503,HUMAY,2017,5707.46532438479
110503,HUMAY,2018,5759
110503,HUMAY,2019,5811
110503,HUMAY,2020,5846
110503,HUMAY,2021,5886
110503,HUMAY,2022,5923
110503,HUMAY,2023,5958
110503,HUMAY,2024,5990
110503,HUMAY,2025,6022
110503,HUMAY,2026,6055
110504,INDEPENDENCIA,2017,13904.6208121474
110504,INDEPENDENCIA,2018,14129
110504,INDEPENDENCIA,2019,14357
110504,INDEPENDENCIA,2020,14544
110504,INDEPENDENCIA,2021,14733
110504,INDEPENDENCIA,2022,14908
110504,INDEPENDENCIA,2023,15074
110504,INDEPENDENCIA,2024,15235
110504,INDEPENDENCIA,2025,15397
110504,INDEPENDENCIA,2026,15559
110505,PARACAS,2017,7445.15627950897
110505,PARACAS,2018,7942
110505,PARACAS,2019,8472
110505,PARACAS,2020,9011
110505,PARACAS,2021,9546
110505,PARACAS,2022,10082
110505,PARACAS,2023,10622
110505,PARACAS,2024,11173
110505,PARACAS,2025,11739
110505,PARACAS,2026,12318
110506,SAN ANDRES,2017,15163.4163384576
110506,SAN ANDRES,2018,15450
110506,SAN ANDRES,2019,15742
110506,SAN ANDRES,2020,15995
110506,SAN ANDRES,2021,16242
110506,SAN ANDRES,2022,16471
110506,SAN ANDRES,2023,16690
110506,SAN ANDRES,2024,16903
110506,SAN ANDRES,2025,17118
110506,SAN ANDRES,2026,17331
110507,SAN CLEMENTE,2017,26086.3448633196
110507,SAN CLEMENTE,2018,27019
110507,SAN CLEMENTE,2019,27985
110507,SAN CLEMENTE,2020,28904
110507,SAN CLEMENTE,2021,29776
110507,SAN CLEMENTE,2022,30611
110507,SAN CLEMENTE,2023,31423
110507,SAN CLEMENTE,2024,32227
110507,SAN CLEMENTE,2025,33037
110507,SAN CLEMENTE,2026,33853
110508,TUPAC AMARU INCA,2017,18191.8831690398
110508,TUPAC AMARU INCA,2018,18676
110508,TUPAC AMARU INCA,2019,19173
110508,TUPAC AMARU INCA,2020,19628
110508,TUPAC AMARU INCA,2021,19872
110508,TUPAC AMARU INCA,2022,20110
110508,TUPAC AMARU INCA,2023,20341
110508,TUPAC AMARU INCA,2024,20570
110508,TUPAC AMARU INCA,2025,20797
110508,TUPAC AMARU INCA,2026,21021
120101,HUANCAYO,2017,121867.201215373
120101,HUANCAYO,2018,122804
120101,HUANCAYO,2019,123748
120101,HUANCAYO,2020,124294
120101,HUANCAYO,2021,125146
120101,HUANCAYO,2022,125709
120101,HUANCAYO,2023,126080
120101,HUANCAYO,2024,126352
120101,HUANCAYO,2025,126618
120101,HUANCAYO,2026,126869
120104,CARHUACALLANGA,2017,539.075203252033
120104,CARHUACALLANGA,2018,515
120104,CARHUACALLANGA,2019,492
120104,CARHUACALLANGA,2020,468
120104,CARHUACALLANGA,2021,449
120104,CARHUACALLANGA,2022,431
120104,CARHUACALLANGA,2023,416
120104,CARHUACALLANGA,2024,402
120104,CARHUACALLANGA,2025,389
120104,CARHUACALLANGA,2026,376
120105,CHACAPAMPA,2017,1002.3744813278
120105,CHACAPAMPA,2018,983
120105,CHACAPAMPA,2019,964
120105,CHACAPAMPA,2020,941
120105,CHACAPAMPA,2021,920
120105,CHACAPAMPA,2022,899
120105,CHACAPAMPA,2023,880
120105,CHACAPAMPA,2024,862
120105,CHACAPAMPA,2025,844
120105,CHACAPAMPA,2026,827
120106,CHICCHE,2017,798.787586206897
120106,CHICCHE,2018,761
120106,CHICCHE,2019,725
120106,CHICCHE,2020,687
120106,CHICCHE,2021,656
120106,CHICCHE,2022,630
120106,CHICCHE,2023,606
120106,CHICCHE,2024,584
120106,CHICCHE,2025,562
120106,CHICCHE,2026,541
120107,CHILCA,2017,94684.1313645725
120107,CHILCA,2018,96609
120107,CHILCA,2019,98573
120107,CHILCA,2020,100252
120107,CHILCA,2021,101522
120107,CHILCA,2022,102548
120107,CHILCA,2023,103407
120107,CHILCA,2024,104173
120107,CHILCA,2025,104922
120107,CHILCA,2026,105647
120108,CHONGOS ALTO,2017,1562.07857142857
120108,CHONGOS ALTO,2018,1551
120108,CHONGOS ALTO,2019,1540
120108,CHONGOS ALTO,2020,1523
120108,CHONGOS ALTO,2021,1503
120108,CHONGOS ALTO,2022,1481
120108,CHONGOS ALTO,2023,1459
120108,CHONGOS ALTO,2024,1437
120108,CHONGOS ALTO,2025,1416
120108,CHONGOS ALTO,2026,1395
120111,CHUPURO,2017,2084.01717557252
120111,CHUPURO,2018,2090
120111,CHUPURO,2019,2096
120111,CHUPURO,2020,2095
120111,CHUPURO,2021,2083
120111,CHUPURO,2022,2065
120111,CHUPURO,2023,2044
120111,CHUPURO,2024,2023
120111,CHUPURO,2025,2003
120111,CHUPURO,2026,1982
120112,COLCA,2017,1081.27602674308
120112,COLCA,2018,1064
120112,COLCA,2019,1047
120112,COLCA,2020,1032
120112,COLCA,2021,1014
120112,COLCA,2022,996
120112,COLCA,2023,978
120112,COLCA,2024,960
120112,COLCA,2025,943
120112,COLCA,2026,926
120113,CULLHUAS,2017,1440.43301258327
120113,CULLHUAS,2018,1395
120113,CULLHUAS,2019,1351
120113,CULLHUAS,2020,1308
120113,CULLHUAS,2021,1269
120113,CULLHUAS,2022,1233
120113,CULLHUAS,2023,1199
120113,CULLHUAS,2024,1167
120113,CULLHUAS,2025,1138
120113,CULLHUAS,2026,1108
120114,EL TAMBO,2017,169150.630887613
120114,EL TAMBO,2018,171500
120114,EL TAMBO,2019,173882
120114,EL TAMBO,2020,175725
120114,EL TAMBO,2021,177221
120114,EL TAMBO,2022,178306
120114,EL TAMBO,2023,179110
120114,EL TAMBO,2024,179769
120114,EL TAMBO,2025,180415
120114,EL TAMBO,2026,181033
120116,HUACRAPUQUIO,2017,1420
120116,HUACRAPUQUIO,2018,1420
120116,HUACRAPUQUIO,2019,1420
120116,HUACRAPUQUIO,2020,1415
120116,HUACRAPUQUIO,2021,1403
120116,HUACRAPUQUIO,2022,1390
120116,HUACRAPUQUIO,2023,1374
120116,HUACRAPUQUIO,2024,1358
120116,HUACRAPUQUIO,2025,1341
120116,HUACRAPUQUIO,2026,1326
120117,HUALHUAS,2017,5443.46111587983
120117,HUALHUAS,2018,5631
120117,HUALHUAS,2019,5825
120117,HUALHUAS,2020,6006
120117,HUALHUAS,2021,6056
120117,HUALHUAS,2022,6092
120117,HUALHUAS,2023,6118
120117,HUALHUAS,2024,6139
120117,HUALHUAS,2025,6160
120117,HUALHUAS,2026,6180
120119,HUANCAN,2017,25582.1385975375
120119,HUANCAN,2018,27005
120119,HUANCAN,2019,28507
120119,HUANCAN,2020,29996
120119,HUANCAN,2021,30981
120119,HUANCAN,2022,31882
120119,HUANCAN,2023,32720
120119,HUANCAN,2024,33516
120119,HUANCAN,2025,34295
120119,HUANCAN,2026,35054
120120,HUASICANCHA,2017,877.141520467836
120120,HUASICANCHA,2018,866
120120,HUASICANCHA,2019,855
120120,HUASICANCHA,2020,840
120120,HUASICANCHA,2021,825
120120,HUASICANCHA,2022,810
120120,HUASICANCHA,2023,796
120120,HUASICANCHA,2024,781
120120,HUASICANCHA,2025,768
120120,HUASICANCHA,2026,754
120121,HUAYUCACHI,2017,10212.7917795423
120121,HUAYUCACHI,2018,10456
120121,HUAYUCACHI,2019,10705
120121,HUAYUCACHI,2020,10925
120121,HUAYUCACHI,2021,11007
120121,HUAYUCACHI,2022,11063
120121,HUAYUCACHI,2023,11102
120121,HUAYUCACHI,2024,11132
120121,HUAYUCACHI,2025,11161
120121,HUAYUCACHI,2026,11189
120122,INGENIO,2017,2506.11690938511
120122,INGENIO,2018,2489
120122,INGENIO,2019,2472
120122,INGENIO,2020,2448
120122,INGENIO,2021,2417
120122,INGENIO,2022,2384
120122,INGENIO,2023,2349
120122,INGENIO,2024,2315
120122,INGENIO,2025,2281
120122,INGENIO,2026,2249
120124,PARIAHUANCA,2017,5617.30759162304
120124,PARIAHUANCA,2018,5481
120124,PARIAHUANCA,2019,5348
120124,PARIAHUANCA,2020,5201
120124,PARIAHUANCA,2021,5056
120124,PARIAHUANCA,2022,4902
120124,PARIAHUANCA,2023,4744
120124,PARIAHUANCA,2024,4586
120124,PARIAHUANCA,2025,4431
120124,PARIAHUANCA,2026,4280
120125,PILCOMAYO,2017,20981.4298558026
120125,PILCOMAYO,2018,21979
120125,PILCOMAYO,2019,23024
120125,PILCOMAYO,2020,24039
120125,PILCOMAYO,2021,24862
120125,PILCOMAYO,2022,25618
120125,PILCOMAYO,2023,26322
120125,PILCOMAYO,2024,26992
120125,PILCOMAYO,2025,27648
120125,PILCOMAYO,2026,28287
120126,PUCARA,2017,5059.75369657687
120126,PUCARA,2018,4998
120126,PUCARA,2019,4937
120126,PUCARA,2020,4859
120126,PUCARA,2021,4777
120126,PUCARA,2022,4695
120126,PUCARA,2023,4613
120126,PUCARA,2024,4533
120126,PUCARA,2025,4455
120126,PUCARA,2026,4379
120127,QUICHUAY,2017,1937
120127,QUICHUAY,2018,1937
120127,QUICHUAY,2019,1937
120127,QUICHUAY,2020,1931
120127,QUICHUAY,2021,1916
120127,QUICHUAY,2022,1896
120127,QUICHUAY,2023,1876
120127,QUICHUAY,2024,1853
120127,QUICHUAY,2025,1832
120127,QUICHUAY,2026,1811
120128,QUILCAS,2017,4030.05541871921
120128,QUILCAS,2018,4045
120128,QUILCAS,2019,4060
120128,QUILCAS,2020,4063
120128,QUILCAS,2021,4089
120128,QUILCAS,2022,4105
120128,QUILCAS,2023,4115
120128,QUILCAS,2024,4122
120128,QUILCAS,2025,4128
120128,QUILCAS,2026,4134
120129,SAN AGUSTIN,2017,16280.6875034945
120129,SAN AGUSTIN,2018,17064
120129,SAN AGUSTIN,2019,17885
120129,SAN AGUSTIN,2020,18684
120129,SAN AGUSTIN,2021,19381
120129,SAN AGUSTIN,2022,20025
120129,SAN AGUSTIN,2023,20627
120129,SAN AGUSTIN,2024,21202
120129,SAN AGUSTIN,2025,21764
120129,SAN AGUSTIN,2026,22313
120130,SAN JERONIMO DE TUNAN,2017,12186.8600062637
120130,SAN JERONIMO DE TUNAN,2018,12476
120130,SAN JERONIMO DE TUNAN,2019,12772
120130,SAN JERONIMO DE TUNAN,2020,13031
120130,SAN JERONIMO DE TUNAN,2021,13206
120130,SAN JERONIMO DE TUNAN,2022,13350
120130,SAN JERONIMO DE TUNAN,2023,13471
120130,SAN JERONIMO DE TUNAN,2024,13580
120130,SAN JERONIMO DE TUNAN,2025,13687
120130,SAN JERONIMO DE TUNAN,2026,13790
120132,SAÑO,2017,5679.20920434289
120132,SAÑO,2018,5920
120132,SAÑO,2019,6171
120132,SAÑO,2020,6412
120132,SAÑO,2021,6526
120132,SAÑO,2022,6623
120132,SAÑO,2023,6709
120132,SAÑO,2024,6789
120132,SAÑO,2025,6866
120132,SAÑO,2026,6942
120133,SAPALLANGA,2017,21803.1285495805
120133,SAPALLANGA,2018,22967
120133,SAPALLANGA,2019,24193
120133,SAPALLANGA,2020,25401
120133,SAPALLANGA,2021,26179
120133,SAPALLANGA,2022,26887
120133,SAPALLANGA,2023,27543
120133,SAPALLANGA,2024,28165
120133,SAPALLANGA,2025,28774
120133,SAPALLANGA,2026,29367
120134,SICAYA,2017,17300.8611422719
120134,SICAYA,2018,18834
120134,SICAYA,2019,20503
120134,SICAYA,2020,22244
120134,SICAYA,2021,23457
120134,SICAYA,2022,24599
120134,SICAYA,2023,25684
120134,SICAYA,2024,26727
120134,SICAYA,2025,27748
120134,SICAYA,2026,28744
120135,SANTO DOMINGO DE ACOBAMBA,2017,6793.27340766763
120135,SANTO DOMINGO DE ACOBAMBA,2018,6669
120135,SANTO DOMINGO DE ACOBAMBA,2019,6547
120135,SANTO DOMINGO DE ACOBAMBA,2020,6406
120135,SANTO DOMINGO DE ACOBAMBA,2021,6252
120135,SANTO DOMINGO DE ACOBAMBA,2022,6086
120135,SANTO DOMINGO DE ACOBAMBA,2023,5915
120135,SANTO DOMINGO DE ACOBAMBA,2024,5743
120135,SANTO DOMINGO DE ACOBAMBA,2025,5574
120135,SANTO DOMINGO DE ACOBAMBA,2026,5410
120136,VIQUES,2017,2727.21837088388
120136,VIQUES,2018,2805
120136,VIQUES,2019,2885
120136,VIQUES,2020,2957
120136,VIQUES,2021,2990
120136,VIQUES,2022,3016
120136,VIQUES,2023,3038
120136,VIQUES,2024,3056
120136,VIQUES,2025,3074
120136,VIQUES,2026,3092
120201,CONCEPCION,2017,16176.1532078648
120201,CONCEPCION,2018,16402
120201,CONCEPCION,2019,16631
120201,CONCEPCION,2020,16806
120201,CONCEPCION,2021,16973
120201,CONCEPCION,2022,17124
120201,CONCEPCION,2023,17260
120201,CONCEPCION,2024,17391
120201,CONCEPCION,2025,17514
120201,CONCEPCION,2026,17631
120202,ACO,2017,1715.31695626123
120202,ACO,2018,1692
120202,ACO,2019,1669
120202,ACO,2020,1643
120202,ACO,2021,1615
120202,ACO,2022,1586
120202,ACO,2023,1556
120202,ACO,2024,1526
120202,ACO,2025,1496
120202,ACO,2026,1465
120203,ANDAMARCA,2017,3795.41946499715
120203,ANDAMARCA,2018,3652
120203,ANDAMARCA,2019,3514
120203,ANDAMARCA,2020,3371
120203,ANDAMARCA,2021,3224
120203,ANDAMARCA,2022,3075
120203,ANDAMARCA,2023,2926
120203,ANDAMARCA,2024,2776
120203,ANDAMARCA,2025,2627
120203,ANDAMARCA,2026,2479
120204,CHAMBARA,2017,2750.17886178862
120204,CHAMBARA,2018,2728
120204,CHAMBARA,2019,2706
120204,CHAMBARA,2020,2675
120204,CHAMBARA,2021,2643
120204,CHAMBARA,2022,2609
120204,CHAMBARA,2023,2574
120204,CHAMBARA,2024,2537
120204,CHAMBARA,2025,2501
120204,CHAMBARA,2026,2464
120205,COCHAS,2017,2033.18095238095
120205,COCHAS,2018,2014
120205,COCHAS,2019,1995
120205,COCHAS,2020,1971
120205,COCHAS,2021,1946
120205,COCHAS,2022,1919
120205,COCHAS,2023,1890
120205,COCHAS,2024,1862
120205,COCHAS,2025,1833
120205,COCHAS,2026,1804
120206,COMAS,2017,5881.90805840995
120206,COMAS,2018,5712
120206,COMAS,2019,5547
120206,COMAS,2020,5369
120206,COMAS,2021,5187
120206,COMAS,2022,5002
120206,COMAS,2023,4815
120206,COMAS,2024,4627
120206,COMAS,2025,4440
120206,COMAS,2026,4253
120207,HEROINAS TOLEDO,2017,1045.97761953204
120207,HEROINAS TOLEDO,2018,1014
120207,HEROINAS TOLEDO,2019,983
120207,HEROINAS TOLEDO,2020,949
120207,HEROINAS TOLEDO,2021,916
120207,HEROINAS TOLEDO,2022,880
120207,HEROINAS TOLEDO,2023,845
120207,HEROINAS TOLEDO,2024,809
120207,HEROINAS TOLEDO,2025,774
120207,HEROINAS TOLEDO,2026,739
120208,MANZANARES,2017,1537
120208,MANZANARES,2018,1537
120208,MANZANARES,2019,1537
120208,MANZANARES,2020,1532
120208,MANZANARES,2021,1526
120208,MANZANARES,2022,1519
120208,MANZANARES,2023,1512
120208,MANZANARES,2024,1503
120208,MANZANARES,2025,1494
120208,MANZANARES,2026,1485
120209,MARISCAL CASTILLA,2017,1478.00611413043
120209,MARISCAL CASTILLA,2018,1475
120209,MARISCAL CASTILLA,2019,1472
120209,MARISCAL CASTILLA,2020,1465
120209,MARISCAL CASTILLA,2021,1457
120209,MARISCAL CASTILLA,2022,1448
120209,MARISCAL CASTILLA,2023,1438
120209,MARISCAL CASTILLA,2024,1427
120209,MARISCAL CASTILLA,2025,1416
120209,MARISCAL CASTILLA,2026,1405
120210,MATAHUASI,2017,6035.63582424631
120210,MATAHUASI,2018,6135
120210,MATAHUASI,2019,6236
120210,MATAHUASI,2020,6318
120210,MATAHUASI,2021,6396
120210,MATAHUASI,2022,6468
120210,MATAHUASI,2023,6536
120210,MATAHUASI,2024,6599
120210,MATAHUASI,2025,6661
120210,MATAHUASI,2026,6720
120211,MITO,2017,1462
120211,MITO,2018,1462
120211,MITO,2019,1462
120211,MITO,2020,1457
120211,MITO,2021,1452
120211,MITO,2022,1445
120211,MITO,2023,1437
120211,MITO,2024,1429
120211,MITO,2025,1420
120211,MITO,2026,1412
120212,NUEVE DE JULIO,2017,2348.02612540193
120212,NUEVE DE JULIO,2018,2417
120212,NUEVE DE JULIO,2019,2488
120212,NUEVE DE JULIO,2020,2555
120212,NUEVE DE JULIO,2021,2619
120212,NUEVE DE JULIO,2022,2679
120212,NUEVE DE JULIO,2023,2738
120212,NUEVE DE JULIO,2024,2795
120212,NUEVE DE JULIO,2025,2850
120212,NUEVE DE JULIO,2026,2905
120213,ORCOTUNA,2017,4936.10346168806
120213,ORCOTUNA,2018,5038
120213,ORCOTUNA,2019,5142
120213,ORCOTUNA,2020,5233
120213,ORCOTUNA,2021,5319
120213,ORCOTUNA,2022,5401
120213,ORCOTUNA,2023,5478
120213,ORCOTUNA,2024,5551
120213,ORCOTUNA,2025,5623
120213,ORCOTUNA,2026,5693
120214,SAN JOSE DE QUERO,2017,5884.52390024247
120214,SAN JOSE DE QUERO,2018,5829
120214,SAN JOSE DE QUERO,2019,5774
120214,SAN JOSE DE QUERO,2020,5702
120214,SAN JOSE DE QUERO,2021,5627
120214,SAN JOSE DE QUERO,2022,5548
120214,SAN JOSE DE QUERO,2023,5465
120214,SAN JOSE DE QUERO,2024,5381
120214,SAN JOSE DE QUERO,2025,5296
120214,SAN JOSE DE QUERO,2026,5211
120215,SANTA ROSA DE OCOPA,2017,2106.00428571429
120215,SANTA ROSA DE OCOPA,2018,2103
120215,SANTA ROSA DE OCOPA,2019,2100
120215,SANTA ROSA DE OCOPA,2020,2092
120215,SANTA ROSA DE OCOPA,2021,2082
120215,SANTA ROSA DE OCOPA,2022,2071
120215,SANTA ROSA DE OCOPA,2023,2058
120215,SANTA ROSA DE OCOPA,2024,2044
120215,SANTA ROSA DE OCOPA,2025,2030
120215,SANTA ROSA DE OCOPA,2026,2016
120301,CHANCHAMAYO,2017,28436.6091981783
120301,CHANCHAMAYO,2018,28709
120301,CHANCHAMAYO,2019,28984
120301,CHANCHAMAYO,2020,29175
120301,CHANCHAMAYO,2021,29354
120301,CHANCHAMAYO,2022,29494
120301,CHANCHAMAYO,2023,29604
120301,CHANCHAMAYO,2024,29695
120301,CHANCHAMAYO,2025,29775
120301,CHANCHAMAYO,2026,29843
120302,PERENE,2017,59156.8711823153
120302,PERENE,2018,59569
120302,PERENE,2019,59984
120302,PERENE,2020,60225
120302,PERENE,2021,60416
120302,PERENE,2022,60585
120302,PERENE,2023,60737
120302,PERENE,2024,60876
120302,PERENE,2025,61010
120302,PERENE,2026,61138
120303,PICHANAQUI,2017,44559.2384454506
120303,PICHANAQUI,2018,44032
120303,PICHANAQUI,2019,43511
120303,PICHANAQUI,2020,42869
120303,PICHANAQUI,2021,42209
120303,PICHANAQUI,2022,41498
120303,PICHANAQUI,2023,40752
120303,PICHANAQUI,2024,39986
120303,PICHANAQUI,2025,39213
120303,PICHANAQUI,2026,38436
120304,SAN LUIS DE SHUARO,2017,4500.04432666827
120304,SAN LUIS DE SHUARO,2018,4322
120304,SAN LUIS DE SHUARO,2019,4151
120304,SAN LUIS DE SHUARO,2020,3976
120304,SAN LUIS DE SHUARO,2021,3779
120304,SAN LUIS DE SHUARO,2022,3580
120304,SAN LUIS DE SHUARO,2023,3381
120304,SAN LUIS DE SHUARO,2024,3181
120304,SAN LUIS DE SHUARO,2025,2981
120304,SAN LUIS DE SHUARO,2026,2781
120305,SAN RAMON,2017,28569.3772693019
120305,SAN RAMON,2018,28880
120305,SAN RAMON,2019,29194
120305,SAN RAMON,2020,29425
120305,SAN RAMON,2021,29643
120305,SAN RAMON,2022,29821
120305,SAN RAMON,2023,29970
120305,SAN RAMON,2024,30097
120305,SAN RAMON,2025,30214
120305,SAN RAMON,2026,30319
120306,VITOC,2017,1891.89627959414
120306,VITOC,2018,1832
120306,VITOC,2019,1774
120306,VITOC,2020,1715
120306,VITOC,2021,1659
120306,VITOC,2022,1605
120306,VITOC,2023,1550
120306,VITOC,2024,1500
120306,VITOC,2025,1450
120306,VITOC,2026,1402
120401,JAUJA,2017,19124.4152714358
120401,JAUJA,2018,19415
120401,JAUJA,2019,19710
120401,JAUJA,2020,19948
120401,JAUJA,2021,20164
120401,JAUJA,2022,20347
120401,JAUJA,2023,20509
120401,JAUJA,2024,20651
120401,JAUJA,2025,20779
120401,JAUJA,2026,20892
120402,ACOLLA,2017,6586.98340513802
120402,ACOLLA,2018,6425
120402,ACOLLA,2019,6267
120402,ACOLLA,2020,6093
120402,ACOLLA,2021,5917
120402,ACOLLA,2022,5737
120402,ACOLLA,2023,5556
120402,ACOLLA,2024,5374
120402,ACOLLA,2025,5196
120402,ACOLLA,2026,5021
120403,APATA,2017,4677.14616216216
120403,APATA,2018,4651
120403,APATA,2019,4625
120403,APATA,2020,4586
120403,APATA,2021,4542
120403,APATA,2022,4491
120403,APATA,2023,4436
120403,APATA,2024,4376
120403,APATA,2025,4317
120403,APATA,2026,4255
120404,ATAURA,2017,1356.0726744186
120404,ATAURA,2018,1366
120404,ATAURA,2019,1376
120404,ATAURA,2020,1382
120404,ATAURA,2021,1390
120404,ATAURA,2022,1398
120404,ATAURA,2023,1405
120404,ATAURA,2024,1412
120404,ATAURA,2025,1417
120404,ATAURA,2026,1423
120405,CANCHAYLLO,2017,1713.01467997651
120405,CANCHAYLLO,2018,1708
120405,CANCHAYLLO,2019,1703
120405,CANCHAYLLO,2020,1692
120405,CANCHAYLLO,2021,1680
120405,CANCHAYLLO,2022,1665
120405,CANCHAYLLO,2023,1648
120405,CANCHAYLLO,2024,1630
120405,CANCHAYLLO,2025,1613
120405,CANCHAYLLO,2026,1593
120406,CURICACA,2017,1523.32724814064
120406,CURICACA,2018,1501
120406,CURICACA,2019,1479
120406,CURICACA,2020,1454
120406,CURICACA,2021,1427
120406,CURICACA,2022,1399
120406,CURICACA,2023,1370
120406,CURICACA,2024,1339
120406,CURICACA,2025,1309
120406,CURICACA,2026,1279
120407,EL MANTARO,2017,2715.05257393209
120407,EL MANTARO,2018,2727
120407,EL MANTARO,2019,2739
120407,EL MANTARO,2020,2743
120407,EL MANTARO,2021,2750
120407,EL MANTARO,2022,2758
120407,EL MANTARO,2023,2768
120407,EL MANTARO,2024,2778
120407,EL MANTARO,2025,2787
120407,EL MANTARO,2026,2797
120408,HUAMALI,2017,1729.28724035608
120408,HUAMALI,2018,1707
120408,HUAMALI,2019,1685
120408,HUAMALI,2020,1659
120408,HUAMALI,2021,1630
120408,HUAMALI,2022,1601
120408,HUAMALI,2023,1569
120408,HUAMALI,2024,1537
120408,HUAMALI,2025,1504
120408,HUAMALI,2026,1472
120409,HUARIPAMPA,2017,1081.01469237833
120409,HUARIPAMPA,2018,1085
120409,HUARIPAMPA,2019,1089
120409,HUARIPAMPA,2020,1090
120409,HUARIPAMPA,2021,1096
120409,HUARIPAMPA,2022,1105
120409,HUARIPAMPA,2023,1115
120409,HUARIPAMPA,2024,1124
120409,HUARIPAMPA,2025,1135
120409,HUARIPAMPA,2026,1145
120410,HUERTAS,2017,2139.49387755102
120410,HUERTAS,2018,2172
120410,HUERTAS,2019,2205
120410,HUERTAS,2020,2231
120410,HUERTAS,2021,2255
120410,HUERTAS,2022,2275
120410,HUERTAS,2023,2293
120410,HUERTAS,2024,2309
120410,HUERTAS,2025,2324
120410,HUERTAS,2026,2338
120411,JANJAILLO,2017,602.393356643357
120411,JANJAILLO,2018,587
120411,JANJAILLO,2019,572
120411,JANJAILLO,2020,557
120411,JANJAILLO,2021,542
120411,JANJAILLO,2022,529
120411,JANJAILLO,2023,514
120411,JANJAILLO,2024,502
120411,JANJAILLO,2025,491
120411,JANJAILLO,2026,479
120412,JULCAN,2017,780.046875
120412,JULCAN,2018,774
120412,JULCAN,2019,768
120412,JULCAN,2020,758
120412,JULCAN,2021,750
120412,JULCAN,2022,739
120412,JULCAN,2023,728
120412,JULCAN,2024,717
120412,JULCAN,2025,705
120412,JULCAN,2026,693
120413,LEONOR ORDOÑEZ,2017,1627.00246457178
120413,LEONOR ORDOÑEZ,2018,1625
120413,LEONOR ORDOÑEZ,2019,1623
120413,LEONOR ORDOÑEZ,2020,1616
120413,LEONOR ORDOÑEZ,2021,1607
120413,LEONOR ORDOÑEZ,2022,1597
120413,LEONOR ORDOÑEZ,2023,1584
120413,LEONOR ORDOÑEZ,2024,1570
120413,LEONOR ORDOÑEZ,2025,1556
120413,LEONOR ORDOÑEZ,2026,1540
120414,LLOCLLAPAMPA,2017,1218.12060301508
120414,LLOCLLAPAMPA,2018,1206
120414,LLOCLLAPAMPA,2019,1194
120414,LLOCLLAPAMPA,2020,1179
120414,LLOCLLAPAMPA,2021,1163
120414,LLOCLLAPAMPA,2022,1145
120414,LLOCLLAPAMPA,2023,1127
120414,LLOCLLAPAMPA,2024,1107
120414,LLOCLLAPAMPA,2025,1087
120414,LLOCLLAPAMPA,2026,1068
120415,MARCO,2017,1572.07310529846
120415,MARCO,2018,1531
120415,MARCO,2019,1491
120415,MARCO,2020,1447
120415,MARCO,2021,1403
120415,MARCO,2022,1359
120415,MARCO,2023,1313
120415,MARCO,2024,1269
120415,MARCO,2025,1225
120415,MARCO,2026,1183
120416,MASMA,2017,1874.56574585635
120416,MASMA,2018,1842
120416,MASMA,2019,1810
120416,MASMA,2020,1774
120416,MASMA,2021,1736
120416,MASMA,2022,1696
120416,MASMA,2023,1656
120416,MASMA,2024,1614
120416,MASMA,2025,1573
120416,MASMA,2026,1532
120417,MASMA CHICCHE,2017,780.190476190476
120417,MASMA CHICCHE,2018,768
120417,MASMA CHICCHE,2019,756
120417,MASMA CHICCHE,2020,742
120417,MASMA CHICCHE,2021,727
120417,MASMA CHICCHE,2022,711
120417,MASMA CHICCHE,2023,695
120417,MASMA CHICCHE,2024,679
120417,MASMA CHICCHE,2025,664
120417,MASMA CHICCHE,2026,647
120418,MOLINOS,2017,1661.1200244948
120418,MOLINOS,2018,1647
120418,MOLINOS,2019,1633
120418,MOLINOS,2020,1614
120418,MOLINOS,2021,1593
120418,MOLINOS,2022,1571
120418,MOLINOS,2023,1547
120418,MOLINOS,2024,1522
120418,MOLINOS,2025,1496
120418,MOLINOS,2026,1470
120419,MONOBAMBA,2017,1768.39165329053
120419,MONOBAMBA,2018,1818
120419,MONOBAMBA,2019,1869
120419,MONOBAMBA,2020,1917
120419,MONOBAMBA,2021,1964
120419,MONOBAMBA,2022,2008
120419,MONOBAMBA,2023,2051
120419,MONOBAMBA,2024,2093
120419,MONOBAMBA,2025,2135
120419,MONOBAMBA,2026,2176
120420,MUQUI,2017,1059
120420,MUQUI,2018,1059
120420,MUQUI,2019,1059
120420,MUQUI,2020,1057
120420,MUQUI,2021,1053
120420,MUQUI,2022,1047
120420,MUQUI,2023,1041
120420,MUQUI,2024,1032
120420,MUQUI,2025,1025
120420,MUQUI,2026,1017
120421,MUQUIYAUYO,2017,2389.0004189359
120421,MUQUIYAUYO,2018,2388
120421,MUQUIYAUYO,2019,2387
120421,MUQUIYAUYO,2020,2380
120421,MUQUIYAUYO,2021,2370
120421,MUQUIYAUYO,2022,2356
120421,MUQUIYAUYO,2023,2340
120421,MUQUIYAUYO,2024,2323
120421,MUQUIYAUYO,2025,2303
120421,MUQUIYAUYO,2026,2283
120422,PACA,2017,953.692137320044
120422,PACA,2018,928
120422,PACA,2019,903
120422,PACA,2020,876
120422,PACA,2021,848
120422,PACA,2022,820
120422,PACA,2023,792
120422,PACA,2024,765
120422,PACA,2025,737
120422,PACA,2026,711
120423,PACCHA,2017,1549.32602739726
120423,PACCHA,2018,1504
120423,PACCHA,2019,1460
120423,PACCHA,2020,1413
120423,PACCHA,2021,1366
120423,PACCHA,2022,1319
120423,PACCHA,2023,1273
120423,PACCHA,2024,1228
120423,PACCHA,2025,1184
120423,PACCHA,2026,1141
120424,PANCAN,2017,1296.06338028169
120424,PANCAN,2018,1287
120424,PANCAN,2019,1278
120424,PANCAN,2020,1264
120424,PANCAN,2021,1250
120424,PANCAN,2022,1234
120424,PANCAN,2023,1217
120424,PANCAN,2024,1198
120424,PANCAN,2025,1179
120424,PANCAN,2026,1161
120425,PARCO,2017,1226.44830508475
120425,PARCO,2018,1203
120425,PARCO,2019,1180
120425,PARCO,2020,1152
120425,PARCO,2021,1123
120425,PARCO,2022,1095
120425,PARCO,2023,1064
120425,PARCO,2024,1035
120425,PARCO,2025,1006
120425,PARCO,2026,977
120426,POMACANCHA,2017,1535.74337517434
120426,POMACANCHA,2018,1484
120426,POMACANCHA,2019,1434
120426,POMACANCHA,2020,1382
120426,POMACANCHA,2021,1331
120426,POMACANCHA,2022,1277
120426,POMACANCHA,2023,1227
120426,POMACANCHA,2024,1176
120426,POMACANCHA,2025,1127
120426,POMACANCHA,2026,1079
120427,RICRAN,2017,1371.51014040562
120427,RICRAN,2018,1326
120427,RICRAN,2019,1282
120427,RICRAN,2020,1236
120427,RICRAN,2021,1191
120427,RICRAN,2022,1145
120427,RICRAN,2023,1102
120427,RICRAN,2024,1060
120427,RICRAN,2025,1017
120427,RICRAN,2026,979
120428,SAN LORENZO,2017,2670.8674132948
120428,SAN LORENZO,2018,2719
120428,SAN LORENZO,2019,2768
120428,SAN LORENZO,2020,2808
120428,SAN LORENZO,2021,2846
120428,SAN LORENZO,2022,2881
120428,SAN LORENZO,2023,2911
120428,SAN LORENZO,2024,2940
120428,SAN LORENZO,2025,2967
120428,SAN LORENZO,2026,2992
120429,SAN PEDRO DE CHUNAN,2017,737.573888091822
120429,SAN PEDRO DE CHUNAN,2018,717
120429,SAN PEDRO DE CHUNAN,2019,697
120429,SAN PEDRO DE CHUNAN,2020,675
120429,SAN PEDRO DE CHUNAN,2021,654
120429,SAN PEDRO DE CHUNAN,2022,632
120429,SAN PEDRO DE CHUNAN,2023,610
120429,SAN PEDRO DE CHUNAN,2024,588
120429,SAN PEDRO DE CHUNAN,2025,568
120429,SAN PEDRO DE CHUNAN,2026,547
120430,SAUSA,2017,3225.69376693767
120430,SAUSA,2018,3273
120430,SAUSA,2019,3321
120430,SAUSA,2020,3361
120430,SAUSA,2021,3396
120430,SAUSA,2022,3428
120430,SAUSA,2023,3454
120430,SAUSA,2024,3479
120430,SAUSA,2025,3501
120430,SAUSA,2026,3522
120431,SINCOS,2017,4281.06804803391
120431,SINCOS,2018,4264
120431,SINCOS,2019,4247
120431,SINCOS,2020,4217
120431,SINCOS,2021,4183
120431,SINCOS,2022,4143
120431,SINCOS,2023,4098
120431,SINCOS,2024,4051
120431,SINCOS,2025,4001
120431,SINCOS,2026,3950
120432,TUNAN MARCA,2017,1083.7084548105
120432,TUNAN MARCA,2018,1056
120432,TUNAN MARCA,2019,1029
120432,TUNAN MARCA,2020,998
120432,TUNAN MARCA,2021,968
120432,TUNAN MARCA,2022,939
120432,TUNAN MARCA,2023,907
120432,TUNAN MARCA,2024,877
120432,TUNAN MARCA,2025,847
120432,TUNAN MARCA,2026,818
120433,YAULI,2017,1174.38904109589
120433,YAULI,2018,1134
120433,YAULI,2019,1095
120433,YAULI,2020,1055
120433,YAULI,2021,1015
120433,YAULI,2022,976
120433,YAULI,2023,935
120433,YAULI,2024,897
120433,YAULI,2025,859
120433,YAULI,2026,823
120434,YAUYOS,2017,9897.35938903863
120434,YAUYOS,2018,9957
120434,YAUYOS,2019,10017
120434,YAUYOS,2020,10049
120434,YAUYOS,2021,10072
120434,YAUYOS,2022,10099
120434,YAUYOS,2023,10131
120434,YAUYOS,2024,10165
120434,YAUYOS,2025,10198
120434,YAUYOS,2026,10230
120501,JUNÍN,2017,11492.4696809448
120501,JUNÍN,2018,11419
120501,JUNÍN,2019,11346
120501,JUNÍN,2020,11238
120501,JUNÍN,2021,11033
120501,JUNÍN,2022,10817
120501,JUNÍN,2023,10593
120501,JUNÍN,2024,10368
120501,JUNÍN,2025,10146
120501,JUNÍN,2026,9924
120502,CARHUAMAYO,2017,6957.44573816988
120502,CARHUAMAYO,2018,6827
120502,CARHUAMAYO,2019,6699
120502,CARHUAMAYO,2020,6554
120502,CARHUAMAYO,2021,6357
120502,CARHUAMAYO,2022,6157
120502,CARHUAMAYO,2023,5962
120502,CARHUAMAYO,2024,5769
120502,CARHUAMAYO,2025,5581
120502,CARHUAMAYO,2026,5399
120503,ONDORES,2017,1316.41283607979
120503,ONDORES,2018,1232
120503,ONDORES,2019,1153
120503,ONDORES,2020,1075
120503,ONDORES,2021,1047
120503,ONDORES,2022,1021
120503,ONDORES,2023,996
120503,ONDORES,2024,971
120503,ONDORES,2025,947
120503,ONDORES,2026,923
120504,ULCUMAYO,2017,4543.04943984413
120504,ULCUMAYO,2018,4319
120504,ULCUMAYO,2019,4106
120504,ULCUMAYO,2020,3890
120504,ULCUMAYO,2021,3771
120504,ULCUMAYO,2022,3656
120504,ULCUMAYO,2023,3545
120504,ULCUMAYO,2024,3437
120504,ULCUMAYO,2025,3331
120504,ULCUMAYO,2026,3226
120601,SATIPO,2017,41111.2967498934
120601,SATIPO,2018,41659
120601,SATIPO,2019,42214
120601,SATIPO,2020,42647
120601,SATIPO,2021,43048
120601,SATIPO,2022,43401
120601,SATIPO,2023,43720
120601,SATIPO,2024,44019
120601,SATIPO,2025,44313
120601,SATIPO,2026,44601
120602,COVIRIALI,2017,6244.11380481779
120602,COVIRIALI,2018,6359
120602,COVIRIALI,2019,6476
120602,COVIRIALI,2020,6573
120602,COVIRIALI,2021,6650
120602,COVIRIALI,2022,6711
120602,COVIRIALI,2023,6759
120602,COVIRIALI,2024,6799
120602,COVIRIALI,2025,6834
120602,COVIRIALI,2026,6862
120603,LLAYLLA,2017,6900.77506811989
120603,LLAYLLA,2018,7117
120603,LLAYLLA,2019,7340
120603,LLAYLLA,2020,7548
120603,LLAYLLA,2021,7711
120603,LLAYLLA,2022,7849
120603,LLAYLLA,2023,7972
120603,LLAYLLA,2024,8085
120603,LLAYLLA,2025,8197
120603,LLAYLLA,2026,8306
120604,MAZAMARI,2017,40071.8370131716
120604,MAZAMARI,2018,41128
120604,MAZAMARI,2019,42212
120604,MAZAMARI,2020,43191
120604,MAZAMARI,2021,43977
120604,MAZAMARI,2022,44652
120604,MAZAMARI,2023,45250
120604,MAZAMARI,2024,45804
120604,MAZAMARI,2025,46348
120604,MAZAMARI,2026,46881
120605,PAMPA HERMOSA,2017,4189.28339869281
120605,PAMPA HERMOSA,2018,4003
120605,PAMPA HERMOSA,2019,3825
120605,PAMPA HERMOSA,2020,3654
120605,PAMPA HERMOSA,2021,3490
120605,PAMPA HERMOSA,2022,3335
120605,PAMPA HERMOSA,2023,3191
120605,PAMPA HERMOSA,2024,3057
120605,PAMPA HERMOSA,2025,2937
120605,PAMPA HERMOSA,2026,2827
120606,PANGOA,2017,60694.1243602786
120606,PANGOA,2018,62274
120606,PANGOA,2019,63895
120606,PANGOA,2020,65356
120606,PANGOA,2021,66529
120606,PANGOA,2022,67539
120606,PANGOA,2023,68433
120606,PANGOA,2024,69263
120606,PANGOA,2025,70079
120606,PANGOA,2026,70876
120607,RIO NEGRO,2017,32226.4788561268
120607,RIO NEGRO,2018,32977
120607,RIO NEGRO,2019,33745
120607,RIO NEGRO,2020,34427
120607,RIO NEGRO,2021,34984
120607,RIO NEGRO,2022,35464
120607,RIO NEGRO,2023,35890
120607,RIO NEGRO,2024,36286
120607,RIO NEGRO,2025,36675
120607,RIO NEGRO,2026,37055
120608,RIO TAMBO,2017,30609.3509468945
120608,RIO TAMBO,2018,30406
120608,RIO TAMBO,2019,30204
120608,RIO TAMBO,2020,29909
120608,RIO TAMBO,2021,29549
120608,RIO TAMBO,2022,29138
120608,RIO TAMBO,2023,28688
120608,RIO TAMBO,2024,28215
120608,RIO TAMBO,2025,27735
120608,RIO TAMBO,2026,27247
120609,VIZCATÁN DEL ENE,2017,4667.13448020718
120609,VIZCATÁN DEL ENE,2018,5023
120609,VIZCATÁN DEL ENE,2019,5406
120609,VIZCATÁN DEL ENE,2020,5800
120609,VIZCATÁN DEL ENE,2021,6077
120609,VIZCATÁN DEL ENE,2022,6356
120609,VIZCATÁN DEL ENE,2023,6636
120609,VIZCATÁN DEL ENE,2024,6918
120609,VIZCATÁN DEL ENE,2025,7200
120609,VIZCATÁN DEL ENE,2026,7483
120701,TARMA,2017,50791.0133230848
120701,TARMA,2018,50765
120701,TARMA,2019,50739
120701,TARMA,2020,50544
120701,TARMA,2021,50198
120701,TARMA,2022,49795
120701,TARMA,2023,49358
120701,TARMA,2024,48896
120701,TARMA,2025,48431
120701,TARMA,2026,47966
120702,ACOBAMBA,2017,10242.8669833729
120702,ACOBAMBA,2018,9959
120702,ACOBAMBA,2019,9683
120702,ACOBAMBA,2020,9387
120702,ACOBAMBA,2021,9075
120702,ACOBAMBA,2022,8762
120702,ACOBAMBA,2023,8449
120702,ACOBAMBA,2024,8140
120702,ACOBAMBA,2025,7833
120702,ACOBAMBA,2026,7527
120703,HUARICOLCA,2017,2043.97461660497
120703,HUARICOLCA,2018,1966
120703,HUARICOLCA,2019,1891
120703,HUARICOLCA,2020,1813
120703,HUARICOLCA,2021,1730
120703,HUARICOLCA,2022,1648
120703,HUARICOLCA,2023,1568
120703,HUARICOLCA,2024,1491
120703,HUARICOLCA,2025,1416
120703,HUARICOLCA,2026,1346
120704,HUASAHUASI,2017,10916.6978438515
120704,HUASAHUASI,2018,10530
120704,HUASAHUASI,2019,10157
120704,HUASAHUASI,2020,9768
120704,HUASAHUASI,2021,9366
120704,HUASAHUASI,2022,8969
120704,HUASAHUASI,2023,8577
120704,HUASAHUASI,2024,8189
120704,HUASAHUASI,2025,7808
120704,HUASAHUASI,2026,7429
120705,LA UNION,2017,3703.05333333333
120705,LA UNION,2018,3689
120705,LA UNION,2019,3675
120705,LA UNION,2020,3650
120705,LA UNION,2021,3616
120705,LA UNION,2022,3579
120705,LA UNION,2023,3539
120705,LA UNION,2024,3498
120705,LA UNION,2025,3457
120705,LA UNION,2026,3416
120706,PALCA,2017,6029.24256677306
120706,PALCA,2018,5991
120706,PALCA,2019,5953
120706,PALCA,2020,5897
120706,PALCA,2021,5834
120706,PALCA,2022,5770
120706,PALCA,2023,5705
120706,PALCA,2024,5641
120706,PALCA,2025,5578
120706,PALCA,2026,5517
120707,PALCAMAYO,2017,3793.78081770673
120707,PALCAMAYO,2018,3513
120707,PALCAMAYO,2019,3253
120707,PALCAMAYO,2020,3006
120707,PALCAMAYO,2021,2900
120707,PALCAMAYO,2022,2794
120707,PALCAMAYO,2023,2688
120707,PALCAMAYO,2024,2584
120707,PALCAMAYO,2025,2480
120707,PALCAMAYO,2026,2376
120708,SAN PEDRO DE CAJAS,2017,3789.9176504463
120708,SAN PEDRO DE CAJAS,2018,3628
120708,SAN PEDRO DE CAJAS,2019,3473
120708,SAN PEDRO DE CAJAS,2020,3314
120708,SAN PEDRO DE CAJAS,2021,3187
120708,SAN PEDRO DE CAJAS,2022,3061
120708,SAN PEDRO DE CAJAS,2023,2935
120708,SAN PEDRO DE CAJAS,2024,2810
120708,SAN PEDRO DE CAJAS,2025,2686
120708,SAN PEDRO DE CAJAS,2026,2562
120709,TAPO,2017,4787.22583460615
120709,TAPO,2018,4684
120709,TAPO,2019,4583
120709,TAPO,2020,4470
120709,TAPO,2021,4349
120709,TAPO,2022,4227
120709,TAPO,2023,4106
120709,TAPO,2024,3987
120709,TAPO,2025,3870
120709,TAPO,2026,3756
120801,LA OROYA,2017,14740.8829174664
120801,LA OROYA,2018,14400
120801,LA OROYA,2019,14067
120801,LA OROYA,2020,13700
120801,LA OROYA,2021,13326
120801,LA OROYA,2022,12949
120801,LA OROYA,2023,12570
120801,LA OROYA,2024,12194
120801,LA OROYA,2025,11824
120801,LA OROYA,2026,11461
120802,CHACAPALPA,2017,719.474377745242
120802,CHACAPALPA,2018,701
120802,CHACAPALPA,2019,683
120802,CHACAPALPA,2020,665
120802,CHACAPALPA,2021,648
120802,CHACAPALPA,2022,629
120802,CHACAPALPA,2023,613
120802,CHACAPALPA,2024,594
120802,CHACAPALPA,2025,578
120802,CHACAPALPA,2026,561
120803,HUAY-HUAY,2017,2041.0351452671
120803,HUAY-HUAY,2018,2087
120803,HUAY-HUAY,2019,2134
120803,HUAY-HUAY,2020,2176
120803,HUAY-HUAY,2021,2212
120803,HUAY-HUAY,2022,2246
120803,HUAY-HUAY,2023,2277
120803,HUAY-HUAY,2024,2308
120803,HUAY-HUAY,2025,2339
120803,HUAY-HUAY,2026,2370
120804,MARCAPOMACOCHA,2017,875.030637254902
120804,MARCAPOMACOCHA,2018,845
120804,MARCAPOMACOCHA,2019,816
120804,MARCAPOMACOCHA,2020,784
120804,MARCAPOMACOCHA,2021,757
120804,MARCAPOMACOCHA,2022,730
120804,MARCAPOMACOCHA,2023,703
120804,MARCAPOMACOCHA,2024,676
120804,MARCAPOMACOCHA,2025,650
120804,MARCAPOMACOCHA,2026,623
120805,MOROCOCHA,2017,5272.00303030303
120805,MOROCOCHA,2018,5276
120805,MOROCOCHA,2019,5280
120805,MOROCOCHA,2020,5270
120805,MOROCOCHA,2021,5259
120805,MOROCOCHA,2022,5244
120805,MOROCOCHA,2023,5227
120805,MOROCOCHA,2024,5208
120805,MOROCOCHA,2025,5189
120805,MOROCOCHA,2026,5171
120806,PACCHA,2017,1697.15375375375
120806,PACCHA,2018,1681
120806,PACCHA,2019,1665
120806,PACCHA,2020,1644
120806,PACCHA,2021,1623
120806,PACCHA,2022,1604
120806,PACCHA,2023,1582
120806,PACCHA,2024,1562
120806,PACCHA,2025,1541
120806,PACCHA,2026,1521
120807,SANTA BARBARA DE CARHUACAYAN,2017,1167.75875118259
120807,SANTA BARBARA DE CARHUACAYAN,2018,1111
120807,SANTA BARBARA DE CARHUACAYAN,2019,1057
120807,SANTA BARBARA DE CARHUACAYAN,2020,1003
120807,SANTA BARBARA DE CARHUACAYAN,2021,952
120807,SANTA BARBARA DE CARHUACAYAN,2022,903
120807,SANTA BARBARA DE CARHUACAYAN,2023,856
120807,SANTA BARBARA DE CARHUACAYAN,2024,811
120807,SANTA BARBARA DE CARHUACAYAN,2025,769
120807,SANTA BARBARA DE CARHUACAYAN,2026,727
120808,SANTA ROSA DE SACCO,2017,9191.75385312783
120808,SANTA ROSA DE SACCO,2018,9006
120808,SANTA ROSA DE SACCO,2019,8824
120808,SANTA ROSA DE SACCO,2020,8618
120808,SANTA ROSA DE SACCO,2021,8415
120808,SANTA ROSA DE SACCO,2022,8207
120808,SANTA ROSA DE SACCO,2023,7998
120808,SANTA ROSA DE SACCO,2024,7788
120808,SANTA ROSA DE SACCO,2025,7577
120808,SANTA ROSA DE SACCO,2026,7364
120809,SUITUCANCHA,2017,751.233103448276
120809,SUITUCANCHA,2018,738
120809,SUITUCANCHA,2019,725
120809,SUITUCANCHA,2020,710
120809,SUITUCANCHA,2021,696
120809,SUITUCANCHA,2022,681
120809,SUITUCANCHA,2023,665
120809,SUITUCANCHA,2024,650
120809,SUITUCANCHA,2025,634
120809,SUITUCANCHA,2026,619
120810,YAULI,2017,5562.11338896952
120810,YAULI,2018,5537
120810,YAULI,2019,5512
120810,YAULI,2020,5471
120810,YAULI,2021,5418
120810,YAULI,2022,5356
120810,YAULI,2023,5290
120810,YAULI,2024,5222
120810,YAULI,2025,5154
120810,YAULI,2026,5088
120901,CHUPACA,2017,21504.0567813108
120901,CHUPACA,2018,21539
120901,CHUPACA,2019,21574
120901,CHUPACA,2020,21538
120901,CHUPACA,2021,21479
120901,CHUPACA,2022,21432
120901,CHUPACA,2023,21393
120901,CHUPACA,2024,21361
120901,CHUPACA,2025,21329
120901,CHUPACA,2026,21298
120902,AHUAC,2017,6728.02502220906
120902,AHUAC,2018,6741
120902,AHUAC,2019,6754
120902,AHUAC,2020,6745
120902,AHUAC,2021,6709
120902,AHUAC,2022,6677
120902,AHUAC,2023,6648
120902,AHUAC,2024,6619
120902,AHUAC,2025,6591
120902,AHUAC,2026,6563
120903,CHONGOS BAJO,2017,4705.16467128755
120903,CHONGOS BAJO,2018,4733
120903,CHONGOS BAJO,2019,4761
120903,CHONGOS BAJO,2020,4774
120903,CHONGOS BAJO,2021,4805
120903,CHONGOS BAJO,2022,4829
120903,CHONGOS BAJO,2023,4845
120903,CHONGOS BAJO,2024,4857
120903,CHONGOS BAJO,2025,4867
120903,CHONGOS BAJO,2026,4875
120904,HUACHAC,2017,3199.90817976075
120904,HUACHAC,2018,3146
120904,HUACHAC,2019,3093
120904,HUACHAC,2020,3030
120904,HUACHAC,2021,2986
120904,HUACHAC,2022,2938
120904,HUACHAC,2023,2889
120904,HUACHAC,2024,2837
120904,HUACHAC,2025,2783
120904,HUACHAC,2026,2728
120905,HUAMANCACA CHICO,2017,9118.58699678331
120905,HUAMANCACA CHICO,2018,9672
120905,HUAMANCACA CHICO,2019,10259
120905,HUAMANCACA CHICO,2020,10839
120905,HUAMANCACA CHICO,2021,11380
120905,HUAMANCACA CHICO,2022,11881
120905,HUAMANCACA CHICO,2023,12354
120905,HUAMANCACA CHICO,2024,12810
120905,HUAMANCACA CHICO,2025,13263
120905,HUAMANCACA CHICO,2026,13716
120906,SAN JUAN DE ISCOS,2017,2329.00172043011
120906,SAN JUAN DE ISCOS,2018,2327
120906,SAN JUAN DE ISCOS,2019,2325
120906,SAN JUAN DE ISCOS,2020,2314
120906,SAN JUAN DE ISCOS,2021,2316
120906,SAN JUAN DE ISCOS,2022,2314
120906,SAN JUAN DE ISCOS,2023,2307
120906,SAN JUAN DE ISCOS,2024,2297
120906,SAN JUAN DE ISCOS,2025,2280
120906,SAN JUAN DE ISCOS,2026,2259
120907,SAN JUAN DE JARPA,2017,2834.1552238806
120907,SAN JUAN DE JARPA,2018,2756
120907,SAN JUAN DE JARPA,2019,2680
120907,SAN JUAN DE JARPA,2020,2598
120907,SAN JUAN DE JARPA,2021,2528
120907,SAN JUAN DE JARPA,2022,2455
120907,SAN JUAN DE JARPA,2023,2381
120907,SAN JUAN DE JARPA,2024,2307
120907,SAN JUAN DE JARPA,2025,2236
120907,SAN JUAN DE JARPA,2026,2164
120908,TRES DE DICIEMBRE,2017,2789.09743930828
120908,TRES DE DICIEMBRE,2018,2896
120908,TRES DE DICIEMBRE,2019,3007
120908,TRES DE DICIEMBRE,2020,3114
120908,TRES DE DICIEMBRE,2021,3223
120908,TRES DE DICIEMBRE,2022,3325
120908,TRES DE DICIEMBRE,2023,3423
120908,TRES DE DICIEMBRE,2024,3518
120908,TRES DE DICIEMBRE,2025,3613
120908,TRES DE DICIEMBRE,2026,3708
120909,YANACANCHA,2017,2806.88663220089
120909,YANACANCHA,2018,2757
120909,YANACANCHA,2019,2708
120909,YANACANCHA,2020,2652
120909,YANACANCHA,2021,2586
120909,YANACANCHA,2022,2520
120909,YANACANCHA,2023,2454
120909,YANACANCHA,2024,2388
120909,YANACANCHA,2025,2321
120909,YANACANCHA,2026,2252
130101,TRUJILLO,2017,331106.833951882
130101,TRUJILLO,2018,335811
130101,TRUJILLO,2019,340582
130101,TRUJILLO,2020,344374
130101,TRUJILLO,2021,347730
130101,TRUJILLO,2022,350915
130101,TRUJILLO,2023,353982
130101,TRUJILLO,2024,356985
130101,TRUJILLO,2025,359982
130101,TRUJILLO,2026,362958
130102,EL PORVENIR 18/ 20/,2017,203346.202049641
130102,EL PORVENIR 18/ 20/,2018,211809
130102,EL PORVENIR 18/ 20/,2019,220624
130102,EL PORVENIR 18/ 20/,2020,229115
130102,EL PORVENIR 18/ 20/,2021,235832
130102,EL PORVENIR 18/ 20/,2022,242202
130102,EL PORVENIR 18/ 20/,2023,129189
130102,EL PORVENIR 18/ 20/,2024,131727
130102,EL PORVENIR 18/ 20/,2025,134258
130102,EL PORVENIR 18/ 20/,2026,136781
130103,FLORENCIA DE MORA 18/,2017,38537.024977258
130103,FLORENCIA DE MORA 18/,2018,38506
130103,FLORENCIA DE MORA 18/,2019,38475
130103,FLORENCIA DE MORA 18/,2020,38334
130103,FLORENCIA DE MORA 18/,2021,38107
130103,FLORENCIA DE MORA 18/,2022,37879
130103,FLORENCIA DE MORA 18/,2023,62844
130103,FLORENCIA DE MORA 18/,2024,64079
130103,FLORENCIA DE MORA 18/,2025,65310
130103,FLORENCIA DE MORA 18/,2026,66537
130104,HUANCHACO 19/,2017,74193.6494468065
130104,HUANCHACO 19/,2018,78375
130104,HUANCHACO 19/,2019,82792
130104,HUANCHACO 19/,2020,87192
130104,HUANCHACO 19/,2021,90609
130104,HUANCHACO 19/,2022,93851
130104,HUANCHACO 19/,2023,96971
130104,HUANCHACO 19/,2024,100027
130104,HUANCHACO 19/,2025,103075
130104,HUANCHACO 19/,2026,106117
130105,LA ESPERANZA 18/,2017,203783.628079134
130105,LA ESPERANZA 18/,2018,210654
130105,LA ESPERANZA 18/,2019,217756
130105,LA ESPERANZA 18/,2020,224427
130105,LA ESPERANZA 18/,2021,229779
130105,LA ESPERANZA 18/,2022,234854
130105,LA ESPERANZA 18/,2023,239896
130105,LA ESPERANZA 18/,2024,244607
130105,LA ESPERANZA 18/,2025,249310
130105,LA ESPERANZA 18/,2026,253998
130106,LAREDO 20/,2017,40195.0684320425
130106,LAREDO 20/,2018,41158
130106,LAREDO 20/,2019,42144
130106,LAREDO 20/,2020,43024
130106,LAREDO 20/,2021,43750
130106,LAREDO 20/,2022,44440
130106,LAREDO 20/,2023,54577
130106,LAREDO 20/,2024,55649
130106,LAREDO 20/,2025,56718
130106,LAREDO 20/,2026,57784
130107,MOCHE,2017,39101.0068733478
130107,MOCHE,2018,40336
130107,MOCHE,2019,41610
130107,MOCHE,2020,42798
130107,MOCHE,2021,43755
130107,MOCHE,2022,44663
130107,MOCHE,2023,45537
130107,MOCHE,2024,46392
130107,MOCHE,2025,47246
130107,MOCHE,2026,48097
130108,POROTO,2017,3832.29641025641
130108,POROTO,2018,3866
130108,POROTO,2019,3900
130108,POROTO,2020,3924
130108,POROTO,2021,3947
130108,POROTO,2022,3969
130108,POROTO,2023,3990
130108,POROTO,2024,4010
130108,POROTO,2025,4032
130108,POROTO,2026,4054
130109,SALAVERRY,2017,20135.6575962682
130109,SALAVERRY,2018,20983
130109,SALAVERRY,2019,21866
130109,SALAVERRY,2020,22717
130109,SALAVERRY,2021,23390
130109,SALAVERRY,2022,24028
130109,SALAVERRY,2023,24643
130109,SALAVERRY,2024,25244
130109,SALAVERRY,2025,25844
130109,SALAVERRY,2026,26442
130110,SIMBAL,2017,4392.45180722892
130110,SIMBAL,2018,4437
130110,SIMBAL,2019,4482
130110,SIMBAL,2020,4515
130110,SIMBAL,2021,4546
130110,SIMBAL,2022,4575
130110,SIMBAL,2023,4603
130110,SIMBAL,2024,4631
130110,SIMBAL,2025,4658
130110,SIMBAL,2026,4685
130111,VICTOR LARCO HERRERA,2017,71969.757678644
130111,VICTOR LARCO HERRERA,2018,74095
130111,VICTOR LARCO HERRERA,2019,76283
130111,VICTOR LARCO HERRERA,2020,78304
130111,VICTOR LARCO HERRERA,2021,79941
130111,VICTOR LARCO HERRERA,2022,81494
130111,VICTOR LARCO HERRERA,2023,82988
130111,VICTOR LARCO HERRERA,2024,84452
130111,VICTOR LARCO HERRERA,2025,85912
130111,VICTOR LARCO HERRERA,2026,87367
130112,ALTO TRUJILLO 18/,2018,
130112,ALTO TRUJILLO 18/,2019,
130112,ALTO TRUJILLO 18/,2020,
130112,ALTO TRUJILLO 18/,2021,
130112,ALTO TRUJILLO 18/,2022,
130112,ALTO TRUJILLO 18/,2023,84323
130112,ALTO TRUJILLO 18/,2024,85980
130112,ALTO TRUJILLO 18/,2025,87632
130112,ALTO TRUJILLO 18/,2026,89279
130201,ASCOPE,2017,6851.00713765477
130201,ASCOPE,2018,6858
130201,ASCOPE,2019,6865
130201,ASCOPE,2020,6855
130201,ASCOPE,2021,6866
130201,ASCOPE,2022,6868
130201,ASCOPE,2023,6863
130201,ASCOPE,2024,6856
130201,ASCOPE,2025,6848
130201,ASCOPE,2026,6840
130202,CHICAMA,2017,15720.0576381501
130202,CHICAMA,2018,15849
130202,CHICAMA,2019,15979
130202,CHICAMA,2020,16065
130202,CHICAMA,2021,16135
130202,CHICAMA,2022,16180
130202,CHICAMA,2023,16208
130202,CHICAMA,2024,16227
130202,CHICAMA,2025,16245
130202,CHICAMA,2026,16262
130203,CHOCOPE,2017,9825.00091547147
130203,CHOCOPE,2018,9828
130203,CHOCOPE,2019,9831
130203,CHOCOPE,2020,9807
130203,CHOCOPE,2021,9815
130203,CHOCOPE,2022,9808
130203,CHOCOPE,2023,9791
130203,CHOCOPE,2024,9768
130203,CHOCOPE,2025,9743
130203,CHOCOPE,2026,9717
130204,MAGDALENA DE CAO,2017,2703.03016759777
130204,MAGDALENA DE CAO,2018,2694
130204,MAGDALENA DE CAO,2019,2685
130204,MAGDALENA DE CAO,2020,2669
130204,MAGDALENA DE CAO,2021,2664
130204,MAGDALENA DE CAO,2022,2652
130204,MAGDALENA DE CAO,2023,2638
130204,MAGDALENA DE CAO,2024,2623
130204,MAGDALENA DE CAO,2025,2609
130204,MAGDALENA DE CAO,2026,2595
130205,PAIJAN,2017,27269.4016410762
130205,PAIJAN,2018,27827
130205,PAIJAN,2019,28396
130205,PAIJAN,2020,28894
130205,PAIJAN,2021,29370
130205,PAIJAN,2022,29804
130205,PAIJAN,2023,30212
130205,PAIJAN,2024,30586
130205,PAIJAN,2025,30960
130205,PAIJAN,2026,31332
130206,RAZURI,2017,9087.49367088608
130206,RAZURI,2018,9204
130206,RAZURI,2019,9322
130206,RAZURI,2020,9415
130206,RAZURI,2021,9500
130206,RAZURI,2022,9572
130206,RAZURI,2023,9632
130206,RAZURI,2024,9688
130206,RAZURI,2025,9745
130206,RAZURI,2026,9801
130207,SANTIAGO DE CAO,2017,19792.3128320802
130207,SANTIAGO DE CAO,2018,19871
130207,SANTIAGO DE CAO,2019,19950
130207,SANTIAGO DE CAO,2020,19973
130207,SANTIAGO DE CAO,2021,20061
130207,SANTIAGO DE CAO,2022,20118
130207,SANTIAGO DE CAO,2023,20154
130207,SANTIAGO DE CAO,2024,20180
130207,SANTIAGO DE CAO,2025,20204
130207,SANTIAGO DE CAO,2026,20227
130208,CASA GRANDE,2017,29635.2367546891
130208,CASA GRANDE,2018,29719
130208,CASA GRANDE,2019,29803
130208,CASA GRANDE,2020,29802
130208,CASA GRANDE,2021,29897
130208,CASA GRANDE,2022,29942
130208,CASA GRANDE,2023,29956
130208,CASA GRANDE,2024,29970
130208,CASA GRANDE,2025,29984
130208,CASA GRANDE,2026,29996
130301,BOLIVAR,2017,4932.2734718338
130301,BOLIVAR,2018,4969
130301,BOLIVAR,2019,5006
130301,BOLIVAR,2020,5031
130301,BOLIVAR,2021,5062
130301,BOLIVAR,2022,5083
130301,BOLIVAR,2023,5100
130301,BOLIVAR,2024,5116
130301,BOLIVAR,2025,5133
130301,BOLIVAR,2026,5145
130302,BAMBAMARCA,2017,3223.10166300596
130302,BAMBAMARCA,2018,3205
130302,BAMBAMARCA,2019,3187
130302,BAMBAMARCA,2020,3159
130302,BAMBAMARCA,2021,3136
130302,BAMBAMARCA,2022,3109
130302,BAMBAMARCA,2023,3080
130302,BAMBAMARCA,2024,3048
130302,BAMBAMARCA,2025,3016
130302,BAMBAMARCA,2026,2986
130303,CONDORMARCA,2017,2148
130303,CONDORMARCA,2018,2148
130303,CONDORMARCA,2019,2148
130303,CONDORMARCA,2020,2143
130303,CONDORMARCA,2021,2140
130303,CONDORMARCA,2022,2135
130303,CONDORMARCA,2023,2128
130303,CONDORMARCA,2024,2119
130303,CONDORMARCA,2025,2110
130303,CONDORMARCA,2026,2101
130304,LONGOTEA,2017,2325.05155517682
130304,LONGOTEA,2018,2336
130304,LONGOTEA,2019,2347
130304,LONGOTEA,2020,2350
130304,LONGOTEA,2021,2353
130304,LONGOTEA,2022,2357
130304,LONGOTEA,2023,2362
130304,LONGOTEA,2024,2366
130304,LONGOTEA,2025,2372
130304,LONGOTEA,2026,2378
130305,UCHUMARCA,2017,2488.32236842105
130305,UCHUMARCA,2018,2460
130305,UCHUMARCA,2019,2432
130305,UCHUMARCA,2020,2396
130305,UCHUMARCA,2021,2364
130305,UCHUMARCA,2022,2330
130305,UCHUMARCA,2023,2294
130305,UCHUMARCA,2024,2257
130305,UCHUMARCA,2025,2220
130305,UCHUMARCA,2026,2184
130306,UCUNCHA,2017,908.001103752759
130306,UCUNCHA,2018,907
130306,UCUNCHA,2019,906
130306,UCUNCHA,2020,903
130306,UCUNCHA,2021,902
130306,UCUNCHA,2022,899
130306,UCUNCHA,2023,895
130306,UCUNCHA,2024,891
130306,UCUNCHA,2025,887
130306,UCUNCHA,2026,882
130401,CHEPEN,2017,47835.388619357
130401,CHEPEN,2018,48238
130401,CHEPEN,2019,48644
130401,CHEPEN,2020,48917
130401,CHEPEN,2021,49231
130401,CHEPEN,2022,49489
130401,CHEPEN,2023,49711
130401,CHEPEN,2024,49914
130401,CHEPEN,2025,50115
130401,CHEPEN,2026,50314
130402,PACANGA,2017,22798.4494069835
130402,PACANGA,2018,23447
130402,PACANGA,2019,24114
130402,PACANGA,2020,24727
130402,PACANGA,2021,25318
130402,PACANGA,2022,25806
130402,PACANGA,2023,26225
130402,PACANGA,2024,26606
130402,PACANGA,2025,26986
130402,PACANGA,2026,27360
130403,PUEBLO NUEVO,2017,12590.3959315112
130403,PUEBLO NUEVO,2018,12661
130403,PUEBLO NUEVO,2019,12732
130403,PUEBLO NUEVO,2020,12767
130403,PUEBLO NUEVO,2021,12816
130403,PUEBLO NUEVO,2022,12857
130403,PUEBLO NUEVO,2023,12891
130403,PUEBLO NUEVO,2024,12923
130403,PUEBLO NUEVO,2025,12954
130403,PUEBLO NUEVO,2026,12985
130501,JULCAN,2017,12740.0253600501
130501,JULCAN,2018,12758
130501,JULCAN,2019,12776
130501,JULCAN,2020,12762
130501,JULCAN,2021,12788
130501,JULCAN,2022,12804
130501,JULCAN,2023,12808
130501,JULCAN,2024,12817
130501,JULCAN,2025,12821
130501,JULCAN,2026,12825
130502,CALAMARCA,2017,5336.36558931682
130502,CALAMARCA,2018,5251
130502,CALAMARCA,2019,5167
130502,CALAMARCA,2020,5070
130502,CALAMARCA,2021,4990
130502,CALAMARCA,2022,4906
130502,CALAMARCA,2023,4819
130502,CALAMARCA,2024,4720
130502,CALAMARCA,2025,4625
130502,CALAMARCA,2026,4530
130503,CARABAMBA,2017,6916.00707070707
130503,CARABAMBA,2018,6923
130503,CARABAMBA,2019,6930
130503,CARABAMBA,2020,6916
130503,CARABAMBA,2021,6926
130503,CARABAMBA,2022,6929
130503,CARABAMBA,2023,6931
130503,CARABAMBA,2024,6933
130503,CARABAMBA,2025,6935
130503,CARABAMBA,2026,6937
130504,HUASO,2017,6242.00399872041
130504,HUASO,2018,6247
130504,HUASO,2019,6252
130504,HUASO,2020,6239
130504,HUASO,2021,6247
130504,HUASO,2022,6249
130504,HUASO,2023,6251
130504,HUASO,2024,6253
130504,HUASO,2025,6255
130504,HUASO,2026,6257
130601,OTUZCO,2017,26303.49801513
130601,OTUZCO,2018,26502
130601,OTUZCO,2019,26702
130601,OTUZCO,2020,26830
130601,OTUZCO,2021,27030
130601,OTUZCO,2022,27201
130601,OTUZCO,2023,27351
130601,OTUZCO,2024,27491
130601,OTUZCO,2025,27630
130601,OTUZCO,2026,27767
130602,AGALLPAMPA,2017,10198.5875989956
130602,AGALLPAMPA,2018,10276
130602,AGALLPAMPA,2019,10354
130602,AGALLPAMPA,2020,10403
130602,AGALLPAMPA,2021,10482
130602,AGALLPAMPA,2022,10550
130602,AGALLPAMPA,2023,10610
130602,AGALLPAMPA,2024,10666
130602,AGALLPAMPA,2025,10721
130602,AGALLPAMPA,2026,10776
130604,CHARAT,2017,2674.36791730475
130604,CHARAT,2018,2643
130604,CHARAT,2019,2612
130604,CHARAT,2020,2574
130604,CHARAT,2021,2545
130604,CHARAT,2022,2512
130604,CHARAT,2023,2479
130604,CHARAT,2024,2444
130604,CHARAT,2025,2409
130604,CHARAT,2026,2375
130605,HUARANCHAL,2017,4306.80286396181
130605,HUARANCHAL,2018,4248
130605,HUARANCHAL,2019,4190
130605,HUARANCHAL,2020,4122
130605,HUARANCHAL,2021,4065
130605,HUARANCHAL,2022,4005
130605,HUARANCHAL,2023,3943
130605,HUARANCHAL,2024,3880
130605,HUARANCHAL,2025,3820
130605,HUARANCHAL,2026,3759
130606,LA CUESTA,2017,668.001501501502
130606,LA CUESTA,2018,667
130606,LA CUESTA,2019,666
130606,LA CUESTA,2020,662
130606,LA CUESTA,2021,661
130606,LA CUESTA,2022,658
130606,LA CUESTA,2023,655
130606,LA CUESTA,2024,653
130606,LA CUESTA,2025,651
130606,LA CUESTA,2026,646
130608,MACHE,2017,2926.08845888044
130608,MACHE,2018,2910
130608,MACHE,2019,2894
130608,MACHE,2020,2869
130608,MACHE,2021,2853
130608,MACHE,2022,2835
130608,MACHE,2023,2814
130608,MACHE,2024,2791
130608,MACHE,2025,2770
130608,MACHE,2026,2748
130610,PARANDAY,2017,565.088929219601
130610,PARANDAY,2018,558
130610,PARANDAY,2019,551
130610,PARANDAY,2020,542
130610,PARANDAY,2021,536
130610,PARANDAY,2022,530
130610,PARANDAY,2023,523
130610,PARANDAY,2024,517
130610,PARANDAY,2025,509
130610,PARANDAY,2026,503
130611,SALPO,2017,6478.11998775635
130611,SALPO,2018,6506
130611,SALPO,2019,6534
130611,SALPO,2020,6543
130611,SALPO,2021,6571
130611,SALPO,2022,6591
130611,SALPO,2023,6606
130611,SALPO,2024,6618
130611,SALPO,2025,6631
130611,SALPO,2026,6643
130613,SINSICAP,2017,7665.15216532842
130613,SINSICAP,2018,7631
130613,SINSICAP,2019,7597
130613,SINSICAP,2020,7543
130613,SINSICAP,2021,7509
130613,SINSICAP,2022,7467
130613,SINSICAP,2023,7422
130613,SINSICAP,2024,7372
130613,SINSICAP,2025,7322
130613,SINSICAP,2026,7273
130614,USQUIL,2017,23604.3784039578
130614,USQUIL,2018,23424
130614,USQUIL,2019,23245
130614,USQUIL,2020,23003
130614,USQUIL,2021,22824
130614,USQUIL,2022,22622
130614,USQUIL,2023,22404
130614,USQUIL,2024,22181
130614,USQUIL,2025,21956
130614,USQUIL,2026,21733
130701,SAN PEDRO DE LLOC,2017,18418.8464441067
130701,SAN PEDRO DE LLOC,2018,18747
130701,SAN PEDRO DE LLOC,2019,19081
130701,SAN PEDRO DE LLOC,2020,19368
130701,SAN PEDRO DE LLOC,2021,19647
130701,SAN PEDRO DE LLOC,2022,19882
130701,SAN PEDRO DE LLOC,2023,20089
130701,SAN PEDRO DE LLOC,2024,20280
130701,SAN PEDRO DE LLOC,2025,20469
130701,SAN PEDRO DE LLOC,2026,20658
130702,GUADALUPE,2017,42079.9150501057
130702,GUADALUPE,2018,42788
130702,GUADALUPE,2019,43508
130702,GUADALUPE,2020,44119
130702,GUADALUPE,2021,44710
130702,GUADALUPE,2022,45202
130702,GUADALUPE,2023,45626
130702,GUADALUPE,2024,46016
130702,GUADALUPE,2025,46402
130702,GUADALUPE,2026,46782
130703,JEQUETEPEQUE,2017,4272.88928412628
130703,JEQUETEPEQUE,2018,4384
130703,JEQUETEPEQUE,2019,4498
130703,JEQUETEPEQUE,2020,4604
130703,JEQUETEPEQUE,2021,4708
130703,JEQUETEPEQUE,2022,4803
130703,JEQUETEPEQUE,2023,4892
130703,JEQUETEPEQUE,2024,4978
130703,JEQUETEPEQUE,2025,5064
130703,JEQUETEPEQUE,2026,5150
130704,PACASMAYO,2017,30397.0398810842
130704,PACASMAYO,2018,31002
130704,PACASMAYO,2019,31619
130704,PACASMAYO,2020,32161
130704,PACASMAYO,2021,32691
130704,PACASMAYO,2022,33150
130704,PACASMAYO,2023,33563
130704,PACASMAYO,2024,33952
130704,PACASMAYO,2025,34340
130704,PACASMAYO,2026,34726
130705,SAN JOSE,2017,12307.7614249445
130705,SAN JOSE,2018,12455
130705,SAN JOSE,2019,12604
130705,SAN JOSE,2020,12718
130705,SAN JOSE,2021,12825
130705,SAN JOSE,2022,12902
130705,SAN JOSE,2023,12959
130705,SAN JOSE,2024,13004
130705,SAN JOSE,2025,13047
130705,SAN JOSE,2026,13087
130801,TAYABAMBA,2017,13807.0738230841
130801,TAYABAMBA,2018,13839
130801,TAYABAMBA,2019,13871
130801,TAYABAMBA,2020,13862
130801,TAYABAMBA,2021,13855
130801,TAYABAMBA,2022,13848
130801,TAYABAMBA,2023,13841
130801,TAYABAMBA,2024,13833
130801,TAYABAMBA,2025,13825
130801,TAYABAMBA,2026,13818
130802,BULDIBUYO,2017,4119.40014282314
130802,BULDIBUYO,2018,4160
130802,BULDIBUYO,2019,4201
130802,BULDIBUYO,2020,4229
130802,BULDIBUYO,2021,4264
130802,BULDIBUYO,2022,4292
130802,BULDIBUYO,2023,4315
130802,BULDIBUYO,2024,4336
130802,BULDIBUYO,2025,4356
130802,BULDIBUYO,2026,4377
130803,CHILLIA,2017,12766.8657728464
130803,CHILLIA,2018,12872
130803,CHILLIA,2019,12978
130803,CHILLIA,2020,13046
130803,CHILLIA,2021,13135
130803,CHILLIA,2022,13206
130803,CHILLIA,2023,13264
130803,CHILLIA,2024,13318
130803,CHILLIA,2025,13370
130803,CHILLIA,2026,13421
130804,HUANCASPATA,2017,6174.00259487512
130804,HUANCASPATA,2018,6170
130804,HUANCASPATA,2019,6166
130804,HUANCASPATA,2020,6142
130804,HUANCASPATA,2021,6130
130804,HUANCASPATA,2022,6122
130804,HUANCASPATA,2023,6114
130804,HUANCASPATA,2024,6108
130804,HUANCASPATA,2025,6101
130804,HUANCASPATA,2026,6095
130805,HUAYLILLAS,2017,1261.9793814433
130805,HUAYLILLAS,2018,1212
130805,HUAYLILLAS,2019,1164
130805,HUAYLILLAS,2020,1116
130805,HUAYLILLAS,2021,1070
130805,HUAYLILLAS,2022,1034
130805,HUAYLILLAS,2023,1004
130805,HUAYLILLAS,2024,975
130805,HUAYLILLAS,2025,950
130805,HUAYLILLAS,2026,922
130806,HUAYO,2017,3839.12753623188
130806,HUAYO,2018,3817
130806,HUAYO,2019,3795
130806,HUAYO,2020,3762
130806,HUAYO,2021,3736
130806,HUAYO,2022,3716
130806,HUAYO,2023,3699
130806,HUAYO,2024,3685
130806,HUAYO,2025,3670
130806,HUAYO,2026,3656
130807,ONGON,2017,1429.34945848375
130807,ONGON,2018,1407
130807,ONGON,2019,1385
130807,ONGON,2020,1360
130807,ONGON,2021,1337
130807,ONGON,2022,1320
130807,ONGON,2023,1305
130807,ONGON,2024,1292
130807,ONGON,2025,1279
130807,ONGON,2026,1266
130808,PARCOY,2017,19880.3712234376
130808,PARCOY,2018,20312
130808,PARCOY,2019,20753
130808,PARCOY,2020,21147
130808,PARCOY,2021,21560
130808,PARCOY,2022,21889
130808,PARCOY,2023,22160
130808,PARCOY,2024,22405
130808,PARCOY,2025,22645
130808,PARCOY,2026,22884
130809,PATAZ,2017,9844.01488265598
130809,PATAZ,2018,10158
130809,PATAZ,2019,10482
130809,PATAZ,2020,10782
130809,PATAZ,2021,11088
130809,PATAZ,2022,11333
130809,PATAZ,2023,11536
130809,PATAZ,2024,11716
130809,PATAZ,2025,11895
130809,PATAZ,2026,12072
130810,PIAS,2017,1798.7313034188
130810,PIAS,2018,1835
130810,PIAS,2019,1872
130810,PIAS,2020,1902
130810,PIAS,2021,1936
130810,PIAS,2022,1961
130810,PIAS,2023,1984
130810,PIAS,2024,2003
130810,PIAS,2025,2023
130810,PIAS,2026,2041
130811,SANTIAGO DE CHALLAS,2017,2394.43948497854
130811,SANTIAGO DE CHALLAS,2018,2362
130811,SANTIAGO DE CHALLAS,2019,2330
130811,SANTIAGO DE CHALLAS,2020,2290
130811,SANTIAGO DE CHALLAS,2021,2256
130811,SANTIAGO DE CHALLAS,2022,2228
130811,SANTIAGO DE CHALLAS,2023,2206
130811,SANTIAGO DE CHALLAS,2024,2186
130811,SANTIAGO DE CHALLAS,2025,2166
130811,SANTIAGO DE CHALLAS,2026,2146
130812,TAURIJA,2017,3017.02110121991
130812,TAURIJA,2018,3025
130812,TAURIJA,2019,3033
130812,TAURIJA,2020,3032
130812,TAURIJA,2021,3031
130812,TAURIJA,2022,3030
130812,TAURIJA,2023,3029
130812,TAURIJA,2024,3027
130812,TAURIJA,2025,3026
130812,TAURIJA,2026,3025
130813,URPAY,2017,2540.55515004055
130813,URPAY,2018,2503
130813,URPAY,2019,2466
130813,URPAY,2020,2422
130813,URPAY,2021,2384
130813,URPAY,2022,2352
130813,URPAY,2023,2327
130813,URPAY,2024,2305
130813,URPAY,2025,2283
130813,URPAY,2026,2261
130901,HUAMACHUCO,2017,72220.1592913498
130901,HUAMACHUCO,2018,74786
130901,HUAMACHUCO,2019,77443
130901,HUAMACHUCO,2020,79944
130901,HUAMACHUCO,2021,82085
130901,HUAMACHUCO,2022,84084
130901,HUAMACHUCO,2023,85980
130901,HUAMACHUCO,2024,87823
130901,HUAMACHUCO,2025,89656
130901,HUAMACHUCO,2026,91478
130902,CHUGAY,2017,18737.546853001
130902,CHUGAY,2018,18956
130902,CHUGAY,2019,19177
130902,CHUGAY,2020,19344
130902,CHUGAY,2021,19553
130902,CHUGAY,2022,19702
130902,CHUGAY,2023,19809
130902,CHUGAY,2024,19896
130902,CHUGAY,2025,19982
130902,CHUGAY,2026,20064
130903,COCHORCO,2017,9683.77814636108
130903,COCHORCO,2018,9815
130903,COCHORCO,2019,9948
130903,COCHORCO,2020,10054
130903,COCHORCO,2021,10179
130903,COCHORCO,2022,10271
130903,COCHORCO,2023,10339
130903,COCHORCO,2024,10395
130903,COCHORCO,2025,10452
130903,COCHORCO,2026,10506
130904,CURGOS,2017,8608.56012802926
130904,CURGOS,2018,8678
130904,CURGOS,2019,8748
130904,CURGOS,2020,8795
130904,CURGOS,2021,8865
130904,CURGOS,2022,8909
130904,CURGOS,2023,8939
130904,CURGOS,2024,8960
130904,CURGOS,2025,8981
130904,CURGOS,2026,9002
130905,MARCABAL,2017,12067.0873828159
130905,MARCABAL,2018,11845
130905,MARCABAL,2019,11627
130905,MARCABAL,2020,11381
130905,MARCABAL,2021,11164
130905,MARCABAL,2022,10927
130905,MARCABAL,2023,10677
130905,MARCABAL,2024,10421
130905,MARCABAL,2025,10166
130905,MARCABAL,2026,9912
130906,SANAGORAN,2017,14340.5818169473
130906,SANAGORAN,2018,14533
130906,SANAGORAN,2019,14728
130906,SANAGORAN,2020,14881
130906,SANAGORAN,2021,15064
130906,SANAGORAN,2022,15197
130906,SANAGORAN,2023,15296
130906,SANAGORAN,2024,15379
130906,SANAGORAN,2025,15459
130906,SANAGORAN,2026,15538
130907,SARIN,2017,9677.73372600792
130907,SARIN,2018,9762
130907,SARIN,2019,9847
130907,SARIN,2020,9904
130907,SARIN,2021,9986
130907,SARIN,2022,10040
130907,SARIN,2023,10077
130907,SARIN,2024,10104
130907,SARIN,2025,10130
130907,SARIN,2026,10156
130908,SARTIMBAMBA,2017,13877.201771031
130908,SARTIMBAMBA,2018,14052
130908,SARTIMBAMBA,2019,14229
130908,SARTIMBAMBA,2020,14367
130908,SARTIMBAMBA,2021,14534
130908,SARTIMBAMBA,2022,14654
130908,SARTIMBAMBA,2023,14744
130908,SARTIMBAMBA,2024,14816
130908,SARTIMBAMBA,2025,14888
130908,SARTIMBAMBA,2026,14958
131001,SANTIAGO DE CHUCO,2017,20121.5118819188
131001,SANTIAGO DE CHUCO,2018,20223
131001,SANTIAGO DE CHUCO,2019,20325
131001,SANTIAGO DE CHUCO,2020,20368
131001,SANTIAGO DE CHUCO,2021,20456
131001,SANTIAGO DE CHUCO,2022,20520
131001,SANTIAGO DE CHUCO,2023,20570
131001,SANTIAGO DE CHUCO,2024,20610
131001,SANTIAGO DE CHUCO,2025,20652
131001,SANTIAGO DE CHUCO,2026,20689
131002,ANGASMARCA,2017,5187.71047957371
131002,ANGASMARCA,2018,5127
131002,ANGASMARCA,2019,5067
131002,ANGASMARCA,2020,4995
131002,ANGASMARCA,2021,4934
131002,ANGASMARCA,2022,4870
131002,ANGASMARCA,2023,4803
131002,ANGASMARCA,2024,4736
131002,ANGASMARCA,2025,4669
131002,ANGASMARCA,2026,4605
131003,CACHICADAN,2017,5947.39377884122
131003,CACHICADAN,2018,5899
131003,CACHICADAN,2019,5851
131003,CACHICADAN,2020,5789
131003,CACHICADAN,2021,5739
131003,CACHICADAN,2022,5685
131003,CACHICADAN,2023,5625
131003,CACHICADAN,2024,5566
131003,CACHICADAN,2025,5507
131003,CACHICADAN,2026,5447
131004,MOLLEBAMBA,2017,1860.00485436893
131004,MOLLEBAMBA,2018,1857
131004,MOLLEBAMBA,2019,1854
131004,MOLLEBAMBA,2020,1846
131004,MOLLEBAMBA,2021,1842
131004,MOLLEBAMBA,2022,1835
131004,MOLLEBAMBA,2023,1829
131004,MOLLEBAMBA,2024,1821
131004,MOLLEBAMBA,2025,1813
131004,MOLLEBAMBA,2026,1805
131005,MOLLEPATA,2017,2496.1038961039
131005,MOLLEPATA,2018,2480
131005,MOLLEPATA,2019,2464
131005,MOLLEPATA,2020,2441
131005,MOLLEPATA,2021,2424
131005,MOLLEPATA,2022,2405
131005,MOLLEPATA,2023,2384
131005,MOLLEPATA,2024,2363
131005,MOLLEPATA,2025,2341
131005,MOLLEPATA,2026,2320
131006,QUIRUVILCA,2017,13699.0142784294
131006,QUIRUVILCA,2018,13713
131006,QUIRUVILCA,2019,13727
131006,QUIRUVILCA,2020,13703
131006,QUIRUVILCA,2021,13708
131006,QUIRUVILCA,2022,13698
131006,QUIRUVILCA,2023,13678
131006,QUIRUVILCA,2024,13653
131006,QUIRUVILCA,2025,13627
131006,QUIRUVILCA,2026,13601
131007,SANTA CRUZ DE CHUCA,2017,3072.0081645983
131007,SANTA CRUZ DE CHUCA,2018,3067
131007,SANTA CRUZ DE CHUCA,2019,3062
131007,SANTA CRUZ DE CHUCA,2020,3049
131007,SANTA CRUZ DE CHUCA,2021,3043
131007,SANTA CRUZ DE CHUCA,2022,3033
131007,SANTA CRUZ DE CHUCA,2023,3021
131007,SANTA CRUZ DE CHUCA,2024,3007
131007,SANTA CRUZ DE CHUCA,2025,2994
131007,SANTA CRUZ DE CHUCA,2026,2980
131008,SITABAMBA,2017,3672.00678978816
131008,SITABAMBA,2018,3677
131008,SITABAMBA,2019,3682
131008,SITABAMBA,2020,3677
131008,SITABAMBA,2021,3680
131008,SITABAMBA,2022,3679
131008,SITABAMBA,2023,3674
131008,SITABAMBA,2024,3669
131008,SITABAMBA,2025,3663
131008,SITABAMBA,2026,3657
131101,CASCAS,2017,14227.1886818784
131101,CASCAS,2018,14279
131101,CASCAS,2019,14331
131101,CASCAS,2020,14344
131101,CASCAS,2021,14358
131101,CASCAS,2022,14381
131101,CASCAS,2023,14407
131101,CASCAS,2024,14434
131101,CASCAS,2025,14462
131101,CASCAS,2026,14490
131102,LUCMA,2017,5036.54825628548
131102,LUCMA,2018,4984
131102,LUCMA,2019,4932
131102,LUCMA,2020,4866
131102,LUCMA,2021,4839
131102,LUCMA,2022,4800
131102,LUCMA,2023,4752
131102,LUCMA,2024,4702
131102,LUCMA,2025,4651
131102,LUCMA,2026,4601
131103,MARMOT,2017,2519.12681017613
131103,MARMOT,2018,2537
131103,MARMOT,2019,2555
131103,MARMOT,2020,2566
131103,MARMOT,2021,2573
131103,MARMOT,2022,2582
131103,MARMOT,2023,2594
131103,MARMOT,2024,2607
131103,MARMOT,2025,2619
131103,MARMOT,2026,2631
131104,SAYAPULLO,2017,6795.14335347432
131104,SAYAPULLO,2018,6707
131104,SAYAPULLO,2019,6620
131104,SAYAPULLO,2020,6514
131104,SAYAPULLO,2021,6470
131104,SAYAPULLO,2022,6405
131104,SAYAPULLO,2023,6328
131104,SAYAPULLO,2024,6246
131104,SAYAPULLO,2025,6163
131104,SAYAPULLO,2026,6080
131201,VIRU,2017,55385.7998086957
131201,VIRU,2018,56433
131201,VIRU,2019,57500
131201,VIRU,2020,58418
131201,VIRU,2021,59275
131201,VIRU,2022,60018
131201,VIRU,2023,60685
131201,VIRU,2024,61312
131201,VIRU,2025,61934
131201,VIRU,2026,62551
131202,CHAO,2017,34275.9310335635
131202,CHAO,2018,35857
131202,CHAO,2019,37511
131202,CHAO,2020,39125
131202,CHAO,2021,40535
131202,CHAO,2022,41760
131202,CHAO,2023,42857
131202,CHAO,2024,43889
131202,CHAO,2025,44915
131202,CHAO,2026,45930
131203,GUADALUPITO,2017,7248.78994161359
131203,GUADALUPITO,2018,7391
131203,GUADALUPITO,2019,7536
131203,GUADALUPITO,2020,7663
131203,GUADALUPITO,2021,7780
131203,GUADALUPITO,2022,7882
131203,GUADALUPITO,2023,7974
131203,GUADALUPITO,2024,8060
131203,GUADALUPITO,2025,8145
131203,GUADALUPITO,2026,8229
140101,CHICLAYO,2017,279489.422784332
140101,CHICLAYO,2018,282680
140101,CHICLAYO,2019,285907
140101,CHICLAYO,2020,288360
140101,CHICLAYO,2021,291138
140101,CHICLAYO,2022,293332
140101,CHICLAYO,2023,295113
140101,CHICLAYO,2024,296645
140101,CHICLAYO,2025,298094
140101,CHICLAYO,2026,299442
140102,CHONGOYAPE,2017,18963.962810555
140102,CHONGOYAPE,2018,19201
140102,CHONGOYAPE,2019,19441
140102,CHONGOYAPE,2020,19629
140102,CHONGOYAPE,2021,19821
140102,CHONGOYAPE,2022,19966
140102,CHONGOYAPE,2023,20077
140102,CHONGOYAPE,2024,20168
140102,CHONGOYAPE,2025,20252
140102,CHONGOYAPE,2026,20327
140103,ETEN,2017,12394.9634770471
140103,ETEN,2018,12643
140103,ETEN,2019,12896
140103,ETEN,2020,13118
140103,ETEN,2021,13345
140103,ETEN,2022,13542
140103,ETEN,2023,13719
140103,ETEN,2024,13887
140103,ETEN,2025,14054
140103,ETEN,2026,14218
140104,ETEN PUERTO,2017,2370.27910817506
140104,ETEN PUERTO,2018,2396
140104,ETEN PUERTO,2019,2422
140104,ETEN PUERTO,2020,2439
140104,ETEN PUERTO,2021,2459
140104,ETEN PUERTO,2022,2471
140104,ETEN PUERTO,2023,2478
140104,ETEN PUERTO,2024,2484
140104,ETEN PUERTO,2025,2489
140104,ETEN PUERTO,2026,2493
140105,JOSE LEONARDO ORTIZ,2017,163290.31786827
140105,JOSE LEONARDO ORTIZ,2018,164130
140105,JOSE LEONARDO ORTIZ,2019,164974
140105,JOSE LEONARDO ORTIZ,2020,165355
140105,JOSE LEONARDO ORTIZ,2021,166266
140105,JOSE LEONARDO ORTIZ,2022,167037
140105,JOSE LEONARDO ORTIZ,2023,167710
140105,JOSE LEONARDO ORTIZ,2024,168322
140105,JOSE LEONARDO ORTIZ,2025,168913
140105,JOSE LEONARDO ORTIZ,2026,169479
140106,LA VICTORIA,2017,92896.2408586445
140106,LA VICTORIA,2018,95035
140106,LA VICTORIA,2019,97223
140106,LA VICTORIA,2020,99183
140106,LA VICTORIA,2021,100033
140106,LA VICTORIA,2022,100801
140106,LA VICTORIA,2023,101510
140106,LA VICTORIA,2024,102183
140106,LA VICTORIA,2025,102844
140106,LA VICTORIA,2026,103490
140107,LAGUNAS,2017,10378.3934181002
140107,LAGUNAS,2018,10536
140107,LAGUNAS,2019,10696
140107,LAGUNAS,2020,10829
140107,LAGUNAS,2021,10964
140107,LAGUNAS,2022,11074
140107,LAGUNAS,2023,11165
140107,LAGUNAS,2024,11246
140107,LAGUNAS,2025,11323
140107,LAGUNAS,2026,11396
140108,MONSEFU,2017,33754.837072527
140108,MONSEFU,2018,34301
140108,MONSEFU,2019,34856
140108,MONSEFU,2020,35323
140108,MONSEFU,2021,35797
140108,MONSEFU,2022,36188
140108,MONSEFU,2023,36520
140108,MONSEFU,2024,36817
140108,MONSEFU,2025,37104
140108,MONSEFU,2026,37379
140109,NUEVA ARICA,2017,2492.1144101346
140109,NUEVA ARICA,2018,2509
140109,NUEVA ARICA,2019,2526
140109,NUEVA ARICA,2020,2538
140109,NUEVA ARICA,2021,2552
140109,NUEVA ARICA,2022,2561
140109,NUEVA ARICA,2023,2567
140109,NUEVA ARICA,2024,2571
140109,NUEVA ARICA,2025,2576
140109,NUEVA ARICA,2026,2581
140110,OYOTUN,2017,8646.91428571429
140110,OYOTUN,2018,8558
140110,OYOTUN,2019,8470
140110,OYOTUN,2020,8359
140110,OYOTUN,2021,8311
140110,OYOTUN,2022,8268
140110,OYOTUN,2023,8228
140110,OYOTUN,2024,8191
140110,OYOTUN,2025,8154
140110,OYOTUN,2026,8117
140111,PICSI,2017,12933.3396333263
140111,PICSI,2018,13517
140111,PICSI,2019,14127
140111,PICSI,2020,14726
140111,PICSI,2021,14893
140111,PICSI,2022,15048
140111,PICSI,2023,15194
140111,PICSI,2024,15335
140111,PICSI,2025,15474
140111,PICSI,2026,15611
140112,PIMENTEL,2017,46467.104959905
140112,PIMENTEL,2018,48444
140112,PIMENTEL,2019,50505
140112,PIMENTEL,2020,52505
140112,PIMENTEL,2021,52997
140112,PIMENTEL,2022,53446
140112,PIMENTEL,2023,53863
140112,PIMENTEL,2024,54262
140112,PIMENTEL,2025,54654
140112,PIMENTEL,2026,55038
140113,REQUE,2017,16271.8677762367
140113,REQUE,2018,16780
140113,REQUE,2019,17304
140113,REQUE,2020,17794
140113,REQUE,2021,18063
140113,REQUE,2022,18318
140113,REQUE,2023,18563
140113,REQUE,2024,18802
140113,REQUE,2025,19038
140113,REQUE,2026,19272
140114,SANTA ROSA,2017,13006.4461447911
140114,SANTA ROSA,2018,13296
140114,SANTA ROSA,2019,13592
140114,SANTA ROSA,2020,13856
140114,SANTA ROSA,2021,14126
140114,SANTA ROSA,2022,14366
140114,SANTA ROSA,2023,14585
140114,SANTA ROSA,2024,14795
140114,SANTA ROSA,2025,15006
140114,SANTA ROSA,2026,15217
140115,SAÑA,2017,12286.5400803213
140115,SAÑA,2018,12368
140115,SAÑA,2019,12450
140115,SAÑA,2020,12497
140115,SAÑA,2021,12581
140115,SAÑA,2022,12654
140115,SAÑA,2023,12720
140115,SAÑA,2024,12781
140115,SAÑA,2025,12841
140115,SAÑA,2026,12899
140116,CAYALTI,2017,15522.0934869869
140116,CAYALTI,2018,15484
140116,CAYALTI,2019,15446
140116,CAYALTI,2020,15365
140116,CAYALTI,2021,15279
140116,CAYALTI,2022,15153
140116,CAYALTI,2023,15001
140116,CAYALTI,2024,14832
140116,CAYALTI,2025,14659
140116,CAYALTI,2026,14481
140117,PATAPO,2017,23783.7124310289
140117,PATAPO,2018,24212
140117,PATAPO,2019,24648
140117,PATAPO,2020,25022
140117,PATAPO,2021,25401
140117,PATAPO,2022,25723
140117,PATAPO,2023,26003
140117,PATAPO,2024,26259
140117,PATAPO,2025,26510
140117,PATAPO,2026,26753
140118,POMALCA,2017,25828.6472022202
140118,POMALCA,2018,26243
140118,POMALCA,2019,26664
140118,POMALCA,2020,27016
140118,POMALCA,2021,27375
140118,POMALCA,2022,27672
140118,POMALCA,2023,27924
140118,POMALCA,2024,28148
140118,POMALCA,2025,28364
140118,POMALCA,2026,28570
140119,PUCALA,2017,9011.01593801882
140119,PUCALA,2018,9023
140119,PUCALA,2019,9035
140119,PUCALA,2020,9022
140119,PUCALA,2021,9046
140119,PUCALA,2022,9062
140119,PUCALA,2023,9073
140119,PUCALA,2024,9081
140119,PUCALA,2025,9087
140119,PUCALA,2026,9092
140120,TUMAN,2017,29150.8645126439
140120,TUMAN,2018,29384
140120,TUMAN,2019,29619
140120,TUMAN,2020,29773
140120,TUMAN,2021,29990
140120,TUMAN,2022,30159
140120,TUMAN,2023,30293
140120,TUMAN,2024,30407
140120,TUMAN,2025,30514
140120,TUMAN,2026,30612
140201,FERREÑAFE,2017,36141.3589895031
140201,FERREÑAFE,2018,36691
140201,FERREÑAFE,2019,37249
140201,FERREÑAFE,2020,37715
140201,FERREÑAFE,2021,38144
140201,FERREÑAFE,2022,38489
140201,FERREÑAFE,2023,38769
140201,FERREÑAFE,2024,39013
140201,FERREÑAFE,2025,39234
140201,FERREÑAFE,2026,39435
140202,CAÑARIS,2017,12332.0208130081
140202,CAÑARIS,2018,12316
140202,CAÑARIS,2019,12300
140202,CAÑARIS,2020,12251
140202,CAÑARIS,2021,12187
140202,CAÑARIS,2022,12096
140202,CAÑARIS,2023,11985
140202,CAÑARIS,2024,11861
140202,CAÑARIS,2025,11735
140202,CAÑARIS,2026,11602
140203,INCAHUASI,2017,14770.0904492512
140203,INCAHUASI,2018,14897
140203,INCAHUASI,2019,15025
140203,INCAHUASI,2020,15112
140203,INCAHUASI,2021,15203
140203,INCAHUASI,2022,15266
140203,INCAHUASI,2023,15308
140203,INCAHUASI,2024,15335
140203,INCAHUASI,2025,15355
140203,INCAHUASI,2026,15365
140204,MANUEL ANTONIO MESONES MURO,2017,4117.14998800096
140204,MANUEL ANTONIO MESONES MURO,2018,4142
140204,MANUEL ANTONIO MESONES MURO,2019,4167
140204,MANUEL ANTONIO MESONES MURO,2020,4179
140204,MANUEL ANTONIO MESONES MURO,2021,4198
140204,MANUEL ANTONIO MESONES MURO,2022,4210
140204,MANUEL ANTONIO MESONES MURO,2023,4220
140204,MANUEL ANTONIO MESONES MURO,2024,4224
140204,MANUEL ANTONIO MESONES MURO,2025,4229
140204,MANUEL ANTONIO MESONES MURO,2026,4234
140205,PITIPO,2017,21325.5769142543
140205,PITIPO,2018,21560
140205,PITIPO,2019,21797
140205,PITIPO,2020,21977
140205,PITIPO,2021,22136
140205,PITIPO,2022,22242
140205,PITIPO,2023,22311
140205,PITIPO,2024,22357
140205,PITIPO,2025,22394
140205,PITIPO,2026,22417
140206,PUEBLO NUEVO,2017,14839.4378077636
140206,PUEBLO NUEVO,2018,15233
140206,PUEBLO NUEVO,2019,15637
140206,PUEBLO NUEVO,2020,16007
140206,PUEBLO NUEVO,2021,16076
140206,PUEBLO NUEVO,2022,16135
140206,PUEBLO NUEVO,2023,16185
140206,PUEBLO NUEVO,2024,16231
140206,PUEBLO NUEVO,2025,16272
140206,PUEBLO NUEVO,2026,16308
140301,LAMBAYEQUE,2017,74995.5426904765
140301,LAMBAYEQUE,2018,76651
140301,LAMBAYEQUE,2019,78343
140301,LAMBAYEQUE,2020,79845
140301,LAMBAYEQUE,2021,81867
140301,LAMBAYEQUE,2022,83717
140301,LAMBAYEQUE,2023,85467
140301,LAMBAYEQUE,2024,87181
140301,LAMBAYEQUE,2025,88933
140301,LAMBAYEQUE,2026,90725
140302,CHOCHOPE,2017,1471.75113710201
140302,CHOCHOPE,2018,1505
140302,CHOCHOPE,2019,1539
140302,CHOCHOPE,2020,1571
140302,CHOCHOPE,2021,1613
140302,CHOCHOPE,2022,1650
140302,CHOCHOPE,2023,1686
140302,CHOCHOPE,2024,1720
140302,CHOCHOPE,2025,1757
140302,CHOCHOPE,2026,1792
140303,ILLIMO,2017,9312.40737600678
140303,ILLIMO,2018,9374
140303,ILLIMO,2019,9436
140303,ILLIMO,2020,9472
140303,ILLIMO,2021,9560
140303,ILLIMO,2022,9623
140303,ILLIMO,2023,9666
140303,ILLIMO,2024,9698
140303,ILLIMO,2025,9728
140303,ILLIMO,2026,9757
140304,JAYANCA,2017,18574.1314942529
140304,JAYANCA,2018,19068
140304,JAYANCA,2019,19575
140304,JAYANCA,2020,20042
140304,JAYANCA,2021,20310
140304,JAYANCA,2022,20559
140304,JAYANCA,2023,20795
140304,JAYANCA,2024,21026
140304,JAYANCA,2025,21260
140304,JAYANCA,2026,21497
140305,MOCHUMI,2017,19182.2077975097
140305,MOCHUMI,2018,19388
140305,MOCHUMI,2019,19596
140305,MOCHUMI,2020,19750
140305,MOCHUMI,2021,20146
140305,MOCHUMI,2022,20524
140305,MOCHUMI,2023,20892
140305,MOCHUMI,2024,21256
140305,MOCHUMI,2025,21625
140305,MOCHUMI,2026,21999
140306,MORROPE,2017,51134.0794841692
140306,MORROPE,2018,52797
140306,MORROPE,2019,54514
140306,MORROPE,2020,56131
140306,MORROPE,2021,57002
140306,MORROPE,2022,57818
140306,MORROPE,2023,58601
140306,MORROPE,2024,59372
140306,MORROPE,2025,60153
140306,MORROPE,2026,60944
140307,MOTUPE,2017,31024.7213099855
140307,MOTUPE,2018,32001
140307,MOTUPE,2019,33008
140307,MOTUPE,2020,33952
140307,MOTUPE,2021,34752
140307,MOTUPE,2022,35523
140307,MOTUPE,2023,36277
140307,MOTUPE,2024,37028
140307,MOTUPE,2025,37788
140307,MOTUPE,2026,38558
140308,OLMOS,2017,50020.0554296541
140308,OLMOS,2018,51892
140308,OLMOS,2019,53834
140308,OLMOS,2020,55691
140308,OLMOS,2021,56552
140308,OLMOS,2022,57359
140308,OLMOS,2023,58133
140308,OLMOS,2024,58895
140308,OLMOS,2025,59666
140308,OLMOS,2026,60447
140309,PACORA,2017,8231.95880106469
140309,PACORA,2018,8434
140309,PACORA,2019,8641
140309,PACORA,2020,8829
140309,PACORA,2021,9070
140309,PACORA,2022,9292
140309,PACORA,2023,9500
140309,PACORA,2024,9706
140309,PACORA,2025,9915
140309,PACORA,2026,10130
140310,SALAS,2017,13334.6534536311
140310,SALAS,2018,13428
140310,SALAS,2019,13522
140310,SALAS,2020,13577
140310,SALAS,2021,13708
140310,SALAS,2022,13801
140310,SALAS,2023,13866
140310,SALAS,2024,13916
140310,SALAS,2025,13963
140310,SALAS,2026,14006
140311,SAN JOSE,2017,16075.2156805765
140311,SAN JOSE,2018,16631
140311,SAN JOSE,2019,17206
140311,SAN JOSE,2020,17754
140311,SAN JOSE,2021,18284
140311,SAN JOSE,2022,18801
140311,SAN JOSE,2023,19310
140311,SAN JOSE,2024,19819
140311,SAN JOSE,2025,20334
140311,SAN JOSE,2026,20856
140312,TUCUME,2017,23184.6627221409
140312,TUCUME,2018,23547
140312,TUCUME,2019,23915
140312,TUCUME,2020,24221
140312,TUCUME,2021,24667
140312,TUCUME,2022,25048
140312,TUCUME,2023,25386
140312,TUCUME,2024,25700
140312,TUCUME,2025,26010
140312,TUCUME,2026,26319
150101,LIMA,2017,272887.963316764
150101,LIMA,2018,271324
150101,LIMA,2019,269769
150101,LIMA,2020,267379
150101,LIMA,2021,267199
150101,LIMA,2022,266887
150101,LIMA,2023,266467
150101,LIMA,2024,265991
150101,LIMA,2025,265503
150101,LIMA,2026,265003
150102,ANCON,2017,64712.4223843263
150102,ANCON,2018,70294
150102,ANCON,2019,76357
150102,ANCON,2020,82677
150102,ANCON,2021,87091
150102,ANCON,2022,91478
150102,ANCON,2023,95841
150102,ANCON,2024,100194
150102,ANCON,2025,104552
150102,ANCON,2026,108912
150103,ATE,2017,614618.227753102
150103,ATE,2018,633470
150103,ATE,2019,652900
150103,ATE,2020,670818
150103,ATE,2021,687615
150103,ATE,2022,702815
150103,ATE,2023,716859
150103,ATE,2024,730256
150103,ATE,2025,743517
150103,ATE,2026,756613
150104,BARRANCO,2017,35191.1620926004
150104,BARRANCO,2018,35467
150104,BARRANCO,2019,35745
150104,BARRANCO,2020,35915
150104,BARRANCO,2021,36200
150104,BARRANCO,2022,36467
150104,BARRANCO,2023,36721
150104,BARRANCO,2024,36968
150104,BARRANCO,2025,37214
150104,BARRANCO,2026,37459
150105,BREÑA,2017,89703.4974444674
150105,BREÑA,2018,90920
150105,BREÑA,2019,92153
150105,BREÑA,2020,93111
150105,BREÑA,2021,94209
150105,BREÑA,2022,95187
150105,BREÑA,2023,96076
150105,BREÑA,2024,96916
150105,BREÑA,2025,97746
150105,BREÑA,2026,98563
150106,CARABAYLLO,2017,342467.18008874
150106,CARABAYLLO,2018,361168
150106,CARABAYLLO,2019,380890
150106,CARABAYLLO,2020,400414
150106,CARABAYLLO,2021,412234
150106,CARABAYLLO,2022,423894
150106,CARABAYLLO,2023,435419
150106,CARABAYLLO,2024,446878
150106,CARABAYLLO,2025,458341
150106,CARABAYLLO,2026,469806
150107,CHACLACAYO,2017,43112.536369228
150107,CHACLACAYO,2018,43503
150107,CHACLACAYO,2019,43897
150107,CHACLACAYO,2020,44157
150107,CHACLACAYO,2021,44634
150107,CHACLACAYO,2022,45091
150107,CHACLACAYO,2023,45532
150107,CHACLACAYO,2024,45963
150107,CHACLACAYO,2025,46394
150107,CHACLACAYO,2026,46824
150108,CHORRILLOS,2017,335812.804287491
150108,CHORRILLOS,2018,342762
150108,CHORRILLOS,2019,349855
150108,CHORRILLOS,2020,355978
150108,CHORRILLOS,2021,361907
150108,CHORRILLOS,2022,367099
150108,CHORRILLOS,2023,371746
150108,CHORRILLOS,2024,376076
150108,CHORRILLOS,2025,380313
150108,CHORRILLOS,2026,384444
150109,CIENEGUILLA,2017,35248.1047467936
150109,CIENEGUILLA,2018,36509
150109,CIENEGUILLA,2019,37815
150109,CIENEGUILLA,2020,39055
150109,CIENEGUILLA,2021,39633
150109,CIENEGUILLA,2022,40193
150109,CIENEGUILLA,2023,40739
150109,CIENEGUILLA,2024,41278
150109,CIENEGUILLA,2025,41816
150109,CIENEGUILLA,2026,42353
150110,COMAS,2017,548022.140807044
150110,COMAS,2018,557093
150110,COMAS,2019,566314
150110,COMAS,2020,573884
150110,COMAS,2021,581036
150110,COMAS,2022,586914
150110,COMAS,2023,591841
150110,COMAS,2024,596186
150110,COMAS,2025,600307
150110,COMAS,2026,604186
150111,EL AGUSTINO,2017,209744.063845481
150111,EL AGUSTINO,2018,213968
150111,EL AGUSTINO,2019,218277
150111,EL AGUSTINO,2020,221974
150111,EL AGUSTINO,2021,225749
150111,EL AGUSTINO,2022,229426
150111,EL AGUSTINO,2023,233022
150111,EL AGUSTINO,2024,236577
150111,EL AGUSTINO,2025,240130
150111,EL AGUSTINO,2026,243679
150112,INDEPENDENCIA,2017,217604.731014529
150112,INDEPENDENCIA,2018,219569
150112,INDEPENDENCIA,2019,221551
150112,INDEPENDENCIA,2020,222850
150112,INDEPENDENCIA,2021,225536
150112,INDEPENDENCIA,2022,228121
150112,INDEPENDENCIA,2023,230622
150112,INDEPENDENCIA,2024,233081
150112,INDEPENDENCIA,2025,235535
150112,INDEPENDENCIA,2026,237983
150113,JESUS MARIA,2017,77236.2949724424
150113,JESUS MARIA,2018,78791
150113,JESUS MARIA,2019,80377
150113,JESUS MARIA,2020,81743
150113,JESUS MARIA,2021,82842
150113,JESUS MARIA,2022,83904
150113,JESUS MARIA,2023,84936
150113,JESUS MARIA,2024,85952
150113,JESUS MARIA,2025,86967
150113,JESUS MARIA,2026,87980
150114,LA MOLINA,2017,152132.191737422
150114,LA MOLINA,2018,154950
150114,LA MOLINA,2019,157820
150114,LA MOLINA,2020,160244
150114,LA MOLINA,2021,162761
150114,LA MOLINA,2022,165020
150114,LA MOLINA,2023,167091
150114,LA MOLINA,2024,169055
150114,LA MOLINA,2025,170998
150114,LA MOLINA,2026,172914
150115,LA VICTORIA,2017,188276.515320275
150115,LA VICTORIA,2018,188588
150115,LA VICTORIA,2019,188900
150115,LA VICTORIA,2020,188619
150115,LA VICTORIA,2021,189152
150115,LA VICTORIA,2022,189594
150115,LA VICTORIA,2023,189961
150115,LA VICTORIA,2024,190290
150115,LA VICTORIA,2025,190612
150115,LA VICTORIA,2026,190925
150116,LINCE,2017,58128.016212656
150116,LINCE,2018,58668
150116,LINCE,2019,59213
150116,LINCE,2020,59578
150116,LINCE,2021,60647
150116,LINCE,2022,61689
150116,LINCE,2023,62711
150116,LINCE,2024,63721
150116,LINCE,2025,64730
150116,LINCE,2026,65739
150117,LOS OLIVOS,2017,341262.490063019
150117,LOS OLIVOS,2018,345159
150117,LOS OLIVOS,2019,349100
150117,LOS OLIVOS,2020,351983
150117,LOS OLIVOS,2021,355528
150117,LOS OLIVOS,2022,358910
150117,LOS OLIVOS,2023,362159
150117,LOS OLIVOS,2024,365339
150117,LOS OLIVOS,2025,368511
150117,LOS OLIVOS,2026,371673
150118,LURIGANCHO,2017,248787.818866758
150118,LURIGANCHO,2018,260050
150118,LURIGANCHO,2019,271822
150118,LURIGANCHO,2020,283231
150118,LURIGANCHO,2021,293377
150118,LURIGANCHO,2022,302599
150118,LURIGANCHO,2023,311154
150118,LURIGANCHO,2024,319335
150118,LURIGANCHO,2025,327438
150118,LURIGANCHO,2026,335442
150119,LURIN,2017,95302.1454233082
150119,LURIN,2018,99924
150119,LURIN,2019,104770
150119,LURIN,2020,109506
150119,LURIN,2021,111789
150119,LURIN,2022,114024
150119,LURIN,2023,116221
150119,LURIN,2024,118398
150119,LURIN,2025,120575
150119,LURIN,2026,122750
150120,MAGDALENA DEL MAR,2017,60988.9256452017
150120,MAGDALENA DEL MAR,2018,62406
150120,MAGDALENA DEL MAR,2019,63856
150120,MAGDALENA DEL MAR,2020,65139
150120,MAGDALENA DEL MAR,2021,66464
150120,MAGDALENA DEL MAR,2022,67761
150120,MAGDALENA DEL MAR,2023,69034
150120,MAGDALENA DEL MAR,2024,70296
150120,MAGDALENA DEL MAR,2025,71558
150120,MAGDALENA DEL MAR,2026,72819
150121,PUEBLO LIBRE,2017,88281.6209864499
150121,PUEBLO LIBRE,2018,90244
150121,PUEBLO LIBRE,2019,92250
150121,PUEBLO LIBRE,2020,94010
150121,PUEBLO LIBRE,2021,95809
150121,PUEBLO LIBRE,2022,97568
150121,PUEBLO LIBRE,2023,99292
150121,PUEBLO LIBRE,2024,101000
150121,PUEBLO LIBRE,2025,102707
150121,PUEBLO LIBRE,2026,104412
150122,MIRAFLORES,2017,101987.010408957
150122,MIRAFLORES,2018,104334
150122,MIRAFLORES,2019,106735
150122,MIRAFLORES,2020,108855
150122,MIRAFLORES,2021,111202
150122,MIRAFLORES,2022,113503
150122,MIRAFLORES,2023,115766
150122,MIRAFLORES,2024,118009
150122,MIRAFLORES,2025,120252
150122,MIRAFLORES,2026,122493
150123,PACHACAMAC,2017,118628.263444789
150123,PACHACAMAC,2018,126129
150123,PACHACAMAC,2019,134104
150123,PACHACAMAC,2020,142133
150123,PACHACAMAC,2021,147228
150123,PACHACAMAC,2022,152268
150123,PACHACAMAC,2023,157263
150123,PACHACAMAC,2024,162235
150123,PACHACAMAC,2025,167211
150123,PACHACAMAC,2026,172188
150124,PUCUSANA,2017,14833.285990519
150124,PUCUSANA,2018,15421
150124,PUCUSANA,2019,16032
150124,PUCUSANA,2020,16615
150124,PUCUSANA,2021,17142
150124,PUCUSANA,2022,17620
150124,PUCUSANA,2023,18063
150124,PUCUSANA,2024,18487
150124,PUCUSANA,2025,18906
150124,PUCUSANA,2026,19321
150125,PUENTE PIEDRA,2017,346787.28599921
150125,PUENTE PIEDRA,2018,362799
150125,PUENTE PIEDRA,2019,379550
150125,PUENTE PIEDRA,2020,395819
150125,PUENTE PIEDRA,2021,404081
150125,PUENTE PIEDRA,2022,412174
150125,PUENTE PIEDRA,2023,420126
150125,PUENTE PIEDRA,2024,428008
150125,PUENTE PIEDRA,2025,435888
150125,PUENTE PIEDRA,2026,443763
150126,PUNTA HERMOSA,2017,16004.7769207653
150126,PUNTA HERMOSA,2018,17876
150126,PUNTA HERMOSA,2019,19966
150126,PUNTA HERMOSA,2020,22230
150126,PUNTA HERMOSA,2021,22855
150126,PUNTA HERMOSA,2022,23470
150126,PUNTA HERMOSA,2023,24079
150126,PUNTA HERMOSA,2024,24683
150126,PUNTA HERMOSA,2025,25288
150126,PUNTA HERMOSA,2026,25892
150127,PUNTA NEGRA,2017,7360.54104336895
150127,PUNTA NEGRA,2018,7652
150127,PUNTA NEGRA,2019,7955
150127,PUNTA NEGRA,2020,8243
150127,PUNTA NEGRA,2021,8531
150127,PUNTA NEGRA,2022,8808
150127,PUNTA NEGRA,2023,9079
150127,PUNTA NEGRA,2024,9349
150127,PUNTA NEGRA,2025,9625
150127,PUNTA NEGRA,2026,9907
150128,RIMAC,2017,178036.807884731
150128,RIMAC,2018,178962
150128,RIMAC,2019,179892
150128,RIMAC,2020,180260
150128,RIMAC,2021,181613
150128,RIMAC,2022,182882
150128,RIMAC,2023,184082
150128,RIMAC,2024,185245
150128,RIMAC,2025,186404
150128,RIMAC,2026,187556
150129,SAN BARTOLO,2017,7862.30857616679
150129,SAN BARTOLO,2018,8147
150129,SAN BARTOLO,2019,8442
150129,SAN BARTOLO,2020,8722
150129,SAN BARTOLO,2021,9003
150129,SAN BARTOLO,2022,9273
150129,SAN BARTOLO,2023,9537
150129,SAN BARTOLO,2024,9801
150129,SAN BARTOLO,2025,10071
150129,SAN BARTOLO,2026,10348
150130,SAN BORJA,2017,120684.16293746
150130,SAN BORJA,2018,122913
150130,SAN BORJA,2019,125183
150130,SAN BORJA,2020,127102
150130,SAN BORJA,2021,129095
150130,SAN BORJA,2022,130882
150130,SAN BORJA,2023,132521
150130,SAN BORJA,2024,134075
150130,SAN BORJA,2025,135613
150130,SAN BORJA,2026,137130
150131,SAN ISIDRO,2017,64859.4653099674
150131,SAN ISIDRO,2018,65861
150131,SAN ISIDRO,2019,66878
150131,SAN ISIDRO,2020,67703
150131,SAN ISIDRO,2021,68604
150131,SAN ISIDRO,2022,69409
150131,SAN ISIDRO,2023,70144
150131,SAN ISIDRO,2024,70840
150131,SAN ISIDRO,2025,71527
150131,SAN ISIDRO,2026,72204
150132,SAN JUAN DE LURIGANCHO,2017,1096218.45482609
150132,SAN JUAN DE LURIGANCHO,2018,1123889
150132,SAN JUAN DE LURIGANCHO,2019,1152258
150132,SAN JUAN DE LURIGANCHO,2020,1177629
150132,SAN JUAN DE LURIGANCHO,2021,1203125
150132,SAN JUAN DE LURIGANCHO,2022,1225092
150132,SAN JUAN DE LURIGANCHO,2023,1245145
150132,SAN JUAN DE LURIGANCHO,2024,1264060
150132,SAN JUAN DE LURIGANCHO,2025,1282635
150132,SAN JUAN DE LURIGANCHO,2026,1300785
150133,SAN JUAN DE MIRAFLORES,2017,397515.369735496
150133,SAN JUAN DE MIRAFLORES,2018,402989
150133,SAN JUAN DE MIRAFLORES,2019,408538
150133,SAN JUAN DE MIRAFLORES,2020,412865
150133,SAN JUAN DE MIRAFLORES,2021,417800
150133,SAN JUAN DE MIRAFLORES,2022,422197
150133,SAN JUAN DE MIRAFLORES,2023,426196
150133,SAN JUAN DE MIRAFLORES,2024,429975
150133,SAN JUAN DE MIRAFLORES,2025,433709
150133,SAN JUAN DE MIRAFLORES,2026,437390
150134,SAN LUIS,2017,55133.3878034765
150134,SAN LUIS,2018,55410
150134,SAN LUIS,2019,55688
150134,SAN LUIS,2020,55793
150134,SAN LUIS,2021,56068
150134,SAN LUIS,2022,56302
150134,SAN LUIS,2023,56505
150134,SAN LUIS,2024,56691
150134,SAN LUIS,2025,56875
150134,SAN LUIS,2026,57055
150135,SAN MARTIN DE PORRES,2017,696205.47867862
150135,SAN MARTIN DE PORRES,2018,712545
150135,SAN MARTIN DE PORRES,2019,729268
150135,SAN MARTIN DE PORRES,2020,744050
150135,SAN MARTIN DE PORRES,2021,758216
150135,SAN MARTIN DE PORRES,2022,770725
150135,SAN MARTIN DE PORRES,2023,781994
150135,SAN MARTIN DE PORRES,2024,792514
150135,SAN MARTIN DE PORRES,2025,802774
150135,SAN MARTIN DE PORRES,2026,812733
150136,SAN MIGUEL,2017,160506.769154429
150136,SAN MIGUEL,2018,164836
150136,SAN MIGUEL,2019,169282
150136,SAN MIGUEL,2020,173309
150136,SAN MIGUEL,2021,177164
150136,SAN MIGUEL,2022,180647
150136,SAN MIGUEL,2023,183858
150136,SAN MIGUEL,2024,186918
150136,SAN MIGUEL,2025,189947
150136,SAN MIGUEL,2026,192938
150137,SANTA ANITA,2017,210805.21442562
150137,SANTA ANITA,2018,214625
150137,SANTA ANITA,2019,218514
150137,SANTA ANITA,2020,221776
150137,SANTA ANITA,2021,224893
150137,SANTA ANITA,2022,227530
150137,SANTA ANITA,2023,229810
150137,SANTA ANITA,2024,231875
150137,SANTA ANITA,2025,233865
150137,SANTA ANITA,2026,235773
150138,SANTA MARIA DEL MAR,2017,1029.37522603978
150138,SANTA MARIA DEL MAR,2018,1067
150138,SANTA MARIA DEL MAR,2019,1106
150138,SANTA MARIA DEL MAR,2020,1142
150138,SANTA MARIA DEL MAR,2021,1180
150138,SANTA MARIA DEL MAR,2022,1216
150138,SANTA MARIA DEL MAR,2023,1248
150138,SANTA MARIA DEL MAR,2024,1284
150138,SANTA MARIA DEL MAR,2025,1314
150138,SANTA MARIA DEL MAR,2026,1349
150139,SANTA ROSA,2017,28005.6587701173
150139,SANTA ROSA,2018,31021
150139,SANTA ROSA,2019,34361
150139,SANTA ROSA,2020,37940
150139,SANTA ROSA,2021,40030
150139,SANTA ROSA,2022,42107
150139,SANTA ROSA,2023,44174
150139,SANTA ROSA,2024,46236
150139,SANTA ROSA,2025,48300
150139,SANTA ROSA,2026,50366
150140,SANTIAGO DE SURCO,2017,373630.866380244
150140,SANTIAGO DE SURCO,2018,385178
150140,SANTIAGO DE SURCO,2019,397082
150140,SANTIAGO DE SURCO,2020,408086
150140,SANTIAGO DE SURCO,2021,414142
150140,SANTIAGO DE SURCO,2022,420016
150140,SANTIAGO DE SURCO,2023,425740
150140,SANTIAGO DE SURCO,2024,431387
150140,SANTIAGO DE SURCO,2025,437028
150140,SANTIAGO DE SURCO,2026,442660
150141,SURQUILLO,2017,96936.4194190972
150141,SURQUILLO,2018,98159
150141,SURQUILLO,2019,99397
150141,SURQUILLO,2020,100339
150141,SURQUILLO,2021,101448
150141,SURQUILLO,2022,102434
150141,SURQUILLO,2023,103327
150141,SURQUILLO,2024,104171
150141,SURQUILLO,2025,105004
150141,SURQUILLO,2026,105824
150142,VILLA EL SALVADOR,2017,410560.826122233
150142,VILLA EL SALVADOR,2018,415391
150142,VILLA EL SALVADOR,2019,420278
150142,VILLA EL SALVADOR,2020,423887
150142,VILLA EL SALVADOR,2021,428276
150142,VILLA EL SALVADOR,2022,432170
150142,VILLA EL SALVADOR,2023,435693
150142,VILLA EL SALVADOR,2024,439013
150142,VILLA EL SALVADOR,2025,442292
150142,VILLA EL SALVADOR,2026,445521
150143,VILLA MARIA DEL TRIUNFO,2017,420056.729247866
150143,VILLA MARIA DEL TRIUNFO,2018,426398
150143,VILLA MARIA DEL TRIUNFO,2019,432835
150143,VILLA MARIA DEL TRIUNFO,2020,437992
150143,VILLA MARIA DEL TRIUNFO,2021,443687
150143,VILLA MARIA DEL TRIUNFO,2022,448775
150143,VILLA MARIA DEL TRIUNFO,2023,453413
150143,VILLA MARIA DEL TRIUNFO,2024,457802
150143,VILLA MARIA DEL TRIUNFO,2025,462141
150143,VILLA MARIA DEL TRIUNFO,2026,466419
150201,BARRANCA,2017,68424.2661932339
150201,BARRANCA,2018,69686
150201,BARRANCA,2019,70971
150201,BARRANCA,2020,72221
150201,BARRANCA,2021,73423
150201,BARRANCA,2022,74630
150201,BARRANCA,2023,75873
150201,BARRANCA,2024,77186
150201,BARRANCA,2025,78605
150201,BARRANCA,2026,80131
150202,PARAMONGA,2017,22105.1091016495
150202,PARAMONGA,2018,22056
150202,PARAMONGA,2019,22007
150202,PARAMONGA,2020,21938
150202,PARAMONGA,2021,21783
150202,PARAMONGA,2022,21633
150202,PARAMONGA,2023,21499
150202,PARAMONGA,2024,21389
150202,PARAMONGA,2025,21310
150202,PARAMONGA,2026,21261
150203,PATIVILCA,2017,17480.4205203124
150203,PATIVILCA,2018,17638
150203,PATIVILCA,2019,17797
150203,PATIVILCA,2020,17941
150203,PATIVILCA,2021,18055
150203,PATIVILCA,2022,18171
150203,PATIVILCA,2023,18298
150203,PATIVILCA,2024,18443
150203,PATIVILCA,2025,18614
150203,PATIVILCA,2026,18811
150204,SUPE,2017,23846.0458884878
150204,SUPE,2018,24382
150204,SUPE,2019,24930
150204,SUPE,2020,25470
150204,SUPE,2021,26090
150204,SUPE,2022,26709
150204,SUPE,2023,27339
150204,SUPE,2024,27993
150204,SUPE,2025,28685
150204,SUPE,2026,29416
150205,SUPE PUERTO,2017,12714.6631213698
150205,SUPE PUERTO,2018,12983
150205,SUPE PUERTO,2019,13257
150205,SUPE PUERTO,2020,13525
150205,SUPE PUERTO,2021,13703
150205,SUPE PUERTO,2022,13882
150205,SUPE PUERTO,2023,14068
150205,SUPE PUERTO,2024,14268
150205,SUPE PUERTO,2025,14488
150205,SUPE PUERTO,2026,14727
150301,CAJATAMBO,2017,2097.05588822355
150301,CAJATAMBO,2018,2050
150301,CAJATAMBO,2019,2004
150301,CAJATAMBO,2020,1956
150301,CAJATAMBO,2021,1927
150301,CAJATAMBO,2022,1899
150301,CAJATAMBO,2023,1871
150301,CAJATAMBO,2024,1844
150301,CAJATAMBO,2025,1816
150301,CAJATAMBO,2026,1789
150302,COPA,2017,866.042154566745
150302,COPA,2018,860
150302,COPA,2019,854
150302,COPA,2020,847
150302,COPA,2021,837
150302,COPA,2022,827
150302,COPA,2023,820
150302,COPA,2024,810
150302,COPA,2025,801
150302,COPA,2026,791
150303,GORGOR,2017,1724.8296969697
150303,GORGOR,2018,1687
150303,GORGOR,2019,1650
150303,GORGOR,2020,1612
150303,GORGOR,2021,1585
150303,GORGOR,2022,1559
150303,GORGOR,2023,1534
150303,GORGOR,2024,1508
150303,GORGOR,2025,1484
150303,GORGOR,2026,1458
150304,HUANCAPON,2017,990.234375
150304,HUANCAPON,2018,975
150304,HUANCAPON,2019,960
150304,HUANCAPON,2020,945
150304,HUANCAPON,2021,927
150304,HUANCAPON,2022,911
150304,HUANCAPON,2023,897
150304,HUANCAPON,2024,884
150304,HUANCAPON,2025,872
150304,HUANCAPON,2026,859
150305,MANAS,2017,984.016393442623
150305,MANAS,2018,980
150305,MANAS,2019,976
150305,MANAS,2020,972
150305,MANAS,2021,963
150305,MANAS,2022,956
150305,MANAS,2023,949
150305,MANAS,2024,941
150305,MANAS,2025,934
150305,MANAS,2026,926
150401,CANTA,2017,2375.76996944566
150401,CANTA,2018,2333
150401,CANTA,2019,2291
150401,CANTA,2020,2247
150401,CANTA,2021,2234
150401,CANTA,2022,2222
150401,CANTA,2023,2210
150401,CANTA,2024,2198
150401,CANTA,2025,2186
150401,CANTA,2026,2174
150402,ARAHUAY,2017,606.041946308725
150402,ARAHUAY,2018,601
150402,ARAHUAY,2019,596
150402,ARAHUAY,2020,591
150402,ARAHUAY,2021,583
150402,ARAHUAY,2022,574
150402,ARAHUAY,2023,566
150402,ARAHUAY,2024,558
150402,ARAHUAY,2025,549
150402,ARAHUAY,2026,541
150403,HUAMANTANGA,2017,716.102874432678
150403,HUAMANTANGA,2018,688
150403,HUAMANTANGA,2019,661
150403,HUAMANTANGA,2020,637
150403,HUAMANTANGA,2021,629
150403,HUAMANTANGA,2022,621
150403,HUAMANTANGA,2023,612
150403,HUAMANTANGA,2024,604
150403,HUAMANTANGA,2025,596
150403,HUAMANTANGA,2026,587
150404,HUAROS,2017,786.083116883117
150404,HUAROS,2018,778
150404,HUAROS,2019,770
150404,HUAROS,2020,761
150404,HUAROS,2021,755
150404,HUAROS,2022,749
150404,HUAROS,2023,743
150404,HUAROS,2024,737
150404,HUAROS,2025,731
150404,HUAROS,2026,725
150405,LACHAQUI,2017,894.018058690745
150405,LACHAQUI,2018,890
150405,LACHAQUI,2019,886
150405,LACHAQUI,2020,880
150405,LACHAQUI,2021,871
150405,LACHAQUI,2022,862
150405,LACHAQUI,2023,853
150405,LACHAQUI,2024,844
150405,LACHAQUI,2025,835
150405,LACHAQUI,2026,826
150406,SAN BUENAVENTURA,2017,567.138461538462
150406,SAN BUENAVENTURA,2018,576
150406,SAN BUENAVENTURA,2019,585
150406,SAN BUENAVENTURA,2020,595
150406,SAN BUENAVENTURA,2021,600
150406,SAN BUENAVENTURA,2022,604
150406,SAN BUENAVENTURA,2023,609
150406,SAN BUENAVENTURA,2024,614
150406,SAN BUENAVENTURA,2025,619
150406,SAN BUENAVENTURA,2026,624
150407,SANTA ROSA DE QUIVES,2017,5899.0015272357
150407,SANTA ROSA DE QUIVES,2018,5896
150407,SANTA ROSA DE QUIVES,2019,5893
150407,SANTA ROSA DE QUIVES,2020,5882
150407,SANTA ROSA DE QUIVES,2021,5848
150407,SANTA ROSA DE QUIVES,2022,5817
150407,SANTA ROSA DE QUIVES,2023,5788
150407,SANTA ROSA DE QUIVES,2024,5759
150407,SANTA ROSA DE QUIVES,2025,5728
150407,SANTA ROSA DE QUIVES,2026,5697
150501,SAN VICENTE DE CAÑETE,2017,55232.9501759713
150501,SAN VICENTE DE CAÑETE,2018,56582
150501,SAN VICENTE DE CAÑETE,2019,57964
150501,SAN VICENTE DE CAÑETE,2020,59323
150501,SAN VICENTE DE CAÑETE,2021,60905
150501,SAN VICENTE DE CAÑETE,2022,62496
150501,SAN VICENTE DE CAÑETE,2023,64125
150501,SAN VICENTE DE CAÑETE,2024,65823
150501,SAN VICENTE DE CAÑETE,2025,67627
150501,SAN VICENTE DE CAÑETE,2026,69540
150502,ASIA,2017,9412.78993072495
150502,ASIA,2018,9822
150502,ASIA,2019,10249
150502,ASIA,2020,10686
150502,ASIA,2021,10916
150502,ASIA,2022,11148
150502,ASIA,2023,11387
150502,ASIA,2024,11638
150502,ASIA,2025,11909
150502,ASIA,2026,12198
150503,CALANGO,2017,2333.28343815514
150503,CALANGO,2018,2359
150503,CALANGO,2019,2385
150503,CALANGO,2020,2409
150503,CALANGO,2021,2420
150503,CALANGO,2022,2431
150503,CALANGO,2023,2442
150503,CALANGO,2024,2457
150503,CALANGO,2025,2473
150503,CALANGO,2026,2493
150504,CERRO AZUL,2017,8079.22583698095
150504,CERRO AZUL,2018,8264
150504,CERRO AZUL,2019,8453
150504,CERRO AZUL,2020,8637
150504,CERRO AZUL,2021,9031
150504,CERRO AZUL,2022,9424
150504,CERRO AZUL,2023,9822
150504,CERRO AZUL,2024,10230
150504,CERRO AZUL,2025,10654
150504,CERRO AZUL,2026,11095
150505,CHILCA,2017,20752.5892944039
150505,CHILCA,2018,21659
150505,CHILCA,2019,22605
150505,CHILCA,2020,23568
150505,CHILCA,2021,24436
150505,CHILCA,2022,25335
150505,CHILCA,2023,26276
150505,CHILCA,2024,27272
150505,CHILCA,2025,28336
150505,CHILCA,2026,29473
150506,COAYLLO,2017,1022.03481624758
150506,COAYLLO,2018,1028
150506,COAYLLO,2019,1034
150506,COAYLLO,2020,1039
150506,COAYLLO,2021,1060
150506,COAYLLO,2022,1082
150506,COAYLLO,2023,1104
150506,COAYLLO,2024,1128
150506,COAYLLO,2025,1151
150506,COAYLLO,2026,1179
150507,IMPERIAL,2017,37538.2402520986
150507,IMPERIAL,2018,37887
150507,IMPERIAL,2019,38239
150507,IMPERIAL,2020,38559
150507,IMPERIAL,2021,38921
150507,IMPERIAL,2022,39293
150507,IMPERIAL,2023,39694
150507,IMPERIAL,2024,40142
150507,IMPERIAL,2025,40656
150507,IMPERIAL,2026,41235
150508,LUNAHUANA,2017,4139.0789666098
150508,LUNAHUANA,2018,4121
150508,LUNAHUANA,2019,4103
150508,LUNAHUANA,2020,4082
150508,LUNAHUANA,2021,4044
150508,LUNAHUANA,2022,4008
150508,LUNAHUANA,2023,3975
150508,LUNAHUANA,2024,3946
150508,LUNAHUANA,2025,3921
150508,LUNAHUANA,2026,3901
150509,MALA,2017,31784.5831770613
150509,MALA,2018,32417
150509,MALA,2019,33062
150509,MALA,2020,33688
150509,MALA,2021,34259
150509,MALA,2022,34836
150509,MALA,2023,35438
150509,MALA,2024,36079
150509,MALA,2025,36780
150509,MALA,2026,37539
150510,NUEVO IMPERIAL,2017,25350.0418838558
150510,NUEVO IMPERIAL,2018,26279
150510,NUEVO IMPERIAL,2019,27242
150510,NUEVO IMPERIAL,2020,28216
150510,NUEVO IMPERIAL,2021,29063
150510,NUEVO IMPERIAL,2022,29934
150510,NUEVO IMPERIAL,2023,30845
150510,NUEVO IMPERIAL,2024,31807
150510,NUEVO IMPERIAL,2025,32838
150510,NUEVO IMPERIAL,2026,33939
150511,PACARAN,2017,1661.038163387
150511,PACARAN,2018,1669
150511,PACARAN,2019,1677
150511,PACARAN,2020,1684
150511,PACARAN,2021,1698
150511,PACARAN,2022,1713
150511,PACARAN,2023,1728
150511,PACARAN,2024,1746
150511,PACARAN,2025,1767
150511,PACARAN,2026,1790
150512,QUILMANA,2017,15369.2747114902
150512,QUILMANA,2018,15654
150512,QUILMANA,2019,15944
150512,QUILMANA,2020,16225
150512,QUILMANA,2021,16418
150512,QUILMANA,2022,16614
150512,QUILMANA,2023,16821
150512,QUILMANA,2024,17041
150512,QUILMANA,2025,17285
150512,QUILMANA,2026,17554
150513,SAN ANTONIO,2017,4305.44294261024
150513,SAN ANTONIO,2018,4408
150513,SAN ANTONIO,2019,4513
150513,SAN ANTONIO,2020,4616
150513,SAN ANTONIO,2021,4696
150513,SAN ANTONIO,2022,4777
150513,SAN ANTONIO,2023,4861
150513,SAN ANTONIO,2024,4952
150513,SAN ANTONIO,2025,5049
150513,SAN ANTONIO,2026,5154
150514,SAN LUIS,2017,12693.9674146941
150514,SAN LUIS,2018,12852
150514,SAN LUIS,2019,13012
150514,SAN LUIS,2020,13163
150514,SAN LUIS,2021,13242
150514,SAN LUIS,2022,13322
150514,SAN LUIS,2023,13406
150514,SAN LUIS,2024,13503
150514,SAN LUIS,2025,13616
150514,SAN LUIS,2026,13743
150515,SANTA CRUZ DE FLORES,2017,2981.52694034638
150515,SANTA CRUZ DE FLORES,2018,3049
150515,SANTA CRUZ DE FLORES,2019,3118
150515,SANTA CRUZ DE FLORES,2020,3186
150515,SANTA CRUZ DE FLORES,2021,3237
150515,SANTA CRUZ DE FLORES,2022,3290
150515,SANTA CRUZ DE FLORES,2023,3344
150515,SANTA CRUZ DE FLORES,2024,3403
150515,SANTA CRUZ DE FLORES,2025,3465
150515,SANTA CRUZ DE FLORES,2026,3534
150516,ZUÑIGA,2017,1370.07407407407
150516,ZUÑIGA,2018,1360
150516,ZUÑIGA,2019,1350
150516,ZUÑIGA,2020,1339
150516,ZUÑIGA,2021,1323
150516,ZUÑIGA,2022,1305
150516,ZUÑIGA,2023,1290
150516,ZUÑIGA,2024,1276
150516,ZUÑIGA,2025,1265
150516,ZUÑIGA,2026,1256
150601,HUARAL,2017,99449.3996200925
150601,HUARAL,2018,101299
150601,HUARAL,2019,103183
150601,HUARAL,2020,105011
150601,HUARAL,2021,106821
150601,HUARAL,2022,108647
150601,HUARAL,2023,110530
150601,HUARAL,2024,112517
150601,HUARAL,2025,114661
150601,HUARAL,2026,116965
150602,ATAVILLOS ALTO,2017,709.428148148148
150602,ATAVILLOS ALTO,2018,692
150602,ATAVILLOS ALTO,2019,675
150602,ATAVILLOS ALTO,2020,657
150602,ATAVILLOS ALTO,2021,649
150602,ATAVILLOS ALTO,2022,641
150602,ATAVILLOS ALTO,2023,634
150602,ATAVILLOS ALTO,2024,627
150602,ATAVILLOS ALTO,2025,622
150602,ATAVILLOS ALTO,2026,617
150603,ATAVILLOS BAJO,2017,926.040462427746
150603,ATAVILLOS BAJO,2018,895
150603,ATAVILLOS BAJO,2019,865
150603,ATAVILLOS BAJO,2020,835
150603,ATAVILLOS BAJO,2021,818
150603,ATAVILLOS BAJO,2022,802
150603,ATAVILLOS BAJO,2023,785
150603,ATAVILLOS BAJO,2024,770
150603,ATAVILLOS BAJO,2025,756
150603,ATAVILLOS BAJO,2026,742
150604,AUCALLAMA,2017,19560.4315258022
150604,AUCALLAMA,2018,20073
150604,AUCALLAMA,2019,20599
150604,AUCALLAMA,2020,21121
150604,AUCALLAMA,2021,21647
150604,AUCALLAMA,2022,22181
150604,AUCALLAMA,2023,22736
150604,AUCALLAMA,2024,23320
150604,AUCALLAMA,2025,23943
150604,AUCALLAMA,2026,24609
150605,CHANCAY,2017,57200.5273181864
150605,CHANCAY,2018,58385
150605,CHANCAY,2019,59594
150605,CHANCAY,2020,60774
150605,CHANCAY,2021,61716
150605,CHANCAY,2022,62668
150605,CHANCAY,2023,63660
150605,CHANCAY,2024,64722
150605,CHANCAY,2025,65886
150605,CHANCAY,2026,67153
150606,IHUARI,2017,2126.6671539961
150606,IHUARI,2018,2089
150606,IHUARI,2019,2052
150606,IHUARI,2020,2015
150606,IHUARI,2021,1978
150606,IHUARI,2022,1941
150606,IHUARI,2023,1909
150606,IHUARI,2024,1880
150606,IHUARI,2025,1858
150606,IHUARI,2026,1841
150607,LAMPIAN,2017,348.444444444444
150607,LAMPIAN,2018,336
150607,LAMPIAN,2019,324
150607,LAMPIAN,2020,313
150607,LAMPIAN,2021,304
150607,LAMPIAN,2022,295
150607,LAMPIAN,2023,288
150607,LAMPIAN,2024,283
150607,LAMPIAN,2025,277
150607,LAMPIAN,2026,275
150608,PACARAOS,2017,1046.86103781882
150608,PACARAOS,2018,1091
150608,PACARAOS,2019,1137
150608,PACARAOS,2020,1184
150608,PACARAOS,2021,1232
150608,PACARAOS,2022,1283
150608,PACARAOS,2023,1335
150608,PACARAOS,2024,1391
150608,PACARAOS,2025,1451
150608,PACARAOS,2026,1515
150609,SAN MIGUEL DE ACOS,2017,652.038940809969
150609,SAN MIGUEL DE ACOS,2018,647
150609,SAN MIGUEL DE ACOS,2019,642
150609,SAN MIGUEL DE ACOS,2020,636
150609,SAN MIGUEL DE ACOS,2021,631
150609,SAN MIGUEL DE ACOS,2022,624
150609,SAN MIGUEL DE ACOS,2023,619
150609,SAN MIGUEL DE ACOS,2024,613
150609,SAN MIGUEL DE ACOS,2025,610
150609,SAN MIGUEL DE ACOS,2026,607
150610,SANTA CRUZ DE ANDAMARCA,2017,826.458121827411
150610,SANTA CRUZ DE ANDAMARCA,2018,807
150610,SANTA CRUZ DE ANDAMARCA,2019,788
150610,SANTA CRUZ DE ANDAMARCA,2020,769
150610,SANTA CRUZ DE ANDAMARCA,2021,752
150610,SANTA CRUZ DE ANDAMARCA,2022,736
150610,SANTA CRUZ DE ANDAMARCA,2023,720
150610,SANTA CRUZ DE ANDAMARCA,2024,708
150610,SANTA CRUZ DE ANDAMARCA,2025,696
150610,SANTA CRUZ DE ANDAMARCA,2026,686
150611,SUMBILCA,2017,755.123209169054
150611,SUMBILCA,2018,726
150611,SUMBILCA,2019,698
150611,SUMBILCA,2020,671
150611,SUMBILCA,2021,664
150611,SUMBILCA,2022,658
150611,SUMBILCA,2023,651
150611,SUMBILCA,2024,646
150611,SUMBILCA,2025,641
150611,SUMBILCA,2026,637
150612,VEINTISIETE DE NOVIEMBRE,2017,415.2040302267
150612,VEINTISIETE DE NOVIEMBRE,2018,406
150612,VEINTISIETE DE NOVIEMBRE,2019,397
150612,VEINTISIETE DE NOVIEMBRE,2020,389
150612,VEINTISIETE DE NOVIEMBRE,2021,380
150612,VEINTISIETE DE NOVIEMBRE,2022,371
150612,VEINTISIETE DE NOVIEMBRE,2023,363
150612,VEINTISIETE DE NOVIEMBRE,2024,355
150612,VEINTISIETE DE NOVIEMBRE,2025,348
150612,VEINTISIETE DE NOVIEMBRE,2026,341
150701,MATUCANA,2017,4133.35592802564
150701,MATUCANA,2018,4095
150701,MATUCANA,2019,4057
150701,MATUCANA,2020,4014
150701,MATUCANA,2021,3981
150701,MATUCANA,2022,3949
150701,MATUCANA,2023,3918
150701,MATUCANA,2024,3887
150701,MATUCANA,2025,3856
150701,MATUCANA,2026,3824
150702,ANTIOQUIA,2017,1266.08025682183
150702,ANTIOQUIA,2018,1256
150702,ANTIOQUIA,2019,1246
150702,ANTIOQUIA,2020,1232
150702,ANTIOQUIA,2021,1209
150702,ANTIOQUIA,2022,1187
150702,ANTIOQUIA,2023,1165
150702,ANTIOQUIA,2024,1144
150702,ANTIOQUIA,2025,1123
150702,ANTIOQUIA,2026,1101
150703,CALLAHUANCA,2017,840.848189415042
150703,CALLAHUANCA,2018,777
150703,CALLAHUANCA,2019,718
150703,CALLAHUANCA,2020,666
150703,CALLAHUANCA,2021,649
150703,CALLAHUANCA,2022,632
150703,CALLAHUANCA,2023,615
150703,CALLAHUANCA,2024,599
150703,CALLAHUANCA,2025,583
150703,CALLAHUANCA,2026,567
150704,CARAMPOMA,2017,346.447204968944
150704,CARAMPOMA,2018,334
150704,CARAMPOMA,2019,322
150704,CARAMPOMA,2020,312
150704,CARAMPOMA,2021,308
150704,CARAMPOMA,2022,303
150704,CARAMPOMA,2023,299
150704,CARAMPOMA,2024,295
150704,CARAMPOMA,2025,291
150704,CARAMPOMA,2026,286
150705,CHICLA,2017,3910.11602209945
150705,CHICLA,2018,3667
150705,CHICLA,2019,3439
150705,CHICLA,2020,3222
150705,CHICLA,2021,3095
150705,CHICLA,2022,2971
150705,CHICLA,2023,2849
150705,CHICLA,2024,2728
150705,CHICLA,2025,2609
150705,CHICLA,2026,2490
150706,CUENCA,2017,446.10652173913
150706,CUENCA,2018,453
150706,CUENCA,2019,460
150706,CUENCA,2020,466
150706,CUENCA,2021,468
150706,CUENCA,2022,470
150706,CUENCA,2023,472
150706,CUENCA,2024,474
150706,CUENCA,2025,476
150706,CUENCA,2026,478
150707,HUACHUPAMPA,2017,623.801104972376
150707,HUACHUPAMPA,2018,582
150707,HUACHUPAMPA,2019,543
150707,HUACHUPAMPA,2020,509
150707,HUACHUPAMPA,2021,501
150707,HUACHUPAMPA,2022,493
150707,HUACHUPAMPA,2023,486
150707,HUACHUPAMPA,2024,478
150707,HUACHUPAMPA,2025,470
150707,HUACHUPAMPA,2026,463
150708,HUANZA,2017,891.448979591837
150708,HUANZA,2018,836
150708,HUANZA,2019,784
150708,HUANZA,2020,736
150708,HUANZA,2021,723
150708,HUANZA,2022,711
150708,HUANZA,2023,698
150708,HUANZA,2024,686
150708,HUANZA,2025,674
150708,HUANZA,2026,662
150709,HUAROCHIRI,2017,1332.48751950078
150709,HUAROCHIRI,2018,1307
150709,HUAROCHIRI,2019,1282
150709,HUAROCHIRI,2020,1256
150709,HUAROCHIRI,2021,1224
150709,HUAROCHIRI,2022,1194
150709,HUAROCHIRI,2023,1164
150709,HUAROCHIRI,2024,1136
150709,HUAROCHIRI,2025,1107
150709,HUAROCHIRI,2026,1078
150710,LAHUAYTAMBO,2017,646.531147540984
150710,LAHUAYTAMBO,2018,628
150710,LAHUAYTAMBO,2019,610
150710,LAHUAYTAMBO,2020,593
150710,LAHUAYTAMBO,2021,573
150710,LAHUAYTAMBO,2022,556
150710,LAHUAYTAMBO,2023,540
150710,LAHUAYTAMBO,2024,526
150710,LAHUAYTAMBO,2025,513
150710,LAHUAYTAMBO,2026,501
150711,LANGA,2017,895.2966396292
150711,LANGA,2018,879
150711,LANGA,2019,863
150711,LANGA,2020,847
150711,LANGA,2021,826
150711,LANGA,2022,806
150711,LANGA,2023,787
150711,LANGA,2024,770
150711,LANGA,2025,752
150711,LANGA,2026,736
150712,SAN PEDRO DE LARAOS,2017,674.910743801653
150712,SAN PEDRO DE LARAOS,2018,639
150712,SAN PEDRO DE LARAOS,2019,605
150712,SAN PEDRO DE LARAOS,2020,573
150712,SAN PEDRO DE LARAOS,2021,558
150712,SAN PEDRO DE LARAOS,2022,542
150712,SAN PEDRO DE LARAOS,2023,528
150712,SAN PEDRO DE LARAOS,2024,513
150712,SAN PEDRO DE LARAOS,2025,498
150712,SAN PEDRO DE LARAOS,2026,484
150713,MARIATANA,2017,1417.00070671378
150713,MARIATANA,2018,1416
150713,MARIATANA,2019,1415
150713,MARIATANA,2020,1411
150713,MARIATANA,2021,1399
150713,MARIATANA,2022,1387
150713,MARIATANA,2023,1375
150713,MARIATANA,2024,1364
150713,MARIATANA,2025,1352
150713,MARIATANA,2026,1341
150714,RICARDO PALMA,2017,6435.72432679142
150714,RICARDO PALMA,2018,6504
150714,RICARDO PALMA,2019,6573
150714,RICARDO PALMA,2020,6631
150714,RICARDO PALMA,2021,6664
150714,RICARDO PALMA,2022,6699
150714,RICARDO PALMA,2023,6733
150714,RICARDO PALMA,2024,6763
150714,RICARDO PALMA,2025,6792
150714,RICARDO PALMA,2026,6811
150715,SAN ANDRES DE TUPICOCHA,2017,1347.04808414726
150715,SAN ANDRES DE TUPICOCHA,2018,1339
150715,SAN ANDRES DE TUPICOCHA,2019,1331
150715,SAN ANDRES DE TUPICOCHA,2020,1321
150715,SAN ANDRES DE TUPICOCHA,2021,1291
150715,SAN ANDRES DE TUPICOCHA,2022,1261
150715,SAN ANDRES DE TUPICOCHA,2023,1232
150715,SAN ANDRES DE TUPICOCHA,2024,1203
150715,SAN ANDRES DE TUPICOCHA,2025,1174
150715,SAN ANDRES DE TUPICOCHA,2026,1146
150716,SAN ANTONIO,2017,5629.03267750214
150716,SAN ANTONIO,2018,5736
150716,SAN ANTONIO,2019,5845
150716,SAN ANTONIO,2020,5948
150716,SAN ANTONIO,2021,5992
150716,SAN ANTONIO,2022,6032
150716,SAN ANTONIO,2023,6070
150716,SAN ANTONIO,2024,6106
150716,SAN ANTONIO,2025,6141
150716,SAN ANTONIO,2026,6175
150717,SAN BARTOLOME,2017,1218.88088888889
150717,SAN BARTOLOME,2018,1171
150717,SAN BARTOLOME,2019,1125
150717,SAN BARTOLOME,2020,1080
150717,SAN BARTOLOME,2021,1060
150717,SAN BARTOLOME,2022,1041
150717,SAN BARTOLOME,2023,1023
150717,SAN BARTOLOME,2024,1004
150717,SAN BARTOLOME,2025,986
150717,SAN BARTOLOME,2026,968
150718,SAN DAMIAN,2017,1211.58326143227
150718,SAN DAMIAN,2018,1185
150718,SAN DAMIAN,2019,1159
150718,SAN DAMIAN,2020,1132
150718,SAN DAMIAN,2021,1110
150718,SAN DAMIAN,2022,1089
150718,SAN DAMIAN,2023,1068
150718,SAN DAMIAN,2024,1047
150718,SAN DAMIAN,2025,1026
150718,SAN DAMIAN,2026,1006
150719,SAN JUAN DE IRIS,2017,707.874051593323
150719,SAN JUAN DE IRIS,2018,683
150719,SAN JUAN DE IRIS,2019,659
150719,SAN JUAN DE IRIS,2020,635
150719,SAN JUAN DE IRIS,2021,629
150719,SAN JUAN DE IRIS,2022,623
150719,SAN JUAN DE IRIS,2023,617
150719,SAN JUAN DE IRIS,2024,612
150719,SAN JUAN DE IRIS,2025,606
150719,SAN JUAN DE IRIS,2026,600
150720,SAN JUAN DE TANTARANCHE,2017,375.226890756303
150720,SAN JUAN DE TANTARANCHE,2018,366
150720,SAN JUAN DE TANTARANCHE,2019,357
150720,SAN JUAN DE TANTARANCHE,2020,346
150720,SAN JUAN DE TANTARANCHE,2021,339
150720,SAN JUAN DE TANTARANCHE,2022,333
150720,SAN JUAN DE TANTARANCHE,2023,326
150720,SAN JUAN DE TANTARANCHE,2024,320
150720,SAN JUAN DE TANTARANCHE,2025,314
150720,SAN JUAN DE TANTARANCHE,2026,307
150721,SAN LORENZO DE QUINTI,2017,1240.17510729614
150721,SAN LORENZO DE QUINTI,2018,1202
150721,SAN LORENZO DE QUINTI,2019,1165
150721,SAN LORENZO DE QUINTI,2020,1128
150721,SAN LORENZO DE QUINTI,2021,1111
150721,SAN LORENZO DE QUINTI,2022,1095
150721,SAN LORENZO DE QUINTI,2023,1079
150721,SAN LORENZO DE QUINTI,2024,1063
150721,SAN LORENZO DE QUINTI,2025,1047
150721,SAN LORENZO DE QUINTI,2026,1030
150722,SAN MATEO,2017,4214.34171229467
150722,SAN MATEO,2018,4115
150722,SAN MATEO,2019,4018
150722,SAN MATEO,2020,3918
150722,SAN MATEO,2021,3870
150722,SAN MATEO,2022,3823
150722,SAN MATEO,2023,3778
150722,SAN MATEO,2024,3732
150722,SAN MATEO,2025,3687
150722,SAN MATEO,2026,3641
150723,SAN MATEO DE OTAO,2017,1447.83828861494
150723,SAN MATEO DE OTAO,2018,1413
150723,SAN MATEO DE OTAO,2019,1379
150723,SAN MATEO DE OTAO,2020,1343
150723,SAN MATEO DE OTAO,2021,1313
150723,SAN MATEO DE OTAO,2022,1285
150723,SAN MATEO DE OTAO,2023,1256
150723,SAN MATEO DE OTAO,2024,1228
150723,SAN MATEO DE OTAO,2025,1200
150723,SAN MATEO DE OTAO,2026,1173
150724,SAN PEDRO DE CASTA,2017,958.481441048035
150724,SAN PEDRO DE CASTA,2018,937
150724,SAN PEDRO DE CASTA,2019,916
150724,SAN PEDRO DE CASTA,2020,893
150724,SAN PEDRO DE CASTA,2021,872
150724,SAN PEDRO DE CASTA,2022,851
150724,SAN PEDRO DE CASTA,2023,831
150724,SAN PEDRO DE CASTA,2024,811
150724,SAN PEDRO DE CASTA,2025,792
150724,SAN PEDRO DE CASTA,2026,772
150725,SAN PEDRO DE HUANCAYRE,2017,214.122549019608
150725,SAN PEDRO DE HUANCAYRE,2018,209
150725,SAN PEDRO DE HUANCAYRE,2019,204
150725,SAN PEDRO DE HUANCAYRE,2020,200
150725,SAN PEDRO DE HUANCAYRE,2021,194
150725,SAN PEDRO DE HUANCAYRE,2022,189
150725,SAN PEDRO DE HUANCAYRE,2023,187
150725,SAN PEDRO DE HUANCAYRE,2024,180
150725,SAN PEDRO DE HUANCAYRE,2025,176
150725,SAN PEDRO DE HUANCAYRE,2026,170
150726,SANGALLAYA,2017,646.0140625
150726,SANGALLAYA,2018,643
150726,SANGALLAYA,2019,640
150726,SANGALLAYA,2020,636
150726,SANGALLAYA,2021,628
150726,SANGALLAYA,2022,620
150726,SANGALLAYA,2023,613
150726,SANGALLAYA,2024,606
150726,SANGALLAYA,2025,598
150726,SANGALLAYA,2026,592
150727,SANTA CRUZ DE COCACHACRA,2017,2561.29957967138
150727,SANTA CRUZ DE COCACHACRA,2018,2589
150727,SANTA CRUZ DE COCACHACRA,2019,2617
150727,SANTA CRUZ DE COCACHACRA,2020,2642
150727,SANTA CRUZ DE COCACHACRA,2021,2644
150727,SANTA CRUZ DE COCACHACRA,2022,2645
150727,SANTA CRUZ DE COCACHACRA,2023,2647
150727,SANTA CRUZ DE COCACHACRA,2024,2649
150727,SANTA CRUZ DE COCACHACRA,2025,2651
150727,SANTA CRUZ DE COCACHACRA,2026,2653
150728,SANTA EULALIA,2017,12711.2965559281
150728,SANTA EULALIA,2018,12916
150728,SANTA EULALIA,2019,13124
150728,SANTA EULALIA,2020,13305
150728,SANTA EULALIA,2021,13397
150728,SANTA EULALIA,2022,13490
150728,SANTA EULALIA,2023,13581
150728,SANTA EULALIA,2024,13672
150728,SANTA EULALIA,2025,13755
150728,SANTA EULALIA,2026,13839
150729,SANTIAGO DE ANCHUCAYA,2017,327.655518394649
150729,SANTIAGO DE ANCHUCAYA,2018,313
150729,SANTIAGO DE ANCHUCAYA,2019,299
150729,SANTIAGO DE ANCHUCAYA,2020,287
150729,SANTIAGO DE ANCHUCAYA,2021,278
150729,SANTIAGO DE ANCHUCAYA,2022,269
150729,SANTIAGO DE ANCHUCAYA,2023,260
150729,SANTIAGO DE ANCHUCAYA,2024,251
150729,SANTIAGO DE ANCHUCAYA,2025,243
150729,SANTIAGO DE ANCHUCAYA,2026,234
150730,SANTIAGO DE TUNA,2017,431.641604010025
150730,SANTIAGO DE TUNA,2018,415
150730,SANTIAGO DE TUNA,2019,399
150730,SANTIAGO DE TUNA,2020,384
150730,SANTIAGO DE TUNA,2021,368
150730,SANTIAGO DE TUNA,2022,353
150730,SANTIAGO DE TUNA,2023,340
150730,SANTIAGO DE TUNA,2024,329
150730,SANTIAGO DE TUNA,2025,317
150730,SANTIAGO DE TUNA,2026,308
150731,SANTO DOMINGO DE LOS OLLEROS,2017,3238.34966727163
150731,SANTO DOMINGO DE LOS OLLEROS,2018,3272
150731,SANTO DOMINGO DE LOS OLLEROS,2019,3306
150731,SANTO DOMINGO DE LOS OLLEROS,2020,3336
150731,SANTO DOMINGO DE LOS OLLEROS,2021,3350
150731,SANTO DOMINGO DE LOS OLLEROS,2022,3365
150731,SANTO DOMINGO DE LOS OLLEROS,2023,3379
150731,SANTO DOMINGO DE LOS OLLEROS,2024,3393
150731,SANTO DOMINGO DE LOS OLLEROS,2025,3406
150731,SANTO DOMINGO DE LOS OLLEROS,2026,3418
150732,SURCO,2017,1471.63784549965
150732,SURCO,2018,1441
150732,SURCO,2019,1411
150732,SURCO,2020,1379
150732,SURCO,2021,1350
150732,SURCO,2022,1322
150732,SURCO,2023,1294
150732,SURCO,2024,1267
150732,SURCO,2025,1240
150732,SURCO,2026,1213
150801,HUACHO,2017,64404.9579099282
150801,HUACHO,2018,65794
150801,HUACHO,2019,67213
150801,HUACHO,2020,68599
150801,HUACHO,2021,70366
150801,HUACHO,2022,72159
150801,HUACHO,2023,74014
150801,HUACHO,2024,75963
150801,HUACHO,2025,78039
150801,HUACHO,2026,80253
150802,AMBAR,2017,2195.91884195539
150802,AMBAR,2018,2151
150802,AMBAR,2019,2107
150802,AMBAR,2020,2062
150802,AMBAR,2021,2027
150802,AMBAR,2022,1991
150802,AMBAR,2023,1958
150802,AMBAR,2024,1928
150802,AMBAR,2025,1902
150802,AMBAR,2026,1880
150803,CALETA DE CARQUIN,2017,7728.96016033038
150803,CALETA DE CARQUIN,2018,7977
150803,CALETA DE CARQUIN,2019,8233
150803,CALETA DE CARQUIN,2020,8491
150803,CALETA DE CARQUIN,2021,8802
150803,CALETA DE CARQUIN,2022,9126
150803,CALETA DE CARQUIN,2023,9463
150803,CALETA DE CARQUIN,2024,9821
150803,CALETA DE CARQUIN,2025,10206
150803,CALETA DE CARQUIN,2026,10616
150804,CHECRAS,2017,961.459459459459
150804,CHECRAS,2018,924
150804,CHECRAS,2019,888
150804,CHECRAS,2020,852
150804,CHECRAS,2021,842
150804,CHECRAS,2022,832
150804,CHECRAS,2023,822
150804,CHECRAS,2024,813
150804,CHECRAS,2025,805
150804,CHECRAS,2026,798
150805,HUALMAY,2017,27665.2192238043
150805,HUALMAY,2018,27913
150805,HUALMAY,2019,28163
150805,HUALMAY,2020,28388
150805,HUALMAY,2021,28759
150805,HUALMAY,2022,29126
150805,HUALMAY,2023,29505
150805,HUALMAY,2024,29905
150805,HUALMAY,2025,30341
150805,HUALMAY,2026,30812
150806,HUAURA,2017,34560.3562606772
150806,HUAURA,2018,35129
150806,HUAURA,2019,35707
150806,HUAURA,2020,36259
150806,HUAURA,2021,37005
150806,HUAURA,2022,37758
150806,HUAURA,2023,38532
150806,HUAURA,2024,39349
150806,HUAURA,2025,40220
150806,HUAURA,2026,41153
150807,LEONCIO PRADO,2017,1927.00465597517
150807,LEONCIO PRADO,2018,1930
150807,LEONCIO PRADO,2019,1933
150807,LEONCIO PRADO,2020,1932
150807,LEONCIO PRADO,2021,1944
150807,LEONCIO PRADO,2022,1957
150807,LEONCIO PRADO,2023,1971
150807,LEONCIO PRADO,2024,1987
150807,LEONCIO PRADO,2025,2007
150807,LEONCIO PRADO,2026,2029
150808,PACCHO,2017,1598.66753585398
150808,PACCHO,2018,1566
150808,PACCHO,2019,1534
150808,PACCHO,2020,1502
150808,PACCHO,2021,1478
150808,PACCHO,2022,1454
150808,PACCHO,2023,1433
150808,PACCHO,2024,1415
150808,PACCHO,2025,1401
150808,PACCHO,2026,1391
150809,SANTA LEONOR,2017,768.001305483029
150809,SANTA LEONOR,2018,767
150809,SANTA LEONOR,2019,766
150809,SANTA LEONOR,2020,768
150809,SANTA LEONOR,2021,776
150809,SANTA LEONOR,2022,786
150809,SANTA LEONOR,2023,799
150809,SANTA LEONOR,2024,813
150809,SANTA LEONOR,2025,829
150809,SANTA LEONOR,2026,847
150810,SANTA MARIA,2017,35754.0237120974
150810,SANTA MARIA,2018,36920
150810,SANTA MARIA,2019,38124
150810,SANTA MARIA,2020,39330
150810,SANTA MARIA,2021,39829
150810,SANTA MARIA,2022,40340
150810,SANTA MARIA,2023,40879
150810,SANTA MARIA,2024,41469
150810,SANTA MARIA,2025,42130
150810,SANTA MARIA,2026,42861
150811,SAYAN,2017,23495.7603137711
150811,SAYAN,2018,23793
150811,SAYAN,2019,24094
150811,SAYAN,2020,24378
150811,SAYAN,2021,24788
150811,SAYAN,2022,25199
150811,SAYAN,2023,25622
150811,SAYAN,2024,26067
150811,SAYAN,2025,26547
150811,SAYAN,2026,27062
150812,VEGUETA,2017,25106.7427170145
150812,VEGUETA,2018,26093
150812,VEGUETA,2019,27118
150812,VEGUETA,2020,28156
150812,VEGUETA,2021,28707
150812,VEGUETA,2022,29269
150812,VEGUETA,2023,29855
150812,VEGUETA,2024,30479
150812,VEGUETA,2025,31159
150812,VEGUETA,2026,31895
150901,OYON,2017,11981.0482695047
150901,OYON,2018,11957
150901,OYON,2019,11933
150901,OYON,2020,11903
150901,OYON,2021,11882
150901,OYON,2022,11863
150901,OYON,2023,11844
150901,OYON,2024,11824
150901,OYON,2025,11799
150901,OYON,2026,11774
150902,ANDAJES,2017,574.516441005803
150902,ANDAJES,2018,545
150902,ANDAJES,2019,517
150902,ANDAJES,2020,491
150902,ANDAJES,2021,470
150902,ANDAJES,2022,447
150902,ANDAJES,2023,428
150902,ANDAJES,2024,413
150902,ANDAJES,2025,399
150902,ANDAJES,2026,386
150903,CAUJUL,2017,589.806215722121
150903,CAUJUL,2018,568
150903,CAUJUL,2019,547
150903,CAUJUL,2020,524
150903,CAUJUL,2021,505
150903,CAUJUL,2022,486
150903,CAUJUL,2023,469
150903,CAUJUL,2024,451
150903,CAUJUL,2025,434
150903,CAUJUL,2026,415
150904,COCHAMARCA,2017,1106.64136622391
150904,COCHAMARCA,2018,1080
150904,COCHAMARCA,2019,1054
150904,COCHAMARCA,2020,1027
150904,COCHAMARCA,2021,1003
150904,COCHAMARCA,2022,982
150904,COCHAMARCA,2023,960
150904,COCHAMARCA,2024,938
150904,COCHAMARCA,2025,916
150904,COCHAMARCA,2026,895
150905,NAVAN,2017,864.171428571429
150905,NAVAN,2018,852
150905,NAVAN,2019,840
150905,NAVAN,2020,825
150905,NAVAN,2021,812
150905,NAVAN,2022,801
150905,NAVAN,2023,790
150905,NAVAN,2024,778
150905,NAVAN,2025,767
150905,NAVAN,2026,755
150906,PACHANGARA,2017,2531.20396366639
150906,PACHANGARA,2018,2476
150906,PACHANGARA,2019,2422
150906,PACHANGARA,2020,2367
150906,PACHANGARA,2021,2318
150906,PACHANGARA,2022,2273
150906,PACHANGARA,2023,2227
150906,PACHANGARA,2024,2183
150906,PACHANGARA,2025,2137
150906,PACHANGARA,2026,2092
151001,YAUYOS,2017,1515.61271249076
151001,YAUYOS,2018,1432
151001,YAUYOS,2019,1353
151001,YAUYOS,2020,1276
151001,YAUYOS,2021,1238
151001,YAUYOS,2022,1200
151001,YAUYOS,2023,1165
151001,YAUYOS,2024,1127
151001,YAUYOS,2025,1090
151001,YAUYOS,2026,1054
151002,ALIS,2017,1483.00270453009
151002,ALIS,2018,1481
151002,ALIS,2019,1479
151002,ALIS,2020,1477
151002,ALIS,2021,1475
151002,ALIS,2022,1474
151002,ALIS,2023,1472
151002,ALIS,2024,1470
151002,ALIS,2025,1468
151002,ALIS,2026,1466
151003,ALLAUCA,2017,1196.58775877588
151003,ALLAUCA,2018,1153
151003,ALLAUCA,2019,1111
151003,ALLAUCA,2020,1070
151003,ALLAUCA,2021,1034
151003,ALLAUCA,2022,999
151003,ALLAUCA,2023,966
151003,ALLAUCA,2024,934
151003,ALLAUCA,2025,903
151003,ALLAUCA,2026,872
151004,AYAVIRI,2017,563.422138836773
151004,AYAVIRI,2018,548
151004,AYAVIRI,2019,533
151004,AYAVIRI,2020,518
151004,AYAVIRI,2021,505
151004,AYAVIRI,2022,491
151004,AYAVIRI,2023,479
151004,AYAVIRI,2024,466
151004,AYAVIRI,2025,454
151004,AYAVIRI,2026,441
151005,AZANGARO,2017,447.340425531915
151005,AZANGARO,2018,435
151005,AZANGARO,2019,423
151005,AZANGARO,2020,411
151005,AZANGARO,2021,400
151005,AZANGARO,2022,389
151005,AZANGARO,2023,380
151005,AZANGARO,2024,371
151005,AZANGARO,2025,359
151005,AZANGARO,2026,350
151006,CACRA,2017,525.001912045889
151006,CACRA,2018,524
151006,CACRA,2019,523
151006,CACRA,2020,522
151006,CACRA,2021,522
151006,CACRA,2022,522
151006,CACRA,2023,520
151006,CACRA,2024,518
151006,CACRA,2025,516
151006,CACRA,2026,514
151007,CARANIA,2017,174.30625
151007,CARANIA,2018,167
151007,CARANIA,2019,160
151007,CARANIA,2020,153
151007,CARANIA,2021,148
151007,CARANIA,2022,142
151007,CARANIA,2023,138
151007,CARANIA,2024,133
151007,CARANIA,2025,128
151007,CARANIA,2026,124
151008,CATAHUASI,2017,1072.0009310987
151008,CATAHUASI,2018,1073
151008,CATAHUASI,2019,1074
151008,CATAHUASI,2020,1072
151008,CATAHUASI,2021,1067
151008,CATAHUASI,2022,1063
151008,CATAHUASI,2023,1060
151008,CATAHUASI,2024,1057
151008,CATAHUASI,2025,1055
151008,CATAHUASI,2026,1052
151009,CHOCOS,2017,828.456962025316
151009,CHOCOS,2018,809
151009,CHOCOS,2019,790
151009,CHOCOS,2020,770
151009,CHOCOS,2021,753
151009,CHOCOS,2022,736
151009,CHOCOS,2023,718
151009,CHOCOS,2024,702
151009,CHOCOS,2025,686
151009,CHOCOS,2026,669
151010,COCHAS,2017,229.114155251142
151010,COCHAS,2018,224
151010,COCHAS,2019,219
151010,COCHAS,2020,213
151010,COCHAS,2021,209
151010,COCHAS,2022,205
151010,COCHAS,2023,201
151010,COCHAS,2024,196
151010,COCHAS,2025,191
151010,COCHAS,2026,187
151011,COLONIA,2017,1158.47571942446
151011,COLONIA,2018,1135
151011,COLONIA,2019,1112
151011,COLONIA,2020,1088
151011,COLONIA,2021,1067
151011,COLONIA,2022,1049
151011,COLONIA,2023,1031
151011,COLONIA,2024,1008
151011,COLONIA,2025,990
151011,COLONIA,2026,969
151012,HONGOS,2017,341.149847094801
151012,HONGOS,2018,334
151012,HONGOS,2019,327
151012,HONGOS,2020,319
151012,HONGOS,2021,312
151012,HONGOS,2022,307
151012,HONGOS,2023,299
151012,HONGOS,2024,293
151012,HONGOS,2025,288
151012,HONGOS,2026,280
151013,HUAMPARA,2017,157.248275862069
151013,HUAMPARA,2018,151
151013,HUAMPARA,2019,145
151013,HUAMPARA,2020,137
151013,HUAMPARA,2021,131
151013,HUAMPARA,2022,127
151013,HUAMPARA,2023,120
151013,HUAMPARA,2024,114
151013,HUAMPARA,2025,109
151013,HUAMPARA,2026,104
151014,HUANCAYA,2017,602.332723948812
151014,HUANCAYA,2018,574
151014,HUANCAYA,2019,547
151014,HUANCAYA,2020,521
151014,HUANCAYA,2021,497
151014,HUANCAYA,2022,474
151014,HUANCAYA,2023,452
151014,HUANCAYA,2024,431
151014,HUANCAYA,2025,411
151014,HUANCAYA,2026,392
151015,HUANGASCAR,2017,648.001538461539
151015,HUANGASCAR,2018,649
151015,HUANGASCAR,2019,650
151015,HUANGASCAR,2020,648
151015,HUANGASCAR,2021,644
151015,HUANGASCAR,2022,642
151015,HUANGASCAR,2023,639
151015,HUANGASCAR,2024,637
151015,HUANGASCAR,2025,635
151015,HUANGASCAR,2026,632
151016,HUANTAN,2017,926.038379530917
151016,HUANTAN,2018,932
151016,HUANTAN,2019,938
151016,HUANTAN,2020,943
151016,HUANTAN,2021,943
151016,HUANTAN,2022,945
151016,HUANTAN,2023,947
151016,HUANTAN,2024,955
151016,HUANTAN,2025,959
151016,HUANTAN,2026,963
151017,HUAÑEC,2017,446.009049773756
151017,HUAÑEC,2018,444
151017,HUAÑEC,2019,442
151017,HUAÑEC,2020,441
151017,HUAÑEC,2021,441
151017,HUAÑEC,2022,441
151017,HUAÑEC,2023,440
151017,HUAÑEC,2024,439
151017,HUAÑEC,2025,438
151017,HUAÑEC,2026,437
151018,LARAOS,2017,595.054945054945
151018,LARAOS,2018,570
151018,LARAOS,2019,546
151018,LARAOS,2020,522
151018,LARAOS,2021,501
151018,LARAOS,2022,481
151018,LARAOS,2023,462
151018,LARAOS,2024,444
151018,LARAOS,2025,426
151018,LARAOS,2026,410
151019,LINCHA,2017,479.011467889908
151019,LINCHA,2018,457
151019,LINCHA,2019,436
151019,LINCHA,2020,416
151019,LINCHA,2021,396
151019,LINCHA,2022,379
151019,LINCHA,2023,362
151019,LINCHA,2024,346
151019,LINCHA,2025,330
151019,LINCHA,2026,314
151020,MADEAN,2017,591.652802893309
151020,MADEAN,2018,572
151020,MADEAN,2019,553
151020,MADEAN,2020,536
151020,MADEAN,2021,520
151020,MADEAN,2022,504
151020,MADEAN,2023,489
151020,MADEAN,2024,476
151020,MADEAN,2025,460
151020,MADEAN,2026,445
151021,MIRAFLORES,2017,251.751111111111
151021,MIRAFLORES,2018,238
151021,MIRAFLORES,2019,225
151021,MIRAFLORES,2020,212
151021,MIRAFLORES,2021,202
151021,MIRAFLORES,2022,191
151021,MIRAFLORES,2023,182
151021,MIRAFLORES,2024,171
151021,MIRAFLORES,2025,162
151021,MIRAFLORES,2026,153
151022,OMAS,2017,622.001612903226
151022,OMAS,2018,621
151022,OMAS,2019,620
151022,OMAS,2020,617
151022,OMAS,2021,616
151022,OMAS,2022,615
151022,OMAS,2023,614
151022,OMAS,2024,612
151022,OMAS,2025,611
151022,OMAS,2026,609
151023,PUTINZA,2017,498.095703125
151023,PUTINZA,2018,505
151023,PUTINZA,2019,512
151023,PUTINZA,2020,517
151023,PUTINZA,2021,521
151023,PUTINZA,2022,526
151023,PUTINZA,2023,531
151023,PUTINZA,2024,541
151023,PUTINZA,2025,546
151023,PUTINZA,2026,547
151024,QUINCHES,2017,650.423011844332
151024,QUINCHES,2018,620
151024,QUINCHES,2019,591
151024,QUINCHES,2020,562
151024,QUINCHES,2021,536
151024,QUINCHES,2022,510
151024,QUINCHES,2023,488
151024,QUINCHES,2024,464
151024,QUINCHES,2025,443
151024,QUINCHES,2026,423
151025,QUINOCAY,2017,451.337236533958
151025,QUINOCAY,2018,439
151025,QUINOCAY,2019,427
151025,QUINOCAY,2020,415
151025,QUINOCAY,2021,402
151025,QUINOCAY,2022,392
151025,QUINOCAY,2023,381
151025,QUINOCAY,2024,372
151025,QUINOCAY,2025,360
151025,QUINOCAY,2026,350
151026,SAN JOAQUIN,2017,177.300613496933
151026,SAN JOAQUIN,2018,170
151026,SAN JOAQUIN,2019,163
151026,SAN JOAQUIN,2020,156
151026,SAN JOAQUIN,2021,151
151026,SAN JOAQUIN,2022,146
151026,SAN JOAQUIN,2023,140
151026,SAN JOAQUIN,2024,136
151026,SAN JOAQUIN,2025,131
151026,SAN JOAQUIN,2026,127
151027,SAN PEDRO DE PILAS,2017,295.292418772563
151027,SAN PEDRO DE PILAS,2018,286
151027,SAN PEDRO DE PILAS,2019,277
151027,SAN PEDRO DE PILAS,2020,268
151027,SAN PEDRO DE PILAS,2021,259
151027,SAN PEDRO DE PILAS,2022,251
151027,SAN PEDRO DE PILAS,2023,243
151027,SAN PEDRO DE PILAS,2024,236
151027,SAN PEDRO DE PILAS,2025,228
151027,SAN PEDRO DE PILAS,2026,221
151028,TANTA,2017,500.001992031873
151028,TANTA,2018,501
151028,TANTA,2019,502
151028,TANTA,2020,503
151028,TANTA,2021,504
151028,TANTA,2022,505
151028,TANTA,2023,507
151028,TANTA,2024,509
151028,TANTA,2025,511
151028,TANTA,2026,513
151029,TAURIPAMPA,2017,506.050403225807
151029,TAURIPAMPA,2018,501
151029,TAURIPAMPA,2019,496
151029,TAURIPAMPA,2020,490
151029,TAURIPAMPA,2021,486
151029,TAURIPAMPA,2022,481
151029,TAURIPAMPA,2023,477
151029,TAURIPAMPA,2024,473
151029,TAURIPAMPA,2025,468
151029,TAURIPAMPA,2026,462
151030,TOMAS,2017,573.7578125
151030,TOMAS,2018,542
151030,TOMAS,2019,512
151030,TOMAS,2020,484
151030,TOMAS,2021,460
151030,TOMAS,2022,436
151030,TOMAS,2023,414
151030,TOMAS,2024,395
151030,TOMAS,2025,375
151030,TOMAS,2026,357
151031,TUPE,2017,523.241516966068
151031,TUPE,2018,512
151031,TUPE,2019,501
151031,TUPE,2020,490
151031,TUPE,2021,481
151031,TUPE,2022,472
151031,TUPE,2023,463
151031,TUPE,2024,453
151031,TUPE,2025,445
151031,TUPE,2026,435
151032,VIÑAC,2017,1652.04957160343
151032,VIÑAC,2018,1643
151032,VIÑAC,2019,1634
151032,VIÑAC,2020,1624
151032,VIÑAC,2021,1613
151032,VIÑAC,2022,1606
151032,VIÑAC,2023,1602
151032,VIÑAC,2024,1593
151032,VIÑAC,2025,1584
151032,VIÑAC,2026,1573
151033,VITIS,2017,317.783972125436
151033,VITIS,2018,302
151033,VITIS,2019,287
151033,VITIS,2020,274
151033,VITIS,2021,260
151033,VITIS,2022,248
151033,VITIS,2023,237
151033,VITIS,2024,226
151033,VITIS,2025,215
151033,VITIS,2026,205
160101,IQUITOS,2017,161694.529713435
160101,IQUITOS,2018,162450
160101,IQUITOS,2019,163209
160101,IQUITOS,2020,163502
160101,IQUITOS,2021,163849
160101,IQUITOS,2022,164196
160101,IQUITOS,2023,164543
160101,IQUITOS,2024,164894
160101,IQUITOS,2025,165248
160101,IQUITOS,2026,165605
160102,ALTO NANAY,2017,3092.27244485865
160102,ALTO NANAY,2018,3155
160102,ALTO NANAY,2019,3219
160102,ALTO NANAY,2020,3277
160102,ALTO NANAY,2021,3328
160102,ALTO NANAY,2022,3372
160102,ALTO NANAY,2023,3411
160102,ALTO NANAY,2024,3450
160102,ALTO NANAY,2025,3486
160102,ALTO NANAY,2026,3521
160103,FERNANDO LORES,2017,15249.4855404389
160103,FERNANDO LORES,2018,14935
160103,FERNANDO LORES,2019,14627
160103,FERNANDO LORES,2020,14284
160103,FERNANDO LORES,2021,13931
160103,FERNANDO LORES,2022,13577
160103,FERNANDO LORES,2023,13222
160103,FERNANDO LORES,2024,12865
160103,FERNANDO LORES,2025,12507
160103,FERNANDO LORES,2026,12148
160104,INDIANA,2017,11776.0054421769
160104,INDIANA,2018,11768
160104,INDIANA,2019,11760
160104,INDIANA,2020,11717
160104,INDIANA,2021,11670
160104,INDIANA,2022,11604
160104,INDIANA,2023,11524
160104,INDIANA,2024,11436
160104,INDIANA,2025,11343
160104,INDIANA,2026,11246
160105,LAS AMAZONAS,2017,8901.39400921659
160105,LAS AMAZONAS,2018,8790
160105,LAS AMAZONAS,2019,8680
160105,LAS AMAZONAS,2020,8546
160105,LAS AMAZONAS,2021,8403
160105,LAS AMAZONAS,2022,8249
160105,LAS AMAZONAS,2023,8085
160105,LAS AMAZONAS,2024,7917
160105,LAS AMAZONAS,2025,7752
160105,LAS AMAZONAS,2026,7588
160106,MAZAN,2017,13782.9601826745
160106,MAZAN,2018,13898
160106,MAZAN,2019,14014
160106,MAZAN,2020,14091
160106,MAZAN,2021,14128
160106,MAZAN,2022,14164
160106,MAZAN,2023,14201
160106,MAZAN,2024,14238
160106,MAZAN,2025,14275
160106,MAZAN,2026,14313
160107,NAPO,2017,16837.2884515795
160107,NAPO,2018,17106
160107,NAPO,2019,17379
160107,NAPO,2020,17605
160107,NAPO,2021,17813
160107,NAPO,2022,17988
160107,NAPO,2023,18141
160107,NAPO,2024,18280
160107,NAPO,2025,18416
160107,NAPO,2026,18545
160108,PUNCHANA,2017,85358.2965087168
160108,PUNCHANA,2018,86608
160108,PUNCHANA,2019,87876
160108,PUNCHANA,2020,88908
160108,PUNCHANA,2021,89838
160108,PUNCHANA,2022,90609
160108,PUNCHANA,2023,91263
160108,PUNCHANA,2024,91846
160108,PUNCHANA,2025,92404
160108,PUNCHANA,2026,92932
160110,TORRES CAUSANA,2017,4985.17839444995
160110,TORRES CAUSANA,2018,5015
160110,TORRES CAUSANA,2019,5045
160110,TORRES CAUSANA,2020,5061
160110,TORRES CAUSANA,2021,5065
160110,TORRES CAUSANA,2022,5068
160110,TORRES CAUSANA,2023,5072
160110,TORRES CAUSANA,2024,5074
160110,TORRES CAUSANA,2025,5078
160110,TORRES CAUSANA,2026,5081
160112,BELEN,2017,70152.7486980453
160112,BELEN,2018,70503
160112,BELEN,2019,70855
160112,BELEN,2020,71005
160112,BELEN,2021,71084
160112,BELEN,2022,71162
160112,BELEN,2023,71241
160112,BELEN,2024,71321
160112,BELEN,2025,71401
160112,BELEN,2026,71483
160113,SAN JUAN BAUTISTA,2017,138319.084805104
160113,SAN JUAN BAUTISTA,2018,143054
160113,SAN JUAN BAUTISTA,2019,147951
160113,SAN JUAN BAUTISTA,2020,152555
160113,SAN JUAN BAUTISTA,2021,156363
160113,SAN JUAN BAUTISTA,2022,159614
160113,SAN JUAN BAUTISTA,2023,162481
160113,SAN JUAN BAUTISTA,2024,165140
160113,SAN JUAN BAUTISTA,2025,167766
160113,SAN JUAN BAUTISTA,2026,170346
160201,YURIMAGUAS,2017,92287.7216199489
160201,YURIMAGUAS,2018,96151
160201,YURIMAGUAS,2019,100176
160201,YURIMAGUAS,2020,104052
160201,YURIMAGUAS,2021,106557
160201,YURIMAGUAS,2022,108870
160201,YURIMAGUAS,2023,111046
160201,YURIMAGUAS,2024,113141
160201,YURIMAGUAS,2025,115218
160201,YURIMAGUAS,2026,117270
160202,BALSAPUERTO,2017,16119.815748596
160202,BALSAPUERTO,2018,16426
160202,BALSAPUERTO,2019,16738
160202,BALSAPUERTO,2020,17006
160202,BALSAPUERTO,2021,17190
160202,BALSAPUERTO,2022,17360
160202,BALSAPUERTO,2023,17519
160202,BALSAPUERTO,2024,17673
160202,BALSAPUERTO,2025,17826
160202,BALSAPUERTO,2026,17976
160205,JEBEROS,2017,4520.54112554113
160205,JEBEROS,2018,4570
160205,JEBEROS,2019,4620
160205,JEBEROS,2020,4658
160205,JEBEROS,2021,4686
160205,JEBEROS,2022,4712
160205,JEBEROS,2023,4736
160205,JEBEROS,2024,4759
160205,JEBEROS,2025,4782
160205,JEBEROS,2026,4805
160206,LAGUNAS,2017,13530.299897496
160206,LAGUNAS,2018,13594
160206,LAGUNAS,2019,13658
160206,LAGUNAS,2020,13684
160206,LAGUNAS,2021,13713
160206,LAGUNAS,2022,13739
160206,LAGUNAS,2023,13764
160206,LAGUNAS,2024,13788
160206,LAGUNAS,2025,13811
160206,LAGUNAS,2026,13835
160210,SANTA CRUZ,2017,4210.14671361502
160210,SANTA CRUZ,2018,4235
160210,SANTA CRUZ,2019,4260
160210,SANTA CRUZ,2020,4273
160210,SANTA CRUZ,2021,4285
160210,SANTA CRUZ,2022,4296
160210,SANTA CRUZ,2023,4307
160210,SANTA CRUZ,2024,4317
160210,SANTA CRUZ,2025,4327
160210,SANTA CRUZ,2026,4337
160211,TENIENTE CESAR LOPEZ ROJAS,2017,6112.27139166936
160211,TENIENTE CESAR LOPEZ ROJAS,2018,6153
160211,TENIENTE CESAR LOPEZ ROJAS,2019,6194
160211,TENIENTE CESAR LOPEZ ROJAS,2020,6219
160211,TENIENTE CESAR LOPEZ ROJAS,2021,6240
160211,TENIENTE CESAR LOPEZ ROJAS,2022,6259
160211,TENIENTE CESAR LOPEZ ROJAS,2023,6277
160211,TENIENTE CESAR LOPEZ ROJAS,2024,6295
160211,TENIENTE CESAR LOPEZ ROJAS,2025,6312
160211,TENIENTE CESAR LOPEZ ROJAS,2026,6329
160301,NAUTA,2017,32137.3100199312
160301,NAUTA,2018,32622
160301,NAUTA,2019,33114
160301,NAUTA,2020,33520
160301,NAUTA,2021,33911
160301,NAUTA,2022,34208
160301,NAUTA,2023,34442
160301,NAUTA,2024,34639
160301,NAUTA,2025,34827
160301,NAUTA,2026,35004
160302,PARINARI,2017,6477.58552321007
160302,PARINARI,2018,6416
160302,PARINARI,2019,6355
160302,PARINARI,2020,6276
160302,PARINARI,2021,6182
160302,PARINARI,2022,6081
160302,PARINARI,2023,5974
160302,PARINARI,2024,5865
160302,PARINARI,2025,5756
160302,PARINARI,2026,5647
160303,TIGRE,2017,7469.21194860246
160303,TIGRE,2018,7509
160303,TIGRE,2019,7549
160303,TIGRE,2020,7568
160303,TIGRE,2021,7597
160303,TIGRE,2022,7622
160303,TIGRE,2023,7644
160303,TIGRE,2024,7665
160303,TIGRE,2025,7686
160303,TIGRE,2026,7706
160304,TROMPETEROS,2017,9797.04528950889
160304,TROMPETEROS,2018,10126
160304,TROMPETEROS,2019,10466
160304,TROMPETEROS,2020,10789
160304,TROMPETEROS,2021,11071
160304,TROMPETEROS,2022,11281
160304,TROMPETEROS,2023,11442
160304,TROMPETEROS,2024,11575
160304,TROMPETEROS,2025,11703
160304,TROMPETEROS,2026,11823
160305,URARINAS,2017,13095.9704927707
160305,URARINAS,2018,13324
160305,URARINAS,2019,13556
160305,URARINAS,2020,13751
160305,URARINAS,2021,13937
160305,URARINAS,2022,14079
160305,URARINAS,2023,14191
160305,URARINAS,2024,14285
160305,URARINAS,2025,14377
160305,URARINAS,2026,14465
160401,RAMON CASTILLA,2017,22398.4810077851
160401,RAMON CASTILLA,2018,22883
160401,RAMON CASTILLA,2019,23378
160401,RAMON CASTILLA,2020,23811
160401,RAMON CASTILLA,2021,24266
160401,RAMON CASTILLA,2022,24655
160401,RAMON CASTILLA,2023,25001
160401,RAMON CASTILLA,2024,25319
160401,RAMON CASTILLA,2025,25631
160401,RAMON CASTILLA,2026,25938
160402,PEBAS,2017,12845.1071959909
160402,PEBAS,2018,12808
160402,PEBAS,2019,12771
160402,PEBAS,2020,12700
160402,PEBAS,2021,12637
160402,PEBAS,2022,12538
160402,PEBAS,2023,12413
160402,PEBAS,2024,12277
160402,PEBAS,2025,12138
160402,PEBAS,2026,11996
160403,YAVARI 22/,2017,10026.0194947285
160403,YAVARI 22/,2018,10040
160403,YAVARI 22/,2019,10054
160403,YAVARI 22/,2020,10041
160403,YAVARI 22/,2021,10033
160403,YAVARI 22/,2022,9998
160403,YAVARI 22/,2023,9942
160403,YAVARI 22/,2024,9876
160403,YAVARI 22/,2025,6606
160403,YAVARI 22/,2026,6558
160404,SAN PABLO,2017,12489.4450510325
160404,SAN PABLO,2018,12564
160404,SAN PABLO,2019,12639
160404,SAN PABLO,2020,12680
160404,SAN PABLO,2021,12728
160404,SAN PABLO,2022,12762
160404,SAN PABLO,2023,12788
160404,SAN PABLO,2024,12808
160404,SAN PABLO,2025,12829
160404,SAN PABLO,2026,12847
160405,SANTA ROSA DE LORETO 22/,2018,
160405,SANTA ROSA DE LORETO 22/,2019,
160405,SANTA ROSA DE LORETO 22/,2020,
160405,SANTA ROSA DE LORETO 22/,2021,
160405,SANTA ROSA DE LORETO 22/,2022,
160405,SANTA ROSA DE LORETO 22/,2023,
160405,SANTA ROSA DE LORETO 22/,2024,
160405,SANTA ROSA DE LORETO 22/,2025,3202
160405,SANTA ROSA DE LORETO 22/,2026,3179
160501,REQUENA,2017,27393.9322228604
160501,REQUENA,2018,27624
160501,REQUENA,2019,27856
160501,REQUENA,2020,28008
160501,REQUENA,2021,28131
160501,REQUENA,2022,28209
160501,REQUENA,2023,28254
160501,REQUENA,2024,28280
160501,REQUENA,2025,28300
160501,REQUENA,2026,28313
160502,ALTO TAPICHE,2017,1692.21825876663
160502,ALTO TAPICHE,2018,1673
160502,ALTO TAPICHE,2019,1654
160502,ALTO TAPICHE,2020,1631
160502,ALTO TAPICHE,2021,1605
160502,ALTO TAPICHE,2022,1579
160502,ALTO TAPICHE,2023,1551
160502,ALTO TAPICHE,2024,1522
160502,ALTO TAPICHE,2025,1493
160502,ALTO TAPICHE,2026,1465
160503,CAPELO,2017,2703.44033412888
160503,CAPELO,2018,2607
160503,CAPELO,2019,2514
160503,CAPELO,2020,2417
160503,CAPELO,2021,2322
160503,CAPELO,2022,2224
160503,CAPELO,2023,2131
160503,CAPELO,2024,2039
160503,CAPELO,2025,1950
160503,CAPELO,2026,1865
160504,EMILIO SAN MARTIN,2017,6837.02855061908
160504,EMILIO SAN MARTIN,2018,6851
160504,EMILIO SAN MARTIN,2019,6865
160504,EMILIO SAN MARTIN,2020,6859
160504,EMILIO SAN MARTIN,2021,6844
160504,EMILIO SAN MARTIN,2022,6821
160504,EMILIO SAN MARTIN,2023,6788
160504,EMILIO SAN MARTIN,2024,6753
160504,EMILIO SAN MARTIN,2025,6714
160504,EMILIO SAN MARTIN,2026,6676
160505,MAQUIA,2017,8438.83933550186
160505,MAQUIA,2018,8523
160505,MAQUIA,2019,8608
160505,MAQUIA,2020,8669
160505,MAQUIA,2021,8720
160505,MAQUIA,2022,8758
160505,MAQUIA,2023,8784
160505,MAQUIA,2024,8807
160505,MAQUIA,2025,8825
160505,MAQUIA,2026,8844
160506,PUINAHUA,2017,4748.32569593148
160506,PUINAHUA,2018,4709
160506,PUINAHUA,2019,4670
160506,PUINAHUA,2020,4617
160506,PUINAHUA,2021,4561
160506,PUINAHUA,2022,4498
160506,PUINAHUA,2023,4430
160506,PUINAHUA,2024,4362
160506,PUINAHUA,2025,4293
160506,PUINAHUA,2026,4224
160507,SAQUENA,2017,3510.01076555024
160507,SAQUENA,2018,3426
160507,SAQUENA,2019,3344
160507,SAQUENA,2020,3256
160507,SAQUENA,2021,3167
160507,SAQUENA,2022,3074
160507,SAQUENA,2023,2982
160507,SAQUENA,2024,2890
160507,SAQUENA,2025,2800
160507,SAQUENA,2026,2713
160508,SOPLIN,2017,672.093023255814
160508,SOPLIN,2018,680
160508,SOPLIN,2019,688
160508,SOPLIN,2020,695
160508,SOPLIN,2021,702
160508,SOPLIN,2022,706
160508,SOPLIN,2023,711
160508,SOPLIN,2024,714
160508,SOPLIN,2025,719
160508,SOPLIN,2026,722
160509,TAPICHE,2017,969.026068821689
160509,TAPICHE,2018,964
160509,TAPICHE,2019,959
160509,TAPICHE,2020,952
160509,TAPICHE,2021,944
160509,TAPICHE,2022,934
160509,TAPICHE,2023,924
160509,TAPICHE,2024,912
160509,TAPICHE,2025,903
160509,TAPICHE,2026,891
160510,JENARO HERRERA,2017,5073.02374877331
160510,JENARO HERRERA,2018,5084
160510,JENARO HERRERA,2019,5095
160510,JENARO HERRERA,2020,5092
160510,JENARO HERRERA,2021,5082
160510,JENARO HERRERA,2022,5065
160510,JENARO HERRERA,2023,5044
160510,JENARO HERRERA,2024,5018
160510,JENARO HERRERA,2025,4992
160510,JENARO HERRERA,2026,4964
160511,YAQUERANA,2017,2282.00703605981
160511,YAQUERANA,2018,2278
160511,YAQUERANA,2019,2274
160511,YAQUERANA,2020,2263
160511,YAQUERANA,2021,2248
160511,YAQUERANA,2022,2232
160511,YAQUERANA,2023,2213
160511,YAQUERANA,2024,2193
160511,YAQUERANA,2025,2173
160511,YAQUERANA,2026,2151
160601,CONTAMANA,2017,26904.2711085583
160601,CONTAMANA,2018,27376
160601,CONTAMANA,2019,27856
160601,CONTAMANA,2020,28258
160601,CONTAMANA,2021,28648
160601,CONTAMANA,2022,28991
160601,CONTAMANA,2023,29298
160601,CONTAMANA,2024,29587
160601,CONTAMANA,2025,29867
160601,CONTAMANA,2026,30142
160602,INAHUAYA,2017,1818.35350678733
160602,INAHUAYA,2018,1793
160602,INAHUAYA,2019,1768
160602,INAHUAYA,2020,1739
160602,INAHUAYA,2021,1718
160602,INAHUAYA,2022,1698
160602,INAHUAYA,2023,1673
160602,INAHUAYA,2024,1649
160602,INAHUAYA,2025,1624
160602,INAHUAYA,2026,1597
160603,PADRE MARQUEZ,2017,3899.575474292
160603,PADRE MARQUEZ,2018,3766
160603,PADRE MARQUEZ,2019,3637
160603,PADRE MARQUEZ,2020,3503
160603,PADRE MARQUEZ,2021,3372
160603,PADRE MARQUEZ,2022,3239
160603,PADRE MARQUEZ,2023,3109
160603,PADRE MARQUEZ,2024,2981
160603,PADRE MARQUEZ,2025,2858
160603,PADRE MARQUEZ,2026,2739
160604,PAMPA HERMOSA,2017,6420.71412663061
160604,PAMPA HERMOSA,2018,6353
160604,PAMPA HERMOSA,2019,6286
160604,PAMPA HERMOSA,2020,6200
160604,PAMPA HERMOSA,2021,6144
160604,PAMPA HERMOSA,2022,6078
160604,PAMPA HERMOSA,2023,6007
160604,PAMPA HERMOSA,2024,5933
160604,PAMPA HERMOSA,2025,5860
160604,PAMPA HERMOSA,2026,5786
160605,SARAYACU,2017,15201.0409809193
160605,SARAYACU,2018,15226
160605,SARAYACU,2019,15251
160605,SARAYACU,2020,15234
160605,SARAYACU,2021,15288
160605,SARAYACU,2022,15320
160605,SARAYACU,2023,15340
160605,SARAYACU,2024,15351
160605,SARAYACU,2025,15360
160605,SARAYACU,2026,15368
160606,VARGAS GUERRA,2017,7665.15216532842
160606,VARGAS GUERRA,2018,7631
160606,VARGAS GUERRA,2019,7597
160606,VARGAS GUERRA,2020,7543
160606,VARGAS GUERRA,2021,7524
160606,VARGAS GUERRA,2022,7495
160606,VARGAS GUERRA,2023,7460
160606,VARGAS GUERRA,2024,7419
160606,VARGAS GUERRA,2025,7377
160606,VARGAS GUERRA,2026,7332
160701,BARRANCA,2017,14837.551025641
160701,BARRANCA,2018,15214
160701,BARRANCA,2019,15600
160701,BARRANCA,2020,15950
160701,BARRANCA,2021,16155
160701,BARRANCA,2022,16355
160701,BARRANCA,2023,16551
160701,BARRANCA,2024,16745
160701,BARRANCA,2025,16939
160701,BARRANCA,2026,17132
160702,CAHUAPANAS,2017,7642.48453608247
160702,CAHUAPANAS,2018,7749
160702,CAHUAPANAS,2019,7857
160702,CAHUAPANAS,2020,7942
160702,CAHUAPANAS,2021,8002
160702,CAHUAPANAS,2022,8052
160702,CAHUAPANAS,2023,8093
160702,CAHUAPANAS,2024,8131
160702,CAHUAPANAS,2025,8168
160702,CAHUAPANAS,2026,8202
160703,MANSERICHE,2017,9328.26516758591
160703,MANSERICHE,2018,9378
160703,MANSERICHE,2019,9428
160703,MANSERICHE,2020,9451
160703,MANSERICHE,2021,9482
160703,MANSERICHE,2022,9506
160703,MANSERICHE,2023,9526
160703,MANSERICHE,2024,9543
160703,MANSERICHE,2025,9561
160703,MANSERICHE,2026,9577
160704,MORONA,2017,4935.12174840085
160704,MORONA,2018,4811
160704,MORONA,2019,4690
160704,MORONA,2020,4557
160704,MORONA,2021,4457
160704,MORONA,2022,4355
160704,MORONA,2023,4252
160704,MORONA,2024,4147
160704,MORONA,2025,4042
160704,MORONA,2026,3938
160705,PASTAZA,2017,6152.02331606218
160705,PASTAZA,2018,6164
160705,PASTAZA,2019,6176
160705,PASTAZA,2020,6170
160705,PASTAZA,2021,6151
160705,PASTAZA,2022,6129
160705,PASTAZA,2023,6106
160705,PASTAZA,2024,6082
160705,PASTAZA,2025,6058
160705,PASTAZA,2026,6033
160706,ANDOAS,2017,13967.9497302277
160706,ANDOAS,2018,14570
160706,ANDOAS,2019,15198
160706,ANDOAS,2020,15800
160706,ANDOAS,2021,16142
160706,ANDOAS,2022,16425
160706,ANDOAS,2023,16668
160706,ANDOAS,2024,16888
160706,ANDOAS,2025,17102
160706,ANDOAS,2026,17313
160801,PUTUMAYO,2017,4248.55246203405
160801,PUTUMAYO,2018,4297
160801,PUTUMAYO,2019,4346
160801,PUTUMAYO,2020,4384
160801,PUTUMAYO,2021,4422
160801,PUTUMAYO,2022,4452
160801,PUTUMAYO,2023,4475
160801,PUTUMAYO,2024,4495
160801,PUTUMAYO,2025,4513
160801,PUTUMAYO,2026,4527
160802,ROSA PANDURO,2017,609.014634146342
160802,ROSA PANDURO,2018,612
160802,ROSA PANDURO,2019,615
160802,ROSA PANDURO,2020,615
160802,ROSA PANDURO,2021,612
160802,ROSA PANDURO,2022,608
160802,ROSA PANDURO,2023,603
160802,ROSA PANDURO,2024,595
160802,ROSA PANDURO,2025,586
160802,ROSA PANDURO,2026,578
160803,TENIENTE MANUEL CLAVERO,2017,2886.79298892989
160803,TENIENTE MANUEL CLAVERO,2018,2797
160803,TENIENTE MANUEL CLAVERO,2019,2710
160803,TENIENTE MANUEL CLAVERO,2020,2616
160803,TENIENTE MANUEL CLAVERO,2021,2518
160803,TENIENTE MANUEL CLAVERO,2022,2408
160803,TENIENTE MANUEL CLAVERO,2023,2291
160803,TENIENTE MANUEL CLAVERO,2024,2173
160803,TENIENTE MANUEL CLAVERO,2025,2057
160803,TENIENTE MANUEL CLAVERO,2026,1942
160804,YAGUAS,2017,1455.84872298625
160804,YAGUAS,2018,1491
160804,YAGUAS,2019,1527
160804,YAGUAS,2020,1559
160804,YAGUAS,2021,1589
160804,YAGUAS,2022,1610
160804,YAGUAS,2023,1626
160804,YAGUAS,2024,1640
160804,YAGUAS,2025,1654
160804,YAGUAS,2026,1668
170101,TAMBOPATA,2017,89145.3077760385
170101,TAMBOPATA,2018,92732
170101,TAMBOPATA,2019,96463
170101,TAMBOPATA,2020,100011
170101,TAMBOPATA,2021,103413
170101,TAMBOPATA,2022,106751
170101,TAMBOPATA,2023,110067
170101,TAMBOPATA,2024,113397
170101,TAMBOPATA,2025,116785
170101,TAMBOPATA,2026,120218
170102,INAMBARI,2017,13075.9288187232
170102,INAMBARI,2018,13742
170102,INAMBARI,2019,14442
170102,INAMBARI,2020,15132
170102,INAMBARI,2021,15810
170102,INAMBARI,2022,16494
170102,INAMBARI,2023,17189
170102,INAMBARI,2024,17903
170102,INAMBARI,2025,18646
170102,INAMBARI,2026,19416
170103,LAS PIEDRAS,2017,14022.6544660252
170103,LAS PIEDRAS,2018,15412
170103,LAS PIEDRAS,2019,16939
170103,LAS PIEDRAS,2020,18553
170103,LAS PIEDRAS,2021,20064
170103,LAS PIEDRAS,2022,21575
170103,LAS PIEDRAS,2023,23105
170103,LAS PIEDRAS,2024,24671
170103,LAS PIEDRAS,2025,26294
170103,LAS PIEDRAS,2026,27972
170104,LABERINTO,2017,6085.57158521303
170104,LABERINTO,2018,6233
170104,LABERINTO,2019,6384
170104,LABERINTO,2020,6518
170104,LABERINTO,2021,6636
170104,LABERINTO,2022,6741
170104,LABERINTO,2023,6840
170104,LABERINTO,2024,6932
170104,LABERINTO,2025,7020
170104,LABERINTO,2026,7105
170201,MANU,2017,2447.20141489804
170201,MANU,2018,2425
170201,MANU,2019,2403
170201,MANU,2020,2373
170201,MANU,2021,2334
170201,MANU,2022,2302
170201,MANU,2023,2278
170201,MANU,2024,2258
170201,MANU,2025,2242
170201,MANU,2026,2228
170202,FITZCARRALD,2017,1480.37696335079
170202,FITZCARRALD,2018,1504
170202,FITZCARRALD,2019,1528
170202,FITZCARRALD,2020,1547
170202,FITZCARRALD,2021,1557
170202,FITZCARRALD,2022,1570
170202,FITZCARRALD,2023,1584
170202,FITZCARRALD,2024,1598
170202,FITZCARRALD,2025,1613
170202,FITZCARRALD,2026,1628
170203,MADRE DE DIOS,2017,7241.25832106038
170203,MADRE DE DIOS,2018,7012
170203,MADRE DE DIOS,2019,6790
170203,MADRE DE DIOS,2020,6553
170203,MADRE DE DIOS,2021,6453
170203,MADRE DE DIOS,2022,6363
170203,MADRE DE DIOS,2023,6283
170203,MADRE DE DIOS,2024,6210
170203,MADRE DE DIOS,2025,6141
170203,MADRE DE DIOS,2026,6076
170204,HUEPETUHE,2017,9783.67469879518
170204,HUEPETUHE,2018,10075
170204,HUEPETUHE,2019,10375
170204,HUEPETUHE,2020,10645
170204,HUEPETUHE,2021,10819
170204,HUEPETUHE,2022,10965
170204,HUEPETUHE,2023,11085
170204,HUEPETUHE,2024,11189
170204,HUEPETUHE,2025,11281
170204,HUEPETUHE,2026,11364
170301,IÑAPARI,2017,2648.80825082508
170301,IÑAPARI,2018,2833
170301,IÑAPARI,2019,3030
170301,IÑAPARI,2020,3227
170301,IÑAPARI,2021,3311
170301,IÑAPARI,2022,3393
170301,IÑAPARI,2023,3472
170301,IÑAPARI,2024,3553
170301,IÑAPARI,2025,3632
170301,IÑAPARI,2026,3714
170302,IBERIA,2017,6091.52966101695
170302,IBERIA,2018,5995
170302,IBERIA,2019,5900
170302,IBERIA,2020,5784
170302,IBERIA,2021,5741
170302,IBERIA,2022,5696
170302,IBERIA,2023,5650
170302,IBERIA,2024,5602
170302,IBERIA,2025,5554
170302,IBERIA,2026,5504
170303,TAHUAMANU,2017,3303.01783625731
170303,TAHUAMANU,2018,3361
170303,TAHUAMANU,2019,3420
170303,TAHUAMANU,2020,3468
170303,TAHUAMANU,2021,3550
170303,TAHUAMANU,2022,3628
170303,TAHUAMANU,2023,3706
170303,TAHUAMANU,2024,3783
170303,TAHUAMANU,2025,3861
170303,TAHUAMANU,2026,3940
180101,MOQUEGUA 17/,2017,68301.7252198848
180101,MOQUEGUA 17/,2018,70388
180101,MOQUEGUA 17/,2019,72538
180101,MOQUEGUA 17/,2020,74486
180101,MOQUEGUA 17/,2021,47073
180101,MOQUEGUA 17/,2022,47754
180101,MOQUEGUA 17/,2023,48398
180101,MOQUEGUA 17/,2024,49022
180101,MOQUEGUA 17/,2025,49643
180101,MOQUEGUA 17/,2026,50264
180102,CARUMAS,2017,2591.39061154177
180102,CARUMAS,2018,2453
180102,CARUMAS,2019,2322
180102,CARUMAS,2020,2197
180102,CARUMAS,2021,2177
180102,CARUMAS,2022,2152
180102,CARUMAS,2023,2125
180102,CARUMAS,2024,2096
180102,CARUMAS,2025,2065
180102,CARUMAS,2026,2034
180103,CUCHUMBAYA,2017,833.910052910053
180103,CUCHUMBAYA,2018,794
180103,CUCHUMBAYA,2019,756
180103,CUCHUMBAYA,2020,723
180103,CUCHUMBAYA,2021,703
180103,CUCHUMBAYA,2022,685
180103,CUCHUMBAYA,2023,670
180103,CUCHUMBAYA,2024,658
180103,CUCHUMBAYA,2025,648
180103,CUCHUMBAYA,2026,638
180104,SAMEGUA,2017,8939.38297649035
180104,SAMEGUA,2018,9229
180104,SAMEGUA,2019,9528
180104,SAMEGUA,2020,9804
180104,SAMEGUA,2021,9960
180104,SAMEGUA,2022,10104
180104,SAMEGUA,2023,10240
180104,SAMEGUA,2024,10372
180104,SAMEGUA,2025,10503
180104,SAMEGUA,2026,10634
180105,SAN CRISTOBAL,2017,1840.23021582734
180105,SAN CRISTOBAL,2018,1752
180105,SAN CRISTOBAL,2019,1668
180105,SAN CRISTOBAL,2020,1588
180105,SAN CRISTOBAL,2021,1533
180105,SAN CRISTOBAL,2022,1481
180105,SAN CRISTOBAL,2023,1432
180105,SAN CRISTOBAL,2024,1387
180105,SAN CRISTOBAL,2025,1349
180105,SAN CRISTOBAL,2026,1311
180106,TORATA,2017,6721.04795027379
180106,TORATA,2018,6739
180106,TORATA,2019,6757
180106,TORATA,2020,6753
180106,TORATA,2021,6750
180106,TORATA,2022,6736
180106,TORATA,2023,6714
180106,TORATA,2024,6688
180106,TORATA,2025,6658
180106,TORATA,2026,6628
180107,SAN ANTONIO 17/,2018,
180107,SAN ANTONIO 17/,2019,
180107,SAN ANTONIO 17/,2020,
180107,SAN ANTONIO 17/,2021,28592
180107,SAN ANTONIO 17/,2022,29005
180107,SAN ANTONIO 17/,2023,29396
180107,SAN ANTONIO 17/,2024,29775
180107,SAN ANTONIO 17/,2025,30152
180107,SAN ANTONIO 17/,2026,30529
180201,OMATE,2017,3347.71232020013
180201,OMATE,2018,3272
180201,OMATE,2019,3198
180201,OMATE,2020,3117
180201,OMATE,2021,3056
180201,OMATE,2022,3002
180201,OMATE,2023,2954
180201,OMATE,2024,2908
180201,OMATE,2025,2861
180201,OMATE,2026,2816
180202,CHOJATA,2017,796.049689440994
180202,CHOJATA,2018,716
180202,CHOJATA,2019,644
180202,CHOJATA,2020,576
180202,CHOJATA,2021,548
180202,CHOJATA,2022,520
180202,CHOJATA,2023,493
180202,CHOJATA,2024,466
180202,CHOJATA,2025,438
180202,CHOJATA,2026,411
180203,COALAQUE,2017,1052.78714859438
180203,COALAQUE,2018,1024
180203,COALAQUE,2019,996
180203,COALAQUE,2020,965
180203,COALAQUE,2021,945
180203,COALAQUE,2022,926
180203,COALAQUE,2023,908
180203,COALAQUE,2024,891
180203,COALAQUE,2025,873
180203,COALAQUE,2026,854
180204,ICHUÑA,2017,3289.48923175828
180204,ICHUÑA,2018,3199
180204,ICHUÑA,2019,3111
180204,ICHUÑA,2020,3014
180204,ICHUÑA,2021,2950
180204,ICHUÑA,2022,2893
180204,ICHUÑA,2023,2840
180204,ICHUÑA,2024,2787
180204,ICHUÑA,2025,2732
180204,ICHUÑA,2026,2676
180205,LA CAPILLA,2017,717.226666666667
180205,LA CAPILLA,2018,656
180205,LA CAPILLA,2019,600
180205,LA CAPILLA,2020,547
180205,LA CAPILLA,2021,504
180205,LA CAPILLA,2022,467
180205,LA CAPILLA,2023,432
180205,LA CAPILLA,2024,401
180205,LA CAPILLA,2025,374
180205,LA CAPILLA,2026,348
180206,LLOQUE,2017,633.933085501859
180206,LLOQUE,2018,584
180206,LLOQUE,2019,538
180206,LLOQUE,2020,493
180206,LLOQUE,2021,460
180206,LLOQUE,2022,431
180206,LLOQUE,2023,403
180206,LLOQUE,2024,377
180206,LLOQUE,2025,352
180206,LLOQUE,2026,326
180207,MATALAQUE,2017,508.809633027523
180207,MATALAQUE,2018,471
180207,MATALAQUE,2019,436
180207,MATALAQUE,2020,402
180207,MATALAQUE,2021,378
180207,MATALAQUE,2022,355
180207,MATALAQUE,2023,336
180207,MATALAQUE,2024,315
180207,MATALAQUE,2025,295
180207,MATALAQUE,2026,275
180208,PUQUINA,2017,2662.86020249221
180208,PUQUINA,2018,2615
180208,PUQUINA,2019,2568
180208,PUQUINA,2020,2512
180208,PUQUINA,2021,2472
180208,PUQUINA,2022,2436
180208,PUQUINA,2023,2402
180208,PUQUINA,2024,2371
180208,PUQUINA,2025,2339
180208,PUQUINA,2026,2308
180209,QUINISTAQUILLAS,2017,583.253411306043
180209,QUINISTAQUILLAS,2018,547
180209,QUINISTAQUILLAS,2019,513
180209,QUINISTAQUILLAS,2020,480
180209,QUINISTAQUILLAS,2021,453
180209,QUINISTAQUILLAS,2022,430
180209,QUINISTAQUILLAS,2023,407
180209,QUINISTAQUILLAS,2024,386
180209,QUINISTAQUILLAS,2025,365
180209,QUINISTAQUILLAS,2026,345
180210,UBINAS,2017,1956.20742486741
180210,UBINAS,2018,1822
180210,UBINAS,2019,1697
180210,UBINAS,2020,1574
180210,UBINAS,2021,1485
180210,UBINAS,2022,1404
180210,UBINAS,2023,1328
180210,UBINAS,2024,1256
180210,UBINAS,2025,1186
180210,UBINAS,2026,1117
180211,YUNGA,2017,972.636155606407
180211,YUNGA,2018,922
180211,YUNGA,2019,874
180211,YUNGA,2020,823
180211,YUNGA,2021,785
180211,YUNGA,2022,750
180211,YUNGA,2023,717
180211,YUNGA,2024,686
180211,YUNGA,2025,657
180211,YUNGA,2026,627
180301,ILO,2017,69494.6804218573
180301,ILO,2018,70065
180301,ILO,2019,70640
180301,ILO,2020,70753
180301,ILO,2021,71354
180301,ILO,2022,71753
180301,ILO,2023,72017
180301,ILO,2024,72506
180301,ILO,2025,72975
180301,ILO,2026,73420
180302,EL ALGARROBAL,2017,3424.14692442882
180302,EL ALGARROBAL,2018,4414
180302,EL ALGARROBAL,2019,5690
180302,EL ALGARROBAL,2020,7257
180302,EL ALGARROBAL,2021,8355
180302,EL ALGARROBAL,2022,9437
180302,EL ALGARROBAL,2023,10505
180302,EL ALGARROBAL,2024,11262
180302,EL ALGARROBAL,2025,12014
180302,EL ALGARROBAL,2026,12766
180303,PACOCHA,2017,4711.00084979817
180303,PACOCHA,2018,4709
180303,PACOCHA,2019,4707
180303,PACOCHA,2020,4676
180303,PACOCHA,2021,4652
180303,PACOCHA,2022,4616
180303,PACOCHA,2023,4569
180303,PACOCHA,2024,4519
180303,PACOCHA,2025,4467
180303,PACOCHA,2026,4415
190101,CHAUPIMARCA,2017,27377.5217952025
190101,CHAUPIMARCA,2018,27258
190101,CHAUPIMARCA,2019,27139
190101,CHAUPIMARCA,2020,26924
190101,CHAUPIMARCA,2021,26714
190101,CHAUPIMARCA,2022,26481
190101,CHAUPIMARCA,2023,26234
190101,CHAUPIMARCA,2024,25831
190101,CHAUPIMARCA,2025,25420
190101,CHAUPIMARCA,2026,25018
190102,HUACHON,2017,4629.00346245401
190102,HUACHON,2018,4625
190102,HUACHON,2019,4621
190102,HUACHON,2020,4601
190102,HUACHON,2021,4581
190102,HUACHON,2022,4557
190102,HUACHON,2023,4529
190102,HUACHON,2024,4500
190102,HUACHON,2025,4471
190102,HUACHON,2026,4442
190103,HUARIACA,2017,7214.10046894984
190103,HUARIACA,2018,7125
190103,HUARIACA,2019,7037
190103,HUARIACA,2020,6925
190103,HUARIACA,2021,6817
190103,HUARIACA,2022,6703
190103,HUARIACA,2023,6589
190103,HUARIACA,2024,6474
190103,HUARIACA,2025,6360
190103,HUARIACA,2026,6250
190104,HUAYLLAY,2017,9792.10683359416
190104,HUAYLLAY,2018,9688
190104,HUAYLLAY,2019,9585
190104,HUAYLLAY,2020,9451
190104,HUAYLLAY,2021,9320
190104,HUAYLLAY,2022,9182
190104,HUAYLLAY,2023,9041
190104,HUAYLLAY,2024,8900
190104,HUAYLLAY,2025,8762
190104,HUAYLLAY,2026,8626
190105,NINACACA,2017,4090.10672797677
190105,NINACACA,2018,4111
190105,NINACACA,2019,4132
190105,NINACACA,2020,4137
190105,NINACACA,2021,4140
190105,NINACACA,2022,4144
190105,NINACACA,2023,4148
190105,NINACACA,2024,4152
190105,NINACACA,2025,4157
190105,NINACACA,2026,4162
190106,PALLANCHACRA,2017,1878.04773413897
190106,PALLANCHACRA,2018,1763
190106,PALLANCHACRA,2019,1655
190106,PALLANCHACRA,2020,1551
190106,PALLANCHACRA,2021,1446
190106,PALLANCHACRA,2022,1344
190106,PALLANCHACRA,2023,1242
190106,PALLANCHACRA,2024,1147
190106,PALLANCHACRA,2025,1048
190106,PALLANCHACRA,2026,959
190107,PAUCARTAMBO,2017,11900.5438212928
190107,PAUCARTAMBO,2018,11189
190107,PAUCARTAMBO,2019,10520
190107,PAUCARTAMBO,2020,9858
190107,PAUCARTAMBO,2021,9193
190107,PAUCARTAMBO,2022,8528
190107,PAUCARTAMBO,2023,7863
190107,PAUCARTAMBO,2024,7199
190107,PAUCARTAMBO,2025,6536
190107,PAUCARTAMBO,2026,5872
190108,SAN FRANCISCO DE ASIS DE YARUSYACAN,2017,4899.67364620939
190108,SAN FRANCISCO DE ASIS DE YARUSYACAN,2018,4512
190108,SAN FRANCISCO DE ASIS DE YARUSYACAN,2019,4155
190108,SAN FRANCISCO DE ASIS DE YARUSYACAN,2020,3818
190108,SAN FRANCISCO DE ASIS DE YARUSYACAN,2021,3477
190108,SAN FRANCISCO DE ASIS DE YARUSYACAN,2022,3144
190108,SAN FRANCISCO DE ASIS DE YARUSYACAN,2023,2817
190108,SAN FRANCISCO DE ASIS DE YARUSYACAN,2024,2650
190108,SAN FRANCISCO DE ASIS DE YARUSYACAN,2025,2503
190108,SAN FRANCISCO DE ASIS DE YARUSYACAN,2026,2356
190109,SIMON BOLIVAR,2017,13034.6878405729
190109,SIMON BOLIVAR,2018,12940
190109,SIMON BOLIVAR,2019,12846
190109,SIMON BOLIVAR,2020,12708
190109,SIMON BOLIVAR,2021,12573
190109,SIMON BOLIVAR,2022,12428
190109,SIMON BOLIVAR,2023,12279
190109,SIMON BOLIVAR,2024,12126
190109,SIMON BOLIVAR,2025,11977
190109,SIMON BOLIVAR,2026,11829
190110,TICLACAYAN,2017,3550.53796024764
190110,TICLACAYAN,2018,3301
190110,TICLACAYAN,2019,3069
190110,TICLACAYAN,2020,2847
190110,TICLACAYAN,2021,2624
190110,TICLACAYAN,2022,2404
190110,TICLACAYAN,2023,2190
190110,TICLACAYAN,2024,1980
190110,TICLACAYAN,2025,1778
190110,TICLACAYAN,2026,1581
190111,TINYAHUARCO,2017,6985.56142301279
190111,TINYAHUARCO,2018,7090
190111,TINYAHUARCO,2019,7196
190111,TINYAHUARCO,2020,7278
190111,TINYAHUARCO,2021,7355
190111,TINYAHUARCO,2022,7421
190111,TINYAHUARCO,2023,7480
190111,TINYAHUARCO,2024,7532
190111,TINYAHUARCO,2025,7582
190111,TINYAHUARCO,2026,7627
190112,VICCO,2017,3522.53338718363
190112,VICCO,2018,3617
190112,VICCO,2019,3714
190112,VICCO,2020,3802
190112,VICCO,2021,3884
190112,VICCO,2022,3959
190112,VICCO,2023,4029
190112,VICCO,2024,4094
190112,VICCO,2025,4156
190112,VICCO,2026,4215
190113,YANACANCHA,2017,31152.1797009776
190113,YANACANCHA,2018,31227
190113,YANACANCHA,2019,31302
190113,YANACANCHA,2020,31264
190113,YANACANCHA,2021,31225
190113,YANACANCHA,2022,31151
190113,YANACANCHA,2023,31054
190113,YANACANCHA,2024,30945
190113,YANACANCHA,2025,30833
190113,YANACANCHA,2026,30717
190201,YANAHUANCA,2017,12101.0807305001
190201,YANAHUANCA,2018,11908
190201,YANAHUANCA,2019,11718
190201,YANAHUANCA,2020,11495
190201,YANAHUANCA,2021,11210
190201,YANAHUANCA,2022,10898
190201,YANAHUANCA,2023,10572
190201,YANAHUANCA,2024,10243
190201,YANAHUANCA,2025,9922
190201,YANAHUANCA,2026,9598
190202,CHACAYAN,2017,2180.31834625323
190202,CHACAYAN,2018,2054
190202,CHACAYAN,2019,1935
190202,CHACAYAN,2020,1820
190202,CHACAYAN,2021,1702
190202,CHACAYAN,2022,1588
190202,CHACAYAN,2023,1479
190202,CHACAYAN,2024,1378
190202,CHACAYAN,2025,1285
190202,CHACAYAN,2026,1199
190203,GOYLLARISQUIZGA,2017,1637.63021868787
190203,GOYLLARISQUIZGA,2018,1572
190203,GOYLLARISQUIZGA,2019,1509
190203,GOYLLARISQUIZGA,2020,1445
190203,GOYLLARISQUIZGA,2021,1375
190203,GOYLLARISQUIZGA,2022,1305
190203,GOYLLARISQUIZGA,2023,1238
190203,GOYLLARISQUIZGA,2024,1172
190203,GOYLLARISQUIZGA,2025,1109
190203,GOYLLARISQUIZGA,2026,1050
190204,PAUCAR,2017,1875.4958677686
190204,PAUCAR,2018,1845
190204,PAUCAR,2019,1815
190204,PAUCAR,2020,1779
190204,PAUCAR,2021,1734
190204,PAUCAR,2022,1685
190204,PAUCAR,2023,1634
190204,PAUCAR,2024,1583
190204,PAUCAR,2025,1532
190204,PAUCAR,2026,1483
190205,SAN PEDRO DE PILLAO,2017,1447.34497505346
190205,SAN PEDRO DE PILLAO,2018,1425
190205,SAN PEDRO DE PILLAO,2019,1403
190205,SAN PEDRO DE PILLAO,2020,1377
190205,SAN PEDRO DE PILLAO,2021,1345
190205,SAN PEDRO DE PILLAO,2022,1308
190205,SAN PEDRO DE PILLAO,2023,1270
190205,SAN PEDRO DE PILLAO,2024,1233
190205,SAN PEDRO DE PILLAO,2025,1195
190205,SAN PEDRO DE PILLAO,2026,1159
190206,SANTA ANA DE TUSI,2017,22376.6350712918
190206,SANTA ANA DE TUSI,2018,22929
190206,SANTA ANA DE TUSI,2019,23495
190206,SANTA ANA DE TUSI,2020,23986
190206,SANTA ANA DE TUSI,2021,24326
190206,SANTA ANA DE TUSI,2022,24580
190206,SANTA ANA DE TUSI,2023,24764
190206,SANTA ANA DE TUSI,2024,24901
190206,SANTA ANA DE TUSI,2025,25017
190206,SANTA ANA DE TUSI,2026,25114
190207,TAPUC,2017,2507.00393356643
190207,TAPUC,2018,2395
190207,TAPUC,2019,2288
190207,TAPUC,2020,2180
190207,TAPUC,2021,2065
190207,TAPUC,2022,1952
190207,TAPUC,2023,1840
190207,TAPUC,2024,1733
190207,TAPUC,2025,1633
190207,TAPUC,2026,1539
190208,VILCABAMBA,2017,2045.19184652278
190208,VILCABAMBA,2018,2065
190208,VILCABAMBA,2019,2085
190208,VILCABAMBA,2020,2097
190208,VILCABAMBA,2021,2102
190208,VILCABAMBA,2022,2105
190208,VILCABAMBA,2023,2108
190208,VILCABAMBA,2024,2111
190208,VILCABAMBA,2025,2114
190208,VILCABAMBA,2026,2117
190301,OXAPAMPA,2017,16405.3986240151
190301,OXAPAMPA,2018,16703
190301,OXAPAMPA,2019,17006
190301,OXAPAMPA,2020,17255
190301,OXAPAMPA,2021,17466
190301,OXAPAMPA,2022,17643
190301,OXAPAMPA,2023,17794
190301,OXAPAMPA,2024,17930
190301,OXAPAMPA,2025,18061
190301,OXAPAMPA,2026,18188
190302,CHONTABAMBA,2017,5511.42536824877
190302,CHONTABAMBA,2018,5803
190302,CHONTABAMBA,2019,6110
190302,CHONTABAMBA,2020,6412
190302,CHONTABAMBA,2021,6615
190302,CHONTABAMBA,2022,6773
190302,CHONTABAMBA,2023,6899
190302,CHONTABAMBA,2024,7007
190302,CHONTABAMBA,2025,7111
190302,CHONTABAMBA,2026,7208
190303,HUANCABAMBA,2017,6856.60478099055
190303,HUANCABAMBA,2018,6921
190303,HUANCABAMBA,2019,6986
190303,HUANCABAMBA,2020,7028
190303,HUANCABAMBA,2021,7078
190303,HUANCABAMBA,2022,7123
190303,HUANCABAMBA,2023,7163
190303,HUANCABAMBA,2024,7202
190303,HUANCABAMBA,2025,7240
190303,HUANCABAMBA,2026,7277
190304,PALCAZU,2017,8266.37089259441
190304,PALCAZU,2018,8211
190304,PALCAZU,2019,8156
190304,PALCAZU,2020,8076
190304,PALCAZU,2021,7987
190304,PALCAZU,2022,7902
190304,PALCAZU,2023,7818
190304,PALCAZU,2024,7735
190304,PALCAZU,2025,7650
190304,PALCAZU,2026,7565
190305,POZUZO,2017,5199.43620797661
190305,POZUZO,2018,4990
190305,POZUZO,2019,4789
190305,POZUZO,2020,4580
190305,POZUZO,2021,4377
190305,POZUZO,2022,4174
190305,POZUZO,2023,3977
190305,POZUZO,2024,3784
190305,POZUZO,2025,3600
190305,POZUZO,2026,3423
190306,PUERTO BERMUDEZ,2017,19382.8706362545
190306,PUERTO BERMUDEZ,2018,20091
190306,PUERTO BERMUDEZ,2019,20825
190306,PUERTO BERMUDEZ,2020,21511
190306,PUERTO BERMUDEZ,2021,22000
190306,PUERTO BERMUDEZ,2022,22387
190306,PUERTO BERMUDEZ,2023,22704
190306,PUERTO BERMUDEZ,2024,22977
190306,PUERTO BERMUDEZ,2025,23240
190306,PUERTO BERMUDEZ,2026,23487
190307,VILLA RICA,2017,18730.0193130751
190307,VILLA RICA,2018,18711
190307,VILLA RICA,2019,18692
190307,VILLA RICA,2020,18610
190307,VILLA RICA,2021,18534
190307,VILLA RICA,2022,18466
190307,VILLA RICA,2023,18402
190307,VILLA RICA,2024,18341
190307,VILLA RICA,2025,18278
190307,VILLA RICA,2026,18213
190308,CONSTITUCIÓN,2017,14929.352937584
190308,CONSTITUCIÓN,2018,15635
190308,CONSTITUCIÓN,2019,16374
190308,CONSTITUCIÓN,2020,17089
190308,CONSTITUCIÓN,2021,17577
190308,CONSTITUCIÓN,2022,17961
190308,CONSTITUCIÓN,2023,18268
190308,CONSTITUCIÓN,2024,18532
190308,CONSTITUCIÓN,2025,18784
190308,CONSTITUCIÓN,2026,19023
200101,PIURA,2017,164868.4840907
200101,PIURA,2018,169213
200101,PIURA,2019,173672
200101,PIURA,2020,177748
200101,PIURA,2021,181371
200101,PIURA,2022,184732
200101,PIURA,2023,187926
200101,PIURA,2024,191048
200101,PIURA,2025,194198
200101,PIURA,2026,197373
200104,CASTILLA,2017,166256.576774904
200104,CASTILLA,2018,172060
200104,CASTILLA,2019,178066
200104,CASTILLA,2020,183759
200104,CASTILLA,2021,188678
200104,CASTILLA,2022,193225
200104,CASTILLA,2023,197533
200104,CASTILLA,2024,201735
200104,CASTILLA,2025,205967
200104,CASTILLA,2026,210227
200105,CATACAOS,2017,76764.1932330167
200105,CATACAOS,2018,78209
200105,CATACAOS,2019,79681
200105,CATACAOS,2020,80950
200105,CATACAOS,2021,81972
200105,CATACAOS,2022,82839
200105,CATACAOS,2023,83594
200105,CATACAOS,2024,84277
200105,CATACAOS,2025,84928
200105,CATACAOS,2026,85543
200107,CURA MORI,2017,19153.2707386077
200107,CURA MORI,2018,19471
200107,CURA MORI,2019,19794
200107,CURA MORI,2020,20065
200107,CURA MORI,2021,20273
200107,CURA MORI,2022,20441
200107,CURA MORI,2023,20580
200107,CURA MORI,2024,20698
200107,CURA MORI,2025,20806
200107,CURA MORI,2026,20903
200108,EL TALLAN,2017,5494.44690740079
200108,EL TALLAN,2018,5544
200108,EL TALLAN,2019,5594
200108,EL TALLAN,2020,5628
200108,EL TALLAN,2021,5634
200108,EL TALLAN,2022,5643
200108,EL TALLAN,2023,5651
200108,EL TALLAN,2024,5660
200108,EL TALLAN,2025,5670
200108,EL TALLAN,2026,5681
200109,LA ARENA,2017,39341.6283594556
200109,LA ARENA,2018,40018
200109,LA ARENA,2019,40706
200109,LA ARENA,2020,41286
200109,LA ARENA,2021,41736
200109,LA ARENA,2022,42102
200109,LA ARENA,2023,42406
200109,LA ARENA,2024,42668
200109,LA ARENA,2025,42909
200109,LA ARENA,2026,43124
200110,LA UNION,2017,41962.1360948102
200110,LA UNION,2018,42785
200110,LA UNION,2019,43624
200110,LA UNION,2020,44355
200110,LA UNION,2021,44954
200110,LA UNION,2022,45471
200110,LA UNION,2023,45930
200110,LA UNION,2024,46354
200110,LA UNION,2025,46764
200110,LA UNION,2026,47158
200111,LAS LOMAS,2017,28493.6606534238
200111,LAS LOMAS,2018,28769
200111,LAS LOMAS,2019,29047
200111,LAS LOMAS,2020,29241
200111,LAS LOMAS,2021,29290
200111,LAS LOMAS,2022,29345
200111,LAS LOMAS,2023,29406
200111,LAS LOMAS,2024,29470
200111,LAS LOMAS,2025,29538
200111,LAS LOMAS,2026,29609
200114,TAMBO GRANDE,2017,116122.389082653
200114,TAMBO GRANDE,2018,118814
200114,TAMBO GRANDE,2019,121568
200114,TAMBO GRANDE,2020,124028
200114,TAMBO GRANDE,2021,126126
200114,TAMBO GRANDE,2022,128004
200114,TAMBO GRANDE,2023,129729
200114,TAMBO GRANDE,2024,131366
200114,TAMBO GRANDE,2025,132980
200114,TAMBO GRANDE,2026,134568
200115,VEINTISÉIS DE OCTUBRE,2017,170274.54899452
200115,VEINTISÉIS DE OCTUBRE,2018,176089
200115,VEINTISÉIS DE OCTUBRE,2019,182102
200115,VEINTISÉIS DE OCTUBRE,2020,187787
200115,VEINTISÉIS DE OCTUBRE,2021,192708
200115,VEINTISÉIS DE OCTUBRE,2022,197261
200115,VEINTISÉIS DE OCTUBRE,2023,201571
200115,VEINTISÉIS DE OCTUBRE,2024,205779
200115,VEINTISÉIS DE OCTUBRE,2025,210015
200115,VEINTISÉIS DE OCTUBRE,2026,214280
200201,AYABACA,2017,33988.3889472578
200201,AYABACA,2018,33649
200201,AYABACA,2019,33313
200201,AYABACA,2020,32889
200201,AYABACA,2021,32525
200201,AYABACA,2022,32156
200201,AYABACA,2023,31788
200201,AYABACA,2024,31416
200201,AYABACA,2025,31040
200201,AYABACA,2026,30661
200202,FRIAS,2017,21612.1731503025
200202,FRIAS,2018,21551
200202,FRIAS,2019,21490
200202,FRIAS,2020,21370
200202,FRIAS,2021,21287
200202,FRIAS,2022,21201
200202,FRIAS,2023,21109
200202,FRIAS,2024,21013
200202,FRIAS,2025,20914
200202,FRIAS,2026,20812
200203,JILILI,2017,2721.06270871985
200203,JILILI,2018,2708
200203,JILILI,2019,2695
200203,JILILI,2020,2675
200203,JILILI,2021,2659
200203,JILILI,2022,2642
200203,JILILI,2023,2626
200203,JILILI,2024,2608
200203,JILILI,2025,2591
200203,JILILI,2026,2574
200204,LAGUNAS,2017,5962.31466984343
200204,LAGUNAS,2018,5919
200204,LAGUNAS,2019,5876
200204,LAGUNAS,2020,5816
200204,LAGUNAS,2021,5768
200204,LAGUNAS,2022,5719
200204,LAGUNAS,2023,5670
200204,LAGUNAS,2024,5619
200204,LAGUNAS,2025,5567
200204,LAGUNAS,2026,5514
200205,MONTERO,2017,6746.1630239521
200205,MONTERO,2018,6713
200205,MONTERO,2019,6680
200205,MONTERO,2020,6628
200205,MONTERO,2021,6587
200205,MONTERO,2022,6547
200205,MONTERO,2023,6504
200205,MONTERO,2024,6459
200205,MONTERO,2025,6416
200205,MONTERO,2026,6370
200206,PACAIPAMPA,2017,23463.086638429
200206,PACAIPAMPA,2018,23418
200206,PACAIPAMPA,2019,23373
200206,PACAIPAMPA,2020,23262
200206,PACAIPAMPA,2021,23194
200206,PACAIPAMPA,2022,23119
200206,PACAIPAMPA,2023,23040
200206,PACAIPAMPA,2024,22957
200206,PACAIPAMPA,2025,22870
200206,PACAIPAMPA,2026,22778
200207,PAIMAS,2017,10135.8202345188
200207,PAIMAS,2018,10227
200207,PAIMAS,2019,10319
200207,PAIMAS,2020,10382
200207,PAIMAS,2021,10463
200207,PAIMAS,2022,10542
200207,PAIMAS,2023,10620
200207,PAIMAS,2024,10695
200207,PAIMAS,2025,10768
200207,PAIMAS,2026,10840
200208,SAPILLICA,2017,11010.0759848211
200208,SAPILLICA,2018,11039
200208,SAPILLICA,2019,11068
200208,SAPILLICA,2020,11065
200208,SAPILLICA,2021,11022
200208,SAPILLICA,2022,10994
200208,SAPILLICA,2023,10978
200208,SAPILLICA,2024,10967
200208,SAPILLICA,2025,10957
200208,SAPILLICA,2026,10946
200209,SICCHEZ,2017,1761.85697329377
200209,SICCHEZ,2018,1723
200209,SICCHEZ,2019,1685
200209,SICCHEZ,2020,1642
200209,SICCHEZ,2021,1604
200209,SICCHEZ,2022,1567
200209,SICCHEZ,2023,1528
200209,SICCHEZ,2024,1491
200209,SICCHEZ,2025,1455
200209,SICCHEZ,2026,1419
200210,SUYO,2017,11917.146987751
200210,SUYO,2018,11959
200210,SUYO,2019,12001
200210,SUYO,2020,12008
200210,SUYO,2021,12037
200210,SUYO,2022,12063
200210,SUYO,2023,12085
200210,SUYO,2024,12108
200210,SUYO,2025,12125
200210,SUYO,2026,12141
200301,HUANCABAMBA,2017,29414.0489657511
200301,HUANCABAMBA,2018,29452
200301,HUANCABAMBA,2019,29490
200301,HUANCABAMBA,2020,29446
200301,HUANCABAMBA,2021,29424
200301,HUANCABAMBA,2022,29395
200301,HUANCABAMBA,2023,29359
200301,HUANCABAMBA,2024,29316
200301,HUANCABAMBA,2025,29268
200301,HUANCABAMBA,2026,29214
200302,CANCHAQUE,2017,7873.72834390781
200302,CANCHAQUE,2018,7798
200302,CANCHAQUE,2019,7723
200302,CANCHAQUE,2020,7628
200302,CANCHAQUE,2021,7539
200302,CANCHAQUE,2022,7449
200302,CANCHAQUE,2023,7357
200302,CANCHAQUE,2024,7266
200302,CANCHAQUE,2025,7175
200302,CANCHAQUE,2026,7083
200303,EL CARMEN DE LA FRONTERA,2017,11924.0863406408
200303,EL CARMEN DE LA FRONTERA,2018,11892
200303,EL CARMEN DE LA FRONTERA,2019,11860
200303,EL CARMEN DE LA FRONTERA,2020,11797
200303,EL CARMEN DE LA FRONTERA,2021,11743
200303,EL CARMEN DE LA FRONTERA,2022,11685
200303,EL CARMEN DE LA FRONTERA,2023,11625
200303,EL CARMEN DE LA FRONTERA,2024,11563
200303,EL CARMEN DE LA FRONTERA,2025,11500
200303,EL CARMEN DE LA FRONTERA,2026,11435
200304,HUARMACA,2017,37689.0255401706
200304,HUARMACA,2018,37658
200304,HUARMACA,2019,37627
200304,HUARMACA,2020,37489
200304,HUARMACA,2021,37380
200304,HUARMACA,2022,37259
200304,HUARMACA,2023,37131
200304,HUARMACA,2024,36992
200304,HUARMACA,2025,36849
200304,HUARMACA,2026,36699
200305,LALAQUIZ,2017,4357.71226748293
200305,LALAQUIZ,2018,4302
200305,LALAQUIZ,2019,4247
200305,LALAQUIZ,2020,4181
200305,LALAQUIZ,2021,4119
200305,LALAQUIZ,2022,4057
200305,LALAQUIZ,2023,3996
200305,LALAQUIZ,2024,3936
200305,LALAQUIZ,2025,3873
200305,LALAQUIZ,2026,3811
200306,SAN MIGUEL DE EL FAIQUE,2017,9261.31123919308
200306,SAN MIGUEL DE EL FAIQUE,2018,9315
200306,SAN MIGUEL DE EL FAIQUE,2019,9369
200306,SAN MIGUEL DE EL FAIQUE,2020,9395
200306,SAN MIGUEL DE EL FAIQUE,2021,9429
200306,SAN MIGUEL DE EL FAIQUE,2022,9461
200306,SAN MIGUEL DE EL FAIQUE,2023,9490
200306,SAN MIGUEL DE EL FAIQUE,2024,9517
200306,SAN MIGUEL DE EL FAIQUE,2025,9543
200306,SAN MIGUEL DE EL FAIQUE,2026,9567
200307,SONDOR,2017,7598.3469850587
200307,SONDOR,2018,7547
200307,SONDOR,2019,7496
200307,SONDOR,2020,7425
200307,SONDOR,2021,7361
200307,SONDOR,2022,7295
200307,SONDOR,2023,7227
200307,SONDOR,2024,7160
200307,SONDOR,2025,7091
200307,SONDOR,2026,7022
200308,SONDORILLO,2017,10941.6809716599
200308,SONDORILLO,2018,11028
200308,SONDORILLO,2019,11115
200308,SONDORILLO,2020,11172
200308,SONDORILLO,2021,11237
200308,SONDORILLO,2022,11298
200308,SONDORILLO,2023,11357
200308,SONDORILLO,2024,11415
200308,SONDORILLO,2025,11471
200308,SONDORILLO,2026,11524
200401,CHULUCANAS,2017,85867.3398460427
200401,CHULUCANAS,2018,87221
200401,CHULUCANAS,2019,88596
200401,CHULUCANAS,2020,89735
200401,CHULUCANAS,2021,90461
200401,CHULUCANAS,2022,91141
200401,CHULUCANAS,2023,91788
200401,CHULUCANAS,2024,92419
200401,CHULUCANAS,2025,93041
200401,CHULUCANAS,2026,93656
200402,BUENOS AIRES,2017,9786.26065833829
200402,BUENOS AIRES,2018,9935
200402,BUENOS AIRES,2019,10086
200402,BUENOS AIRES,2020,10211
200402,BUENOS AIRES,2021,10351
200402,BUENOS AIRES,2022,10468
200402,BUENOS AIRES,2023,10570
200402,BUENOS AIRES,2024,10661
200402,BUENOS AIRES,2025,10747
200402,BUENOS AIRES,2026,10831
200403,CHALACO,2017,8129.82555780933
200403,CHALACO,2018,8008
200403,CHALACO,2019,7888
200403,CHALACO,2020,7746
200403,CHALACO,2021,7615
200403,CHALACO,2022,7478
200403,CHALACO,2023,7337
200403,CHALACO,2024,7193
200403,CHALACO,2025,7048
200403,CHALACO,2026,6900
200404,LA MATANZA,2017,14418.3758998856
200404,LA MATANZA,2018,14639
200404,LA MATANZA,2019,14863
200404,LA MATANZA,2020,15047
200404,LA MATANZA,2021,15254
200404,LA MATANZA,2022,15428
200404,LA MATANZA,2023,15578
200404,LA MATANZA,2024,15713
200404,LA MATANZA,2025,15843
200404,LA MATANZA,2026,15965
200405,MORROPON,2017,15559.0132579328
200405,MORROPON,2018,15736
200405,MORROPON,2019,15915
200405,MORROPON,2020,16052
200405,MORROPON,2021,16229
200405,MORROPON,2022,16377
200405,MORROPON,2023,16503
200405,MORROPON,2024,16616
200405,MORROPON,2025,16724
200405,MORROPON,2026,16826
200406,SALITRAL,2017,8893.58955636686
200406,SALITRAL,2018,8966
200406,SALITRAL,2019,9039
200406,SALITRAL,2020,9086
200406,SALITRAL,2021,9158
200406,SALITRAL,2022,9215
200406,SALITRAL,2023,9258
200406,SALITRAL,2024,9292
200406,SALITRAL,2025,9321
200406,SALITRAL,2026,9344
200407,SAN JUAN DE BIGOTE,2017,6730
200407,SAN JUAN DE BIGOTE,2018,6730
200407,SAN JUAN DE BIGOTE,2019,6730
200407,SAN JUAN DE BIGOTE,2020,6710
200407,SAN JUAN DE BIGOTE,2021,6710
200407,SAN JUAN DE BIGOTE,2022,6697
200407,SAN JUAN DE BIGOTE,2023,6676
200407,SAN JUAN DE BIGOTE,2024,6649
200407,SAN JUAN DE BIGOTE,2025,6619
200407,SAN JUAN DE BIGOTE,2026,6587
200408,SANTA CATALINA DE MOSSA,2017,3899.16237983892
200408,SANTA CATALINA DE MOSSA,2018,3874
200408,SANTA CATALINA DE MOSSA,2019,3849
200408,SANTA CATALINA DE MOSSA,2020,3813
200408,SANTA CATALINA DE MOSSA,2021,3788
200408,SANTA CATALINA DE MOSSA,2022,3755
200408,SANTA CATALINA DE MOSSA,2023,3716
200408,SANTA CATALINA DE MOSSA,2024,3675
200408,SANTA CATALINA DE MOSSA,2025,3633
200408,SANTA CATALINA DE MOSSA,2026,3585
200409,SANTO DOMINGO,2017,6406.33614536016
200409,SANTO DOMINGO,2018,6284
200409,SANTO DOMINGO,2019,6164
200409,SANTO DOMINGO,2020,6029
200409,SANTO DOMINGO,2021,5892
200409,SANTO DOMINGO,2022,5750
200409,SANTO DOMINGO,2023,5606
200409,SANTO DOMINGO,2024,5458
200409,SANTO DOMINGO,2025,5309
200409,SANTO DOMINGO,2026,5159
200410,YAMANGO,2017,8987.49192546584
200410,YAMANGO,2018,8921
200410,YAMANGO,2019,8855
200410,YAMANGO,2020,8764
200410,YAMANGO,2021,8696
200410,YAMANGO,2022,8612
200410,YAMANGO,2023,8515
200410,YAMANGO,2024,8409
200410,YAMANGO,2025,8300
200410,YAMANGO,2026,8186
200501,PAITA,2017,93341.652082703
200501,PAITA,2018,96202
200501,PAITA,2019,99150
200501,PAITA,2020,101905
200501,PAITA,2021,104513
200501,PAITA,2022,106929
200501,PAITA,2023,109218
200501,PAITA,2024,111455
200501,PAITA,2025,113706
200501,PAITA,2026,115977
200502,AMOTAPE,2017,2453.29078579976
200502,AMOTAPE,2018,2480
200502,AMOTAPE,2019,2507
200502,AMOTAPE,2020,2526
200502,AMOTAPE,2021,2547
200502,AMOTAPE,2022,2565
200502,AMOTAPE,2023,2582
200502,AMOTAPE,2024,2596
200502,AMOTAPE,2025,2611
200502,AMOTAPE,2026,2627
200503,ARENAL,2017,1201.23400809717
200503,ARENAL,2018,1218
200503,ARENAL,2019,1235
200503,ARENAL,2020,1249
200503,ARENAL,2021,1263
200503,ARENAL,2022,1270
200503,ARENAL,2023,1276
200503,ARENAL,2024,1281
200503,ARENAL,2025,1287
200503,ARENAL,2026,1290
200504,COLAN,2017,15605.0870959932
200504,COLAN,2018,16057
200504,COLAN,2019,16522
200504,COLAN,2020,16953
200504,COLAN,2021,17172
200504,COLAN,2022,17379
200504,COLAN,2023,17579
200504,COLAN,2024,17775
200504,COLAN,2025,17972
200504,COLAN,2026,18169
200505,LA HUACA,2017,13208.0441303721
200505,LA HUACA,2018,13534
200505,LA HUACA,2019,13868
200505,LA HUACA,2020,14170
200505,LA HUACA,2021,14345
200505,LA HUACA,2022,14510
200505,LA HUACA,2023,14668
200505,LA HUACA,2024,14824
200505,LA HUACA,2025,14980
200505,LA HUACA,2026,15136
200506,TAMARINDO,2017,5055.75676706062
200506,TAMARINDO,2018,5150
200506,TAMARINDO,2019,5246
200506,TAMARINDO,2020,5330
200506,TAMARINDO,2021,5409
200506,TAMARINDO,2022,5479
200506,TAMARINDO,2023,5544
200506,TAMARINDO,2024,5605
200506,TAMARINDO,2025,5666
200506,TAMARINDO,2026,5729
200507,VICHAYAL,2017,5823.22302990253
200507,VICHAYAL,2018,5937
200507,VICHAYAL,2019,6053
200507,VICHAYAL,2020,6156
200507,VICHAYAL,2021,6252
200507,VICHAYAL,2022,6338
200507,VICHAYAL,2023,6415
200507,VICHAYAL,2024,6490
200507,VICHAYAL,2025,6566
200507,VICHAYAL,2026,6642
200601,SULLANA,2017,179739.206024652
200601,SULLANA,2018,183056
200601,SULLANA,2019,186434
200601,SULLANA,2020,189351
200601,SULLANA,2021,191400
200601,SULLANA,2022,193254
200601,SULLANA,2023,194970
200601,SULLANA,2024,196599
200601,SULLANA,2025,198198
200601,SULLANA,2026,199760
200602,BELLAVISTA,2017,37950.2419091968
200602,BELLAVISTA,2018,38301
200602,BELLAVISTA,2019,38655
200602,BELLAVISTA,2020,38905
200602,BELLAVISTA,2021,39181
200602,BELLAVISTA,2022,39384
200602,BELLAVISTA,2023,39535
200602,BELLAVISTA,2024,39653
200602,BELLAVISTA,2025,39761
200602,BELLAVISTA,2026,39854
200603,IGNACIO ESCUDERO,2017,20554.2761190532
200603,IGNACIO ESCUDERO,2018,20941
200603,IGNACIO ESCUDERO,2019,21335
200603,IGNACIO ESCUDERO,2020,21676
200603,IGNACIO ESCUDERO,2021,21975
200603,IGNACIO ESCUDERO,2022,22210
200603,IGNACIO ESCUDERO,2023,22399
200603,IGNACIO ESCUDERO,2024,22562
200603,IGNACIO ESCUDERO,2025,22714
200603,IGNACIO ESCUDERO,2026,22854
200604,LANCONES,2017,13154.2363937886
200604,LANCONES,2018,13210
200604,LANCONES,2019,13266
200604,LANCONES,2020,13286
200604,LANCONES,2021,13333
200604,LANCONES,2022,13363
200604,LANCONES,2023,13379
200604,LANCONES,2024,13388
200604,LANCONES,2025,13395
200604,LANCONES,2026,13398
200605,MARCAVELICA,2017,30441.8384797351
200605,MARCAVELICA,2018,31067
200605,MARCAVELICA,2019,31705
200605,MARCAVELICA,2020,32265
200605,MARCAVELICA,2021,32747
200605,MARCAVELICA,2022,33129
200605,MARCAVELICA,2023,33438
200605,MARCAVELICA,2024,33705
200605,MARCAVELICA,2025,33956
200605,MARCAVELICA,2026,34188
200606,MIGUEL CHECA,2017,9405.70990755627
200606,MIGUEL CHECA,2018,9675
200606,MIGUEL CHECA,2019,9952
200606,MIGUEL CHECA,2020,10210
200606,MIGUEL CHECA,2021,10419
200606,MIGUEL CHECA,2022,10587
200606,MIGUEL CHECA,2023,10727
200606,MIGUEL CHECA,2024,10849
200606,MIGUEL CHECA,2025,10965
200606,MIGUEL CHECA,2026,11072
200607,QUERECOTILLO,2017,27016.6683689984
200607,QUERECOTILLO,2018,27408
200607,QUERECOTILLO,2019,27805
200607,QUERECOTILLO,2020,28130
200607,QUERECOTILLO,2021,28433
200607,QUERECOTILLO,2022,28667
200607,QUERECOTILLO,2023,28852
200607,QUERECOTILLO,2024,29007
200607,QUERECOTILLO,2025,29150
200607,QUERECOTILLO,2026,29281
200608,SALITRAL,2017,7207.44419346266
200608,SALITRAL,2018,7365
200608,SALITRAL,2019,7526
200608,SALITRAL,2020,7667
200608,SALITRAL,2021,7788
200608,SALITRAL,2022,7884
200608,SALITRAL,2023,7962
200608,SALITRAL,2024,8030
200608,SALITRAL,2025,8093
200608,SALITRAL,2026,8152
200701,PARIÑAS,2017,99972.1069371424
200701,PARIÑAS,2018,101707
200701,PARIÑAS,2019,103472
200701,PARIÑAS,2020,104973
200701,PARIÑAS,2021,106157
200701,PARIÑAS,2022,107159
200701,PARIÑAS,2023,108033
200701,PARIÑAS,2024,108828
200701,PARIÑAS,2025,109593
200701,PARIÑAS,2026,110326
200702,EL ALTO,2017,8434.9300238555
200702,EL ALTO,2018,8617
200702,EL ALTO,2019,8803
200702,EL ALTO,2020,8969
200702,EL ALTO,2021,9097
200702,EL ALTO,2022,9205
200702,EL ALTO,2023,9299
200702,EL ALTO,2024,9384
200702,EL ALTO,2025,9467
200702,EL ALTO,2026,9546
200703,LA BREA,2017,12933.7315103968
200703,LA BREA,2018,13031
200703,LA BREA,2019,13129
200703,LA BREA,2020,13192
200703,LA BREA,2021,13250
200703,LA BREA,2022,13300
200703,LA BREA,2023,13343
200703,LA BREA,2024,13382
200703,LA BREA,2025,13420
200703,LA BREA,2026,13456
200704,LOBITOS,2017,1400.01149425287
200704,LOBITOS,2018,1396
200704,LOBITOS,2019,1392
200704,LOBITOS,2020,1384
200704,LOBITOS,2021,1380
200704,LOBITOS,2022,1376
200704,LOBITOS,2023,1373
200704,LOBITOS,2024,1370
200704,LOBITOS,2025,1367
200704,LOBITOS,2026,1365
200705,LOS ORGANOS,2017,11038.8139352135
200705,LOS ORGANOS,2018,11244
200705,LOS ORGANOS,2019,11453
200705,LOS ORGANOS,2020,11634
200705,LOS ORGANOS,2021,11775
200705,LOS ORGANOS,2022,11895
200705,LOS ORGANOS,2023,11999
200705,LOS ORGANOS,2024,12094
200705,LOS ORGANOS,2025,12186
200705,LOS ORGANOS,2026,12273
200706,MANCORA,2017,13079.3473310125
200706,MANCORA,2018,13429
200706,MANCORA,2019,13788
200706,MANCORA,2020,14116
200706,MANCORA,2021,14365
200706,MANCORA,2022,14576
200706,MANCORA,2023,14760
200706,MANCORA,2024,14927
200706,MANCORA,2025,15088
200706,MANCORA,2026,15242
200801,SECHURA,2017,45600.7206648222
200801,SECHURA,2018,47345
200801,SECHURA,2019,49156
200801,SECHURA,2020,50892
200801,SECHURA,2021,52436
200801,SECHURA,2022,53899
200801,SECHURA,2023,55316
200801,SECHURA,2024,56721
200801,SECHURA,2025,58157
200801,SECHURA,2026,59620
200802,BELLAVISTA DE LA UNION,2017,4847.11538461538
200802,BELLAVISTA DE LA UNION,2018,4970
200802,BELLAVISTA DE LA UNION,2019,5096
200802,BELLAVISTA DE LA UNION,2020,5210
200802,BELLAVISTA DE LA UNION,2021,5314
200802,BELLAVISTA DE LA UNION,2022,5413
200802,BELLAVISTA DE LA UNION,2023,5509
200802,BELLAVISTA DE LA UNION,2024,5605
200802,BELLAVISTA DE LA UNION,2025,5702
200802,BELLAVISTA DE LA UNION,2026,5801
200803,BERNAL,2017,7191.75119617225
200803,BERNAL,2018,7356
200803,BERNAL,2019,7524
200803,BERNAL,2020,7674
200803,BERNAL,2021,7812
200803,BERNAL,2022,7944
200803,BERNAL,2023,8071
200803,BERNAL,2024,8197
200803,BERNAL,2025,8325
200803,BERNAL,2026,8457
200804,CRISTO NOS VALGA,2017,4489.13734889537
200804,CRISTO NOS VALGA,2018,4641
200804,CRISTO NOS VALGA,2019,4798
200804,CRISTO NOS VALGA,2020,4948
200804,CRISTO NOS VALGA,2021,5082
200804,CRISTO NOS VALGA,2022,5209
200804,CRISTO NOS VALGA,2023,5331
200804,CRISTO NOS VALGA,2024,5453
200804,CRISTO NOS VALGA,2025,5577
200804,CRISTO NOS VALGA,2026,5703
200805,VICE,2017,16276.5389828545
200805,VICE,2018,16763
200805,VICE,2019,17264
200805,VICE,2020,17732
200805,VICE,2021,18154
200805,VICE,2022,18553
200805,VICE,2023,18940
200805,VICE,2024,19325
200805,VICE,2025,19717
200805,VICE,2026,20117
200806,RINCONADA LLICUAR,2017,3051.34937439846
200806,RINCONADA LLICUAR,2018,3084
200806,RINCONADA LLICUAR,2019,3117
200806,RINCONADA LLICUAR,2020,3141
200806,RINCONADA LLICUAR,2021,3166
200806,RINCONADA LLICUAR,2022,3189
200806,RINCONADA LLICUAR,2023,3212
200806,RINCONADA LLICUAR,2024,3235
200806,RINCONADA LLICUAR,2025,3258
200806,RINCONADA LLICUAR,2026,3281
210101,PUNO,2017,139481.256203965
210101,PUNO,2018,141077
210101,PUNO,2019,142691
210101,PUNO,2020,143867
210101,PUNO,2021,143434
210101,PUNO,2022,142897
210101,PUNO,2023,142282
210101,PUNO,2024,141629
210101,PUNO,2025,140967
210101,PUNO,2026,140289
210102,ACORA,2017,24571.2525777517
210102,ACORA,2018,24212
210102,ACORA,2019,23858
210102,ACORA,2020,23439
210102,ACORA,2021,22703
210102,ACORA,2022,21929
210102,ACORA,2023,21138
210102,ACORA,2024,20348
210102,ACORA,2025,19579
210102,ACORA,2026,18830
210103,AMANTANI,2017,3606.89753863766
210103,AMANTANI,2018,3550
210103,AMANTANI,2019,3494
210103,AMANTANI,2020,3430
210103,AMANTANI,2021,3318
210103,AMANTANI,2022,3202
210103,AMANTANI,2023,3083
210103,AMANTANI,2024,2966
210103,AMANTANI,2025,2851
210103,AMANTANI,2026,2740
210104,ATUNCOLLA,2017,4869.31747025673
210104,ATUNCOLLA,2018,4830
210104,ATUNCOLLA,2019,4791
210104,ATUNCOLLA,2020,4739
210104,ATUNCOLLA,2021,4623
210104,ATUNCOLLA,2022,4496
210104,ATUNCOLLA,2023,4364
210104,ATUNCOLLA,2024,4231
210104,ATUNCOLLA,2025,4100
210104,ATUNCOLLA,2026,3972
210105,CAPACHICA,2017,7995.71549409237
210105,CAPACHICA,2018,7717
210105,CAPACHICA,2019,7448
210105,CAPACHICA,2020,7167
210105,CAPACHICA,2021,6801
210105,CAPACHICA,2022,6433
210105,CAPACHICA,2023,6074
210105,CAPACHICA,2024,5727
210105,CAPACHICA,2025,5398
210105,CAPACHICA,2026,5085
210106,CHUCUITO,2017,7493.12108166286
210106,CHUCUITO,2018,7463
210106,CHUCUITO,2019,7433
210106,CHUCUITO,2020,7380
210106,CHUCUITO,2021,7226
210106,CHUCUITO,2022,7055
210106,CHUCUITO,2023,6873
210106,CHUCUITO,2024,6689
210106,CHUCUITO,2025,6506
210106,CHUCUITO,2026,6326
210107,COATA,2017,7003.11285446956
210107,COATA,2018,6975
210107,COATA,2019,6947
210107,COATA,2020,6898
210107,COATA,2021,6754
210107,COATA,2022,6595
210107,COATA,2023,6426
210107,COATA,2024,6253
210107,COATA,2025,6083
210107,COATA,2026,5914
210108,HUATA,2017,3390.58207979071
210108,HUATA,2018,3220
210108,HUATA,2019,3058
210108,HUATA,2020,2904
210108,HUATA,2021,2720
210108,HUATA,2022,2537
210108,HUATA,2023,2357
210108,HUATA,2024,2181
210108,HUATA,2025,2008
210108,HUATA,2026,1840
210109,MAÑAZO,2017,5364.00018649758
210109,MAÑAZO,2018,5363
210109,MAÑAZO,2019,5362
210109,MAÑAZO,2020,5345
210109,MAÑAZO,2021,5254
210109,MAÑAZO,2022,5149
210109,MAÑAZO,2023,5037
210109,MAÑAZO,2024,4921
210109,MAÑAZO,2025,4805
210109,MAÑAZO,2026,4689
210110,PAUCARCOLLA,2017,4475.21776569227
210110,PAUCARCOLLA,2018,4444
210110,PAUCARCOLLA,2019,4413
210110,PAUCARCOLLA,2020,4368
210110,PAUCARCOLLA,2021,4263
210110,PAUCARCOLLA,2022,4149
210110,PAUCARCOLLA,2023,4031
210110,PAUCARCOLLA,2024,3910
210110,PAUCARCOLLA,2025,3792
210110,PAUCARCOLLA,2026,3675
210111,PICHACANI,2017,5916.294
210111,PICHACANI,2018,5958
210111,PICHACANI,2019,6000
210111,PICHACANI,2020,6026
210111,PICHACANI,2021,6018
210111,PICHACANI,2022,6006
210111,PICHACANI,2023,5990
210111,PICHACANI,2024,5972
210111,PICHACANI,2025,5954
210111,PICHACANI,2026,5934
210112,PLATERIA,2017,7548.50107729599
210112,PLATERIA,2018,7487
210112,PLATERIA,2019,7426
210112,PLATERIA,2020,7346
210112,PLATERIA,2021,7165
210112,PLATERIA,2022,6967
210112,PLATERIA,2023,6762
210112,PLATERIA,2024,6553
210112,PLATERIA,2025,6350
210112,PLATERIA,2026,6149
210113,SAN ANTONIO,2017,2662.07286245353
210113,SAN ANTONIO,2018,2676
210113,SAN ANTONIO,2019,2690
210113,SAN ANTONIO,2020,2697
210113,SAN ANTONIO,2021,2665
210113,SAN ANTONIO,2022,2627
210113,SAN ANTONIO,2023,2584
210113,SAN ANTONIO,2024,2538
210113,SAN ANTONIO,2025,2491
210113,SAN ANTONIO,2026,2445
210114,TIQUILLACA,2017,1712.5084643289
210114,TIQUILLACA,2018,1683
210114,TIQUILLACA,2019,1654
210114,TIQUILLACA,2020,1620
210114,TIQUILLACA,2021,1567
210114,TIQUILLACA,2022,1509
210114,TIQUILLACA,2023,1450
210114,TIQUILLACA,2024,1392
210114,TIQUILLACA,2025,1336
210114,TIQUILLACA,2026,1281
210115,VILQUE,2017,3018.00831117021
210115,VILQUE,2018,3013
210115,VILQUE,2019,3008
210115,VILQUE,2020,2993
210115,VILQUE,2021,2937
210115,VILQUE,2022,2874
210115,VILQUE,2023,2806
210115,VILQUE,2024,2736
210115,VILQUE,2025,2667
210115,VILQUE,2026,2599
210201,AZANGARO,2017,30853.6392592357
210201,AZANGARO,2018,31139
210201,AZANGARO,2019,31427
210201,AZANGARO,2020,31615
210201,AZANGARO,2021,31851
210201,AZANGARO,2022,32095
210201,AZANGARO,2023,32345
210201,AZANGARO,2024,32616
210201,AZANGARO,2025,32909
210201,AZANGARO,2026,33228
210202,ACHAYA,2017,3036.34285714286
210202,ACHAYA,2018,2952
210202,ACHAYA,2019,2870
210202,ACHAYA,2020,2782
210202,ACHAYA,2021,2717
210202,ACHAYA,2022,2647
210202,ACHAYA,2023,2576
210202,ACHAYA,2024,2504
210202,ACHAYA,2025,2434
210202,ACHAYA,2026,2365
210203,ARAPA,2017,7449.32432432433
210203,ARAPA,2018,7350
210203,ARAPA,2019,7252
210203,ARAPA,2020,7130
210203,ARAPA,2021,7064
210203,ARAPA,2022,6983
210203,ARAPA,2023,6891
210203,ARAPA,2024,6795
210203,ARAPA,2025,6702
210203,ARAPA,2026,6610
210204,ASILLO,2017,15348.1863988254
210204,ASILLO,2018,15165
210204,ASILLO,2019,14984
210204,ASILLO,2020,14758
210204,ASILLO,2021,14510
210204,ASILLO,2022,14258
210204,ASILLO,2023,14001
210204,ASILLO,2024,13743
210204,ASILLO,2025,13486
210204,ASILLO,2026,13230
210205,CAMINACA,2017,3161.06664478004
210205,CAMINACA,2018,3103
210205,CAMINACA,2019,3046
210205,CAMINACA,2020,2980
210205,CAMINACA,2021,2937
210205,CAMINACA,2022,2888
210205,CAMINACA,2023,2836
210205,CAMINACA,2024,2782
210205,CAMINACA,2025,2730
210205,CAMINACA,2026,2680
210206,CHUPA,2017,7071.2127246236
210206,CHUPA,2018,6609
210206,CHUPA,2019,6177
210206,CHUPA,2020,5756
210206,CHUPA,2021,5409
210206,CHUPA,2022,5054
210206,CHUPA,2023,4692
210206,CHUPA,2024,4324
210206,CHUPA,2025,3948
210206,CHUPA,2026,3565
210207,JOSE DOMINGO CHOQUEHUANCA,2017,4874.18695471541
210207,JOSE DOMINGO CHOQUEHUANCA,2018,4844
210207,JOSE DOMINGO CHOQUEHUANCA,2019,4814
210207,JOSE DOMINGO CHOQUEHUANCA,2020,4767
210207,JOSE DOMINGO CHOQUEHUANCA,2021,4756
210207,JOSE DOMINGO CHOQUEHUANCA,2022,4733
210207,JOSE DOMINGO CHOQUEHUANCA,2023,4705
210207,JOSE DOMINGO CHOQUEHUANCA,2024,4672
210207,JOSE DOMINGO CHOQUEHUANCA,2025,4641
210207,JOSE DOMINGO CHOQUEHUANCA,2026,4608
210208,MUÑANI,2017,7047.38945700706
210208,MUÑANI,2018,6995
210208,MUÑANI,2019,6943
210208,MUÑANI,2020,6867
210208,MUÑANI,2021,6844
210208,MUÑANI,2022,6804
210208,MUÑANI,2023,6754
210208,MUÑANI,2024,6700
210208,MUÑANI,2025,6647
210208,MUÑANI,2026,6595
210209,POTONI,2017,4202.95005230126
210209,POTONI,2018,4009
210209,POTONI,2019,3824
210209,POTONI,2020,3637
210209,POTONI,2021,3471
210209,POTONI,2022,3301
210209,POTONI,2023,3128
210209,POTONI,2024,2952
210209,POTONI,2025,2773
210209,POTONI,2026,2591
210210,SAMAN,2017,10273.8449103045
210210,SAMAN,2018,9925
210210,SAMAN,2019,9588
210210,SAMAN,2020,9231
210210,SAMAN,2021,8875
210210,SAMAN,2022,8511
210210,SAMAN,2023,8140
210210,SAMAN,2024,7763
210210,SAMAN,2025,7381
210210,SAMAN,2026,6993
210211,SAN ANTON,2017,7763.21791283487
210211,SAN ANTON,2018,7632
210211,SAN ANTON,2019,7503
210211,SAN ANTON,2020,7352
210211,SAN ANTON,2021,7258
210211,SAN ANTON,2022,7149
210211,SAN ANTON,2023,7030
210211,SAN ANTON,2024,6909
210211,SAN ANTON,2025,6791
210211,SAN ANTON,2026,6674
210212,SAN JOSE,2017,5170.18225324028
210212,SAN JOSE,2018,5092
210212,SAN JOSE,2019,5015
210212,SAN JOSE,2020,4923
210212,SAN JOSE,2021,4870
210212,SAN JOSE,2022,4805
210212,SAN JOSE,2023,4735
210212,SAN JOSE,2024,4662
210212,SAN JOSE,2025,4590
210212,SAN JOSE,2026,4519
210213,SAN JUAN DE SALINAS,2017,3126.21505739365
210213,SAN JUAN DE SALINAS,2018,3043
210213,SAN JUAN DE SALINAS,2019,2962
210213,SAN JUAN DE SALINAS,2020,2875
210213,SAN JUAN DE SALINAS,2021,2813
210213,SAN JUAN DE SALINAS,2022,2743
210213,SAN JUAN DE SALINAS,2023,2672
210213,SAN JUAN DE SALINAS,2024,2600
210213,SAN JUAN DE SALINAS,2025,2531
210213,SAN JUAN DE SALINAS,2026,2464
210214,SANTIAGO DE PUPUJA,2017,4796.79514415782
210214,SANTIAGO DE PUPUJA,2018,4704
210214,SANTIAGO DE PUPUJA,2019,4613
210214,SANTIAGO DE PUPUJA,2020,4509
210214,SANTIAGO DE PUPUJA,2021,4440
210214,SANTIAGO DE PUPUJA,2022,4361
210214,SANTIAGO DE PUPUJA,2023,4278
210214,SANTIAGO DE PUPUJA,2024,4194
210214,SANTIAGO DE PUPUJA,2025,4111
210214,SANTIAGO DE PUPUJA,2026,4030
210215,TIRAPATA,2017,3011.04048176648
210215,TIRAPATA,2018,3000
210215,TIRAPATA,2019,2989
210215,TIRAPATA,2020,2967
210215,TIRAPATA,2021,2967
210215,TIRAPATA,2022,2961
210215,TIRAPATA,2023,2950
210215,TIRAPATA,2024,2937
210215,TIRAPATA,2025,2924
210215,TIRAPATA,2026,2912
210301,MACUSANI,2017,13663.4915568222
210301,MACUSANI,2018,13848
210301,MACUSANI,2019,14035
210301,MACUSANI,2020,14173
210301,MACUSANI,2021,14357
210301,MACUSANI,2022,14529
210301,MACUSANI,2023,14695
210301,MACUSANI,2024,14863
210301,MACUSANI,2025,15035
210301,MACUSANI,2026,15205
210302,AJOYANI,2017,2353.79311757476
210302,AJOYANI,2018,2397
210302,AJOYANI,2019,2441
210302,AJOYANI,2020,2477
210302,AJOYANI,2021,2522
210302,AJOYANI,2022,2562
210302,AJOYANI,2023,2600
210302,AJOYANI,2024,2635
210302,AJOYANI,2025,2668
210302,AJOYANI,2026,2701
210303,AYAPATA,2017,9548.15800955745
210303,AYAPATA,2018,9587
210303,AYAPATA,2019,9626
210303,AYAPATA,2020,9627
210303,AYAPATA,2021,9591
210303,AYAPATA,2022,9574
210303,AYAPATA,2023,9569
210303,AYAPATA,2024,9564
210303,AYAPATA,2025,9559
210303,AYAPATA,2026,9552
210304,COASA,2017,7092.88431061807
210304,COASA,2018,6690
210304,COASA,2019,6310
210304,COASA,2020,5932
210304,COASA,2021,5573
210304,COASA,2022,5224
210304,COASA,2023,4879
210304,COASA,2024,4635
210304,COASA,2025,4387
210304,COASA,2026,4138
210305,CORANI,2017,4480.73857050869
210305,CORANI,2018,4569
210305,CORANI,2019,4659
210305,CORANI,2020,4735
210305,CORANI,2021,4827
210305,CORANI,2022,4909
210305,CORANI,2023,4983
210305,CORANI,2024,5054
210305,CORANI,2025,5125
210305,CORANI,2026,5195
210306,CRUCERO,2017,9767.46292965627
210306,CRUCERO,2018,9887
210306,CRUCERO,2019,10008
210306,CRUCERO,2020,10095
210306,CRUCERO,2021,10214
210306,CRUCERO,2022,10326
210306,CRUCERO,2023,10437
210306,CRUCERO,2024,10546
210306,CRUCERO,2025,10655
210306,CRUCERO,2026,10762
210307,ITUATA,2017,7968.30960047704
210307,ITUATA,2018,8174
210307,ITUATA,2019,8385
210307,ITUATA,2020,8569
210307,ITUATA,2021,8786
210307,ITUATA,2022,8973
210307,ITUATA,2023,9139
210307,ITUATA,2024,9296
210307,ITUATA,2025,9451
210307,ITUATA,2026,9604
210308,OLLACHEA,2017,6168.75015547264
210308,OLLACHEA,2018,6299
210308,OLLACHEA,2019,6432
210308,OLLACHEA,2020,6544
210308,OLLACHEA,2021,6679
210308,OLLACHEA,2022,6798
210308,OLLACHEA,2023,6907
210308,OLLACHEA,2024,7009
210308,OLLACHEA,2025,7112
210308,OLLACHEA,2026,7214
210309,SAN GABAN,2017,6959.87098024022
210309,SAN GABAN,2018,7341
210309,SAN GABAN,2019,7743
210309,SAN GABAN,2020,8135
210309,SAN GABAN,2021,8564
210309,SAN GABAN,2022,8916
210309,SAN GABAN,2023,9214
210309,SAN GABAN,2024,9385
210309,SAN GABAN,2025,9552
210309,SAN GABAN,2026,9717
210310,USICAYOS,2017,9405.79632551849
210310,USICAYOS,2018,9135
210310,USICAYOS,2019,8872
210310,USICAYOS,2020,8586
210310,USICAYOS,2021,8263
210310,USICAYOS,2022,7955
210310,USICAYOS,2023,7655
210310,USICAYOS,2024,7359
210310,USICAYOS,2025,7060
210310,USICAYOS,2026,6760
210401,JULI,2017,21253.1352459016
210401,JULI,2018,20995
210401,JULI,2019,20740
210401,JULI,2020,20420
210401,JULI,2021,20375
210401,JULI,2022,20291
210401,JULI,2023,20184
210401,JULI,2024,20060
210401,JULI,2025,19931
210401,JULI,2026,19793
210402,DESAGUADERO,2017,14558.602452096
210402,DESAGUADERO,2018,14082
210402,DESAGUADERO,2019,13621
210402,DESAGUADERO,2020,13132
210402,DESAGUADERO,2021,12831
210402,DESAGUADERO,2022,12516
210402,DESAGUADERO,2023,12195
210402,DESAGUADERO,2024,11872
210402,DESAGUADERO,2025,11554
210402,DESAGUADERO,2026,11242
210403,HUACULLANI,2017,9861.69128704113
210403,HUACULLANI,2018,9444
210403,HUACULLANI,2019,9044
210403,HUACULLANI,2020,8634
210403,HUACULLANI,2021,8350
210403,HUACULLANI,2022,8064
210403,HUACULLANI,2023,7779
210403,HUACULLANI,2024,7497
210403,HUACULLANI,2025,7223
210403,HUACULLANI,2026,6957
210404,KELLUYO,2017,8204.90681003584
210404,KELLUYO,2018,7565
210404,KELLUYO,2019,6975
210404,KELLUYO,2020,6411
210404,KELLUYO,2021,5973
210404,KELLUYO,2022,5557
210404,KELLUYO,2023,5163
210404,KELLUYO,2024,4798
210404,KELLUYO,2025,4458
210404,KELLUYO,2026,4140
210405,PISACOMA,2017,8956.80342693955
210405,PISACOMA,2018,8676
210405,PISACOMA,2019,8404
210405,PISACOMA,2020,8114
210405,PISACOMA,2021,7939
210405,PISACOMA,2022,7756
210405,PISACOMA,2023,7567
210405,PISACOMA,2024,7377
210405,PISACOMA,2025,7190
210405,PISACOMA,2026,7007
210406,POMATA,2017,14865.206720693
210406,POMATA,2018,14587
210406,POMATA,2019,14314
210406,POMATA,2020,13999
210406,POMATA,2021,13874
210406,POMATA,2022,13729
210406,POMATA,2023,13568
210406,POMATA,2024,13400
210406,POMATA,2025,13228
210406,POMATA,2026,13054
210407,ZEPITA,2017,18015.9397528905
210407,ZEPITA,2018,17829
210407,ZEPITA,2019,17644
210407,ZEPITA,2020,17402
210407,ZEPITA,2021,17392
210407,ZEPITA,2022,17352
210407,ZEPITA,2023,17291
210407,ZEPITA,2024,17215
210407,ZEPITA,2025,17133
210407,ZEPITA,2026,17044
210501,ILAVE,2017,49950.5886379331
210501,ILAVE,2018,49591
210501,ILAVE,2019,49234
210501,ILAVE,2020,48729
210501,ILAVE,2021,48331
210501,ILAVE,2022,47866
210501,ILAVE,2023,47358
210501,ILAVE,2024,46825
210501,ILAVE,2025,46289
210501,ILAVE,2026,45751
210502,CAPAZO,2017,1243.7578125
210502,CAPAZO,2018,1197
210502,CAPAZO,2019,1152
210502,CAPAZO,2020,1107
210502,CAPAZO,2021,1066
210502,CAPAZO,2022,1025
210502,CAPAZO,2023,985
210502,CAPAZO,2024,946
210502,CAPAZO,2025,909
210502,CAPAZO,2026,873
210503,PILCUYO,2017,11503.3765259065
210503,PILCUYO,2018,11279
210503,PILCUYO,2019,11059
210503,PILCUYO,2020,10812
210503,PILCUYO,2021,10595
210503,PILCUYO,2022,10369
210503,PILCUYO,2023,10136
210503,PILCUYO,2024,9905
210503,PILCUYO,2025,9679
210503,PILCUYO,2026,9457
210504,SANTA ROSA,2017,3808.91705744431
210504,SANTA ROSA,2018,3605
210504,SANTA ROSA,2019,3412
210504,SANTA ROSA,2020,3220
210504,SANTA ROSA,2021,3048
210504,SANTA ROSA,2022,2882
210504,SANTA ROSA,2023,2723
210504,SANTA ROSA,2024,2573
210504,SANTA ROSA,2025,2432
210504,SANTA ROSA,2026,2297
210505,CONDURIRI,2017,2766.03708086785
210505,CONDURIRI,2018,2648
210505,CONDURIRI,2019,2535
210505,CONDURIRI,2020,2419
210505,CONDURIRI,2021,2315
210505,CONDURIRI,2022,2212
210505,CONDURIRI,2023,2111
210505,CONDURIRI,2024,2013
210505,CONDURIRI,2025,1920
210505,CONDURIRI,2026,1832
210601,HUANCANE,2017,19460.7367079388
210601,HUANCANE,2018,19341
210601,HUANCANE,2019,19222
210601,HUANCANE,2020,19050
210601,HUANCANE,2021,18895
210601,HUANCANE,2022,18718
210601,HUANCANE,2023,18527
210601,HUANCANE,2024,18328
210601,HUANCANE,2025,18129
210601,HUANCANE,2026,17932
210602,COJATA,2017,4075.08942283874
210602,COJATA,2018,4056
210602,COJATA,2019,4037
210602,COJATA,2020,4007
210602,COJATA,2021,3982
210602,COJATA,2022,3951
210602,COJATA,2023,3916
210602,COJATA,2024,3881
210602,COJATA,2025,3845
210602,COJATA,2026,3811
210603,HUATASANI,2017,3346.35574229692
210603,HUATASANI,2018,3279
210603,HUATASANI,2019,3213
210603,HUATASANI,2020,3140
210603,HUATASANI,2021,3071
210603,HUATASANI,2022,3000
210603,HUATASANI,2023,2927
210603,HUATASANI,2024,2855
210603,HUATASANI,2025,2785
210603,HUATASANI,2026,2716
210604,INCHUPALLA,2017,2795.48763118441
210604,INCHUPALLA,2018,2731
210604,INCHUPALLA,2019,2668
210604,INCHUPALLA,2020,2598
210604,INCHUPALLA,2021,2533
210604,INCHUPALLA,2022,2466
210604,INCHUPALLA,2023,2398
210604,INCHUPALLA,2024,2331
210604,INCHUPALLA,2025,2266
210604,INCHUPALLA,2026,2203
210605,PUSI,2017,5388.6629494328
210605,PUSI,2018,5294
210605,PUSI,2019,5201
210605,PUSI,2020,5097
210605,PUSI,2021,4998
210605,PUSI,2022,4895
210605,PUSI,2023,4790
210605,PUSI,2024,4686
210605,PUSI,2025,4583
210605,PUSI,2026,4482
210606,ROSASPATA,2017,4357.50638400385
210606,ROSASPATA,2018,4253
210606,ROSASPATA,2019,4151
210606,ROSASPATA,2020,4039
210606,ROSASPATA,2021,3934
210606,ROSASPATA,2022,3825
210606,ROSASPATA,2023,3717
210606,ROSASPATA,2024,3610
210606,ROSASPATA,2025,3507
210606,ROSASPATA,2026,3405
210607,TARACO,2017,13752.246699912
210607,TARACO,2018,13694
210607,TARACO,2019,13636
210607,TARACO,2020,13536
210607,TARACO,2021,13451
210607,TARACO,2022,13349
210607,TARACO,2023,13235
210607,TARACO,2024,13115
210607,TARACO,2025,12998
210607,TARACO,2026,12879
210608,VILQUE CHICO,2017,7903.21175238843
210608,VILQUE CHICO,2018,7771
210608,VILQUE CHICO,2019,7641
210608,VILQUE CHICO,2020,7490
210608,VILQUE CHICO,2021,7349
210608,VILQUE CHICO,2022,7202
210608,VILQUE CHICO,2023,7052
210608,VILQUE CHICO,2024,6901
210608,VILQUE CHICO,2025,6754
210608,VILQUE CHICO,2026,6609
210701,LAMPA,2017,11718.0980824707
210701,LAMPA,2018,11752
210701,LAMPA,2019,11786
210701,LAMPA,2020,11783
210701,LAMPA,2021,11749
210701,LAMPA,2022,11708
210701,LAMPA,2023,11661
210701,LAMPA,2024,11610
210701,LAMPA,2025,11560
210701,LAMPA,2026,11507
210702,CABANILLA,2017,5879.1723035504
210702,CABANILLA,2018,5911
210702,CABANILLA,2019,5943
210702,CABANILLA,2020,5955
210702,CABANILLA,2021,5977
210702,CABANILLA,2022,5992
210702,CABANILLA,2023,6004
210702,CABANILLA,2024,6014
210702,CABANILLA,2025,6023
210702,CABANILLA,2026,6032
210703,CALAPUJA,2017,1693.30419781484
210703,CALAPUJA,2018,1716
210703,CALAPUJA,2019,1739
210703,CALAPUJA,2020,1755
210703,CALAPUJA,2021,1776
210703,CALAPUJA,2022,1797
210703,CALAPUJA,2023,1817
210703,CALAPUJA,2024,1838
210703,CALAPUJA,2025,1858
210703,CALAPUJA,2026,1877
210704,NICASIO,2017,2501.25499796002
210704,NICASIO,2018,2476
210704,NICASIO,2019,2451
210704,NICASIO,2020,2419
210704,NICASIO,2021,2365
210704,NICASIO,2022,2306
210704,NICASIO,2023,2245
210704,NICASIO,2024,2183
210704,NICASIO,2025,2123
210704,NICASIO,2026,2064
210705,OCUVIRI,2017,2446.18344425957
210705,OCUVIRI,2018,2425
210705,OCUVIRI,2019,2404
210705,OCUVIRI,2020,2376
210705,OCUVIRI,2021,2328
210705,OCUVIRI,2022,2276
210705,OCUVIRI,2023,2222
210705,OCUVIRI,2024,2166
210705,OCUVIRI,2025,2112
210705,OCUVIRI,2026,2060
210706,PALCA,2017,1977.71491712707
210706,PALCA,2018,1892
210706,PALCA,2019,1810
210706,PALCA,2020,1725
210706,PALCA,2021,1635
210706,PALCA,2022,1545
210706,PALCA,2023,1455
210706,PALCA,2024,1365
210706,PALCA,2025,1276
210706,PALCA,2026,1189
210707,PARATIA,2017,2989.24568642161
210707,PARATIA,2018,2823
210707,PARATIA,2019,2666
210707,PARATIA,2020,2510
210707,PARATIA,2021,2358
210707,PARATIA,2022,2205
210707,PARATIA,2023,2052
210707,PARATIA,2024,1901
210707,PARATIA,2025,1752
210707,PARATIA,2026,1605
210708,PUCARA,2017,5595.36784741145
210708,PUCARA,2018,5550
210708,PUCARA,2019,5505
210708,PUCARA,2020,5442
210708,PUCARA,2021,5336
210708,PUCARA,2022,5219
210708,PUCARA,2023,5098
210708,PUCARA,2024,4975
210708,PUCARA,2025,4855
210708,PUCARA,2026,4738
210709,SANTA LUCIA,2017,7520.03860539674
210709,SANTA LUCIA,2018,7503
210709,SANTA LUCIA,2019,7486
210709,SANTA LUCIA,2020,7445
210709,SANTA LUCIA,2021,7367
210709,SANTA LUCIA,2022,7279
210709,SANTA LUCIA,2023,7185
210709,SANTA LUCIA,2024,7090
210709,SANTA LUCIA,2025,6997
210709,SANTA LUCIA,2026,6906
210710,VILAVILA,2017,1345.83416252073
210710,VILAVILA,2018,1274
210710,VILAVILA,2019,1206
210710,VILAVILA,2020,1139
210710,VILAVILA,2021,1080
210710,VILAVILA,2022,1021
210710,VILAVILA,2023,961
210710,VILAVILA,2024,902
210710,VILAVILA,2025,844
210710,VILAVILA,2026,786
210801,AYAVIRI,2017,25131.2713552202
210801,AYAVIRI,2018,25418
210801,AYAVIRI,2019,25708
210801,AYAVIRI,2020,25921
210801,AYAVIRI,2021,26084
210801,AYAVIRI,2022,26215
210801,AYAVIRI,2023,26329
210801,AYAVIRI,2024,26440
210801,AYAVIRI,2025,26562
210801,AYAVIRI,2026,26700
210802,ANTAUTA,2017,5560.01138154439
210802,ANTAUTA,2018,5635
210802,ANTAUTA,2019,5711
210802,ANTAUTA,2020,5770
210802,ANTAUTA,2021,5818
210802,ANTAUTA,2022,5859
210802,ANTAUTA,2023,5897
210802,ANTAUTA,2024,5934
210802,ANTAUTA,2025,5974
210802,ANTAUTA,2026,6019
210803,CUPI,2017,2145.62518089725
210803,CUPI,2018,2109
210803,CUPI,2019,2073
210803,CUPI,2020,2031
210803,CUPI,2021,1985
210803,CUPI,2022,1936
210803,CUPI,2023,1886
210803,CUPI,2024,1833
210803,CUPI,2025,1780
210803,CUPI,2026,1726
210804,LLALLI,2017,2791.10582822086
210804,LLALLI,2018,2698
210804,LLALLI,2019,2608
210804,LLALLI,2020,2513
210804,LLALLI,2021,2416
210804,LLALLI,2022,2317
210804,LLALLI,2023,2217
210804,LLALLI,2024,2118
210804,LLALLI,2025,2019
210804,LLALLI,2026,1918
210805,MACARI,2017,7420.25211344423
210805,MACARI,2018,7377
210805,MACARI,2019,7334
210805,MACARI,2020,7268
210805,MACARI,2021,7186
210805,MACARI,2022,7094
210805,MACARI,2023,6993
210805,MACARI,2024,6888
210805,MACARI,2025,6780
210805,MACARI,2026,6668
210806,NUÑOA,2017,8952.94546090199
210806,NUÑOA,2018,8765
210806,NUÑOA,2019,8581
210806,NUÑOA,2020,8374
210806,NUÑOA,2021,8152
210806,NUÑOA,2022,7921
210806,NUÑOA,2023,7683
210806,NUÑOA,2024,7439
210806,NUÑOA,2025,7192
210806,NUÑOA,2026,6940
210807,ORURILLO,2017,8180.78164313222
210807,ORURILLO,2018,7983
210807,ORURILLO,2019,7790
210807,ORURILLO,2020,7579
210807,ORURILLO,2021,7358
210807,ORURILLO,2022,7130
210807,ORURILLO,2023,6899
210807,ORURILLO,2024,6665
210807,ORURILLO,2025,6431
210807,ORURILLO,2026,6194
210808,SANTA ROSA,2017,6482.213639201
210808,SANTA ROSA,2018,6445
210808,SANTA ROSA,2019,6408
210808,SANTA ROSA,2020,6353
210808,SANTA ROSA,2021,6287
210808,SANTA ROSA,2022,6213
210808,SANTA ROSA,2023,6134
210808,SANTA ROSA,2024,6053
210808,SANTA ROSA,2025,5972
210808,SANTA ROSA,2026,5892
210809,UMACHIRI,2017,3930.03686635945
210809,UMACHIRI,2018,3918
210809,UMACHIRI,2019,3906
210809,UMACHIRI,2020,3884
210809,UMACHIRI,2021,3856
210809,UMACHIRI,2022,3825
210809,UMACHIRI,2023,3791
210809,UMACHIRI,2024,3758
210809,UMACHIRI,2025,3727
210809,UMACHIRI,2026,3697
210901,MOHO,2017,12125.3510675843
210901,MOHO,2018,11723
210901,MOHO,2019,11334
210901,MOHO,2020,10927
210901,MOHO,2021,10662
210901,MOHO,2022,10383
210901,MOHO,2023,10100
210901,MOHO,2024,9818
210901,MOHO,2025,9538
210901,MOHO,2026,9266
210902,CONIMA,2017,3319.06840985102
210902,CONIMA,2018,3304
210902,CONIMA,2019,3289
210902,CONIMA,2020,3263
210902,CONIMA,2021,3252
210902,CONIMA,2022,3242
210902,CONIMA,2023,3231
210902,CONIMA,2024,3220
210902,CONIMA,2025,3208
210902,CONIMA,2026,3196
210903,HUAYRAPATA,2017,2804.0898226677
210903,HUAYRAPATA,2018,2697
210903,HUAYRAPATA,2019,2594
210903,HUAYRAPATA,2020,2488
210903,HUAYRAPATA,2021,2415
210903,HUAYRAPATA,2022,2341
210903,HUAYRAPATA,2023,2266
210903,HUAYRAPATA,2024,2191
210903,HUAYRAPATA,2025,2118
210903,HUAYRAPATA,2026,2048
210904,TILALI,2017,2635.56428292302
210904,TILALI,2018,2597
210904,TILALI,2019,2559
210904,TILALI,2020,2512
210904,TILALI,2021,2497
210904,TILALI,2022,2479
210904,TILALI,2023,2456
210904,TILALI,2024,2432
210904,TILALI,2025,2409
210904,TILALI,2026,2383
211001,PUTINA,2017,15295.5367160855
211001,PUTINA,2018,14824
211001,PUTINA,2019,14367
211001,PUTINA,2020,13882
211001,PUTINA,2021,13547
211001,PUTINA,2022,13197
211001,PUTINA,2023,12840
211001,PUTINA,2024,12483
211001,PUTINA,2025,12133
211001,PUTINA,2026,11788
211002,ANANEA,2017,13281.1331519499
211002,ANANEA,2018,12692
211002,ANANEA,2019,12129
211002,ANANEA,2020,11551
211002,ANANEA,2021,11145
211002,ANANEA,2022,10722
211002,ANANEA,2023,10289
211002,ANANEA,2024,9857
211002,ANANEA,2025,9432
211002,ANANEA,2026,9014
211003,PEDRO VILCA APAZA,2017,2047.89862455425
211003,PEDRO VILCA APAZA,2018,2005
211003,PEDRO VILCA APAZA,2019,1963
211003,PEDRO VILCA APAZA,2020,1916
211003,PEDRO VILCA APAZA,2021,1884
211003,PEDRO VILCA APAZA,2022,1852
211003,PEDRO VILCA APAZA,2023,1818
211003,PEDRO VILCA APAZA,2024,1784
211003,PEDRO VILCA APAZA,2025,1751
211003,PEDRO VILCA APAZA,2026,1718
211004,QUILCAPUNCU,2017,5462.19699710564
211004,QUILCAPUNCU,2018,5495
211004,QUILCAPUNCU,2019,5528
211004,QUILCAPUNCU,2020,5541
211004,QUILCAPUNCU,2021,5557
211004,QUILCAPUNCU,2022,5574
211004,QUILCAPUNCU,2023,5592
211004,QUILCAPUNCU,2024,5609
211004,QUILCAPUNCU,2025,5626
211004,QUILCAPUNCU,2026,5643
211005,SINA,2017,1750.59966960352
211005,SINA,2018,1783
211005,SINA,2019,1816
211005,SINA,2020,1844
211005,SINA,2021,1867
211005,SINA,2022,1888
211005,SINA,2023,1911
211005,SINA,2024,1935
211005,SINA,2025,1957
211005,SINA,2026,1980
211101,JULIACA,2017,234423.526035551
211101,JULIACA,2018,240615
211101,JULIACA,2019,246970
211101,JULIACA,2020,252671
211101,JULIACA,2021,256093
211101,JULIACA,2022,258728
211101,JULIACA,2023,260785
211101,JULIACA,2024,262477
211101,JULIACA,2025,264040
211101,JULIACA,2026,265445
211102,CABANA,2017,5217.77457501848
211102,CABANA,2018,5314
211102,CABANA,2019,5412
211102,CABANA,2020,5495
211102,CABANA,2021,5547
211102,CABANA,2022,5587
211102,CABANA,2023,5618
211102,CABANA,2024,5644
211102,CABANA,2025,5668
211102,CABANA,2026,5690
211103,CABANILLAS,2017,4698.45940078159
211103,CABANILLAS,2018,4652
211103,CABANILLAS,2019,4606
211103,CABANILLAS,2020,4546
211103,CABANILLAS,2021,4412
211103,CABANILLAS,2022,4279
211103,CABANILLAS,2023,4145
211103,CABANILLAS,2024,4011
211103,CABANILLAS,2025,3877
211103,CABANILLAS,2026,3743
211104,CARACOTO,2017,7122.18727963114
211104,CARACOTO,2018,7247
211104,CARACOTO,2019,7374
211104,CARACOTO,2020,7479
211104,CARACOTO,2021,7545
211104,CARACOTO,2022,7597
211104,CARACOTO,2023,7637
211104,CARACOTO,2024,7671
211104,CARACOTO,2025,7702
211104,CARACOTO,2026,7730
211105,SAN MIGUEL,2017,64747.5517922943
211105,SAN MIGUEL,2018,67721
211105,SAN MIGUEL,2019,70831
211105,SAN MIGUEL,2020,73839
211105,SAN MIGUEL,2021,75559
211105,SAN MIGUEL,2022,76879
211105,SAN MIGUEL,2023,77905
211105,SAN MIGUEL,2024,78746
211105,SAN MIGUEL,2025,79521
211105,SAN MIGUEL,2026,80216
211201,SANDIA,2017,11506.0055700609
211201,SANDIA,2018,11498
211201,SANDIA,2019,11490
211201,SANDIA,2020,11446
211201,SANDIA,2021,11374
211201,SANDIA,2022,11289
211201,SANDIA,2023,11199
211201,SANDIA,2024,11105
211201,SANDIA,2025,11013
211201,SANDIA,2026,10922
211202,CUYOCUYO,2017,5602.05127750178
211202,CUYOCUYO,2018,5619
211202,CUYOCUYO,2019,5636
211202,CUYOCUYO,2020,5633
211202,CUYOCUYO,2021,5623
211202,CUYOCUYO,2022,5611
211202,CUYOCUYO,2023,5597
211202,CUYOCUYO,2024,5581
211202,CUYOCUYO,2025,5566
211202,CUYOCUYO,2026,5551
211203,LIMBANI,2017,3397.45827056342
211203,LIMBANI,2018,3358
211203,LIMBANI,2019,3319
211203,LIMBANI,2020,3269
211203,LIMBANI,2021,3199
211203,LIMBANI,2022,3122
211203,LIMBANI,2023,3039
211203,LIMBANI,2024,2955
211203,LIMBANI,2025,2872
211203,LIMBANI,2026,2790
211204,PATAMBUCO,2017,4252.01510859301
211204,PATAMBUCO,2018,4244
211204,PATAMBUCO,2019,4236
211204,PATAMBUCO,2020,4212
211204,PATAMBUCO,2021,4177
211204,PATAMBUCO,2022,4136
211204,PATAMBUCO,2023,4093
211204,PATAMBUCO,2024,4049
211204,PATAMBUCO,2025,4005
211204,PATAMBUCO,2026,3962
211205,PHARA,2017,5852.81900676456
211205,PHARA,2018,5956
211205,PHARA,2019,6061
211205,PHARA,2020,6145
211205,PHARA,2021,6220
211205,PHARA,2022,6290
211205,PHARA,2023,6357
211205,PHARA,2024,6421
211205,PHARA,2025,6485
211205,PHARA,2026,6548
211206,QUIACA,2017,2304.00692041523
211206,QUIACA,2018,2308
211206,QUIACA,2019,2312
211206,QUIACA,2020,2308
211206,QUIACA,2021,2300
211206,QUIACA,2022,2291
211206,QUIACA,2023,2281
211206,QUIACA,2024,2270
211206,QUIACA,2025,2259
211206,QUIACA,2026,2249
211207,SAN JUAN DEL ORO,2017,4224.99604854643
211207,SAN JUAN DEL ORO,2018,3869
211207,SAN JUAN DEL ORO,2019,3543
211207,SAN JUAN DEL ORO,2020,3235
211207,SAN JUAN DEL ORO,2021,3022
211207,SAN JUAN DEL ORO,2022,2808
211207,SAN JUAN DEL ORO,2023,2595
211207,SAN JUAN DEL ORO,2024,2383
211207,SAN JUAN DEL ORO,2025,2173
211207,SAN JUAN DEL ORO,2026,1965
211208,YANAHUAYA,2017,2197.20464037123
211208,YANAHUAYA,2018,2176
211208,YANAHUAYA,2019,2155
211208,YANAHUAYA,2020,2127
211208,YANAHUAYA,2021,2089
211208,YANAHUAYA,2022,2045
211208,YANAHUAYA,2023,1996
211208,YANAHUAYA,2024,1949
211208,YANAHUAYA,2025,1902
211208,YANAHUAYA,2026,1855
211209,ALTO INAMBARI,2017,7543.02248237329
211209,ALTO INAMBARI,2018,7530
211209,ALTO INAMBARI,2019,7517
211209,ALTO INAMBARI,2020,7480
211209,ALTO INAMBARI,2021,7422
211209,ALTO INAMBARI,2022,7356
211209,ALTO INAMBARI,2023,7284
211209,ALTO INAMBARI,2024,7210
211209,ALTO INAMBARI,2025,7138
211209,ALTO INAMBARI,2026,7067
211210,SAN PEDRO DE PUTINA PUNCO,2017,10382.1401125558
211210,SAN PEDRO DE PUTINA PUNCO,2018,10344
211210,SAN PEDRO DE PUTINA PUNCO,2019,10306
211210,SAN PEDRO DE PUTINA PUNCO,2020,10233
211210,SAN PEDRO DE PUTINA PUNCO,2021,10126
211210,SAN PEDRO DE PUTINA PUNCO,2022,10004
211210,SAN PEDRO DE PUTINA PUNCO,2023,9873
211210,SAN PEDRO DE PUTINA PUNCO,2024,9739
211210,SAN PEDRO DE PUTINA PUNCO,2025,9608
211210,SAN PEDRO DE PUTINA PUNCO,2026,9478
211301,YUNGUYO,2017,25738.2967924003
211301,YUNGUYO,2018,25447
211301,YUNGUYO,2019,25159
211301,YUNGUYO,2020,24795
211301,YUNGUYO,2021,24651
211301,YUNGUYO,2022,24474
211301,YUNGUYO,2023,24268
211301,YUNGUYO,2024,24046
211301,YUNGUYO,2025,23823
211301,YUNGUYO,2026,23593
211302,ANAPIA,2017,1865.85114717403
211302,ANAPIA,2018,1826
211302,ANAPIA,2019,1787
211302,ANAPIA,2020,1743
211302,ANAPIA,2021,1717
211302,ANAPIA,2022,1687
211302,ANAPIA,2023,1657
211302,ANAPIA,2024,1627
211302,ANAPIA,2025,1596
211302,ANAPIA,2026,1567
211303,COPANI,2017,5061.28966900702
211303,COPANI,2018,5023
211303,COPANI,2019,4985
211303,COPANI,2020,4930
211303,COPANI,2021,4922
211303,COPANI,2022,4904
211303,COPANI,2023,4883
211303,COPANI,2024,4859
211303,COPANI,2025,4834
211303,COPANI,2026,4809
211304,CUTURAPI,2017,1404.26427525622
211304,CUTURAPI,2018,1385
211304,CUTURAPI,2019,1366
211304,CUTURAPI,2020,1344
211304,CUTURAPI,2021,1335
211304,CUTURAPI,2022,1323
211304,CUTURAPI,2023,1310
211304,CUTURAPI,2024,1297
211304,CUTURAPI,2025,1283
211304,CUTURAPI,2026,1271
211305,OLLARAYA,2017,2974.1405904059
211305,OLLARAYA,2018,2839
211305,OLLARAYA,2019,2710
211305,OLLARAYA,2020,2579
211305,OLLARAYA,2021,2476
211305,OLLARAYA,2022,2373
211305,OLLARAYA,2023,2272
211305,OLLARAYA,2024,2176
211305,OLLARAYA,2025,2082
211305,OLLARAYA,2026,1993
211306,TINICACHI,2017,998.744820065431
211306,TINICACHI,2018,957
211306,TINICACHI,2019,917
211306,TINICACHI,2020,876
211306,TINICACHI,2021,846
211306,TINICACHI,2022,815
211306,TINICACHI,2023,784
211306,TINICACHI,2024,754
211306,TINICACHI,2025,725
211306,TINICACHI,2026,697
211307,UNICACHI,2017,1157.04458598726
211307,UNICACHI,2018,1044
211307,UNICACHI,2019,942
211307,UNICACHI,2020,849
211307,UNICACHI,2021,775
211307,UNICACHI,2022,710
211307,UNICACHI,2023,651
211307,UNICACHI,2024,598
211307,UNICACHI,2025,553
211307,UNICACHI,2026,511
220101,MOYOBAMBA,2017,79778.2390490655
220101,MOYOBAMBA,2018,81678
220101,MOYOBAMBA,2019,83623
220101,MOYOBAMBA,2020,85365
220101,MOYOBAMBA,2021,86774
220101,MOYOBAMBA,2022,88059
220101,MOYOBAMBA,2023,89255
220101,MOYOBAMBA,2024,90399
220101,MOYOBAMBA,2025,91526
220101,MOYOBAMBA,2026,92634
220102,CALZADA,2017,4578.22139987312
220102,CALZADA,2018,4653
220102,CALZADA,2019,4729
220102,CALZADA,2020,4792
220102,CALZADA,2021,4848
220102,CALZADA,2022,4889
220102,CALZADA,2023,4919
220102,CALZADA,2024,4943
220102,CALZADA,2025,4964
220102,CALZADA,2026,4984
220103,HABANA,2017,1681
220103,HABANA,2018,1681
220103,HABANA,2019,1681
220103,HABANA,2020,1677
220103,HABANA,2021,1673
220103,HABANA,2022,1664
220103,HABANA,2023,1655
220103,HABANA,2024,1645
220103,HABANA,2025,1635
220103,HABANA,2026,1623
220104,JEPELACIO,2017,16462.3550262914
220104,JEPELACIO,2018,16313
220104,JEPELACIO,2019,16165
220104,JEPELACIO,2020,15972
220104,JEPELACIO,2021,15771
220104,JEPELACIO,2022,15547
220104,JEPELACIO,2023,15308
220104,JEPELACIO,2024,15060
220104,JEPELACIO,2025,14811
220104,JEPELACIO,2026,14561
220105,SORITOR,2017,22897.0272366758
220105,SORITOR,2018,22922
220105,SORITOR,2019,22947
220105,SORITOR,2020,22909
220105,SORITOR,2021,22876
220105,SORITOR,2022,22810
220105,SORITOR,2023,22721
220105,SORITOR,2024,22619
220105,SORITOR,2025,22515
220105,SORITOR,2026,22407
220106,YANTALO,2017,2867.12426850258
220106,YANTALO,2018,2886
220106,YANTALO,2019,2905
220106,YANTALO,2020,2916
220106,YANTALO,2021,2931
220106,YANTALO,2022,2942
220106,YANTALO,2023,2949
220106,YANTALO,2024,2955
220106,YANTALO,2025,2961
220106,YANTALO,2026,2966
220201,BELLAVISTA,2017,17403.9005152379
220201,BELLAVISTA,2018,17819
220201,BELLAVISTA,2019,18244
220201,BELLAVISTA,2020,18627
220201,BELLAVISTA,2021,18949
220201,BELLAVISTA,2022,19240
220201,BELLAVISTA,2023,19507
220201,BELLAVISTA,2024,19763
220201,BELLAVISTA,2025,20018
220201,BELLAVISTA,2026,20270
220202,ALTO BIAVO,2017,8525.49269717624
220202,ALTO BIAVO,2018,8877
220202,ALTO BIAVO,2019,9243
220202,ALTO BIAVO,2020,9595
220202,ALTO BIAVO,2021,9880
220202,ALTO BIAVO,2022,10136
220202,ALTO BIAVO,2023,10372
220202,ALTO BIAVO,2024,10596
220202,ALTO BIAVO,2025,10818
220202,ALTO BIAVO,2026,11038
220203,BAJO BIAVO,2017,14134.8072754369
220203,BAJO BIAVO,2018,14445
220203,BAJO BIAVO,2019,14762
220203,BAJO BIAVO,2020,15041
220203,BAJO BIAVO,2021,15279
220203,BAJO BIAVO,2022,15494
220203,BAJO BIAVO,2023,15691
220203,BAJO BIAVO,2024,15881
220203,BAJO BIAVO,2025,16068
220203,BAJO BIAVO,2026,16253
220204,HUALLAGA,2017,2741
220204,HUALLAGA,2018,2741
220204,HUALLAGA,2019,2741
220204,HUALLAGA,2020,2735
220204,HUALLAGA,2021,2734
220204,HUALLAGA,2022,2733
220204,HUALLAGA,2023,2732
220204,HUALLAGA,2024,2730
220204,HUALLAGA,2025,2728
220204,HUALLAGA,2026,2726
220205,SAN PABLO,2017,8676.00184586987
220205,SAN PABLO,2018,8672
220205,SAN PABLO,2019,8668
220205,SAN PABLO,2020,8638
220205,SAN PABLO,2021,8627
220205,SAN PABLO,2022,8617
220205,SAN PABLO,2023,8609
220205,SAN PABLO,2024,8602
220205,SAN PABLO,2025,8595
220205,SAN PABLO,2026,8587
220206,SAN RAFAEL,2017,6079.68046384281
220206,SAN RAFAEL,2018,6144
220206,SAN RAFAEL,2019,6209
220206,SAN RAFAEL,2020,6257
220206,SAN RAFAEL,2021,6303
220206,SAN RAFAEL,2022,6344
220206,SAN RAFAEL,2023,6383
220206,SAN RAFAEL,2024,6420
220206,SAN RAFAEL,2025,6457
220206,SAN RAFAEL,2026,6493
220301,SAN JOSE DE SISA,2017,15924.3939030245
220301,SAN JOSE DE SISA,2018,16290
220301,SAN JOSE DE SISA,2019,16664
220301,SAN JOSE DE SISA,2020,16998
220301,SAN JOSE DE SISA,2021,17282
220301,SAN JOSE DE SISA,2022,17540
220301,SAN JOSE DE SISA,2023,17781
220301,SAN JOSE DE SISA,2024,18011
220301,SAN JOSE DE SISA,2025,18239
220301,SAN JOSE DE SISA,2026,18467
220302,AGUA BLANCA,2017,2391.02694736842
220302,AGUA BLANCA,2018,2383
220302,AGUA BLANCA,2019,2375
220302,AGUA BLANCA,2020,2359
220302,AGUA BLANCA,2021,2350
220302,AGUA BLANCA,2022,2342
220302,AGUA BLANCA,2023,2335
220302,AGUA BLANCA,2024,2328
220302,AGUA BLANCA,2025,2322
220302,AGUA BLANCA,2026,2315
220303,SAN MARTIN,2017,12016.8536470588
220303,SAN MARTIN,2018,12378
220303,SAN MARTIN,2019,12750
220303,SAN MARTIN,2020,13096
220303,SAN MARTIN,2021,13384
220303,SAN MARTIN,2022,13645
220303,SAN MARTIN,2023,13885
220303,SAN MARTIN,2024,14118
220303,SAN MARTIN,2025,14349
220303,SAN MARTIN,2026,14577
220304,SANTA ROSA,2017,6915.57425191371
220304,SANTA ROSA,2018,7049
220304,SANTA ROSA,2019,7185
220304,SANTA ROSA,2020,7305
220304,SANTA ROSA,2021,7409
220304,SANTA ROSA,2022,7502
220304,SANTA ROSA,2023,7589
220304,SANTA ROSA,2024,7673
220304,SANTA ROSA,2025,7756
220304,SANTA ROSA,2026,7839
220305,SHATOJA,2017,3052.13528855251
220305,SHATOJA,2018,3111
220305,SHATOJA,2019,3171
220305,SHATOJA,2020,3225
220305,SHATOJA,2021,3271
220305,SHATOJA,2022,3313
220305,SHATOJA,2023,3352
220305,SHATOJA,2024,3388
220305,SHATOJA,2025,3426
220305,SHATOJA,2026,3463
220401,SAPOSOA,2017,14075.5285567364
220401,SAPOSOA,2018,14328
220401,SAPOSOA,2019,14585
220401,SAPOSOA,2020,14798
220401,SAPOSOA,2021,15009
220401,SAPOSOA,2022,15204
220401,SAPOSOA,2023,15388
220401,SAPOSOA,2024,15567
220401,SAPOSOA,2025,15747
220401,SAPOSOA,2026,15922
220402,ALTO SAPOSOA,2017,4560.94233032562
220402,ALTO SAPOSOA,2018,4822
220402,ALTO SAPOSOA,2019,5098
220402,ALTO SAPOSOA,2020,5374
220402,ALTO SAPOSOA,2021,5601
220402,ALTO SAPOSOA,2022,5805
220402,ALTO SAPOSOA,2023,5996
220402,ALTO SAPOSOA,2024,6178
220402,ALTO SAPOSOA,2025,6359
220402,ALTO SAPOSOA,2026,6538
220403,EL ESLABON,2017,2160.42174549
220403,EL ESLABON,2018,2105
220403,EL ESLABON,2019,2051
220403,EL ESLABON,2020,1992
220403,EL ESLABON,2021,1931
220403,EL ESLABON,2022,1871
220403,EL ESLABON,2023,1811
220403,EL ESLABON,2024,1751
220403,EL ESLABON,2025,1690
220403,EL ESLABON,2026,1629
220404,PISCOYACU,2017,4403.57220177528
220404,PISCOYACU,2018,4510
220404,PISCOYACU,2019,4619
220404,PISCOYACU,2020,4716
220404,PISCOYACU,2021,4806
220404,PISCOYACU,2022,4888
220404,PISCOYACU,2023,4965
220404,PISCOYACU,2024,5039
220404,PISCOYACU,2025,5112
220404,PISCOYACU,2026,5186
220405,SACANCHE,2017,2473.2375257732
220405,SACANCHE,2018,2449
220405,SACANCHE,2019,2425
220405,SACANCHE,2020,2395
220405,SACANCHE,2021,2350
220405,SACANCHE,2022,2306
220405,SACANCHE,2023,2261
220405,SACANCHE,2024,2218
220405,SACANCHE,2025,2173
220405,SACANCHE,2026,2128
220406,TINGO DE SAPOSOA,2017,807.043956043956
220406,TINGO DE SAPOSOA,2018,813
220406,TINGO DE SAPOSOA,2019,819
220406,TINGO DE SAPOSOA,2020,822
220406,TINGO DE SAPOSOA,2021,828
220406,TINGO DE SAPOSOA,2022,832
220406,TINGO DE SAPOSOA,2023,838
220406,TINGO DE SAPOSOA,2024,841
220406,TINGO DE SAPOSOA,2025,846
220406,TINGO DE SAPOSOA,2026,852
220501,LAMAS,2017,14849.1947278912
220501,LAMAS,2018,15067
220501,LAMAS,2019,15288
220501,LAMAS,2020,15474
220501,LAMAS,2021,15640
220501,LAMAS,2022,15773
220501,LAMAS,2023,15886
220501,LAMAS,2024,15985
220501,LAMAS,2025,16081
220501,LAMAS,2026,16171
220502,ALONSO DE ALVARADO,2017,14538.0006193229
220502,ALONSO DE ALVARADO,2018,14535
220502,ALONSO DE ALVARADO,2019,14532
220502,ALONSO DE ALVARADO,2020,14486
220502,ALONSO DE ALVARADO,2021,14425
220502,ALONSO DE ALVARADO,2022,14365
220502,ALONSO DE ALVARADO,2023,14303
220502,ALONSO DE ALVARADO,2024,14242
220502,ALONSO DE ALVARADO,2025,14179
220502,ALONSO DE ALVARADO,2026,14117
220503,BARRANQUITA,2017,6836.91428571429
220503,BARRANQUITA,2018,7038
220503,BARRANQUITA,2019,7245
220503,BARRANQUITA,2020,7435
220503,BARRANQUITA,2021,7602
220503,BARRANQUITA,2022,7771
220503,BARRANQUITA,2023,7939
220503,BARRANQUITA,2024,8109
220503,BARRANQUITA,2025,8280
220503,BARRANQUITA,2026,8451
220504,CAYNARACHI,2017,10162.3157504403
220504,CAYNARACHI,2018,10470
220504,CAYNARACHI,2019,10787
220504,CAYNARACHI,2020,11081
220504,CAYNARACHI,2021,11297
220504,CAYNARACHI,2022,11466
220504,CAYNARACHI,2023,11602
220504,CAYNARACHI,2024,11718
220504,CAYNARACHI,2025,11828
220504,CAYNARACHI,2026,11932
220505,CUÑUMBUQUI,2017,3365.31776872454
220505,CUÑUMBUQUI,2018,3277
220505,CUÑUMBUQUI,2019,3191
220505,CUÑUMBUQUI,2020,3100
220505,CUÑUMBUQUI,2021,2998
220505,CUÑUMBUQUI,2022,2895
220505,CUÑUMBUQUI,2023,2792
220505,CUÑUMBUQUI,2024,2689
220505,CUÑUMBUQUI,2025,2584
220505,CUÑUMBUQUI,2026,2479
220506,PINTO RECODO,2017,9146.00273044998
220506,PINTO RECODO,2018,9151
220506,PINTO RECODO,2019,9156
220506,PINTO RECODO,2020,9134
220506,PINTO RECODO,2021,9085
220506,PINTO RECODO,2022,9036
220506,PINTO RECODO,2023,8987
220506,PINTO RECODO,2024,8937
220506,PINTO RECODO,2025,8887
220506,PINTO RECODO,2026,8837
220507,RUMISAPA,2017,3477.26201342282
220507,RUMISAPA,2018,3599
220507,RUMISAPA,2019,3725
220507,RUMISAPA,2020,3842
220507,RUMISAPA,2021,3926
220507,RUMISAPA,2022,3992
220507,RUMISAPA,2023,4044
220507,RUMISAPA,2024,4090
220507,RUMISAPA,2025,4132
220507,RUMISAPA,2026,4171
220508,SAN ROQUE DE CUMBAZA,2017,1658.25941176471
220508,SAN ROQUE DE CUMBAZA,2018,1679
220508,SAN ROQUE DE CUMBAZA,2019,1700
220508,SAN ROQUE DE CUMBAZA,2020,1715
220508,SAN ROQUE DE CUMBAZA,2021,1732
220508,SAN ROQUE DE CUMBAZA,2022,1744
220508,SAN ROQUE DE CUMBAZA,2023,1756
220508,SAN ROQUE DE CUMBAZA,2024,1765
220508,SAN ROQUE DE CUMBAZA,2025,1774
220508,SAN ROQUE DE CUMBAZA,2026,1783
220509,SHANAO,2017,2035.66021395823
220509,SHANAO,2018,1999
220509,SHANAO,2019,1963
220509,SHANAO,2020,1920
220509,SHANAO,2021,1863
220509,SHANAO,2022,1806
220509,SHANAO,2023,1748
220509,SHANAO,2024,1690
220509,SHANAO,2025,1632
220509,SHANAO,2026,1574
220510,TABALOSOS,2017,14058.5529085873
220510,TABALOSOS,2018,14248
220510,TABALOSOS,2019,14440
220510,TABALOSOS,2020,14593
220510,TABALOSOS,2021,14737
220510,TABALOSOS,2022,14855
220510,TABALOSOS,2023,14955
220510,TABALOSOS,2024,15042
220510,TABALOSOS,2025,15127
220510,TABALOSOS,2026,15208
220511,ZAPATERO,2017,5620.24805665918
220511,ZAPATERO,2018,5704
220511,ZAPATERO,2019,5789
220511,ZAPATERO,2020,5857
220511,ZAPATERO,2021,5919
220511,ZAPATERO,2022,5970
220511,ZAPATERO,2023,6012
220511,ZAPATERO,2024,6049
220511,ZAPATERO,2025,6086
220511,ZAPATERO,2026,6119
220601,JUANJUI,2017,32196.3905353729
220601,JUANJUI,2018,32828
220601,JUANJUI,2019,33472
220601,JUANJUI,2020,34024
220601,JUANJUI,2021,34568
220601,JUANJUI,2022,35093
220601,JUANJUI,2023,35607
220601,JUANJUI,2024,36119
220601,JUANJUI,2025,36637
220601,JUANJUI,2026,37162
220602,CAMPANILLA,2017,14354.0522162629
220602,CAMPANILLA,2018,15259
220602,CAMPANILLA,2019,16221
220602,CAMPANILLA,2020,17190
220602,CAMPANILLA,2021,18060
220602,CAMPANILLA,2022,18897
220602,CAMPANILLA,2023,19714
220602,CAMPANILLA,2024,20526
220602,CAMPANILLA,2025,21348
220602,CAMPANILLA,2026,22180
220603,HUICUNGO,2017,8499.68188302425
220603,HUICUNGO,2018,8801
220603,HUICUNGO,2019,9113
220603,HUICUNGO,2020,9409
220603,HUICUNGO,2021,9684
220603,HUICUNGO,2022,9948
220603,HUICUNGO,2023,10207
220603,HUICUNGO,2024,10464
220603,HUICUNGO,2025,10724
220603,HUICUNGO,2026,10988
220604,PACHIZA,2017,6069.38658293766
220604,PACHIZA,2018,6295
220604,PACHIZA,2019,6529
220604,PACHIZA,2020,6752
220604,PACHIZA,2021,6958
220604,PACHIZA,2022,7158
220604,PACHIZA,2023,7351
220604,PACHIZA,2024,7545
220604,PACHIZA,2025,7741
220604,PACHIZA,2026,7938
220605,PAJARILLO,2017,5629.80208152645
220605,PAJARILLO,2018,5697
220605,PAJARILLO,2019,5765
220605,PAJARILLO,2020,5818
220605,PAJARILLO,2021,5874
220605,PAJARILLO,2022,5927
220605,PAJARILLO,2023,5981
220605,PAJARILLO,2024,6033
220605,PAJARILLO,2025,6087
220605,PAJARILLO,2026,6141
220701,PICOTA,2017,10538.9460670131
220701,PICOTA,2018,10846
220701,PICOTA,2019,11162
220701,PICOTA,2020,11450
220701,PICOTA,2021,11680
220701,PICOTA,2022,11895
220701,PICOTA,2023,12098
220701,PICOTA,2024,12294
220701,PICOTA,2025,12487
220701,PICOTA,2026,12678
220702,BUENOS AIRES,2017,3045.00823723229
220702,BUENOS AIRES,2018,3040
220702,BUENOS AIRES,2019,3035
220702,BUENOS AIRES,2020,3019
220702,BUENOS AIRES,2021,3019
220702,BUENOS AIRES,2022,3014
220702,BUENOS AIRES,2023,3008
220702,BUENOS AIRES,2024,3001
220702,BUENOS AIRES,2025,2993
220702,BUENOS AIRES,2026,2986
220703,CASPISAPA,2017,2111.33672055427
220703,CASPISAPA,2018,2138
220703,CASPISAPA,2019,2165
220703,CASPISAPA,2020,2186
220703,CASPISAPA,2021,2208
220703,CASPISAPA,2022,2224
220703,CASPISAPA,2023,2236
220703,CASPISAPA,2024,2245
220703,CASPISAPA,2025,2254
220703,CASPISAPA,2026,2262
220704,PILLUANA,2017,882
220704,PILLUANA,2018,882
220704,PILLUANA,2019,882
220704,PILLUANA,2020,881
220704,PILLUANA,2021,880
220704,PILLUANA,2022,878
220704,PILLUANA,2023,876
220704,PILLUANA,2024,871
220704,PILLUANA,2025,867
220704,PILLUANA,2026,863
220705,PUCACACA,2017,2970.12001329787
220705,PUCACACA,2018,2989
220705,PUCACACA,2019,3008
220705,PUCACACA,2020,3019
220705,PUCACACA,2021,3034
220705,PUCACACA,2022,3044
220705,PUCACACA,2023,3051
220705,PUCACACA,2024,3057
220705,PUCACACA,2025,3062
220705,PUCACACA,2026,3067
220706,SAN CRISTOBAL,2017,1215.01325600663
220706,SAN CRISTOBAL,2018,1211
220706,SAN CRISTOBAL,2019,1207
220706,SAN CRISTOBAL,2020,1199
220706,SAN CRISTOBAL,2021,1198
220706,SAN CRISTOBAL,2022,1195
220706,SAN CRISTOBAL,2023,1191
220706,SAN CRISTOBAL,2024,1187
220706,SAN CRISTOBAL,2025,1184
220706,SAN CRISTOBAL,2026,1180
220707,SAN HILARION,2017,3935.29893974657
220707,SAN HILARION,2018,3901
220707,SAN HILARION,2019,3867
220707,SAN HILARION,2020,3823
220707,SAN HILARION,2021,3774
220707,SAN HILARION,2022,3720
220707,SAN HILARION,2023,3662
220707,SAN HILARION,2024,3602
220707,SAN HILARION,2025,3541
220707,SAN HILARION,2026,3480
220708,SHAMBOYACU,2017,9492.48707321887
220708,SHAMBOYACU,2018,9808
220708,SHAMBOYACU,2019,10134
220708,SHAMBOYACU,2020,10440
220708,SHAMBOYACU,2021,10670
220708,SHAMBOYACU,2022,10885
220708,SHAMBOYACU,2023,11088
220708,SHAMBOYACU,2024,11286
220708,SHAMBOYACU,2025,11481
220708,SHAMBOYACU,2026,11674
220709,TINGO DE PONASA,2017,3893.00102643059
220709,TINGO DE PONASA,2018,3895
220709,TINGO DE PONASA,2019,3897
220709,TINGO DE PONASA,2020,3888
220709,TINGO DE PONASA,2021,3878
220709,TINGO DE PONASA,2022,3862
220709,TINGO DE PONASA,2023,3842
220709,TINGO DE PONASA,2024,3819
220709,TINGO DE PONASA,2025,3797
220709,TINGO DE PONASA,2026,3773
220710,TRES UNIDOS,2017,4110.03483309144
220710,TRES UNIDOS,2018,4122
220710,TRES UNIDOS,2019,4134
220710,TRES UNIDOS,2020,4134
220710,TRES UNIDOS,2021,4135
220710,TRES UNIDOS,2022,4131
220710,TRES UNIDOS,2023,4121
220710,TRES UNIDOS,2024,4110
220710,TRES UNIDOS,2025,4098
220710,TRES UNIDOS,2026,4085
220801,RIOJA,2017,25505.4485051096
220801,RIOJA,2018,25911
220801,RIOJA,2019,26323
220801,RIOJA,2020,26660
220801,RIOJA,2021,26962
220801,RIOJA,2022,27203
220801,RIOJA,2023,27401
220801,RIOJA,2024,27577
220801,RIOJA,2025,27752
220801,RIOJA,2026,27922
220802,AWAJUN,2017,7815.38170347003
220802,AWAJUN,2018,7870
220802,AWAJUN,2019,7925
220802,AWAJUN,2020,7955
220802,AWAJUN,2021,7990
220802,AWAJUN,2022,8012
220802,AWAJUN,2023,8026
220802,AWAJUN,2024,8036
220802,AWAJUN,2025,8045
220802,AWAJUN,2026,8054
220803,ELIAS SOPLIN VARGAS,2017,17458.823986195
220803,ELIAS SOPLIN VARGAS,2018,18547
220803,ELIAS SOPLIN VARGAS,2019,19703
220803,ELIAS SOPLIN VARGAS,2020,20862
220803,ELIAS SOPLIN VARGAS,2021,21880
220803,ELIAS SOPLIN VARGAS,2022,22871
220803,ELIAS SOPLIN VARGAS,2023,23842
220803,ELIAS SOPLIN VARGAS,2024,24800
220803,ELIAS SOPLIN VARGAS,2025,25754
220803,ELIAS SOPLIN VARGAS,2026,26704
220804,NUEVA CAJAMARCA,2017,43865.8193059607
220804,NUEVA CAJAMARCA,2018,44888
220804,NUEVA CAJAMARCA,2019,45934
220804,NUEVA CAJAMARCA,2020,46862
220804,NUEVA CAJAMARCA,2021,47584
220804,NUEVA CAJAMARCA,2022,48250
220804,NUEVA CAJAMARCA,2023,48877
220804,NUEVA CAJAMARCA,2024,49483
220804,NUEVA CAJAMARCA,2025,50086
220804,NUEVA CAJAMARCA,2026,50687
220805,PARDO MIGUEL,2017,17148.0488782983
220805,PARDO MIGUEL,2018,17177
220805,PARDO MIGUEL,2019,17206
220805,PARDO MIGUEL,2020,17183
220805,PARDO MIGUEL,2021,17168
220805,PARDO MIGUEL,2022,17133
220805,PARDO MIGUEL,2023,17085
220805,PARDO MIGUEL,2024,17030
220805,PARDO MIGUEL,2025,16976
220805,PARDO MIGUEL,2026,16922
220806,POSIC,2017,1899.21024126046
220806,POSIC,2018,1964
220806,POSIC,2019,2031
220806,POSIC,2020,2094
220806,POSIC,2021,2147
220806,POSIC,2022,2191
220806,POSIC,2023,2229
220806,POSIC,2024,2265
220806,POSIC,2025,2302
220806,POSIC,2026,2338
220807,SAN FERNANDO,2017,3702.00433134813
220807,SAN FERNANDO,2018,3698
220807,SAN FERNANDO,2019,3694
220807,SAN FERNANDO,2020,3678
220807,SAN FERNANDO,2021,3671
220807,SAN FERNANDO,2022,3660
220807,SAN FERNANDO,2023,3647
220807,SAN FERNANDO,2024,3633
220807,SAN FERNANDO,2025,3619
220807,SAN FERNANDO,2026,3605
220808,YORONGOS,2017,2691.52311807413
220808,YORONGOS,2018,2654
220808,YORONGOS,2019,2617
220808,YORONGOS,2020,2573
220808,YORONGOS,2021,2541
220808,YORONGOS,2022,2510
220808,YORONGOS,2023,2479
220808,YORONGOS,2024,2448
220808,YORONGOS,2025,2417
220808,YORONGOS,2026,2387
220809,YURACYACU,2017,3891.26757251111
220809,YURACYACU,2018,3859
220809,YURACYACU,2019,3827
220809,YURACYACU,2020,3784
220809,YURACYACU,2021,3755
220809,YURACYACU,2022,3724
220809,YURACYACU,2023,3693
220809,YURACYACU,2024,3662
220809,YURACYACU,2025,3631
220809,YURACYACU,2026,3599
220901,TARAPOTO,2017,79125.0201743553
220901,TARAPOTO,2018,80445
220901,TARAPOTO,2019,81787
220901,TARAPOTO,2020,82900
220901,TARAPOTO,2021,83892
220901,TARAPOTO,2022,84794
220901,TARAPOTO,2023,85634
220901,TARAPOTO,2024,86442
220901,TARAPOTO,2025,87244
220901,TARAPOTO,2026,88042
220902,ALBERTO LEVEAU,2017,892.089010989011
220902,ALBERTO LEVEAU,2018,901
220902,ALBERTO LEVEAU,2019,910
220902,ALBERTO LEVEAU,2020,915
220902,ALBERTO LEVEAU,2021,923
220902,ALBERTO LEVEAU,2022,927
220902,ALBERTO LEVEAU,2023,933
220902,ALBERTO LEVEAU,2024,936
220902,ALBERTO LEVEAU,2025,944
220902,ALBERTO LEVEAU,2026,946
220903,CACATACHI,2017,3565.51453957997
220903,CACATACHI,2018,3639
220903,CACATACHI,2019,3714
220903,CACATACHI,2020,3778
220903,CACATACHI,2021,3834
220903,CACATACHI,2022,3885
220903,CACATACHI,2023,3932
220903,CACATACHI,2024,3977
220903,CACATACHI,2025,4022
220903,CACATACHI,2026,4067
220904,CHAZUTA,2017,10051.3553060833
220904,CHAZUTA,2018,10235
220904,CHAZUTA,2019,10422
220904,CHAZUTA,2020,10580
220904,CHAZUTA,2021,10719
220904,CHAZUTA,2022,10845
220904,CHAZUTA,2023,10963
220904,CHAZUTA,2024,11077
220904,CHAZUTA,2025,11189
220904,CHAZUTA,2026,11301
220905,CHIPURANA,2017,2265.05752961083
220905,CHIPURANA,2018,2314
220905,CHIPURANA,2019,2364
220905,CHIPURANA,2020,2407
220905,CHIPURANA,2021,2445
220905,CHIPURANA,2022,2478
220905,CHIPURANA,2023,2510
220905,CHIPURANA,2024,2540
220905,CHIPURANA,2025,2570
220905,CHIPURANA,2026,2600
220906,EL PORVENIR,2017,2422.84168655529
220906,EL PORVENIR,2018,2468
220906,EL PORVENIR,2019,2514
220906,EL PORVENIR,2020,2551
220906,EL PORVENIR,2021,2585
220906,EL PORVENIR,2022,2615
220906,EL PORVENIR,2023,2643
220906,EL PORVENIR,2024,2670
220906,EL PORVENIR,2025,2697
220906,EL PORVENIR,2026,2724
220907,HUIMBAYOC,2017,5230.18160117517
220907,HUIMBAYOC,2018,5337
220907,HUIMBAYOC,2019,5446
220907,HUIMBAYOC,2020,5542
220907,HUIMBAYOC,2021,5624
220907,HUIMBAYOC,2022,5700
220907,HUIMBAYOC,2023,5769
220907,HUIMBAYOC,2024,5836
220907,HUIMBAYOC,2025,5902
220907,HUIMBAYOC,2026,5969
220908,JUAN GUERRA,2017,3903.77431237721
220908,JUAN GUERRA,2018,3987
220908,JUAN GUERRA,2019,4072
220908,JUAN GUERRA,2020,4147
220908,JUAN GUERRA,2021,4212
220908,JUAN GUERRA,2022,4270
220908,JUAN GUERRA,2023,4324
220908,JUAN GUERRA,2024,4376
220908,JUAN GUERRA,2025,4428
220908,JUAN GUERRA,2026,4480
220909,LA BANDA DE SHILCAYO,2017,43545.31177537
220909,LA BANDA DE SHILCAYO,2018,45450
220909,LA BANDA DE SHILCAYO,2019,47438
220909,LA BANDA DE SHILCAYO,2020,49359
220909,LA BANDA DE SHILCAYO,2021,50923
220909,LA BANDA DE SHILCAYO,2022,52334
220909,LA BANDA DE SHILCAYO,2023,53642
220909,LA BANDA DE SHILCAYO,2024,54896
220909,LA BANDA DE SHILCAYO,2025,56142
220909,LA BANDA DE SHILCAYO,2026,57380
220910,MORALES,2017,37490.4320402438
220910,MORALES,2018,39372
220910,MORALES,2019,41348
220910,MORALES,2020,43287
220910,MORALES,2021,44851
220910,MORALES,2022,46263
220910,MORALES,2023,47571
220910,MORALES,2024,48825
220910,MORALES,2025,50071
220910,MORALES,2026,51309
220911,PAPAPLAYA,2017,2140.62669245648
220911,PAPAPLAYA,2018,2104
220911,PAPAPLAYA,2019,2068
220911,PAPAPLAYA,2020,2028
220911,PAPAPLAYA,2021,1998
220911,PAPAPLAYA,2022,1972
220911,PAPAPLAYA,2023,1948
220911,PAPAPLAYA,2024,1924
220911,PAPAPLAYA,2025,1901
220911,PAPAPLAYA,2026,1878
220912,SAN ANTONIO,2017,1662.39439906651
220912,SAN ANTONIO,2018,1688
220912,SAN ANTONIO,2019,1714
220912,SAN ANTONIO,2020,1734
220912,SAN ANTONIO,2021,1752
220912,SAN ANTONIO,2022,1770
220912,SAN ANTONIO,2023,1785
220912,SAN ANTONIO,2024,1800
220912,SAN ANTONIO,2025,1816
220912,SAN ANTONIO,2026,1831
220913,SAUCE,2017,7515.43843971631
220913,SAUCE,2018,7279
220913,SAUCE,2019,7050
220913,SAUCE,2020,6810
220913,SAUCE,2021,6625
220913,SAUCE,2022,6459
220913,SAUCE,2023,6307
220913,SAUCE,2024,6162
220913,SAUCE,2025,6017
220913,SAUCE,2026,5873
220914,SHAPAJA,2017,1946.50945273632
220914,SHAPAJA,2018,1978
220914,SHAPAJA,2019,2010
220914,SHAPAJA,2020,2036
220914,SHAPAJA,2021,2059
220914,SHAPAJA,2022,2081
220914,SHAPAJA,2023,2101
220914,SHAPAJA,2024,2120
220914,SHAPAJA,2025,2138
220914,SHAPAJA,2026,2157
221001,TOCACHE 3/,2017,29463.5817965103
221001,TOCACHE 3/,2018,29831
221001,TOCACHE 3/,2019,30203
221001,TOCACHE 3/,2020,30496
221001,TOCACHE 3/,2021,30566
221001,TOCACHE 3/,2022,30856
221001,TOCACHE 3/,2023,31137
221001,TOCACHE 3/,2024,31412
221001,TOCACHE 3/,2025,31688
221001,TOCACHE 3/,2026,31964
221002,NUEVO PROGRESO,2017,12125.693652328
221002,NUEVO PROGRESO,2018,12269
221002,NUEVO PROGRESO,2019,12414
221002,NUEVO PROGRESO,2020,12525
221002,NUEVO PROGRESO,2021,12641
221002,NUEVO PROGRESO,2022,12753
221002,NUEVO PROGRESO,2023,12859
221002,NUEVO PROGRESO,2024,12965
221002,NUEVO PROGRESO,2025,13071
221002,NUEVO PROGRESO,2026,13177
221003,POLVORA,2017,10916.4431982634
221003,POLVORA,2018,10986
221003,POLVORA,2019,11056
221003,POLVORA,2020,11095
221003,POLVORA,2021,11138
221003,POLVORA,2022,11175
221003,POLVORA,2023,11209
221003,POLVORA,2024,11241
221003,POLVORA,2025,11272
221003,POLVORA,2026,11303
221004,SHUNTE,2017,1313.32546125461
221004,SHUNTE,2018,1334
221004,SHUNTE,2019,1355
221004,SHUNTE,2020,1374
221004,SHUNTE,2021,1392
221004,SHUNTE,2022,1410
221004,SHUNTE,2023,1429
221004,SHUNTE,2024,1447
221004,SHUNTE,2025,1464
221004,SHUNTE,2026,1481
221005,UCHIZA 3/,2017,21184.1488230828
221005,UCHIZA 3/,2018,21128
221005,UCHIZA 3/,2019,21072
221005,UCHIZA 3/,2020,20960
221005,UCHIZA 3/,2021,14838
221005,UCHIZA 3/,2022,14758
221005,UCHIZA 3/,2023,14674
221005,UCHIZA 3/,2024,14589
221005,UCHIZA 3/,2025,14503
221005,UCHIZA 3/,2026,14417
221006,SANTA LUCIA 3/,2018,
221006,SANTA LUCIA 3/,2019,
221006,SANTA LUCIA 3/,2020,
221006,SANTA LUCIA 3/,2021,6249
221006,SANTA LUCIA 3/,2022,6218
221006,SANTA LUCIA 3/,2023,6186
221006,SANTA LUCIA 3/,2024,6154
221006,SANTA LUCIA 3/,2025,6122
221006,SANTA LUCIA 3/,2026,6090
230101,TACNA,2017,100174.412809697
230101,TACNA,2018,101639
230101,TACNA,2019,103125
230101,TACNA,2020,104314
230101,TACNA,2021,105248
230101,TACNA,2022,106071
230101,TACNA,2023,106816
230101,TACNA,2024,107519
230101,TACNA,2025,108210
230101,TACNA,2026,108892
230102,ALTO DE LA ALIANZA,2017,35225.0625442397
230102,ALTO DE LA ALIANZA,2018,35272
230102,ALTO DE LA ALIANZA,2019,35319
230102,ALTO DE LA ALIANZA,2020,35258
230102,ALTO DE LA ALIANZA,2021,35035
230102,ALTO DE LA ALIANZA,2022,34733
230102,ALTO DE LA ALIANZA,2023,34376
230102,ALTO DE LA ALIANZA,2024,33984
230102,ALTO DE LA ALIANZA,2025,33577
230102,ALTO DE LA ALIANZA,2026,33156
230103,CALANA,2017,3202.76721311475
230103,CALANA,2018,3278
230103,CALANA,2019,3355
230103,CALANA,2020,3424
230103,CALANA,2021,3478
230103,CALANA,2022,3526
230103,CALANA,2023,3568
230103,CALANA,2024,3607
230103,CALANA,2025,3645
230103,CALANA,2026,3682
230104,CIUDAD NUEVA,2017,33097.0851444333
230104,CIUDAD NUEVA,2018,33044
230104,CIUDAD NUEVA,2019,32991
230104,CIUDAD NUEVA,2020,32834
230104,CIUDAD NUEVA,2021,32530
230104,CIUDAD NUEVA,2022,32153
230104,CIUDAD NUEVA,2023,31726
230104,CIUDAD NUEVA,2024,31269
230104,CIUDAD NUEVA,2025,30801
230104,CIUDAD NUEVA,2026,30321
230105,INCLAN,2017,2953.66138898885
230105,INCLAN,2018,2865
230105,INCLAN,2019,2779
230105,INCLAN,2020,2688
230105,INCLAN,2021,2586
230105,INCLAN,2022,2484
230105,INCLAN,2023,2382
230105,INCLAN,2024,2282
230105,INCLAN,2025,2185
230105,INCLAN,2026,2091
230106,PACHIA,2017,2185.48378498445
230106,PACHIA,2018,2218
230106,PACHIA,2019,2251
230106,PACHIA,2020,2277
230106,PACHIA,2021,2291
230106,PACHIA,2022,2304
230106,PACHIA,2023,2316
230106,PACHIA,2024,2328
230106,PACHIA,2025,2339
230106,PACHIA,2026,2351
230107,PALCA,2017,1983.36046511628
230107,PALCA,2018,2065
230107,PALCA,2019,2150
230107,PALCA,2020,2232
230107,PALCA,2021,2309
230107,PALCA,2022,2384
230107,PALCA,2023,2461
230107,PALCA,2024,2540
230107,PALCA,2025,2623
230107,PALCA,2026,2708
230108,POCOLLAY,2017,18778.7975051975
230108,POCOLLAY,2018,19008
230108,POCOLLAY,2019,19240
230108,POCOLLAY,2020,19415
230108,POCOLLAY,2021,19447
230108,POCOLLAY,2022,19471
230108,POCOLLAY,2023,19491
230108,POCOLLAY,2024,19507
230108,POCOLLAY,2025,19522
230108,POCOLLAY,2026,19535
230109,SAMA,2017,3310.66919191919
230109,SAMA,2018,3435
230109,SAMA,2019,3564
230109,SAMA,2020,3686
230109,SAMA,2021,3794
230109,SAMA,2022,3897
230109,SAMA,2023,3995
230109,SAMA,2024,4093
230109,SAMA,2025,4190
230109,SAMA,2026,4287
230110,CORONEL GREGORIO ALBARRACIN LANCHIPA,2017,114459.722911106
230110,CORONEL GREGORIO ALBARRACIN LANCHIPA,2018,120575
230110,CORONEL GREGORIO ALBARRACIN LANCHIPA,2019,127017
230110,CORONEL GREGORIO ALBARRACIN LANCHIPA,2020,133338
230110,CORONEL GREGORIO ALBARRACIN LANCHIPA,2021,139270
230110,CORONEL GREGORIO ALBARRACIN LANCHIPA,2022,145066
230110,CORONEL GREGORIO ALBARRACIN LANCHIPA,2023,150781
230110,CORONEL GREGORIO ALBARRACIN LANCHIPA,2024,156475
230110,CORONEL GREGORIO ALBARRACIN LANCHIPA,2025,162215
230110,CORONEL GREGORIO ALBARRACIN LANCHIPA,2026,167992
230111,LA YARADA LOS PALOS,2017,6401.99472096531
230111,LA YARADA LOS PALOS,2018,6515
230111,LA YARADA LOS PALOS,2019,6630
230111,LA YARADA LOS PALOS,2020,6726
230111,LA YARADA LOS PALOS,2021,6793
230111,LA YARADA LOS PALOS,2022,6846
230111,LA YARADA LOS PALOS,2023,6887
230111,LA YARADA LOS PALOS,2024,6922
230111,LA YARADA LOS PALOS,2025,6953
230111,LA YARADA LOS PALOS,2026,6980
230201,CANDARAVE,2017,2527.16074380165
230201,CANDARAVE,2018,2473
230201,CANDARAVE,2019,2420
230201,CANDARAVE,2020,2359
230201,CANDARAVE,2021,2353
230201,CANDARAVE,2022,2343
230201,CANDARAVE,2023,2331
230201,CANDARAVE,2024,2318
230201,CANDARAVE,2025,2306
230201,CANDARAVE,2026,2293
230202,CAIRANI,2017,1047.62688064193
230202,CAIRANI,2018,1022
230202,CAIRANI,2019,997
230202,CAIRANI,2020,970
230202,CAIRANI,2021,965
230202,CAIRANI,2022,959
230202,CAIRANI,2023,952
230202,CAIRANI,2024,944
230202,CAIRANI,2025,936
230202,CAIRANI,2026,928
230203,CAMILACA,2017,1240.31007751938
230203,CAMILACA,2018,1200
230203,CAMILACA,2019,1161
230203,CAMILACA,2020,1120
230203,CAMILACA,2021,1105
230203,CAMILACA,2022,1088
230203,CAMILACA,2023,1071
230203,CAMILACA,2024,1052
230203,CAMILACA,2025,1034
230203,CAMILACA,2026,1016
230204,CURIBAYA,2017,392.873051224944
230204,CURIBAYA,2018,420
230204,CURIBAYA,2019,449
230204,CURIBAYA,2020,479
230204,CURIBAYA,2021,517
230204,CURIBAYA,2022,554
230204,CURIBAYA,2023,590
230204,CURIBAYA,2024,626
230204,CURIBAYA,2025,661
230204,CURIBAYA,2026,695
230205,HUANUARA,2017,545.876739562624
230205,HUANUARA,2018,524
230205,HUANUARA,2019,503
230205,HUANUARA,2020,480
230205,HUANUARA,2021,470
230205,HUANUARA,2022,457
230205,HUANUARA,2023,445
230205,HUANUARA,2024,433
230205,HUANUARA,2025,420
230205,HUANUARA,2026,409
230206,QUILAHUANI,2017,767.023876404495
230206,QUILAHUANI,2018,739
230206,QUILAHUANI,2019,712
230206,QUILAHUANI,2020,685
230206,QUILAHUANI,2021,673
230206,QUILAHUANI,2022,661
230206,QUILAHUANI,2023,648
230206,QUILAHUANI,2024,634
230206,QUILAHUANI,2025,621
230206,QUILAHUANI,2026,607
230301,LOCUMBA,2017,2515.07213740458
230301,LOCUMBA,2018,2567
230301,LOCUMBA,2019,2620
230301,LOCUMBA,2020,2669
230301,LOCUMBA,2021,2732
230301,LOCUMBA,2022,2784
230301,LOCUMBA,2023,2831
230301,LOCUMBA,2024,2875
230301,LOCUMBA,2025,2918
230301,LOCUMBA,2026,2961
230302,ILABAYA,2017,6005.98651580905
230302,ILABAYA,2018,6225
230302,ILABAYA,2019,6452
230302,ILABAYA,2020,6663
230302,ILABAYA,2021,6909
230302,ILABAYA,2022,7133
230302,ILABAYA,2023,7342
230302,ILABAYA,2024,7544
230302,ILABAYA,2025,7747
230302,ILABAYA,2026,7950
230303,ITE,2017,3219.00124107974
230303,ITE,2018,3221
230303,ITE,2019,3223
230303,ITE,2020,3217
230303,ITE,2021,3208
230303,ITE,2022,3198
230303,ITE,2023,3186
230303,ITE,2024,3173
230303,ITE,2025,3160
230303,ITE,2026,3147
230401,TARATA,2017,3593
230401,TARATA,2018,3593
230401,TARATA,2019,3593
230401,TARATA,2020,3585
230401,TARATA,2021,3583
230401,TARATA,2022,3578
230401,TARATA,2023,3572
230401,TARATA,2024,3563
230401,TARATA,2025,3556
230401,TARATA,2026,3549
230402,HÉROES ALBARRACÍN,2017,342.825806451613
230402,HÉROES ALBARRACÍN,2018,326
230402,HÉROES ALBARRACÍN,2019,310
230402,HÉROES ALBARRACÍN,2020,295
230402,HÉROES ALBARRACÍN,2021,294
230402,HÉROES ALBARRACÍN,2022,292
230402,HÉROES ALBARRACÍN,2023,289
230402,HÉROES ALBARRACÍN,2024,287
230402,HÉROES ALBARRACÍN,2025,283
230402,HÉROES ALBARRACÍN,2026,279
230403,ESTIQUE,2017,267.094017094017
230403,ESTIQUE,2018,250
230403,ESTIQUE,2019,234
230403,ESTIQUE,2020,219
230403,ESTIQUE,2021,218
230403,ESTIQUE,2022,218
230403,ESTIQUE,2023,212
230403,ESTIQUE,2024,209
230403,ESTIQUE,2025,207
230403,ESTIQUE,2026,202
230404,ESTIQUE-PAMPA,2017,334.003012048193
230404,ESTIQUE-PAMPA,2018,333
230404,ESTIQUE-PAMPA,2019,332
230404,ESTIQUE-PAMPA,2020,325
230404,ESTIQUE-PAMPA,2021,322
230404,ESTIQUE-PAMPA,2022,319
230404,ESTIQUE-PAMPA,2023,317
230404,ESTIQUE-PAMPA,2024,314
230404,ESTIQUE-PAMPA,2025,311
230404,ESTIQUE-PAMPA,2026,309
230405,SITAJARA,2017,378.646551724138
230405,SITAJARA,2018,363
230405,SITAJARA,2019,348
230405,SITAJARA,2020,334
230405,SITAJARA,2021,333
230405,SITAJARA,2022,332
230405,SITAJARA,2023,330
230405,SITAJARA,2024,327
230405,SITAJARA,2025,324
230405,SITAJARA,2026,321
230406,SUSAPAYA,2017,554.949019607843
230406,SUSAPAYA,2018,532
230406,SUSAPAYA,2019,510
230406,SUSAPAYA,2020,488
230406,SUSAPAYA,2021,488
230406,SUSAPAYA,2022,484
230406,SUSAPAYA,2023,482
230406,SUSAPAYA,2024,477
230406,SUSAPAYA,2025,473
230406,SUSAPAYA,2026,468
230407,TARUCACHI,2017,336.152173913044
230407,TARUCACHI,2018,329
230407,TARUCACHI,2019,322
230407,TARUCACHI,2020,312
230407,TARUCACHI,2021,309
230407,TARUCACHI,2022,306
230407,TARUCACHI,2023,302
230407,TARUCACHI,2024,300
230407,TARUCACHI,2025,296
230407,TARUCACHI,2026,293
230408,TICACO,2017,628.376254180602
230408,TICACO,2018,613
230408,TICACO,2019,598
230408,TICACO,2020,582
230408,TICACO,2021,582
230408,TICACO,2022,581
230408,TICACO,2023,580
230408,TICACO,2024,578
230408,TICACO,2025,576
230408,TICACO,2026,574
240101,TUMBES,2017,107847.866151878
240101,TUMBES,2018,109787
240101,TUMBES,2019,111761
240101,TUMBES,2020,113458
240101,TUMBES,2021,115148
240101,TUMBES,2022,116717
240101,TUMBES,2023,118196
240101,TUMBES,2024,119620
240101,TUMBES,2025,121016
240101,TUMBES,2026,122386
240102,CORRALES,2017,24259.7462958561
240102,CORRALES,2018,24746
240102,CORRALES,2019,25242
240102,CORRALES,2020,25679
240102,CORRALES,2021,25929
240102,CORRALES,2022,26120
240102,CORRALES,2023,26269
240102,CORRALES,2024,26396
240102,CORRALES,2025,26518
240102,CORRALES,2026,26634
240103,LA CRUZ,2017,9906.83237492812
240103,LA CRUZ,2018,10167
240103,LA CRUZ,2019,10434
240103,LA CRUZ,2020,10679
240103,LA CRUZ,2021,10849
240103,LA CRUZ,2022,10995
240103,LA CRUZ,2023,11126
240103,LA CRUZ,2024,11251
240103,LA CRUZ,2025,11376
240103,LA CRUZ,2026,11502
240104,PAMPAS DE HOSPITAL,2017,7194.40697050938
240104,PAMPAS DE HOSPITAL,2018,7326
240104,PAMPAS DE HOSPITAL,2019,7460
240104,PAMPAS DE HOSPITAL,2020,7578
240104,PAMPAS DE HOSPITAL,2021,7643
240104,PAMPAS DE HOSPITAL,2022,7691
240104,PAMPAS DE HOSPITAL,2023,7728
240104,PAMPAS DE HOSPITAL,2024,7760
240104,PAMPAS DE HOSPITAL,2025,7792
240104,PAMPAS DE HOSPITAL,2026,7824
240105,SAN JACINTO,2017,8697.61145926589
240105,SAN JACINTO,2018,8816
240105,SAN JACINTO,2019,8936
240105,SAN JACINTO,2020,9035
240105,SAN JACINTO,2021,9078
240105,SAN JACINTO,2022,9112
240105,SAN JACINTO,2023,9140
240105,SAN JACINTO,2024,9164
240105,SAN JACINTO,2025,9188
240105,SAN JACINTO,2026,9211
240106,SAN JUAN DE LA VIRGEN,2017,4602.64587650228
240106,SAN JUAN DE LA VIRGEN,2018,4713
240106,SAN JUAN DE LA VIRGEN,2019,4826
240106,SAN JUAN DE LA VIRGEN,2020,4927
240106,SAN JUAN DE LA VIRGEN,2021,4994
240106,SAN JUAN DE LA VIRGEN,2022,5049
240106,SAN JUAN DE LA VIRGEN,2023,5095
240106,SAN JUAN DE LA VIRGEN,2024,5135
240106,SAN JUAN DE LA VIRGEN,2025,5177
240106,SAN JUAN DE LA VIRGEN,2026,5216
240201,ZORRITOS,2017,12763.6705995844
240201,ZORRITOS,2018,13115
240201,ZORRITOS,2019,13476
240201,ZORRITOS,2020,13807
240201,ZORRITOS,2021,14099
240201,ZORRITOS,2022,14369
240201,ZORRITOS,2023,14626
240201,ZORRITOS,2024,14875
240201,ZORRITOS,2025,15127
240201,ZORRITOS,2026,15378
240202,CASITAS,2017,2560.90331075997
240202,CASITAS,2018,2609
240202,CASITAS,2019,2658
240202,CASITAS,2020,2700
240202,CASITAS,2021,2737
240202,CASITAS,2022,2772
240202,CASITAS,2023,2805
240202,CASITAS,2024,2837
240202,CASITAS,2025,2867
240202,CASITAS,2026,2898
240203,CANOAS DE PUNTA SAL,2017,6653.83363025901
240203,CANOAS DE PUNTA SAL,2018,6968
240203,CANOAS DE PUNTA SAL,2019,7297
240203,CANOAS DE PUNTA SAL,2020,7620
240203,CANOAS DE PUNTA SAL,2021,7923
240203,CANOAS DE PUNTA SAL,2022,8220
240203,CANOAS DE PUNTA SAL,2023,8515
240203,CANOAS DE PUNTA SAL,2024,8815
240203,CANOAS DE PUNTA SAL,2025,9124
240203,CANOAS DE PUNTA SAL,2026,9443
240301,ZARUMILLA,2017,23397.1759977379
240301,ZARUMILLA,2018,24067
240301,ZARUMILLA,2019,24756
240301,ZARUMILLA,2020,25390
240301,ZARUMILLA,2021,26050
240301,ZARUMILLA,2022,26665
240301,ZARUMILLA,2023,27251
240301,ZARUMILLA,2024,27829
240301,ZARUMILLA,2025,28414
240301,ZARUMILLA,2026,29008
240302,AGUAS VERDES,2017,18304.2747345624
240302,AGUAS VERDES,2018,18615
240302,AGUAS VERDES,2019,18931
240302,AGUAS VERDES,2020,19195
240302,AGUAS VERDES,2021,19512
240302,AGUAS VERDES,2022,19806
240302,AGUAS VERDES,2023,20084
240302,AGUAS VERDES,2024,20356
240302,AGUAS VERDES,2025,20632
240302,AGUAS VERDES,2026,20911
240303,MATAPALO,2017,3387.70458531696
240303,MATAPALO,2018,3677
240303,MATAPALO,2019,3991
240303,MATAPALO,2020,4320
240303,MATAPALO,2021,4505
240303,MATAPALO,2022,4686
240303,MATAPALO,2023,4868
240303,MATAPALO,2024,5049
240303,MATAPALO,2025,5231
240303,MATAPALO,2026,5414
240304,PAPAYAL,2017,6505.7314961766
240304,PAPAYAL,2018,6715
240304,PAPAYAL,2019,6931
240304,PAPAYAL,2020,7133
240304,PAPAYAL,2021,7245
240304,PAPAYAL,2022,7354
240304,PAPAYAL,2023,7461
240304,PAPAYAL,2024,7566
240304,PAPAYAL,2025,7672
240304,PAPAYAL,2026,7779
250101,CALLERIA,2017,161935.808108972
250101,CALLERIA,2018,165393
250101,CALLERIA,2019,168924
250101,CALLERIA,2020,172052
250101,CALLERIA,2021,174981
250101,CALLERIA,2022,177751
250101,CALLERIA,2023,180420
250101,CALLERIA,2024,183046
250101,CALLERIA,2025,185692
250101,CALLERIA,2026,188351
250102,CAMPOVERDE,2017,17842.1081507173
250102,CAMPOVERDE,2018,18426
250102,CAMPOVERDE,2019,19029
250102,CAMPOVERDE,2020,19598
250102,CAMPOVERDE,2021,20113
250102,CAMPOVERDE,2022,20601
250102,CAMPOVERDE,2023,21071
250102,CAMPOVERDE,2024,21533
250102,CAMPOVERDE,2025,21999
250102,CAMPOVERDE,2026,22467
250103,IPARIA,2017,11889.2284521568
250103,IPARIA,2018,12052
250103,IPARIA,2019,12217
250103,IPARIA,2020,12350
250103,IPARIA,2021,12481
250103,IPARIA,2022,12605
250103,IPARIA,2023,12724
250103,IPARIA,2024,12842
250103,IPARIA,2025,12960
250103,IPARIA,2026,13079
250104,MASISEA,2017,11823.2721789394
250104,MASISEA,2018,11880
250104,MASISEA,2019,11937
250104,MASISEA,2020,11961
250104,MASISEA,2021,11997
250104,MASISEA,2022,12030
250104,MASISEA,2023,12063
250104,MASISEA,2024,12095
250104,MASISEA,2025,12127
250104,MASISEA,2026,12159
250105,YARINACOCHA,2017,109171.648899459
250105,YARINACOCHA,2018,112352
250105,YARINACOCHA,2019,115625
250105,YARINACOCHA,2020,118666
250105,YARINACOCHA,2021,121443
250105,YARINACOCHA,2022,124069
250105,YARINACOCHA,2023,126600
250105,YARINACOCHA,2024,129092
250105,YARINACOCHA,2025,131600
250105,YARINACOCHA,2026,134121
250106,NUEVA REQUENA,2017,5558.76555360281
250106,NUEVA REQUENA,2018,5624
250106,NUEVA REQUENA,2019,5690
250106,NUEVA REQUENA,2020,5742
250106,NUEVA REQUENA,2021,5794
250106,NUEVA REQUENA,2022,5843
250106,NUEVA REQUENA,2023,5891
250106,NUEVA REQUENA,2024,5937
250106,NUEVA REQUENA,2025,5984
250106,NUEVA REQUENA,2026,6032
250107,MANANTAY,2017,96706.3192241047
250107,MANANTAY,2018,100229
250107,MANANTAY,2019,103880
250107,MANANTAY,2020,107364
250107,MANANTAY,2021,110502
250107,MANANTAY,2022,113470
250107,MANANTAY,2023,116330
250107,MANANTAY,2024,119146
250107,MANANTAY,2025,121979
250107,MANANTAY,2026,124828
250201,RAIMONDI,2017,36271.5528994328
250201,RAIMONDI,2018,37423
250201,RAIMONDI,2019,38611
250201,RAIMONDI,2020,39732
250201,RAIMONDI,2021,40699
250201,RAIMONDI,2022,41621
250201,RAIMONDI,2023,42514
250201,RAIMONDI,2024,43398
250201,RAIMONDI,2025,44287
250201,RAIMONDI,2026,45184
250202,SEPAHUA,2017,7806.15154499569
250202,SEPAHUA,2018,7963
250202,SEPAHUA,2019,8123
250202,SEPAHUA,2020,8264
250202,SEPAHUA,2021,8390
250202,SEPAHUA,2022,8510
250202,SEPAHUA,2023,8627
250202,SEPAHUA,2024,8742
250202,SEPAHUA,2025,8858
250202,SEPAHUA,2026,8975
250203,TAHUANIA,2017,9645.82752596331
250203,TAHUANIA,2018,9969
250203,TAHUANIA,2019,10303
250203,TAHUANIA,2020,10618
250203,TAHUANIA,2021,10890
250203,TAHUANIA,2022,11149
250203,TAHUANIA,2023,11400
250203,TAHUANIA,2024,11648
250203,TAHUANIA,2025,11899
250203,TAHUANIA,2026,12150
250204,YURUA,2017,2199.78126324714
250204,YURUA,2018,2278
250204,YURUA,2019,2359
250204,YURUA,2020,2435
250204,YURUA,2021,2501
250204,YURUA,2022,2564
250204,YURUA,2023,2624
250204,YURUA,2024,2684
250204,YURUA,2025,2745
250204,YURUA,2026,2806
250301,PADRE ABAD 6/ 11/,2017,34473.8508315727
250301,PADRE ABAD 6/ 11/,2018,35675
250301,PADRE ABAD 6/ 11/,2019,36918
250301,PADRE ABAD 6/ 11/,2020,38100
250301,PADRE ABAD 6/ 11/,2021,29520
250301,PADRE ABAD 6/ 11/,2022,30297
250301,PADRE ABAD 6/ 11/,2023,31059
250301,PADRE ABAD 6/ 11/,2024,31818
250301,PADRE ABAD 6/ 11/,2025,32586
250301,PADRE ABAD 6/ 11/,2026,33363
250302,IRAZOLA,2017,10819.5693205216
250302,IRAZOLA,2018,11230
250302,IRAZOLA,2019,11656
250302,IRAZOLA,2020,12065
250302,IRAZOLA,2021,12431
250302,IRAZOLA,2022,12786
250302,IRAZOLA,2023,13133
250302,IRAZOLA,2024,13480
250302,IRAZOLA,2025,13832
250302,IRAZOLA,2026,14188
250303,CURIMANA,2017,8969.51229215546
250303,CURIMANA,2018,9377
250303,CURIMANA,2019,9803
250303,CURIMANA,2020,10219
250303,CURIMANA,2021,10588
250303,CURIMANA,2022,10946
250303,CURIMANA,2023,11297
250303,CURIMANA,2024,11647
250303,CURIMANA,2025,12000
250303,CURIMANA,2026,12356
250304,NESHUYA,2017,9238.34325396825
250304,NESHUYA,2018,9650
250304,NESHUYA,2019,10080
250304,NESHUYA,2020,10501
250304,NESHUYA,2021,10874
250304,NESHUYA,2022,11236
250304,NESHUYA,2023,11590
250304,NESHUYA,2024,11944
250304,NESHUYA,2025,12301
250304,NESHUYA,2026,12661
250305,ALEXANDER VON HUMBOLDT,2017,5771.97432499586
250305,ALEXANDER VON HUMBOLDT,2018,5903
250305,ALEXANDER VON HUMBOLDT,2019,6037
250305,ALEXANDER VON HUMBOLDT,2020,6159
250305,ALEXANDER VON HUMBOLDT,2021,6272
250305,ALEXANDER VON HUMBOLDT,2022,6380
250305,ALEXANDER VON HUMBOLDT,2023,6487
250305,ALEXANDER VON HUMBOLDT,2024,6593
250305,ALEXANDER VON HUMBOLDT,2025,6701
250305,ALEXANDER VON HUMBOLDT,2026,6811
250306,HUIPOCA 6/,2018,
250306,HUIPOCA 6/,2019,
250306,HUIPOCA 6/,2020,
250306,HUIPOCA 6/,2021,4434
250306,HUIPOCA 6/,2022,4550
250306,HUIPOCA 6/,2023,4665
250306,HUIPOCA 6/,2024,4779
250306,HUIPOCA 6/,2025,4894
250306,HUIPOCA 6/,2026,5010
250307,BOQUERON 11/,2018,
250307,BOQUERON 11/,2019,
250307,BOQUERON 11/,2020,
250307,BOQUERON 11/,2021,5209
250307,BOQUERON 11/,2022,5346
250307,BOQUERON 11/,2023,5481
250307,BOQUERON 11/,2024,5615
250307,BOQUERON 11/,2025,5750
250307,BOQUERON 11/,2026,5887
250401,PURÚS,2017,3369.20379861321
250401,PURÚS,2018,3343
250401,PURÚS,2019,3317
250401,PURÚS,2020,3284
250401,PURÚS,2021,3281
250401,PURÚS,2022,3270
250401,PURÚS,2023,3257
250401,PURÚS,2024,3240
250401,PURÚS,2025,3222
250401,PURÚS,2026,3202
