UBIGEO,DISTRITO,PROVINCIA,DEPARTAMEN,area_km2,densidad,descargas_anio,altitud,estrato,legacy_N,legacy_py,legacy_tasa,legacy_letalidad
010101,CHACHAPOYAS,CHACHAPOYAS,AMAZONAS,153.4,1.19,183,2420.69876688197,1500-2500,0,352859.456403486,0,0
010102,ASUNCION,CHACHAPOYAS,AMAZONAS,34.9,1.59,55,2848.6318537859,2500-3500,0,2493.01423487545,0,0
010103,BALSAS,CHACHAPOYAS,AMAZONAS,317.5,1.65,524,2323.20232690125,1500-2500,0,10582.3327787022,0,0
010104,CHETO,CHACHAPOYAS,AMAZONAS,70.4,10.21,719,2540.67948717949,2500-3500,0,6314.11637931035,0,0
010105,CHILIQUIN,CHACHAPOYAS,AMAZONAS,141.8,1.66,235,2651.19620253165,2500-3500,0,5285.37251655629,0,0
010106,CHUQUIBAMBA,CHACHAPOYAS,AMAZONAS,184,1.67,307,2769.87390029326,2500-3500,0,17329.1150895141,0,0
010107,GRANADA,CHACHAPOYAS,AMAZONAS,171.3,1.29,221,3385.00577124869,2500-3500,0,4838.1522556391,0,0
010108,HUANCAS,CHACHAPOYAS,AMAZONAS,46.3,1.47,68,2198.24758220503,1500-2500,0,13020.6673835126,0,0
010109,LA JALCA,CHACHAPOYAS,AMAZONAS,124.2,11.06,1374,2914.37726285301,2500-3500,0,34315.806127451,0,0
010110,LEIMEBAMBA,CHACHAPOYAS,AMAZONAS,381.1,4.7,1791,3361.56245572609,2500-3500,0,34194.0751625488,0,0
010111,LEVANTO,CHACHAPOYAS,AMAZONAS,74.9,3.04,228,2749.06714628297,2500-3500,0,7201.20685434517,0,0
010112,MAGDALENA,CHACHAPOYAS,AMAZONAS,135.6,3.14,426,2700.87826086957,2500-3500,0,8164,0,0
010113,MARISCAL CASTILLA,CHACHAPOYAS,AMAZONAS,78.9,10.42,822,2896.15603644647,2500-3500,0,13996.7226277372,0,0
010114,MOLINOPAMPA,CHACHAPOYAS,AMAZONAS,340.6,3.9,1328,2765.85574377978,2500-3500,0,20316.2508710801,0,0
010115,MONTEVIDEO,CHACHAPOYAS,AMAZONAS,123.1,7.55,929,2842.79441997063,2500-3500,0,4371.50894632207,0,0
010116,OLLEROS,CHACHAPOYAS,AMAZONAS,106.9,1.19,127,3155.68776371308,2500-3500,0,3918.11421911422,0,0
010117,QUINJALCA,CHACHAPOYAS,AMAZONAS,82.6,1.53,126,3086.92122538293,2500-3500,0,7102.17843866171,0,0
010118,SAN FRANCISCO DE DAGUAS,CHACHAPOYAS,AMAZONAS,40.4,5.23,211,2337.13199105145,1500-2500,0,2933.01238390093,0,0
010119,SAN ISIDRO DE MAINO,CHACHAPOYAS,AMAZONAS,108.1,5.39,583,2850.14808652246,2500-3500,0,5291.13522537563,0,0
010120,SOLOCO,CHACHAPOYAS,AMAZONAS,74.8,4.39,328,2929.03631961259,2500-3500,0,11307.1532447224,0,0
010121,SONCHE,CHACHAPOYAS,AMAZONAS,120.3,1.82,219,2397.8475975976,1500-2500,0,2504.05839416058,0,0
010201,BAGUA,BAGUA,AMAZONAS,133.4,2.35,313,595.298293515358,500-1500,0,270281.673527421,0,0
010202,ARAMANGO,BAGUA,AMAZONAS,773.8,7.76,6005,1267.22314242389,500-1500,0,90225.4450485437,0,0
010203,COPALLIN,BAGUA,AMAZONAS,99.2,1.84,183,1312.967063129,500-1500,0,41026.8109463129,0,0
010204,EL PARCO,BAGUA,AMAZONAS,18.2,3.59,65,654.71921182266,500-1500,0,11476.0030959752,0,0
010205,IMAZA,BAGUA,AMAZONAS,4597.4,13.04,59950,910.60088901127,500-1500,0,292175.340702875,0,0
010206,LA PECA,BAGUA,AMAZONAS,138.5,3.59,497,1075.93342036554,500-1500,0,58169.9175086714,0,0
010301,JUMBILLA,BONGARA,AMAZONAS,158.9,4.33,688,2682.70821529745,2500-3500,0,11740.2666174298,0,0
010302,CHISQUILLA,BONGARA,AMAZONAS,162,1.19,193,2827.56385945343,2500-3500,0,2840.01246105919,0,0
010303,CHURUJA,BONGARA,AMAZONAS,31.9,1.38,44,2215.20168067227,1500-2500,0,2672.01328903655,0,0
010304,COROSHA,BONGARA,AMAZONAS,64.3,3.29,212,2379.76083916084,1500-2500,0,7468.0989010989,0,0
010305,CUISPES,BONGARA,AMAZONAS,96.6,3.2,309,2227.66478873239,1500-2500,0,6039.09221902017,0,0
010306,FLORIDA,BONGARA,AMAZONAS,222.4,1.64,365,2393.74684574685,1500-2500,1,57179.0126384772,17.4889343809179,304.41400304414
010307,JAZAN,BONGARA,AMAZONAS,75.9,0.76,58,1930.5531660693,1500-2500,0,70430.210282712,0,0
010308,RECTA,BONGARA,AMAZONAS,28.1,1.18,33,2476.30769230769,1500-2500,0,1935.00456621005,0,0
010309,SAN CARLOS,BONGARA,AMAZONAS,112.6,0.44,50,2699.51768488746,2500-3500,0,5069.4785046729,0,0
010310,SHIPASBAMBA,BONGARA,AMAZONAS,125.6,4.51,566,2074.09025787966,1500-2500,0,15221.4082125604,0,0
010311,VALERA,BONGARA,AMAZONAS,78.1,1.02,80,2219.92413793103,1500-2500,0,7260.03686635945,0,0
010312,YAMBRASBAMBA,BONGARA,AMAZONAS,1682.2,5.85,9841,1769.69226643784,1500-2500,0,51146.1656325405,0,0
010401,NIEVA,CONDORCANQUI,AMAZONAS,4190,17.73,74289,504.652587527234,500-1500,0,184169.214939965,0,0
010402,EL CENEPA,CONDORCANQUI,AMAZONAS,5623.5,13.2,74230,952.011351560236,500-1500,0,114845.030295587,0,0
010403,RIO SANTIAGO,CONDORCANQUI,AMAZONAS,8088.7,18.93,153119,543.501526691944,500-1500,0,163986.904976344,0,0
010501,LAMUD,LUYA,AMAZONAS,73.2,1.07,78,2462.1157635468,1500-2500,0,21134.0016799664,0,0
010502,CAMPORREDONDO,LUYA,AMAZONAS,219.3,2.13,467,1687.68213552361,1500-2500,0,67867.6007814605,0,0
010503,COCABAMBA,LUYA,AMAZONAS,341.6,3.84,1312,2232.13280632411,1500-2500,0,18043.1745647969,0,0
010504,COLCAMAR,LUYA,AMAZONAS,107.8,2.71,292,2822.91122278057,2500-3500,0,16908.6562025317,0,0
010505,CONILA,LUYA,AMAZONAS,249.2,1.82,454,2526.51559100798,2500-3500,0,17004.0624033007,0,0
010506,INGUILPATA,LUYA,AMAZONAS,118.7,2.35,279,2719.24658573596,2500-3500,0,4210.44820717132,0,0
010507,LONGUITA,LUYA,AMAZONAS,58.8,2.68,158,3192.93663060278,2500-3500,0,7808.0403587444,0,0
010508,LONYA CHICO,LUYA,AMAZONAS,69.6,2.17,151,2635.02310654686,2500-3500,0,7510.25684931507,0,0
010509,LUYA,LUYA,AMAZONAS,83.1,1.4,116,2454.80479825518,1500-2500,0,36564.0154626721,0,0
010510,LUYA VIEJO,LUYA,AMAZONAS,67.9,1.19,81,2566.40933333333,2500-3500,0,3593.00245700246,0,0
010511,MARIA,LUYA,AMAZONAS,87.8,3.45,303,3174.84804928131,2500-3500,0,6841.06242038217,0,0
010512,OCALLI,LUYA,AMAZONAS,172.3,3.16,544,2046.7338920901,1500-2500,0,35516.1015486164,0,0
010513,OCUMAL,LUYA,AMAZONAS,364.5,3.4,1239,2054.45474777448,1500-2500,0,32925.026780932,0,0
010514,PISUQUIA,LUYA,AMAZONAS,291.3,3.24,944,2378.49040841584,1500-2500,0,44860.2390243902,0,0
010515,PROVIDENCIA,LUYA,AMAZONAS,116.7,3.39,396,1663.71284829721,1500-2500,0,12296.0350250179,0,0
010516,SAN CRISTOBAL,LUYA,AMAZONAS,35.6,0.49,17,2394.57760814249,1500-2500,0,4802.30017761989,0,0
010517,SAN FRANCISCO DEL YESO,LUYA,AMAZONAS,182,2.24,408,2902.09500247402,2500-3500,0,6462.04871447903,0,0
010518,SAN JERONIMO,LUYA,AMAZONAS,208.2,1.4,291,2210.00519031142,1500-2500,0,5364.82015503876,0,0
010519,SAN JUAN DE LOPECANCHA,LUYA,AMAZONAS,86.4,3.38,292,2623.83975026015,2500-3500,0,3791.14382022472,0,0
010520,SANTA CATALINA,LUYA,AMAZONAS,165,2.09,345,2288.23262178435,1500-2500,0,19402.6130558184,0,0
010521,SANTO TOMAS,LUYA,AMAZONAS,90.1,4.67,421,2944.78863409771,2500-3500,0,26917.7678285897,0,0
010522,TINGO,LUYA,AMAZONAS,109.2,1.93,211,2678.35767022149,2500-3500,0,12364.1053401609,0,0
010523,TRITA,LUYA,AMAZONAS,14,1.29,18,2891.89937106918,2500-3500,0,13073.099378882,0,0
010601,SAN NICOLAS,RODRIGUEZ DE MENDOZA,AMAZONAS,102.2,3.93,402,2165.34628975265,1500-2500,0,58459.2880137522,0,0
010602,CHIRIMOTO,RODRIGUEZ DE MENDOZA,AMAZONAS,153.9,10.13,1559,1945.83576004659,1500-2500,0,25862.6423722758,0,0
010603,COCHAMAL,RODRIGUEZ DE MENDOZA,AMAZONAS,180.9,23.67,4282,2388.09625935162,1500-2500,0,5732.03949447077,0,0
010604,HUAMBO,RODRIGUEZ DE MENDOZA,AMAZONAS,77.7,8.3,645,1771.79558652729,1500-2500,0,23174.9184423218,0,0
010605,LIMABAMBA,RODRIGUEZ DE MENDOZA,AMAZONAS,615.2,11.49,7069,2254.45475841874,1500-2500,0,21353.2742393509,0,0
010606,LONGAR,RODRIGUEZ DE MENDOZA,AMAZONAS,82.3,9.89,814,2198.30174291939,1500-2500,0,14754.0999408634,0,0
010607,MARISCAL BENAVIDES,RODRIGUEZ DE MENDOZA,AMAZONAS,202.7,1.8,365,2420.40586145648,1500-2500,0,13752.0025542784,0,0
010608,MILPUC,RODRIGUEZ DE MENDOZA,AMAZONAS,43,8.29,356,1775.73319327731,1500-2500,0,3788.82232346242,0,0
010609,OMIA,RODRIGUEZ DE MENDOZA,AMAZONAS,225.3,3.65,822,2143.90079681275,1500-2500,0,90161.2420142421,0,0
010610,SANTA ROSA,RODRIGUEZ DE MENDOZA,AMAZONAS,20.2,6.8,137,1921.86666666667,1500-2500,0,4768.02996254682,0,0
010611,TOTORA,RODRIGUEZ DE MENDOZA,AMAZONAS,19.5,8.35,163,1812.53271028037,1500-2500,0,2594.03103448276,0,0
010612,VISTA ALEGRE,RODRIGUEZ DE MENDOZA,AMAZONAS,862,9.31,8025,2334.15945211209,1500-2500,0,38115.941662227,0,0
010701,BAGUA GRANDE,UTCUBAMBA,AMAZONAS,729.5,1.34,978,1301.7112789402,500-1500,0,523707.752067419,0,0
010702,CAJARURO,UTCUBAMBA,AMAZONAS,1802.9,2.63,4742,1843.71266843661,1500-2500,0,217325.645720739,0,0
010703,CUMBA,UTCUBAMBA,AMAZONAS,301.8,2.13,643,1240.00418785522,500-1500,0,77977.1234833881,0,0
010704,EL MILAGRO,UTCUBAMBA,AMAZONAS,308,0.44,136,682.884401521803,500-1500,0,58577.3710400247,0,0
010705,JAMALCA,UTCUBAMBA,AMAZONAS,351.2,2.26,794,1718.93626317142,1500-2500,0,64168.1590315037,0,0
010706,LONYA GRANDE,UTCUBAMBA,AMAZONAS,365.1,1.43,522,1691.30029658922,1500-2500,0,102366.958862458,0,0
010707,YAMON,UTCUBAMBA,AMAZONAS,135.7,1.37,186,1434.17131474104,500-1500,0,29196.0444170265,0,0
020101,HUARAZ,HUARAZ,ANCASH,423.1,3.58,1515,4156.67878275571,>3500,1,618813.185899908,1.61599659280975,73.3406674000733
020102,COCHABAMBA,HUARAZ,ANCASH,138.5,0,0,3010.10200129116,2500-3500,0,15228.2809053976,0,
020103,COLCABAMBA,HUARAZ,ANCASH,52.1,0,0,2477.98797250859,1500-2500,0,2449.50511945393,0,
020104,HUANCHAY,HUARAZ,ANCASH,209.2,0.61,128,2967.54997854998,2500-3500,0,14804.8105387803,0,0
020105,INDEPENDENCIA,HUARAZ,ANCASH,345.9,3.97,1373,4146.15994832041,>3500,1,796360.023289494,1.25571345968541,80.9257910496075
020106,JANGAS,HUARAZ,ANCASH,62.3,4.75,296,3776.64511494253,>3500,0,46951.3086804204,0,0
020107,LA LIBERTAD,HUARAZ,ANCASH,148.6,0.5,74,3987.09429429429,>3500,0,9956.08912655971,0,0
020108,OLLEROS,HUARAZ,ANCASH,231,6.66,1538,4364.68151879117,>3500,1,22508.0003977725,44.4286468068024,72.2438953908395
020109,PAMPAS GRANDE,HUARAZ,ANCASH,352.3,0,0,2014.71548011148,1500-2500,0,8943.39215686275,0,
020110,PARIACOTO,HUARAZ,ANCASH,168.4,0.91,153,3223.78427205101,2500-3500,0,47255.3993802053,0,0
020111,PIRA,HUARAZ,ANCASH,261.6,1.51,395,3998.19821978774,>3500,0,31309.0920977828,0,0
020112,TARICA,HUARAZ,ANCASH,117.3,3.6,422,4218.85049580473,>3500,0,68866.8966880196,0,0
020201,AIJA,AIJA,ANCASH,162.6,1.58,257,4162.52637362637,>3500,0,19531.1328735632,0,0
020202,CORIS,AIJA,ANCASH,259.4,0,0,2718.52012383901,2500-3500,0,14193.5347593583,0,
020203,HUACLLAN,AIJA,ANCASH,40,0.51,20,3559,>3500,0,3065.38814016173,0,0
020204,LA MERCED,AIJA,ANCASH,156.9,0,0,4112.57939669892,>3500,0,13232.8537825811,0,
020205,SUCCHA,AIJA,ANCASH,77.5,0.41,32,3746.82122260669,>3500,0,6420.1948579161,0,0
020301,LLAMELLIN,ANTONIO RAYMONDI,ANCASH,95.4,1.21,115,3172.7476635514,2500-3500,0,30162.1404526988,0,0
020302,ACZO,ANTONIO RAYMONDI,ANCASH,65.5,1.61,105,2966.88027210884,2500-3500,0,17031.3143863179,0,0
020303,CHACCHO,ANTONIO RAYMONDI,ANCASH,72,2.77,199,3036.74225526642,2500-3500,0,11882.9357400722,0,0
020304,CHINGAS,ANTONIO RAYMONDI,ANCASH,50.5,0,0,3314.96256684492,2500-3500,0,16743.0081799591,0,
020305,MIRGAS,ANTONIO RAYMONDI,ANCASH,172.2,0.92,158,3983.83428571429,>3500,0,36518.0657644824,0,0
020306,SAN JUAN DE RONTOY,ANTONIO RAYMONDI,ANCASH,102,0.92,94,4076.27464788732,>3500,0,10173.617273497,0,0
020401,CHACAS,ASUNCION,ANCASH,451.6,1.76,795,4360.37428175154,>3500,0,42303.1510880829,0,0
020402,ACOCHACA,ASUNCION,ANCASH,76.6,2.1,161,3729.89614935823,>3500,0,25603.7412751678,0,0
020501,CHIQUIAN,BOLOGNESI,ANCASH,185.9,0.84,156,3833.10882070949,>3500,0,35952.0021978022,0,0
020502,ABELARDO PARDO LEZAMETA,BOLOGNESI,ANCASH,11.9,0.83,10,2495.4552238806,1500-2500,0,1944.4025974026,0,0
020503,ANTONIO RAYMONDI,BOLOGNESI,ANCASH,122,0,0,2359.69106881406,1500-2500,0,8794.13926499033,0,
020504,AQUIA,BOLOGNESI,ANCASH,437.1,3.3,1442,4495.79840686275,>3500,0,17918.265917603,0,0
020505,CAJACAY,BOLOGNESI,ANCASH,185.3,1.25,232,4051.31370656371,>3500,0,16896.1745689655,0,0
020506,CANIS,BOLOGNESI,ANCASH,20.7,1.07,22,3229.3347639485,2500-3500,0,2403.3422818792,0,0
020507,COLQUIOC,BOLOGNESI,ANCASH,305.4,0.37,113,1694.38817330211,1500-2500,0,20236.9584026622,0,0
020508,HUALLANCA,BOLOGNESI,ANCASH,818.2,4.84,3960,4262.08557083606,>3500,0,57549.0709531014,0,0
020509,HUASTA,BOLOGNESI,ANCASH,389.9,2.6,1014,4196.29449394563,>3500,0,11553.09375,0,0
020510,HUAYLLACAYAN,BOLOGNESI,ANCASH,117.6,1.03,121,3834.23489425982,>3500,0,11692.0595150625,0,0
020511,LA PRIMAVERA,BOLOGNESI,ANCASH,62.5,1.66,104,3299.35959885387,2500-3500,0,3762.49126637555,0,0
020512,MANGAS,BOLOGNESI,ANCASH,126.1,0.62,78,3492.26148409894,2500-3500,0,4440.03076923077,0,0
020513,PACLLON,BOLOGNESI,ANCASH,210.7,2.23,470,4253.52933673469,>3500,0,7530.74863387978,0,0
020514,SAN MIGUEL DE CORPANQUI,BOLOGNESI,ANCASH,42.7,1.24,53,3786.82045929019,>3500,0,4059.7337398374,0,0
020515,TICLLOS,BOLOGNESI,ANCASH,92.6,2.37,219,3927.22661523626,>3500,0,5453.73780487805,0,0
020601,CARHUAZ,CARHUAZ,ANCASH,195.6,3.95,773,3832.54130534003,>3500,1,150062.084063794,6.66390851652364,143.740117866897
020602,ACOPAMPA,CARHUAZ,ANCASH,14.6,3.31,48,2962.40490797546,2500-3500,0,25106.4176300578,0,0
020603,AMASHCA,CARHUAZ,ANCASH,13.2,2.81,37,3164.64189189189,2500-3500,0,13483.0235448005,0,0
020604,ANTA,CARHUAZ,ANCASH,43.3,0.93,40,3601.36875,>3500,0,23331.2621170997,0,0
020605,ATAQUERO,CARHUAZ,ANCASH,46.4,2.92,135,3736.48850574713,>3500,0,14556.121966397,0,0
020606,MARCARA,CARHUAZ,ANCASH,177.2,2.45,434,4110.26861167002,>3500,0,97664.3637307656,0,0
020607,PARIAHUANCA,CARHUAZ,ANCASH,11.9,4.75,57,3059.33834586466,2500-3500,0,13069.0006858711,0,0
020608,SAN MIGUEL DE ACO,CARHUAZ,ANCASH,123,3.36,413,4529.51233671988,>3500,0,22468.0035928144,0,0
020609,SHILLA,CARHUAZ,ANCASH,127.9,2.57,329,4444.92842105263,>3500,0,26161.1226639484,0,0
020610,TINCO,CARHUAZ,ANCASH,15.8,3.63,57,2803.91954022989,2500-3500,0,35147.1919004764,0,0
020611,YUNGAR,CARHUAZ,ANCASH,45.3,5.16,234,3786.99015748032,>3500,0,29569.134533252,0,0
020701,SAN LUIS,CARLOS FERMIN FITZCARRALD,ANCASH,247.6,1.84,456,3703.50778703368,>3500,0,98075.1735077971,0,0
020702,SAN NICOLAS,CARLOS FERMIN FITZCARRALD,ANCASH,205,4.57,937,3263.89379370629,2500-3500,0,28311.4875076173,0,0
020703,YAUYA,CARLOS FERMIN FITZCARRALD,ANCASH,174.8,2.8,489,3580.2841781874,>3500,1,36495.0544984731,27.4009729192715,227.221086116792
020801,CASMA,CASMA,ANCASH,1210.5,0.15,182,396.633259423503,0-500,0,370097.839255715,0,0
020802,BUENA VISTA ALTA,CASMA,ANCASH,481.5,0.73,351,899.9715295869,500-1500,0,49549.1516300227,0,0
020803,COMANDANTE NOEL,CASMA,ANCASH,219.1,0,0,132.914554374489,0-500,0,21103.4708171206,0,
020804,YAUTAN,CASMA,ANCASH,366,0.24,88,1210.20517199317,500-1500,0,83068.8794712286,0,0
020901,CORONGO,CORONGO,ANCASH,151.9,0,0,3431.60695344726,2500-3500,0,16137.0050223214,0,
020902,ACO,CORONGO,ANCASH,57.6,1.2,69,3650.77399380805,>3500,0,3265.2557544757,0,0
020903,BAMBAS,CORONGO,ANCASH,154.1,0,0,2701.23018648019,2500-3500,0,4188,0,
020904,CUSCA,CORONGO,ANCASH,426.6,0.93,397,3985.3167192429,>3500,0,25963.1127348643,0,0
020905,LA PAMPA,CORONGO,ANCASH,94.8,0.93,88,2499.04829545455,1500-2500,0,9443.0147601476,0,0
020906,YANAC,CORONGO,ANCASH,46.9,1,47,3502.61523809524,>3500,0,5799.02380952381,0,0
020907,YUPAN,CORONGO,ANCASH,85.1,0.51,43,2444.87526427061,1500-2500,0,6446,0,0
021001,HUARI,HUARI,ANCASH,399.9,3.74,1496,4086.71310375671,>3500,0,88025.0637364879,0,0
021002,ANRA,HUARI,ANCASH,80.7,0,0,3782.10497237569,>3500,0,12523.3991683992,0,
021003,CAJAY,HUARI,ANCASH,165.5,4.04,669,3974.97297297297,>3500,0,23876.1639405204,0,0
021004,CHAVIN DE HUANTAR,HUARI,ANCASH,419.7,3.17,1330,4318.79140973846,>3500,0,76341.1128331572,0,0
021005,HUACACHI,HUARI,ANCASH,89.1,1.66,148,3822.82110552764,>3500,0,16611.1740064447,0,0
021006,HUACCHIS,HUARI,ANCASH,76.3,0.84,64,3567.69033760186,>3500,0,12327.2199170124,0,0
021007,HUACHIS,HUARI,ANCASH,152.1,3.64,554,3757.56315789474,>3500,0,32548.0135960044,0,0
021008,HUANTAR,HUARI,ANCASH,161.9,2.28,369,4139.44991698949,>3500,0,24722.0708092486,0,0
021009,MASIN,HUARI,ANCASH,75.3,3.93,296,3465.97976190476,2500-3500,0,11991.0306923626,0,0
021010,PAUCAS,HUARI,ANCASH,139,1.01,140,3532.85419354839,>3500,0,13844.6002498439,0,0
021011,PONTO,HUARI,ANCASH,119.1,3.21,382,3664.50489089541,>3500,0,24200.8284789644,0,0
021012,RAHUAPAMPA,HUARI,ANCASH,9.6,6.72,65,2805.36893203884,2500-3500,0,6835.00532623169,0,0
021013,RAPAYAN,HUARI,ANCASH,145.5,0.42,61,3766.70620774431,>3500,0,13024.1948752529,0,0
021014,SAN MARCOS,HUARI,ANCASH,561.8,5.81,3264,4256.50525143221,>3500,3,176063.03874092,17.0393514814575,102.124183006536
021015,SAN PEDRO DE CHANA,HUARI,ANCASH,144,3.61,520,4025.57747355321,>3500,0,24410.0237476809,0,0
021016,UCO,HUARI,ANCASH,51.9,0.42,22,3234.57731958763,2500-3500,0,11483.7716654107,0,0
021101,HUARMEY,HUARMEY,ANCASH,2913.9,0.17,495,747.282261029412,500-1500,0,245625.025521693,0,0
021102,COCHAPETI,HUARMEY,ANCASH,98.6,0,0,2512.53079710145,2500-3500,0,7203.00487804878,0,
021103,CULEBRAS,HUARMEY,ANCASH,631.6,0,0,481.244507441531,0-500,0,30611.3027794205,0,
021104,HUAYAN,HUARMEY,ANCASH,113.3,0,0,2314.22213500785,1500-2500,0,8614.02574665294,0,
021105,MALVAS,HUARMEY,ANCASH,167.9,0,0,3099.7670212766,2500-3500,0,6834.36956521739,0,
021201,CARAZ,HUAYLAS,ANCASH,244.2,0.42,103,3689.87015362107,>3500,0,242616.753253572,0,0
021202,HUALLANCA,HUAYLAS,ANCASH,195.5,0.41,80,2443.72935779817,1500-2500,0,10044.2335766423,0,0
021203,HUATA,HUAYLAS,ANCASH,69.6,0,0,3412.00897435897,2500-3500,0,12516.0858156028,0,
021204,HUAYLAS,HUAYLAS,ANCASH,54.1,1.03,56,3280.03125,2500-3500,0,15240.058411215,0,0
021205,MATO,HUAYLAS,ANCASH,106,1.34,142,3387.36510638298,2500-3500,0,17429.0126454224,0,0
021206,PAMPAROMAS,HUAYLAS,ANCASH,501,0.37,185,3532.61896243292,>3500,0,77084.0728693016,0,0
021207,PUEBLO LIBRE,HUAYLAS,ANCASH,127.4,0,0,3452.23545900491,2500-3500,0,62857.120487106,0,
021208,SANTA CRUZ,HUAYLAS,ANCASH,359.9,0.65,234,4202.78740353498,>3500,0,41217.0078158923,0,0
021209,SANTO TORIBIO,HUAYLAS,ANCASH,84.5,1.42,120,3827.35812964931,>3500,0,9798.32434860737,0,0
021210,YURACMARCA,HUAYLAS,ANCASH,548,0.79,433,4046.85049942689,>3500,0,19846.6335030079,0,0
021301,PISCOBAMBA,MARISCAL LUZURIAGA,ANCASH,45.8,5.14,235,3355.39571150097,2500-3500,0,27789.2140595314,0,0
021302,CASCA,MARISCAL LUZURIAGA,ANCASH,76,3.66,278,3586.81323877069,>3500,0,35344.0247770069,0,0
021303,ELEAZAR GUZMAN BARRON,MARISCAL LUZURIAGA,ANCASH,98.5,0.51,50,3017.70407239819,2500-3500,0,12495.0856334041,0,0
021304,FIDEL OLIVAS ESCUDERO,MARISCAL LUZURIAGA,ANCASH,213.7,2.36,504,3240.80360134003,2500-3500,0,17217.1607142857,0,0
021305,LLAMA,MARISCAL LUZURIAGA,ANCASH,49.1,2.21,109,3167.63003663004,2500-3500,0,8928.50865384615,0,0
021306,LLUMPA,MARISCAL LUZURIAGA,ANCASH,139.2,0.42,58,3645.10826393338,>3500,0,57122.2416587226,0,0
021307,LUCMA,MARISCAL LUZURIAGA,ANCASH,75.3,0.86,65,3679.32142857143,>3500,0,25291.0884588804,0,0
021308,MUSGA,MARISCAL LUZURIAGA,ANCASH,38.9,2.21,86,3284.10933940775,2500-3500,0,9004.00096153846,0,0
021401,OCROS,OCROS,ANCASH,226.4,0.5,113,3899.71187106918,>3500,0,11123.1129411765,0,0
021402,ACAS,OCROS,ANCASH,255.1,0.41,105,2527.36013986014,2500-3500,0,5618.20899854862,0,0
021403,CAJAMARQUILLA,OCROS,ANCASH,78.7,1.33,105,4122.72985244041,>3500,0,2569.39413680782,0,0
021404,CARHUAPAMPA,OCROS,ANCASH,106.6,0,0,2596.31825795645,2500-3500,0,3792.85287846482,0,
021405,COCHAS,OCROS,ANCASH,411.5,0,0,1210,500-1500,0,14111.208628461,0,
021406,CONGAS,OCROS,ANCASH,109.1,0,0,3727.18989405053,>3500,0,11541.012185834,0,
021407,LLIPA,OCROS,ANCASH,31.5,0.91,29,3274.65352112676,2500-3500,0,2188.61003861004,0,0
021408,SAN CRISTOBAL DE RAJAN,OCROS,ANCASH,70.7,0.3,21,3471.95460277428,2500-3500,0,3600.26948775056,0,0
021409,SAN PEDRO,OCROS,ANCASH,534.9,0.2,107,1495.72253661784,500-1500,0,4617.21585160202,0,0
021410,SANTIAGO DE CHILCAS,OCROS,ANCASH,88.8,0,0,3512.98592964824,>3500,0,4108.00884955752,0,
021501,CABANA,PALLASCA,ANCASH,144.9,1.7,246,3867.2504649721,>3500,0,22852.0463957055,0,0
021502,BOLOGNESI,PALLASCA,ANCASH,82,1.02,84,2436.34754098361,1500-2500,0,8852.46404602109,0,0
021503,CONCHUCOS,PALLASCA,ANCASH,580.3,2.17,1259,3820.13211633663,>3500,0,69606.0005078075,0,0
021504,HUACASCHUQUE,PALLASCA,ANCASH,13.6,1.25,17,3246.43708609272,2500-3500,0,4652.14917127072,0,0
021505,HUANDOVAL,PALLASCA,ANCASH,115.7,3.13,362,3817.76607281177,>3500,0,9572.00827966881,0,0
021506,LACABAMBA,PALLASCA,ANCASH,63.6,2.07,132,3676.37552742616,>3500,0,4522.15340909091,0,0
021507,LLAPO,PALLASCA,ANCASH,29.3,0.49,14,3404.85582822086,2500-3500,0,5512.02543720191,0,0
021508,PALLASCA,PALLASCA,ANCASH,110.5,0.44,49,2800.69419460343,2500-3500,0,22304.0063266113,0,0
021509,PAMPAS,PALLASCA,ANCASH,440.6,0.96,423,3802.24546011018,>3500,0,31512.5609943619,0,0
021510,SANTA ROSA,PALLASCA,ANCASH,290.7,0,0,2110.98394070414,1500-2500,0,10189.0034843206,0,
021511,TAUCA,PALLASCA,ANCASH,199.2,2.13,424,2933.12601626016,2500-3500,0,24622.2765432099,0,0
021601,POMABAMBA,POMABAMBA,ANCASH,344.4,3.06,1054,3885.07696307852,>3500,0,133219.147976956,0,0
021602,HUAYLLAN,POMABAMBA,ANCASH,88.9,2.7,240,3712.81937436932,>3500,0,26777.4188752424,0,0
021603,PAROBAMBA,POMABAMBA,ANCASH,339.1,2.94,997,3135.13417855256,2500-3500,0,56351.045128045,0,0
021604,QUINUABAMBA,POMABAMBA,ANCASH,149.8,2.69,403,3199.09934171155,2500-3500,0,20557.0209940017,0,0
021701,RECUAY,RECUAY,ANCASH,149.5,7.3,1091,3980.95937873357,>3500,0,39765.2991042167,0,0
021702,CATAC,RECUAY,ANCASH,1025.4,5.47,5609,4326.73702994429,>3500,1,35944.000982801,27.8210542137058,19.8094332521147
021703,COTAPARACO,RECUAY,ANCASH,175.2,0,0,4121.9887697805,>3500,0,3391.47921760391,0,
021704,HUAYLLAPAMPA,RECUAY,ANCASH,111.1,0.76,84,3471.18921095008,2500-3500,0,4914.88273615635,0,0
021705,LLACLLIN,RECUAY,ANCASH,96,0.31,30,2655.21819870009,2500-3500,0,7331.45128779395,0,0
021706,MARCA,RECUAY,ANCASH,182.7,0,0,3525.77647632992,>3500,0,17887.9202387412,0,
021707,PAMPAS CHICO,RECUAY,ANCASH,104.8,2.59,271,3971.27133105802,>3500,0,7277.34850166482,0,0
021708,PARARIN,RECUAY,ANCASH,259.3,0,0,2423.28862068966,1500-2500,0,15561.0493753718,0,
021709,TAPACOCHA,RECUAY,ANCASH,78.3,3.55,278,3968.38907849829,>3500,0,3773.11136363636,0,0
021710,TICAPAMPA,RECUAY,ANCASH,146.3,11.03,1614,4183.00915750916,>3500,0,24684.229273661,0,0
021801,CHIMBOTE,SANTA,ANCASH,1448.9,0,0,721.057112802426,500-1500,0,1942694.71600316,0,
021802,CACERES DEL PERU,SANTA,ANCASH,529.2,0,0,2852.70845332882,2500-3500,0,42698.0008285004,0,
021803,COISHCO,SANTA,ANCASH,8.5,0,0,129.118279569892,0-500,0,156931.049025296,0,
021804,MACATE,SANTA,ANCASH,588.1,0,0,2543.58822632301,2500-3500,0,28780.2898944193,0,
021805,MORO,SANTA,ANCASH,357.7,0,0,1213.07525,500-1500,0,78091.8807136194,0,
021806,NEPEÑA,SANTA,ANCASH,458,0,0,491.064749608764,0-500,0,133113.348595849,0,
021807,SAMANCO,SANTA,ANCASH,149.7,0.72,108,100.881508078995,0-500,0,47301.2322090076,0,0
021808,SANTA,SANTA,ANCASH,41,0,0,53.2175824175824,0-500,0,205693.971855049,0,
021809,NUEVO CHIMBOTE,SANTA,ANCASH,401.9,0,0,266.467008470798,0-500,0,1652321.2386126,0,
021901,SIHUAS,SIHUAS,ANCASH,46.1,0.66,30,3322.91535433071,2500-3500,0,51308.1190560057,0,0
021902,ACOBAMBA,SIHUAS,ANCASH,150.5,3.22,485,2871.37253731343,2500-3500,0,14379.2893006575,0,0
021903,ALFONSO UGARTE,SIHUAS,ANCASH,89.2,3.18,284,3149.4248496994,2500-3500,0,4395.9046728972,0,0
021904,CASHAPAMPA,SIHUAS,ANCASH,69.7,0,0,3641.19691119691,>3500,0,25993.000338524,0,
021905,CHINGALPO,SIHUAS,ANCASH,173.7,2.9,504,3744.67028423773,>3500,0,7976.2100750268,0,0
021906,HUAYLLABAMBA,SIHUAS,ANCASH,276.9,1.36,377,3519.83570504528,>3500,0,32438.2248663102,0,0
021907,QUICHES,SIHUAS,ANCASH,148.4,2.3,341,2916.4691283293,2500-3500,1,21027.2178747941,47.55740897129,325.839035516455
021908,RAGASH,SIHUAS,ANCASH,209.1,1.67,349,3984.29474583511,>3500,0,21065.1644736842,0,0
021909,SAN JUAN,SIHUAS,ANCASH,211.6,3.14,664,3635.09279661017,>3500,0,62171.5962154294,0,0
021910,SICSIBAMBA,SIHUAS,ANCASH,82.5,0.84,69,3245.33698030635,2500-3500,0,13070.4082299151,0,0
022001,YUNGAY,YUNGAY,ANCASH,273.6,1.1,301,4066.68415874057,>3500,0,201945.71385297,0,0
022002,CASCAPARA,YUNGAY,ANCASH,137.2,1.41,193,4016.04970568999,>3500,0,15003.2805797102,0,0
022003,MANCOS,YUNGAY,ANCASH,63,2.27,143,3337.15254237288,2500-3500,0,61498.0005793743,0,0
022004,MATACOTO,YUNGAY,ANCASH,47.1,1.59,75,3020.30608365019,2500-3500,0,13774.0421329822,0,0
022005,QUILLO,YUNGAY,ANCASH,371.4,1.32,490,3205.23684210526,2500-3500,0,118589.159399188,0,0
022006,RANRAHIRCA,YUNGAY,ANCASH,21.7,1.65,36,2954.60245901639,2500-3500,0,26685.135501355,0,0
022007,SHUPLUY,YUNGAY,ANCASH,166.8,2.57,429,4034.77382875606,>3500,0,16835.2738095238,0,0
022008,YANAMA,YUNGAY,ANCASH,284.1,1.76,500,4058.9419924338,>3500,0,47104.8628560993,0,0
030101,ABANCAY,ABANCAY,APURIMAC,286.7,3.39,972,3393.45789797173,2500-3500,0,691776.581831551,0,0
030102,CHACOCHE,ABANCAY,APURIMAC,176.9,14.8,2618,3972.87930174564,>3500,0,12949.1578947368,0,0
030103,CIRCA,ABANCAY,APURIMAC,634.6,10.89,6911,3910.54531596452,>3500,0,16477.1213566508,0,0
030104,CURAHUASI,ABANCAY,APURIMAC,860.4,8.71,7494,3537.00573417981,>3500,1,153902.004729375,6.49764115651662,14.8266761557394
030105,HUANIPACA,ABANCAY,APURIMAC,427.3,3.51,1500,2970.92911601072,2500-3500,0,23981.4875690608,0,0
030106,LAMBRAMA,ABANCAY,APURIMAC,525.9,6.38,3355,3757.24004017409,>3500,0,24181.5428377921,0,0
030107,PICHIRHUA,ABANCAY,APURIMAC,373.9,5.92,2213,3343.55662820815,2500-3500,0,23134.6010082823,0,0
030108,SAN PEDRO DE CACHORA,ABANCAY,APURIMAC,118,4.61,544,3138.58695652174,2500-3500,0,21649.1323987539,0,0
030109,TAMBURCO,ABANCAY,APURIMAC,54.6,3.61,197,3768.69789983845,>3500,0,109759.857680408,0,0
030201,ANDAHUAYLAS,ANDAHUAYLAS,APURIMAC,197.2,9.11,1796,3705.12042818912,>3500,0,422470.415072643,0,0
030202,ANDARAPA,ANDAHUAYLAS,APURIMAC,185.6,2.21,410,2686.16200852676,2500-3500,1,49266.9946949602,20.2975644484013,271.0027100271
030203,CHIARA,ANDAHUAYLAS,APURIMAC,146.7,9.5,1394,3750.68484122229,>3500,0,10757.1176470588,0,0
030204,HUANCARAMA,ANDAHUAYLAS,APURIMAC,156.3,3.24,506,3160.45188519978,2500-3500,1,43930.2457448843,22.7633600277879,219.587176108915
030205,HUANCARAY,ANDAHUAYLAS,APURIMAC,111.1,12.23,1359,3573.9809976247,>3500,0,34103.565829918,0,0
030206,HUAYANA,ANDAHUAYLAS,APURIMAC,95.3,20,1906,3675.10164835165,>3500,0,6578.33246753247,0,0
030207,KISHUARA,ANDAHUAYLAS,APURIMAC,309.1,4.78,1477,3684.37706788363,>3500,0,52905.6575232595,0,0
030208,PACOBAMBA,ANDAHUAYLAS,APURIMAC,259.4,4.09,1061,2715.29785787147,2500-3500,0,28733.5702694871,0,0
030209,PACUCHA,ANDAHUAYLAS,APURIMAC,170.7,4.65,794,3291.83453608247,2500-3500,1,73931.8059666432,13.5259782569248,139.938427092079
030210,PAMPACHIRI,ANDAHUAYLAS,APURIMAC,590.6,12.8,7560,4017.08659425681,>3500,0,20372.1923244658,0,0
030211,POMACOCHA,ANDAHUAYLAS,APURIMAC,122.8,15.81,1941,3951.94551971326,>3500,1,7929.05438401776,126.11844383558,57.2442612628084
030212,SAN ANTONIO DE CACHI,ANDAHUAYLAS,APURIMAC,178.5,23.09,4122,3255.65617314314,2500-3500,0,26807.1321003963,0,0
030213,SAN JERONIMO,ANDAHUAYLAS,APURIMAC,248.6,5.35,1330,3967.21635977337,>3500,0,201519.681978002,0,0
030214,SAN MIGUEL DE CHACCRAMPA,ANDAHUAYLAS,APURIMAC,84.9,15.08,1280,3445.34443288241,2500-3500,1,14661.1727435744,68.207367684026,86.8055555555556
030215,SANTA MARIA DE CHICMO,ANDAHUAYLAS,APURIMAC,156.1,8.9,1389,3693.28087986464,>3500,1,76292.7378372147,13.1074074459576,79.9936005119591
030216,TALAVERA,ANDAHUAYLAS,APURIMAC,158,7.02,1109,3242.2533557047,2500-3500,1,181912.070163868,5.49716134338525,100.190361687206
030217,TUMAY HUARACA,ANDAHUAYLAS,APURIMAC,453.4,14.65,6642,4070.46873184898,>3500,3,16979.2274368231,176.686484185603,50.1856870420556
030218,TURPO,ANDAHUAYLAS,APURIMAC,123.8,5.49,680,3727.41951566952,>3500,0,33298.2710428798,0,0
030219,KAQUIABAMBA,ANDAHUAYLAS,APURIMAC,112.1,5.78,648,2692.00787401575,2500-3500,0,15165.3324084351,0,0
030220,JOSE MARIA ARGUEDAS,ANDAHUAYLAS,APURIMAC,175.2,12.45,2181,4058.88861013547,>3500,0,43183.4000899079,0,0
030301,ANTABAMBA,ANTABAMBA,APURIMAC,602.9,11.04,6656,4513.89213973799,>3500,0,25006.2518134715,0,0
030302,EL ORO,ANTABAMBA,APURIMAC,66.6,17.21,1146,4091.60315374507,>3500,0,5399.06101694915,0,0
030303,HUAQUIRCA,ANTABAMBA,APURIMAC,351,12.51,4391,4317.076,>3500,2,18457.246882793,108.358522411299,50.6085680305676
030304,JUAN ESPINOZA MEDRANO,ANTABAMBA,APURIMAC,632.6,12.01,7598,4502.8364265928,>3500,0,15175.2268859898,0,0
030305,OROPESA,ANTABAMBA,APURIMAC,1171.7,12.65,14822,4571.05620082428,>3500,1,20566.0820083682,48.6237485386427,7.49636426333228
030306,PACHACONAS,ANTABAMBA,APURIMAC,229.3,13.89,3185,4046.10352760736,>3500,0,9446.05866177819,0,0
030307,SABAINO,ANTABAMBA,APURIMAC,176.6,12.22,2158,4011.24975173784,>3500,0,9422.7,0,0
030401,CHALHUANCA,AYMARAES,APURIMAC,339.1,13.7,4646,3864.44573944574,>3500,0,46610.3415956623,0,0
030402,CAPAYA,AYMARAES,APURIMAC,83.3,13.85,1154,3818.8253968254,>3500,0,5101.199669967,0,0
030403,CARAYBAMBA,AYMARAES,APURIMAC,230.3,15.19,3498,4264.6993513926,>3500,0,7871.76817702845,0,0
030404,CHAPIMARCA,AYMARAES,APURIMAC,204.1,13.92,2841,3562.85578992682,>3500,0,16584.3486333161,0,0
030405,COLCABAMBA,AYMARAES,APURIMAC,91.8,14.67,1347,3553.24042145594,>3500,0,6065.04993065187,0,0
030406,COTARUSE,AYMARAES,APURIMAC,1735.4,14.26,24747,4348.05867785303,>3500,1,21386.324865281,46.7588520374261,4.48988205079853
030407,IHUAYLLO,AYMARAES,APURIMAC,72.8,8.49,618,3377.60774818402,2500-3500,0,3959.36266094421,0,0
030408,JUSTO APU SAHUARAURA,AYMARAES,APURIMAC,101,14.32,1446,3446.49609035621,2500-3500,0,6305.70816599732,0,0
030409,LUCRE,AYMARAES,APURIMAC,103.8,12.11,1257,3790.27210884354,>3500,0,12695.0831185567,0,0
030410,POCOHUANCA,AYMARAES,APURIMAC,87.6,10.39,910,3693.25728643216,>3500,0,9125.11480075901,0,0
030411,SAN JUAN DE CHACÑA,AYMARAES,APURIMAC,96.2,13.7,1318,3913.29390354868,>3500,0,6616.15433673469,0,0
030412,SAÑAYCA,AYMARAES,APURIMAC,365.2,12.75,4656,4075.49472422062,>3500,0,9722.19788918206,0,0
030413,SORAYA,AYMARAES,APURIMAC,44.4,10.34,459,3553.66862745098,>3500,0,6251.02156334232,0,0
030414,TAPAIRIHUA,AYMARAES,APURIMAC,158.2,16.15,2555,3659.785,>3500,0,16651.2076843198,0,0
030415,TINTAY,AYMARAES,APURIMAC,142.4,15.28,2176,3305.54922600619,2500-3500,0,19209.5517241379,0,0
030416,TORAYA,AYMARAES,APURIMAC,168.6,16.02,2701,3720.65815528921,>3500,0,10734.8370484243,0,0
030417,YANACA,AYMARAES,APURIMAC,104.4,12.92,1349,3753.97051390059,>3500,0,8545.22365805169,0,0
030501,TAMBOBAMBA,COTABAMBAS,APURIMAC,715.1,11.12,7952,3923.49550547962,>3500,7,96045.0045303254,72.88249955561,97.8090766823161
030502,COTABAMBAS,COTABAMBAS,APURIMAC,327.4,4.73,1549,3587.58546433378,>3500,0,36271.1293714845,0,0
030503,COYLLURQUI,COTABAMBAS,APURIMAC,419.5,12.15,5097,3999.77551448971,>3500,3,60449.0042274053,49.6286090787235,65.3979465044798
030504,HAQUIRA,COTABAMBAS,APURIMAC,484.7,12.4,6010,4075.12977099237,>3500,4,86636.9171747967,46.1696945186737,73.9508227029026
030505,MARA,COTABAMBAS,APURIMAC,222.3,6.39,1420,3718.80766192733,>3500,1,54920.0933398153,18.2082720401175,78.2472613458529
030506,CHALLHUAHUACHO,COTABAMBAS,APURIMAC,454.1,10.18,4623,4153.17131242741,>3500,2,160136.048164044,12.4893802671538,48.0688345711058
030601,CHINCHEROS,CHINCHEROS,APURIMAC,135.4,7.83,1060,3125.52411994785,2500-3500,0,49182.072345813,0,0
030602,ANCO-HUALLO,CHINCHEROS,APURIMAC,91,4.19,381,3720.1012536162,>3500,1,94083.0410270723,10.6289081335312,291.630212890055
030603,COCHARCAS,CHINCHEROS,APURIMAC,108.2,10.25,1109,2959.96254071661,2500-3500,0,15635.8583521445,0,0
030604,HUACCANA,CHINCHEROS,APURIMAC,306.6,5.19,1591,2762.26768257619,2500-3500,0,53960.7062609713,0,0
030605,OCOBAMBA,CHINCHEROS,APURIMAC,216.9,4.51,978,3106.61547811994,2500-3500,0,62529.6489824561,0,0
030606,ONGOY,CHINCHEROS,APURIMAC,114.7,5.16,592,3174.67438271605,2500-3500,0,20996.0801495017,0,0
030607,URANMARCA,CHINCHEROS,APURIMAC,146.8,10.89,1599,3307.3994011976,2500-3500,0,24676.1893342878,0,0
030608,RANRACANCHA,CHINCHEROS,APURIMAC,100,6.76,676,3811.46031746032,>3500,1,36967.3430743645,27.0509026842523,164.365548980934
030609,ROCCHACC,CHINCHEROS,APURIMAC,55.4,7.56,419,3353.02852614897,2500-3500,0,24898.0800711744,0,0
030610,EL PORVENIR,CHINCHEROS,APURIMAC,59.7,4.94,295,2758.68296296296,2500-3500,0,15814.0945190157,0,0
030611,LOS CHANKAS,CHINCHEROS,APURIMAC,144.1,6.23,898,2884.01041666667,2500-3500,0,9393.02380952381,0,0
030612,AHUAYRO,CHINCHEROS,APURIMAC,29.1,6.71,195,2914.06306306306,2500-3500,0,5342,0,0
030701,CHUQUIBAMBILLA,GRAU,APURIMAC,425.7,12.4,5279,4194.44515595951,>3500,1,45700.0999055713,21.8817902382329,21.0477573614531
030702,CURPAHUASI,GRAU,APURIMAC,310.4,14.55,4516,4123.72891907187,>3500,1,17050.449326011,58.6494807778743,24.6038775711052
030703,GAMARRA,GRAU,APURIMAC,349.9,14.46,5060,3779.47334004024,>3500,0,23139.9670369043,0,0
030704,HUAYLLATI,GRAU,APURIMAC,124.3,12.91,1605,3632.39034776437,>3500,0,11563.9357400722,0,0
030705,MAMARA,GRAU,APURIMAC,62.7,13.8,865,4031.48106591865,>3500,0,7812.02777777778,0,0
030706,MICAELA BASTIDAS,GRAU,APURIMAC,104.9,19.92,2090,4002.70588235294,>3500,0,7771.72454448017,0,0
030707,PATAYPAMPA,GRAU,APURIMAC,146.5,10.57,1549,4337.5244047619,>3500,1,6851.39803439803,145.955612997437,71.7308657915501
030708,PROGRESO,GRAU,APURIMAC,240.7,11.53,2775,4211.22124542125,>3500,2,28907.4520976832,69.1863120015442,80.0800800800801
030709,SAN ANTONIO,GRAU,APURIMAC,25.4,13.8,351,3792.96219931272,>3500,0,2336.17625899281,0,0
030710,SANTA ROSA,GRAU,APURIMAC,31.1,11.97,372,3611.04885057471,>3500,1,4854.21006944445,206.006741713683,298.68578255675
030711,TURPAY,GRAU,APURIMAC,51,14.83,756,3850.55094991364,>3500,0,5551.22085889571,0,0
030712,VILCABAMBA,GRAU,APURIMAC,6.6,14.18,94,3128.0945945946,2500-3500,0,11870.0370931113,0,0
030713,VIRUNDO,GRAU,APURIMAC,114.3,10.13,1158,4473.60185185185,>3500,0,5488.93562874252,0,0
030714,CURASCO,GRAU,APURIMAC,136.5,13.73,1874,3925.56996148909,>3500,0,10754.2858273951,0,0
040101,AREQUIPA,AREQUIPA,AREQUIPA,11.4,2.61,30,2325.9921875,1500-2500,1,492638.895281013,2.02988438302172,3703.7037037037
040102,ALTO SELVA ALEGRE,AREQUIPA,AREQUIPA,67.8,2.38,161,3104.44315245478,2500-3500,0,812325.810232441,0,0
040103,CAYMA,AREQUIPA,AREQUIPA,233.5,2.62,612,3843.51026502426,>3500,1,951281.725463322,1.05121329805106,181.554103122731
040104,CERRO COLORADO,AREQUIPA,AREQUIPA,175.4,0.5,88,3188.11221449851,2500-3500,0,2085263.05205742,0,0
040105,CHARACATO,AREQUIPA,AREQUIPA,86.4,3.65,315,3322.40707070707,2500-3500,0,150892.304410797,0,0
040106,CHIGUATA,AREQUIPA,AREQUIPA,230.9,4.63,1069,3701.44268476621,>3500,0,28618.5457792208,0,0
040107,JACOBO HUNTER,AREQUIPA,AREQUIPA,20.6,0.95,20,2318.1974789916,1500-2500,1,475980.161677229,2.10092789681877,5555.55555555556
040108,LA JOYA,AREQUIPA,AREQUIPA,697,0,0,1645.67926646707,1500-2500,0,357835.695682886,0,
040109,MARIANO MELGAR,AREQUIPA,AREQUIPA,29,1.91,55,2954.70570570571,2500-3500,0,591565.387094233,0,0
040110,MIRAFLORES,AREQUIPA,AREQUIPA,26.2,2.02,53,3135.27960526316,2500-3500,0,584996.937877481,0,0
040111,MOLLEBAYA,AREQUIPA,AREQUIPA,31.3,0.84,26,2584.01388888889,2500-3500,0,63828.1678548283,0,0
040112,PAUCARPATA,AREQUIPA,AREQUIPA,28.5,1.58,45,2604.70679012346,2500-3500,0,1218854.44279332,0,0
040113,POCSI,AREQUIPA,AREQUIPA,170.2,6.38,1086,3617.4306122449,>3500,0,4013.26419213974,0,0
040114,POLOBAYA,AREQUIPA,AREQUIPA,399.1,3.61,1441,3077.57230231542,2500-3500,0,7025.63755980861,0,0
040115,QUEQUEÑA,AREQUIPA,AREQUIPA,35,0.52,18,2758.50620347395,2500-3500,0,63027.866064092,0,0
040116,SABANDIA,AREQUIPA,AREQUIPA,35.9,1.89,68,2710.62711864407,2500-3500,0,41914.3943252904,0,0
040117,SACHACA,AREQUIPA,AREQUIPA,14.3,0.69,10,2254.39634146341,1500-2500,1,253412.774376027,3.9461309812115,11111.1111111111
040118,SAN JUAN DE SIGUAS,AREQUIPA,AREQUIPA,35.8,0,0,1253.13381995134,500-1500,0,5047.53078202995,0,
040119,SAN JUAN DE TARUCANI,AREQUIPA,AREQUIPA,2391.4,9.36,22384,4441.29495325738,>3500,0,11513.9223946785,0,0
040120,SANTA ISABEL DE SIGUAS,AREQUIPA,AREQUIPA,183.3,0.97,178,1790.51260104612,1500-2500,0,5815.68513119534,0,0
040121,SANTA RITA DE SIGUAS,AREQUIPA,AREQUIPA,425.8,0,0,1191.13856529736,500-1500,0,70600.6901349659,0,
040122,SOCABAYA,AREQUIPA,AREQUIPA,25.6,0.47,12,2347.37883959044,1500-2500,0,750959.169052523,0,0
040123,TIABAYA,AREQUIPA,AREQUIPA,37.3,0.34,13,2366.19203747073,1500-2500,1,155318.031576448,6.43840248199254,8547.00854700855
040124,UCHUMAYO,AREQUIPA,AREQUIPA,271.1,0.22,60,2147.12062880975,1500-2500,0,151574.311938301,0,0
040125,VITOR,AREQUIPA,AREQUIPA,1534.4,0.4,614,1506.19196732471,1500-2500,0,42550.5625577101,0,0
040126,YANAHUARA,AREQUIPA,AREQUIPA,3.7,2.61,10,2342.70454545455,1500-2500,1,240250.248783478,4.16232659513803,11111.1111111111
040127,YARABAMBA,AREQUIPA,AREQUIPA,486.8,0,0,2628.29996418338,2500-3500,0,14281.6201079622,0,
040128,YURA,AREQUIPA,AREQUIPA,1923.2,2.81,5404,3566.17463343774,>3500,0,388045.711446402,0,0
040129,JOSE LUIS BUSTAMANTE Y RIVERO,AREQUIPA,AREQUIPA,11.2,0.95,11,2351.91538461538,1500-2500,0,748899.979273289,0,0
040201,CAMANA,CAMANA,AREQUIPA,11.1,0,0,11.984126984127,0-500,0,112839.524698561,0,
040202,JOSE MARIA QUIMPER,CAMANA,AREQUIPA,16.2,0,0,88.0978260869565,0-500,0,42610.2764262648,0,
040203,MARIANO NICOLAS VALCARCEL,CAMANA,AREQUIPA,555.1,0.37,205,1593.2714868256,1500-2500,0,79638.6118043424,0,0
040204,MARISCAL CACERES,CAMANA,AREQUIPA,593.5,0.32,190,743.85467330794,500-1500,0,58268.5074556585,0,0
040205,NICOLAS DE PIEROLA,CAMANA,AREQUIPA,390.8,0,0,766.929746554024,500-1500,0,70205.3759725702,0,
040206,OCOÑA,CAMANA,AREQUIPA,1421.4,0.09,128,1286.57639356299,500-1500,0,36041.1920627144,0,0
040207,QUILCA,CAMANA,AREQUIPA,897.2,0,0,645.916997578693,500-1500,0,9797.69561068702,0,
040208,SAMUEL PASTOR,CAMANA,AREQUIPA,113.1,0,0,398.843032159265,0-500,0,150655.761378972,0,
040301,CARAVELI,CARAVELI,AREQUIPA,754.1,0,0,2139.50836506288,1500-2500,0,38556.4004287756,0,
040302,ACARI,CARAVELI,AREQUIPA,774.5,0.19,147,1180.82935345799,500-1500,0,45893.169848455,0,0
040303,ATICO,CARAVELI,AREQUIPA,3093.3,0.07,217,1452.93303106255,500-1500,0,54847.8586675848,0,0
040304,ATIQUIPA,CARAVELI,AREQUIPA,423.1,0.32,135,1153.27569901316,500-1500,0,4245.65720081136,0,0
040305,BELLA UNION,CARAVELI,AREQUIPA,1576.2,0.53,835,807.980609418283,500-1500,0,28231.1938009788,0,0
040306,CAHUACHO,CARAVELI,AREQUIPA,1384.7,1.04,1440,3301.76025713746,2500-3500,0,5460.51592356688,0,0
040307,CHALA,CARAVELI,AREQUIPA,340.2,0,0,685.419958953309,500-1500,0,93632.8418170756,0,
040308,CHAPARRA,CARAVELI,AREQUIPA,1501.5,0.16,240,1592.93684027375,1500-2500,0,31866.0538609508,0,0
040309,HUANUHUANU,CARAVELI,AREQUIPA,705.2,0.4,282,2428.97612272671,1500-2500,0,29332.3027989822,0,0
040310,JAQUI,CARAVELI,AREQUIPA,422.8,0.42,178,1311.58080495356,500-1500,0,14289.0309148265,0,0
040311,LOMAS,CARAVELI,AREQUIPA,446.3,0.23,103,349.286190009794,0-500,0,14335.8843669251,0,0
040312,QUICACHA,CARAVELI,AREQUIPA,1036,1.46,1513,3086.40153431125,2500-3500,0,17146.0084077772,0,0
040313,YAUCA,CARAVELI,AREQUIPA,542.9,0.43,233,821.452790735081,500-1500,0,18484.4486540379,0,0
040401,APLAO,CASTILLA,AREQUIPA,619.2,0,0,1532.47572815534,1500-2500,0,81036.0938511327,0,
040402,ANDAGUA,CASTILLA,AREQUIPA,472.2,2.17,1025,4166.55635757912,>3500,0,8961.31425800194,0,0
040403,AYO,CASTILLA,AREQUIPA,285.7,1.06,303,3275.1326405868,2500-3500,0,2013.2050209205,0,0
040404,CHACHAS,CASTILLA,AREQUIPA,1197.6,8.87,10623,4720.66116185605,>3500,3,14422.1947115385,208.012723444917,31.3784555524177
040405,CHILCAYMARCA,CASTILLA,AREQUIPA,182.5,2.51,458,4005.51796837566,>3500,0,9498.35461689588,0,0
040406,CHOCO,CASTILLA,AREQUIPA,904.4,4.03,3645,4344.16895684149,>3500,0,5797.05043227666,0,0
040407,HUANCARQUI,CASTILLA,AREQUIPA,798.1,0.5,399,1922.43810148731,1500-2500,0,14429.1429479034,0,0
040408,MACHAGUAY,CASTILLA,AREQUIPA,247.2,1.22,302,4168.06267705382,>3500,0,3912.39669421488,0,0
040409,ORCOPAMPA,CASTILLA,AREQUIPA,729.6,9,6566,4572.97960652591,>3500,1,77667.1967923203,12.8754485973527,16.9221917622771
040410,PAMPACOLCA,CASTILLA,AREQUIPA,266.1,2.7,718,3933.65890455887,>3500,0,16178.29218107,0,0
040411,TIPAN,CASTILLA,AREQUIPA,55.5,1.64,91,2315.08860759494,1500-2500,0,3789.22727272727,0,0
040412,UÑON,CASTILLA,AREQUIPA,340.6,0.49,167,2968.40588235294,2500-3500,0,1811.07766990291,0,0
040413,URACA,CASTILLA,AREQUIPA,693.8,0,0,1144.48550997365,500-1500,0,58321.1181078638,0,
040414,VIRACO,CASTILLA,AREQUIPA,137.2,6.46,886,4232.76392405063,>3500,0,13390.6204002582,0,0
040501,CHIVAY,CAYLLOMA,AREQUIPA,243.1,3.06,744,4505.91834532374,>3500,0,52937.3108607935,0,0
040502,ACHOMA,CAYLLOMA,AREQUIPA,366.2,6.89,2523,4395.47587195413,>3500,0,7456.525,0,0
040503,CABANACONDE,CAYLLOMA,AREQUIPA,462.3,7.35,3398,4154.50803554547,>3500,0,18884.1633317822,0,0
040504,CALLALLI,CAYLLOMA,AREQUIPA,1543.6,10.69,16501,4506.30281370547,>3500,0,12232.4337771549,0,0
040505,CAYLLOMA,CAYLLOMA,AREQUIPA,1508.3,12.08,18220,4641.38364926154,>3500,3,33062.1186121571,90.7382867744261,18.2949140139041
040506,COPORAQUE,CAYLLOMA,AREQUIPA,114.3,6.32,722,4187.08403361345,>3500,0,10208.2824760244,0,0
040507,HUAMBO,CAYLLOMA,AREQUIPA,716.4,4.51,3231,3475.81463414634,2500-3500,0,5952.33185840708,0,0
040508,HUANCA,CAYLLOMA,AREQUIPA,372.7,3.54,1319,3750.93771950363,>3500,0,8875.43968095713,0,0
040509,ICHUPAMPA,CAYLLOMA,AREQUIPA,74.5,5.12,381,4326.84723854289,>3500,0,5132.00174216028,0,0
040510,LARI,CAYLLOMA,AREQUIPA,389.9,3.42,1333,4760.80157126824,>3500,0,7562.2360953462,0,0
040511,LLUTA,CAYLLOMA,AREQUIPA,1228.8,3.53,4338,3657.67021805526,>3500,1,6341.55325034578,157.690073791539,25.6134419343271
040512,MACA,CAYLLOMA,AREQUIPA,237.3,5.54,1315,4627.15992647059,>3500,0,6203.31960227273,0,0
040513,MADRIGAL,CAYLLOMA,AREQUIPA,159.6,2.73,436,4427.88803512624,>3500,0,5916.00602409639,0,0
040514,SAN ANTONIO DE CHUCA,CAYLLOMA,AREQUIPA,1545.7,10.77,16647,4512.24395492384,>3500,0,7870.5871254162,0,0
040515,SIBAYO,CAYLLOMA,AREQUIPA,284.4,6.68,1900,4462.3313810111,>3500,0,6123.09315866084,0,0
040516,TAPAY,CAYLLOMA,AREQUIPA,414.5,4.73,1961,4587.00633713561,>3500,0,7637.45181476846,0,0
040517,TISCO,CAYLLOMA,AREQUIPA,1445,14.05,20302,4470.61545934787,>3500,0,13461.3211678832,0,0
040518,TUTI,CAYLLOMA,AREQUIPA,240,7.23,1735,4592.74233576642,>3500,0,5367.58508914101,0,0
040519,YANQUE,CAYLLOMA,AREQUIPA,1114.9,7.25,8083,4483.54419954506,>3500,1,19305.0372756558,51.7999517805143,13.7462713239034
040520,MAJES,CAYLLOMA,AREQUIPA,1648.4,0.14,231,1382.36959737927,500-1500,0,650225.078756005,0,0
040601,CHUQUIBAMBA,CONDESUYOS,AREQUIPA,1186.5,1.27,1507,2450.37419070041,1500-2500,0,30180.0426035503,0,0
040602,ANDARAY,CONDESUYOS,AREQUIPA,811.2,2.2,1785,2897.89014296464,2500-3500,0,6055.00145985402,0,0
040603,CAYARANI,CONDESUYOS,AREQUIPA,1394.8,10.19,14213,4621.68414434805,>3500,1,29443.1333534926,33.9637764769821,7.81756920503139
040604,CHICHAS,CONDESUYOS,AREQUIPA,390.9,2.48,969,3227.85174418605,2500-3500,0,5970.11842105263,0,0
040605,IRAY,CONDESUYOS,AREQUIPA,237.8,0,0,2512.97101980924,2500-3500,0,5323.08072487644,0,
040606,RIO GRANDE,CONDESUYOS,AREQUIPA,533,0.28,149,1556.11185718965,1500-2500,0,31085.0289855073,0,0
040607,SALAMANCA,CONDESUYOS,AREQUIPA,1241.7,7.17,8903,4657.05310233115,>3500,0,3631.14508928571,0,0
040608,YANAQUIHUA,CONDESUYOS,AREQUIPA,1056.2,1.79,1891,2459.39588667713,1500-2500,0,35125.7773921666,0,0
040701,MOLLENDO,ISLAY,AREQUIPA,934,0.06,56,1055.86122486969,500-1500,0,239294.272931758,0,0
040702,COCACHACRA,ISLAY,AREQUIPA,1553.6,0,0,1146.02143256855,500-1500,0,75046.2296559905,0,
040703,DEAN VALDIVIA,ISLAY,AREQUIPA,134.6,0,0,212.756774193548,0-500,0,64553.2524450744,0,
040704,ISLAY,ISLAY,AREQUIPA,364.7,0,0,877.748629973791,500-1500,0,47027.5035818006,0,
040705,MEJIA,ISLAY,AREQUIPA,103,0,0,553.809282700422,500-1500,0,11247.137398374,0,
040706,PUNTA DE BOMBON,ISLAY,AREQUIPA,758.4,0,0,661.276220976782,500-1500,0,58014.0187017002,0,
040801,COTAHUASI,LA UNION,AREQUIPA,166.8,5.4,901,4132.39811419591,>3500,0,26839.0030160858,0,0
040802,ALCA,LA UNION,AREQUIPA,191.6,7.33,1404,4365.93704379562,>3500,0,16499.1541333333,0,0
040803,CHARCANA,LA UNION,AREQUIPA,162.3,4.46,724,3938.67870619946,>3500,0,5244.0152284264,0,0
040804,HUAYNACOTAS,LA UNION,AREQUIPA,935.8,7.05,6597,4650.63100150038,>3500,0,16525.6796014683,0,0
040805,PAMPAMARCA,LA UNION,AREQUIPA,787.9,8.62,6792,4502.59133814548,>3500,1,9800.31975199291,102.037487072465,16.3591152990446
040806,PUYCA,LA UNION,AREQUIPA,1504.8,9.06,13633,4782.30783114993,>3500,0,20872.456795302,0,0
040807,QUECHUALLA,LA UNION,AREQUIPA,135.4,2.45,332,3071.23430420712,2500-3500,0,2510.0035971223,0,0
040808,SAYLA,LA UNION,AREQUIPA,70.6,2.21,156,3007.03465346535,2500-3500,0,2620.53993610224,0,0
040809,TAURIA,LA UNION,AREQUIPA,317.8,1.06,337,3040.92428414097,2500-3500,0,2799.0126984127,0,0
040810,TOMEPAMPA,LA UNION,AREQUIPA,96.6,11.8,1140,4267.74932371506,>3500,0,5809.29037037037,0,0
040811,TORO,LA UNION,AREQUIPA,526.1,2.34,1231,3394.51420973907,2500-3500,0,4500.35501858736,0,0
050101,AYACUCHO,HUAMANGA,AYACUCHO,81.3,5.19,422,2886.84698275862,2500-3500,0,1000561.65944813,0,0
050102,ACOCRO,HUAMANGA,AYACUCHO,430,4.52,1944,3735.77055214724,>3500,3,79650.1914149073,37.6646929116924,171.467764060357
050103,ACOS VINCHOS,HUAMANGA,AYACUCHO,154.4,3.32,513,3532.35088723526,>3500,0,44631.4888521883,0,0
050104,CARMEN ALTO,HUAMANGA,AYACUCHO,25,7.34,184,3171.68661971831,2500-3500,0,284943.550673167,0,0
050105,CHIARA,HUAMANGA,AYACUCHO,454.5,9.7,4409,3780.72804807133,>3500,2,60358.7794840295,33.1351961901282,50.4019555958771
050106,OCROS,HUAMANGA,AYACUCHO,300.7,5.07,1525,3158.91664229307,2500-3500,0,55565.802259887,0,0
050107,PACAYCASA,HUAMANGA,AYACUCHO,53.9,5.77,311,2708.02283849918,2500-3500,0,32089.7060684498,0,0
050108,QUINUA,HUAMANGA,AYACUCHO,114.8,4.44,510,3283.46047582502,2500-3500,0,52394.3981677238,0,0
050109,SAN JOSE DE TICLLAS,HUAMANGA,AYACUCHO,80.9,3.65,295,3191.84918032787,2500-3500,0,14361.1867779204,0,0
050110,SAN JUAN BAUTISTA,HUAMANGA,AYACUCHO,7.5,7.53,56,2805.45882352941,2500-3500,0,483791.474433326,0,0
050111,SANTIAGO DE PISCHA,HUAMANGA,AYACUCHO,89.7,4.6,413,3060.92330383481,2500-3500,0,14748.324155194,0,0
050112,SOCOS,HUAMANGA,AYACUCHO,169.7,4.93,837,3715.27130977131,>3500,0,61644.2957746479,0,0
050113,TAMBILLO,HUAMANGA,AYACUCHO,150.9,9.75,1471,3019.23067915691,2500-3500,1,54188.5526992288,18.4540820927707,75.5344059218974
050114,VINCHOS,HUAMANGA,AYACUCHO,914.2,11.73,10724,3956.48745900058,>3500,2,146618.029721166,13.6408871664934,20.7219528368353
050115,JESUS NAZARENO,HUAMANGA,AYACUCHO,16.1,6.95,112,2677.80571428571,2500-3500,0,189156.39425842,0,0
050116,ANDRES AVELINO CACERES DORREGARAY,HUAMANGA,AYACUCHO,9.1,7.53,69,2686.36190476191,2500-3500,0,281773.196875509,0,0
050201,CANGALLO,CANGALLO,AYACUCHO,184.2,10.49,1932,3322.82248803828,2500-3500,2,51504.8743464328,38.8312761729613,115.021854152289
050202,CHUSCHI,CANGALLO,AYACUCHO,411.6,13.13,5404,4080.53109638812,>3500,2,82257.46530837,24.3139026044909,41.1218027798339
050203,LOS MOROCHUCOS,CANGALLO,AYACUCHO,249.3,11.59,2889,3644.28158080452,>3500,0,73383.0273489729,0,0
050204,MARIA PARADO DE BELLIDO,CANGALLO,AYACUCHO,131.7,12.59,1658,3671.14523650899,>3500,2,17644.5560344828,113.349409080705,134.030290845731
050205,PARAS,CANGALLO,AYACUCHO,777,6.93,5385,4334.14101257221,>3500,1,37691.7474120083,26.5310066171516,20.6334468172908
050206,TOTOS,CANGALLO,AYACUCHO,115.2,8.82,1016,3870.04144282425,>3500,0,26191.7307567392,0,0
050301,SANCOS,HUANCA SANCOS,AYACUCHO,1356.1,10.74,14565,4191.5450184741,>3500,1,28538.2614236867,35.0406769758582,7.62863790670176
050302,CARAPO,HUANCA SANCOS,AYACUCHO,196.5,9.14,1796,3777.36285971223,>3500,0,15810.7080610022,0,0
050303,SACSAMARCA,HUANCA SANCOS,AYACUCHO,639.1,14.76,9433,4113.61687508589,>3500,1,11680.8588410104,85.6101433645524,11.7789792336596
050304,SANTIAGO DE LUCANAMARCA,HUANCA SANCOS,AYACUCHO,645.4,7.93,5118,4247.00898203593,>3500,1,18581.8697083725,53.815897737644,21.7098693065868
050401,HUANTA,HUANTA,AYACUCHO,164.6,4.53,746,3543.89352594971,>3500,0,394381.855224752,0,0
050402,AYAHUANCO,HUANTA,AYACUCHO,370.1,2.2,814,3318.29761336516,2500-3500,0,9452.20544337138,0,0
050403,HUAMANGUILLA,HUANTA,AYACUCHO,93.8,7.21,676,3587.18403755869,>3500,1,36981.7655703289,27.0403531193848,164.365548980934
050404,IGUAIN,HUANTA,AYACUCHO,60.5,5.84,353,3077.39296187683,2500-3500,0,25698.012565445,0,0
050405,LURICOCHA,HUANTA,AYACUCHO,141.8,2.26,320,3027.04483188045,2500-3500,0,56684.013643008,0,0
050406,SANTILLANA,HUANTA,AYACUCHO,192.1,2.04,392,3468.33672055427,2500-3500,0,33445.3372647428,0,0
050407,SIVIA,HUANTA,AYACUCHO,896.3,12.56,11258,2479.4481295035,1500-2500,0,104133.156556269,0,0
050408,LLOCHEGUA,HUANTA,AYACUCHO,515.7,11.86,6116,1904.40602533379,1500-2500,0,104367.486236919,0,0
050409,CANAYRE,HUANTA,AYACUCHO,269,20.07,5399,1198.11023362948,500-1500,0,40499.9723600283,0,0
050410,UCHURACCAY,HUANTA,AYACUCHO,255.4,0.82,209,3799.21500172831,>3500,0,32405.6585171406,0,0
050411,PUCACOLPA,HUANTA,AYACUCHO,716,5.14,3680,2885.05962226886,2500-3500,0,19769.3061557277,0,0
050412,CHACA,HUANTA,AYACUCHO,105.9,1.69,179,3938.81886477462,>3500,0,19515.3771300448,0,0
050413,PUTIS,HUANTA,AYACUCHO,93.9,3.07,288,3895.98969072165,>3500,0,1117,0,0
050501,SAN MIGUEL,LA MAR,AYACUCHO,255,1.85,472,3646.58249740574,>3500,0,86500.4945924558,0,0
050502,ANCO,LA MAR,AYACUCHO,748.4,3.81,2851,2754.74820143885,2500-3500,0,60552.5230120482,0,0
050503,AYNA,LA MAR,AYACUCHO,285.2,6.36,1814,2343.89553626782,1500-2500,0,89411.143438959,0,0
050504,CHILCAS,LA MAR,AYACUCHO,154.2,3.36,518,2887.84198516828,2500-3500,0,13633.1745254134,0,0
050505,CHUNGUI,LA MAR,AYACUCHO,518.5,5.75,2981,2908.77505946313,2500-3500,0,39417.5114317425,0,0
050506,LUIS CARRANZA,LA MAR,AYACUCHO,133.8,5.29,708,3214.0099009901,2500-3500,0,12357.0470242469,0,0
050507,SANTA ROSA,LA MAR,AYACUCHO,389.1,10.68,4156,2122.12292660759,1500-2500,0,114411.684635479,0,0
050508,TAMBO,LA MAR,AYACUCHO,309,1.45,448,3835.14077669903,>3500,0,78510.154822335,0,0
050509,SAMUGARI,LA MAR,AYACUCHO,267.5,7.5,2006,2626.33959156785,2500-3500,0,88643.0873974371,0,0
050510,ANCHIHUAY,LA MAR,AYACUCHO,266.9,8.69,2319,2711.05787037037,2500-3500,0,38291.1381801761,0,0
050511,ORONCCOY,LA MAR,AYACUCHO,553.7,4.06,2248,2657.91687857597,2500-3500,0,9467.52459016393,0,0
050512,UNION PROGRESO,LA MAR,AYACUCHO,39.1,9.96,389,1149.76510067114,500-1500,0,10463,0,0
050513,RIO MAGDALENA,LA MAR,AYACUCHO,112.2,10.66,1196,2194.84512578616,1500-2500,0,11339,0,0
050514,NINABAMBA,LA MAR,AYACUCHO,100.1,2.65,265,3233.75680421422,2500-3500,0,9454,0,0
050515,PATIBAMBA,LA MAR,AYACUCHO,95.8,0.94,90,3241.23425925926,2500-3500,0,7397,0,0
050601,PUQUIO,LUCANAS,AYACUCHO,863.2,9.54,8235,4022.48106406742,>3500,1,130780.015440571,7.64642821482476,13.4925453686838
050602,AUCARA,LUCANAS,AYACUCHO,871.9,9.98,8702,4025.74393313866,>3500,0,23649.1649928264,0,0
050603,CABANA,LUCANAS,AYACUCHO,405,3.6,1458,4149.15110246433,>3500,0,17536.6600580271,0,0
050604,CARMEN SALCEDO,LUCANAS,AYACUCHO,463.9,7.38,3424,4188.61880438895,>3500,0,13497.8637751985,0,0
050605,CHAVIÑA,LUCANAS,AYACUCHO,366.8,10.27,3767,3498.9364851958,2500-3500,0,20627.0432525952,0,0
050606,CHIPAO,LUCANAS,AYACUCHO,1155.8,11.5,13292,4332.89047330097,>3500,1,21690.4880439043,46.103158120549,8.35924699903033
050607,HUAC-HUAS,LUCANAS,AYACUCHO,312.4,2.24,700,2625.51361976973,2500-3500,0,13740.4572833436,0,0
050608,LARAMATE,LUCANAS,AYACUCHO,779.4,3.8,2962,3551.48875140607,>3500,0,15017.259106933,0,0
050609,LEONCIO PRADO,LUCANAS,AYACUCHO,1109.8,4.75,5272,3237.52642789524,2500-3500,0,9751.20829655781,0,0
050610,LLAUTA,LUCANAS,AYACUCHO,493.2,1.91,942,2936.96047008547,2500-3500,0,7801.3417305586,0,0
050611,LUCANAS,LUCANAS,AYACUCHO,1210.9,10,12109,4013.58903613585,>3500,0,24091.4100358423,0,0
050612,OCAÑA,LUCANAS,AYACUCHO,858.4,2.7,2318,2624.17830882353,2500-3500,0,19953.1688089117,0,0
050613,OTOCA,LUCANAS,AYACUCHO,716,4.41,3158,3063.80724957139,2500-3500,1,16403.3959627329,60.9629860958007,35.1840123847724
050614,SAISA,LUCANAS,AYACUCHO,575.3,1.55,892,2767.35829528158,2500-3500,0,7617.02927400468,0,0
050615,SAN CRISTOBAL,LUCANAS,AYACUCHO,407.2,6.12,2492,3385.23065348237,2500-3500,0,16362.0917480999,0,0
050616,SAN JUAN,LUCANAS,AYACUCHO,46.8,7.96,373,3448.86090225564,2500-3500,0,8898.25296442688,0,0
050617,SAN PEDRO,LUCANAS,AYACUCHO,727,4.23,3075,2773.06761308951,2500-3500,1,23788.0712711242,42.037876404628,36.13369467028
050618,SAN PEDRO DE PALCO,LUCANAS,AYACUCHO,520.1,9.21,4790,4064.75920297197,>3500,0,7966.87460148778,0,0
050619,SANCOS,LUCANAS,AYACUCHO,1503.2,3.17,4765,2661.3363372093,2500-3500,0,43626.7521730342,0,0
050620,SANTA ANA DE HUAYCAHUACHO,LUCANAS,AYACUCHO,45.5,6.3,287,3560.74661508704,>3500,0,7666.0756501182,0,0
050621,SANTA LUCIA,LUCANAS,AYACUCHO,1033.3,2.76,2852,2603.70267298257,2500-3500,0,13162.4714086471,0,0
050701,CORACORA,PARINACOCHAS,AYACUCHO,1388,11.41,15837,4231.62283300763,>3500,2,120317.386732688,16.6227014591287,14.0318382409688
050702,CHUMPI,PARINACOCHAS,AYACUCHO,372.1,9.47,3524,3553.68857075804,>3500,0,19042.8220640569,0,0
050703,CORONEL CASTAÑEDA,PARINACOCHAS,AYACUCHO,1081.8,13.18,14258,4443.14661044437,>3500,0,17892.605626327,0,0
050704,PACAPAUSA,PARINACOCHAS,AYACUCHO,147,8.52,1252,3986.70528817588,>3500,0,4782.38063439065,0,0
050705,PULLO,PARINACOCHAS,AYACUCHO,1562.5,3.74,5844,2938.92841963986,2500-3500,0,66634.3781500573,0,0
050706,PUYUSCA,PARINACOCHAS,AYACUCHO,643.1,7.51,4830,3626.023547026,>3500,0,18824.2901578459,0,0
050707,SAN FRANCISCO DE RAVACAYCO,PARINACOCHAS,AYACUCHO,103,6.7,690,3957.98468085106,>3500,0,4543.31766917293,0,0
050708,UPAHUACHO,PARINACOCHAS,AYACUCHO,575.6,10.28,5917,4060.51855231144,>3500,1,9390.64192139738,106.488992804785,18.7782847914671
050801,PAUSA,PAUCAR DEL SARA SARA,AYACUCHO,251.4,2.21,556,3164.0020847811,2500-3500,0,30388.0960854093,0,0
050802,COLTA,PAUCAR DEL SARA SARA,AYACUCHO,248.1,9.02,2238,3871.15871332626,>3500,0,3762.14254859611,0,0
050803,CORCULLA,PAUCAR DEL SARA SARA,AYACUCHO,100.9,3.05,308,3464.9274611399,2500-3500,0,3908.21929824561,0,0
050804,LAMPA,PAUCAR DEL SARA SARA,AYACUCHO,281,9.63,2706,3836.14454460678,>3500,0,17440.7877892664,0,0
050805,MARCABAMBA,PAUCAR DEL SARA SARA,AYACUCHO,120.4,3.82,460,3903.58575581395,>3500,0,5455.30817610063,0,0
050806,OYOLO,PAUCAR DEL SARA SARA,AYACUCHO,793.9,10,7939,4548.61645346273,>3500,1,15101.0440993789,66.2205866971232,13.9956053799107
050807,PARARCA,PAUCAR DEL SARA SARA,AYACUCHO,56.7,6.96,395,3608.23647604328,>3500,0,3363.78640776699,0,0
050808,SAN JAVIER DE ALPABAMBA,PAUCAR DEL SARA SARA,AYACUCHO,117.5,7.67,901,3912.12100965108,>3500,0,2349.77586206897,0,0
050809,SAN JOSE DE USHUA,PAUCAR DEL SARA SARA,AYACUCHO,28.4,3.98,113,3568.36809815951,>3500,0,2254.06611570248,0,0
050810,SARA SARA,PAUCAR DEL SARA SARA,AYACUCHO,85,3.29,280,3695.09836065574,>3500,0,4152.04752475248,0,0
050901,QUEROBAMBA,SUCRE,AYACUCHO,282,7.64,2154,3616.34111422347,>3500,0,23379.0462184874,0,0
050902,BELEN,SUCRE,AYACUCHO,36.3,7.49,272,2710.93946731235,2500-3500,0,2771.69230769231,0,0
050903,CHALCOS,SUCRE,AYACUCHO,54.9,5.72,314,3196.23557692308,2500-3500,0,4124.6735966736,0,0
050904,CHILCAYOC,SUCRE,AYACUCHO,29.8,8.64,257,3121.60830860534,2500-3500,0,4310.39436619718,0,0
050905,HUACAÑA,SUCRE,AYACUCHO,144,12.02,1731,4014.29390243902,>3500,0,3110.79178082192,0,0
050906,MORCOLLA,SUCRE,AYACUCHO,288.8,7.24,2091,3832.80321894929,>3500,2,11148.7064364207,179.393009530359,106.275572559647
050907,PAICO,SUCRE,AYACUCHO,79.3,10.52,834,3542.66666666667,>3500,2,4620.24264705882,432.877697727233,266.453503863576
050908,SAN PEDRO DE LARCAY,SUCRE,AYACUCHO,314.2,10.09,3170,3950.16410399776,>3500,0,7308.20386007238,0,0
050909,SAN SALVADOR DE QUIJE,SUCRE,AYACUCHO,141.8,11.42,1619,3705.09305210918,>3500,0,8367.06211812627,0,0
050910,SANTIAGO DE PAUCARAY,SUCRE,AYACUCHO,61.5,11.52,708,3721.06025824964,>3500,0,5054.97627118644,0,0
050911,SORAS,SUCRE,AYACUCHO,351.7,11.22,3946,4045.73560340511,>3500,1,9127.31213872832,109.561279903738,28.1579095567945
051001,HUANCAPI,VICTOR FAJARDO,AYACUCHO,239.2,9.8,2344,3961.61815509004,>3500,0,16795.8320332813,0,0
051002,ALCAMENCA,VICTOR FAJARDO,AYACUCHO,116,12.56,1457,3468.593323217,2500-3500,0,12407.7150610583,0,0
051003,APONGO,VICTOR FAJARDO,AYACUCHO,175.7,10.24,1799,4008.44183724413,>3500,0,4993.52657807309,0,0
051004,ASQUIPATA,VICTOR FAJARDO,AYACUCHO,71.3,6.37,454,3521.10947109471,>3500,0,4329.00826446281,0,0
051005,CANARIA,VICTOR FAJARDO,AYACUCHO,265.1,12.57,3332,3854.52730883813,>3500,0,36214.0061804697,0,0
051006,CAYARA,VICTOR FAJARDO,AYACUCHO,63.5,11.23,713,3328.78085991678,2500-3500,0,10197.2210708117,0,0
051007,COLCA,VICTOR FAJARDO,AYACUCHO,63.8,11.57,738,3020.87225274725,2500-3500,0,9135.24639076035,0,0
051008,HUAMANQUIQUIA,VICTOR FAJARDO,AYACUCHO,72.4,12.28,889,3688.50546780073,>3500,0,9926.15035587189,0,0
051009,HUANCARAYLLA,VICTOR FAJARDO,AYACUCHO,162.1,11.71,1898,4034.24932249323,>3500,0,11067.185502728,0,0
051010,HUALLA,VICTOR FAJARDO,AYACUCHO,156.6,12.83,2009,3726.53707865169,>3500,0,17657.2483091787,0,0
051011,SARHUA,VICTOR FAJARDO,AYACUCHO,378.7,12.79,4844,3990.39754288363,>3500,0,23529.3848177377,0,0
051012,VILCANCHOS,VICTOR FAJARDO,AYACUCHO,499.6,8.17,4082,4122.87072912998,>3500,2,21495.6869636289,93.0419206133786,54.4395448854048
051101,VILCAS HUAMAN,VILCAS HUAMAN,AYACUCHO,220.2,7.97,1755,3454.2934347478,2500-3500,1,58483.7352543899,17.0987710625911,63.3111744222855
051102,ACCOMARCA,VILCAS HUAMAN,AYACUCHO,86.4,7.69,664,3236.50665301945,2500-3500,0,7629.30326944758,0,0
051103,CARHUANCA,VILCAS HUAMAN,AYACUCHO,54.3,12.84,697,3134.2859450727,2500-3500,0,7285.68817204301,0,0
051104,CONCEPCION,VILCAS HUAMAN,AYACUCHO,211.7,9.65,2043,3306.08652246256,2500-3500,2,13949.1954933008,143.37744430928,108.772502311416
051105,HUAMBALPA,VILCAS HUAMAN,AYACUCHO,162.9,7.42,1209,3474.23068611561,2500-3500,1,11464.6825633383,87.2243949603799,91.9033177097693
051106,INDEPENDENCIA,VILCAS HUAMAN,AYACUCHO,88.1,5.08,448,3152.80298507463,2500-3500,0,9811.93094405594,0,0
051107,SAURAMA,VILCAS HUAMAN,AYACUCHO,89.2,12.51,1116,2994.18065153011,2500-3500,0,9349.83720930233,0,0
051108,VISCHONGO,VILCAS HUAMAN,AYACUCHO,264.7,7.98,2112,3663.89113840027,>3500,0,35163.4663303909,0,0
060101,CAJAMARCA,CAJAMARCA,CAJAMARCA,380.3,2.69,1023,3396.30151586926,2500-3500,0,2199588.80559425,0,0
060102,ASUNCION,CAJAMARCA,CAJAMARCA,214.6,0.26,56,2834.9987400252,2500-3500,0,68410.4447585105,0,0
060103,CHETILLA,CAJAMARCA,CAJAMARCA,73.8,2.58,190,3228.98039215686,2500-3500,0,34527.006443299,0,0
060104,COSPAN,CAJAMARCA,CAJAMARCA,554.2,0.48,266,2746.86635271192,2500-3500,0,64041.2680697868,0,0
060105,ENCAÑADA,CAJAMARCA,CAJAMARCA,635.1,2.21,1404,3607.98072835483,>3500,0,176741.009059577,0,0
060106,JESUS,CAJAMARCA,CAJAMARCA,295.9,1.51,447,3188.75828519307,2500-3500,2,149677.153794819,13.3620926727512,497.141436738752
060107,LLACANORA,CAJAMARCA,CAJAMARCA,50.9,1.98,101,2835.84724689165,2500-3500,0,59394.2341733251,0,0
060108,LOS BAÑOS DEL INCA,CAJAMARCA,CAJAMARCA,282.8,2.22,628,3217.89875439157,2500-3500,0,484458.669818633,0,0
060109,MAGDALENA,CAJAMARCA,CAJAMARCA,207.6,0.76,158,2523.79956521739,2500-3500,0,78739.0326516778,0,0
060110,MATARA,CAJAMARCA,CAJAMARCA,57.7,2.4,138,2758.77674418605,2500-3500,0,33881.0213438735,0,0
060111,NAMORA,CAJAMARCA,CAJAMARCA,158,3.07,485,3210.79418472064,2500-3500,0,92973.6881888228,0,0
060112,SAN JUAN,CAJAMARCA,CAJAMARCA,72.5,0.92,67,2920.25280199253,2500-3500,0,40518.0315789474,0,0
060201,CAJABAMBA,CAJABAMBA,CAJAMARCA,190.5,1.38,263,3152.10702498821,2500-3500,0,308070.677739878,0,0
060202,CACHACHI,CAJABAMBA,CAJAMARCA,819.4,1.51,1237,3089.5896619842,2500-3500,0,229542.055614428,0,0
060203,CONDEBAMBA,CAJABAMBA,CAJAMARCA,197.3,3.9,769,2538.68,2500-3500,0,137970.02423562,0,0
060204,SITACOCHA,CAJABAMBA,CAJAMARCA,582.2,3.91,2276,2551.72626043922,2500-3500,0,71316.1344942571,0,0
060301,CELENDIN,CELENDIN,CAJAMARCA,405.6,2.6,1055,2165.20685053381,1500-2500,0,263432.988143667,0,0
060302,CHUMUCH,CELENDIN,CAJAMARCA,205.3,1.19,244,2122.76106970627,1500-2500,0,23858.2474377745,0,0
060303,CORTEGANA,CELENDIN,CAJAMARCA,252.3,0.74,187,2285.11819484241,1500-2500,0,65119.2496624359,0,0
060304,HUASMIN,CELENDIN,CAJAMARCA,446.6,3.55,1585,3272.19512195122,2500-3500,0,95684.1425603036,0,0
060305,JORGE CHAVEZ,CELENDIN,CAJAMARCA,52.1,2.24,117,2191.0818815331,1500-2500,0,4072.07692307692,0,0
060306,JOSE GALVEZ,CELENDIN,CAJAMARCA,50.5,4.7,237,2929.00179533214,2500-3500,0,24492.0032585083,0,0
060307,MIGUEL IGLESIAS,CELENDIN,CAJAMARCA,263.3,1.34,353,2964.1365970558,2500-3500,0,34464.9318807914,0,0
060308,OXAMARCA,CELENDIN,CAJAMARCA,282.2,3.88,1095,2742.28740409207,2500-3500,0,51679.2085461355,0,0
060309,SOROCHUCO,CELENDIN,CAJAMARCA,167,3.87,646,3458.39330091842,2500-3500,0,65731.9285435377,0,0
060310,SUCRE,CELENDIN,CAJAMARCA,262.9,6.12,1609,3306.41372212693,2500-3500,2,48429.0728464761,41.2975075186791,138.112008839169
060311,UTCO,CELENDIN,CAJAMARCA,99.8,5.31,530,1978.19314079422,1500-2500,0,9600.20510483136,0,0
060312,LA LIBERTAD DE PALLAN,CELENDIN,CAJAMARCA,169.9,0.97,165,2970.98563829787,2500-3500,0,61010.266196372,0,0
060401,CHOTA,CHOTA,CAJAMARCA,267.6,3.51,939,2903.69391891892,2500-3500,0,463919.35890023,0,0
060402,ANGUIA,CHOTA,CAJAMARCA,152.1,2.1,319,2247.15964391691,1500-2500,0,28272.3240121581,0,0
060403,CHADIN,CHOTA,CAJAMARCA,65,2.21,144,2465.10387811634,1500-2500,0,32329.2136822022,0,0
060404,CHIGUIRIP,CHOTA,CAJAMARCA,48.3,2.38,115,2726.05204460967,2500-3500,0,31960.2119330454,0,0
060405,CHIMBAN,CHOTA,CAJAMARCA,145.1,1.77,257,1672.68241143567,1500-2500,1,19142.2167985928,52.2405534594882,432.338953739732
060406,CHOROPAMPA,CHOTA,CAJAMARCA,207.9,4.04,840,1912.9430682312,1500-2500,0,20198.6171644931,0,0
060407,COCHABAMBA,CHOTA,CAJAMARCA,118,6.85,808,2219.08875286917,1500-2500,0,51855.4409221902,0,0
060408,CONCHAN,CHOTA,CAJAMARCA,153.4,1.53,235,2802.72555948174,2500-3500,0,53073.1217841631,0,0
060409,HUAMBOS,CHOTA,CAJAMARCA,245.5,3.69,906,2201.59933652783,1500-2500,0,76526.3003464203,0,0
060410,LAJAS,CHOTA,CAJAMARCA,120.9,2.47,299,2722.82252050708,2500-3500,0,103343.35065491,0,0
060411,LLAMA,CHOTA,CAJAMARCA,492.9,1.13,557,1613.58902349486,1500-2500,0,65882.2149382053,0,0
060412,MIRACOSTA,CHOTA,CAJAMARCA,423.6,0.67,284,2297.08411614005,1500-2500,0,29381.1875187519,0,0
060413,PACCHA,CHOTA,CAJAMARCA,98.6,1.71,169,2846.9248395967,2500-3500,0,41162.205957994,0,0
060414,PION,CHOTA,CAJAMARCA,139.4,0.45,63,1337.54639844257,500-1500,0,10755.4615384615,0,0
060415,QUEROCOTO,CHOTA,CAJAMARCA,299.7,1.99,596,2551.50829562594,2500-3500,0,79040.0136522622,0,0
060416,SAN JUAN DE LICUPIS,CHOTA,CAJAMARCA,200.9,0,0,1736.65963179165,1500-2500,0,8694.0495951417,0,
060417,TACABAMBA,CHOTA,CAJAMARCA,194.8,1.59,310,2551.98193608152,2500-3500,0,148288.09768546,0,0
060418,TOCMOCHE,CHOTA,CAJAMARCA,217.8,0,0,1194.50789692436,500-1500,0,7838.0404494382,0,
060419,CHALAMARCA,CHOTA,CAJAMARCA,177.6,1.45,258,2894.65547073791,2500-3500,0,86312.2078201971,0,0
060501,CONTUMAZA,CONTUMAZA,CAJAMARCA,353,0.47,166,2598.74177925057,2500-3500,0,71715.1184810751,0,0
060502,CHILETE,CONTUMAZA,CAJAMARCA,131.8,0.43,57,1680.44474761255,1500-2500,0,24153.1900826446,0,0
060503,CUPISNIQUE,CONTUMAZA,CAJAMARCA,294.1,0.43,126,1911.84013501074,1500-2500,0,12374.0572438163,0,0
060504,GUZMANGO,CONTUMAZA,CAJAMARCA,50.6,0,0,2816.54723707665,2500-3500,0,25545.0003503854,0,
060505,SAN BENITO,CONTUMAZA,CAJAMARCA,488.4,0.2,98,1186.30478124423,500-1500,0,32467.054368932,0,0
060506,SANTA CRUZ DE TOLED,CONTUMAZA,CAJAMARCA,65.6,0.91,60,2620.94222833563,2500-3500,0,9299.02371916509,0,0
060507,TANTARICA,CONTUMAZA,CAJAMARCA,147.5,0,0,2122.68849449204,1500-2500,0,23815.0851305335,0,
060508,YONAN,CONTUMAZA,CAJAMARCA,547.3,0,0,890.062644246621,500-1500,0,61895.2047936463,0,
060601,CUTERVO,CUTERVO,CAJAMARCA,432.3,2.79,1206,2448.76855713094,1500-2500,0,461396.00940902,0,0
060602,CALLAYUC,CUTERVO,CAJAMARCA,309,2.06,637,1686.69091440257,1500-2500,0,86311.1819682278,0,0
060603,CHOROS,CUTERVO,CAJAMARCA,260.7,1.38,360,1045.87772774506,500-1500,0,29472.0680169287,0,0
060604,CUJILLO,CUTERVO,CAJAMARCA,100.6,0.83,83,1206.79855465221,500-1500,0,22956.1699421965,0,0
060605,LA RAMADA,CUTERVO,CAJAMARCA,64,1.84,118,1969.4661971831,1500-2500,0,35445.5022321429,0,0
060606,PIMPINGOS,CUTERVO,CAJAMARCA,169.7,2.23,378,1631.76367498672,1500-2500,0,45556.8629373318,0,0
060607,QUEROCOTILLO,CUTERVO,CAJAMARCA,689.7,2.29,1579,2107.21447299423,1500-2500,0,119164.843983585,0,0
060608,SAN ANDRES DE CUTERVO,CUTERVO,CAJAMARCA,124.9,2.32,290,2413.3335755814,1500-2500,0,37967.0006891799,0,0
060609,SAN JUAN DE CUTERVO,CUTERVO,CAJAMARCA,70.3,1.21,85,1634.21722365039,1500-2500,0,16555.1922257721,0,0
060610,SAN LUIS DE LUCMA,CUTERVO,CAJAMARCA,71.4,1.62,116,1957.10970996217,1500-2500,0,26518.1737854581,0,0
060611,SANTA CRUZ,CUTERVO,CAJAMARCA,130,2.23,290,1548.73673184358,1500-2500,0,23764.4260965721,0,0
060612,SANTO DOMINGO DE LA CAPILLA,CUTERVO,CAJAMARCA,105,3.32,349,2183.85233160622,1500-2500,0,44950.1140142518,0,0
060613,SANTO TOMAS,CUTERVO,CAJAMARCA,230.1,0.88,202,1623.97730829421,1500-2500,0,68145.159921671,0,0
060614,SOCOTA,CUTERVO,CAJAMARCA,155.3,0.43,67,2414.17121300058,1500-2500,0,81616.0562560621,0,0
060615,TORIBIO CASANOVA,CUTERVO,CAJAMARCA,129.7,0.82,106,1079.63515406162,500-1500,0,9764.51018600531,0,0
060701,BAMBAMARCA,HUALGAYOC,CAJAMARCA,454.5,2.49,1132,3098.24107850912,2500-3500,0,575552.627011079,0,0
060702,CHUGUR,HUALGAYOC,CAJAMARCA,106,1.91,202,3281.43197278912,2500-3500,0,26110.4315684316,0,0
060703,HUALGAYOC,HUALGAYOC,CAJAMARCA,229.5,3.45,792,3521.86365422397,>3500,0,145018.000061357,0,0
060801,JAEN,JAEN,CAJAMARCA,558,4.04,2254,1471.93696321504,500-1500,0,956635.176512299,0,0
060802,BELLAVISTA,JAEN,CAJAMARCA,869.5,2.77,2409,728.080566253773,500-1500,0,147385.625329492,0,0
060803,CHONTALI,JAEN,CAJAMARCA,464.3,2.3,1068,2402.00156188989,1500-2500,0,93772.1951995373,0,0
060804,COLASAY,JAEN,CAJAMARCA,604.5,3.88,2345,1696.24973814155,1500-2500,0,94193.1737945296,0,0
060805,HUABAL,JAEN,CAJAMARCA,85.1,2.4,204,1638.85608465608,1500-2500,0,80514.7581861145,0,0
060806,LAS PIRIAS,JAEN,CAJAMARCA,65.5,2.64,173,1359.83287292818,500-1500,0,41770.2650941355,0,0
060807,POMAHUACA,JAEN,CAJAMARCA,816.1,2.23,1820,2035.34992792993,1500-2500,0,83230.3908370427,0,0
060808,PUCARA,JAEN,CAJAMARCA,222,1.86,413,1615.37484737485,1500-2500,0,61942.0036374218,0,0
060809,SALLIQUE,JAEN,CAJAMARCA,367.7,1.7,625,2417.31676101403,1500-2500,0,67569.0047770701,0,0
060810,SAN FELIPE,JAEN,CAJAMARCA,257.4,1.22,314,2131.5079086116,1500-2500,0,41777.7238511125,0,0
060811,SAN JOSE DEL ALTO,JAEN,CAJAMARCA,506.2,4,2025,1776.27368609224,1500-2500,0,72388.5760773967,0,0
060812,SANTA ROSA,JAEN,CAJAMARCA,311.9,1.85,577,1071.09391304348,500-1500,0,91556.1736521242,0,0
060901,SAN IGNACIO,SAN IGNACIO,CAJAMARCA,357.6,2.04,730,1292.70266159696,500-1500,0,364644.659064446,0,0
060902,CHIRINOS,SAN IGNACIO,CAJAMARCA,357.1,1.15,411,1192.53844208397,500-1500,0,144295.743675902,0,0
060903,HUARANGO,SAN IGNACIO,CAJAMARCA,910.7,3.82,3479,1426.56059250423,500-1500,0,164423.621549611,0,0
060904,LA COIPA,SAN IGNACIO,CAJAMARCA,406.2,3.61,1466,1474.17691622103,500-1500,0,191080.067516166,0,0
060905,NAMBALLE,SAN IGNACIO,CAJAMARCA,635.7,2.92,1856,1992.7950948239,1500-2500,0,88397.0009027081,0,0
060906,SAN JOSE DE LOURDES,SAN IGNACIO,CAJAMARCA,1364.8,4.13,5637,1621.68281675184,1500-2500,0,178584.769954953,0,0
060907,TABACONAS,SAN IGNACIO,CAJAMARCA,776.2,4,3105,2248.0178425656,1500-2500,0,179676.628640777,0,0
061001,PEDRO GALVEZ,SAN MARCOS,CAJAMARCA,243.1,2.1,511,2811.24183976261,2500-3500,0,197155.884572439,0,0
061002,CHANCAY,SAN MARCOS,CAJAMARCA,68.4,3.54,242,2688.99078947368,2500-3500,0,27474.0391839378,0,0
061003,EDUARDO VILLANUEVA,SAN MARCOS,CAJAMARCA,62.5,3.9,244,2213.10518731989,1500-2500,0,28019.7425210084,0,0
061004,GREGORIO PITA,SAN MARCOS,CAJAMARCA,221.4,2.3,509,3396.01702472639,2500-3500,0,45321.8168054504,0,0
061005,ICHOCAN,SAN MARCOS,CAJAMARCA,68,4.93,335,2541.39762219287,2500-3500,0,17627.0322093609,0,0
061006,JOSE MANUEL QUIROZ,SAN MARCOS,CAJAMARCA,108,3.43,370,2743.41318864775,2500-3500,0,32308.2967302452,0,0
061007,JOSE SABOGAL,SAN MARCOS,CAJAMARCA,584,3.01,1758,2665.08192177395,2500-3500,0,118434.109935287,0,0
061101,SAN MIGUEL,SAN MIGUEL,CAJAMARCA,356.2,0.41,146,2246.69393939394,1500-2500,0,124746.610503282,0,0
061102,BOLIVAR,SAN MIGUEL,CAJAMARCA,84.8,2.53,215,1518.71746031746,1500-2500,0,11459.3959580838,0,0
061103,CALQUIS,SAN MIGUEL,CAJAMARCA,340.4,2.2,749,3188.63312981152,2500-3500,0,38391.0020954598,0,0
061104,CATILLUC,SAN MIGUEL,CAJAMARCA,202.7,3.41,691,3475.40169039146,2500-3500,0,24787.4290718039,0,0
061105,EL PRADO,SAN MIGUEL,CAJAMARCA,70.6,0.9,64,2681.57307692308,2500-3500,0,14625.2148809524,0,0
061106,LA FLORIDA,SAN MIGUEL,CAJAMARCA,55.2,1.85,102,1086.28155339806,500-1500,0,19134.2412220702,0,0
061107,LLAPA,SAN MIGUEL,CAJAMARCA,142.8,1.8,257,3464.45772409409,2500-3500,0,40205.676883229,0,0
061108,NANCHOC,SAN MIGUEL,CAJAMARCA,360.5,0.37,133,695.611417125689,500-1500,0,12294.0007283321,0,0
061109,NIEPOS,SAN MIGUEL,CAJAMARCA,155.6,0.5,78,2269.91121495327,1500-2500,0,28416.6746055374,0,0
061110,SAN GREGORIO,SAN MIGUEL,CAJAMARCA,309.6,0.67,207,1076.20607122008,500-1500,0,20240.0737025731,0,0
061111,SAN SILVESTRE DE COCHAN,SAN MIGUEL,CAJAMARCA,134.7,4.07,548,3342.81678880746,2500-3500,0,32519.9206559111,0,0
061112,TONGOD,SAN MIGUEL,CAJAMARCA,161.7,2.19,354,3107.66890005584,2500-3500,0,21520.7443267776,0,0
061113,UNION AGUA BLANCA,SAN MIGUEL,CAJAMARCA,170.7,0.37,63,1754.27801268499,1500-2500,0,27596.4084462654,0,0
061201,SAN PABLO,SAN PABLO,CAJAMARCA,200.7,0.74,149,2769.40610961366,2500-3500,0,119376.118897228,0,0
061202,SAN BERNARDINO,SAN PABLO,CAJAMARCA,166.9,2.79,466,1798.27218614719,1500-2500,0,40496,0,0
061203,SAN LUIS,SAN PABLO,CAJAMARCA,42.9,0,0,1456.4570230608,500-1500,0,7949.944386149,0,
061204,TUMBADEN,SAN PABLO,CAJAMARCA,256.3,2.99,766,3392.38321039691,2500-3500,0,32626.0271960838,0,0
061301,SANTA CRUZ,SANTA CRUZ,CAJAMARCA,105.1,4.8,504,1914.68593615186,1500-2500,0,86859.0229615267,0,0
061302,ANDABAMBA,SANTA CRUZ,CAJAMARCA,8.6,4.42,38,2307.60416666667,1500-2500,0,11477.5837676843,0,0
061303,CATACHE,SANTA CRUZ,CAJAMARCA,566.4,1.38,782,2167.88958034147,1500-2500,0,88411.1965083232,0,0
061304,CHANCAYBAÑOS,SANTA CRUZ,CAJAMARCA,129.1,1.89,244,2011.89433170049,1500-2500,0,30699.2079885877,0,0
061305,LA ESPERANZA,SANTA CRUZ,CAJAMARCA,60.1,6.93,416,2093.11127819549,1500-2500,0,20686.5123379339,0,0
061306,NINABAMBA,SANTA CRUZ,CAJAMARCA,57.9,3.86,223,2748.08837209302,2500-3500,0,17356.9816158684,0,0
061307,PULAN,SANTA CRUZ,CAJAMARCA,158.7,2.5,397,2645.71525808281,2500-3500,0,34158.0338213024,0,0
061308,SAUCEPAMPA,SANTA CRUZ,CAJAMARCA,31.8,4.28,136,2103.85352112676,1500-2500,0,12185.1095700416,0,0
061309,SEXI,SANTA CRUZ,CAJAMARCA,191.1,1.85,354,1891.27516462841,1500-2500,0,3871.03611738149,0,0
061310,UTICYACU,SANTA CRUZ,CAJAMARCA,43.6,3.54,154,2312.07708333333,1500-2500,0,10983.5264797508,0,0
061311,YAUYUCAN,SANTA CRUZ,CAJAMARCA,34,4.92,167,2476.38933333333,1500-2500,0,25296.4452078324,0,0
070101,CALLAO,CALLAO,CALLAO,50.1,0,0,19.9929701230228,0-500,0,4668315.07388809,0,
070102,BELLAVISTA,CALLAO,CALLAO,4.6,0,0,36.5769230769231,0-500,0,726839.611287887,0,
070103,CARMEN DE LA LEGUA REYNOSO,CALLAO,CALLAO,1.9,0,0,58.9090909090909,0-500,0,419114.994517329,0,
070104,LA PERLA,CALLAO,CALLAO,3.3,0,0,25.3947368421053,0-500,0,579049.667253906,0,
070105,LA PUNTA,CALLAO,CALLAO,0.8,0,0,1.14285714285714,0-500,0,34962.0645975271,0,
070106,VENTANILLA,CALLAO,CALLAO,78.1,0,0,140.378285714286,0-500,0,3410430.22496394,0,
070107,MI PERU,CALLAO,CALLAO,2.8,0,0,152.575757575758,0-500,0,480276.287091465,0,
080101,CUSCO,CUSCO,CUSCO,85.9,3.18,273,3861.38326446281,>3500,2,1065132.29058487,1.87770103082856,814.000814000814
080102,CCORCA,CUSCO,CUSCO,161.8,10.06,1628,3956.12233752048,>3500,0,21667.0103820598,0,0
080103,POROY,CUSCO,CUSCO,29.1,8.91,259,3766.12048192771,>3500,1,113571.285952006,8.80504250363593,429.000429000429
080104,SAN JERONIMO,CUSCO,CUSCO,95.8,5.17,495,3716.98983364141,>3500,1,645667.302251337,1.54878525908492,224.466891133558
080105,SAN SEBASTIAN,CUSCO,CUSCO,68.3,5.61,383,3602.96296296296,>3500,1,1223991.05264877,0.816999436258916,290.107339715695
080106,SANTIAGO,CUSCO,CUSCO,59.1,7.84,463,3779.09940652819,>3500,1,939097.464541016,1.06485219879573,239.980801535877
080107,SAYLLA,CUSCO,CUSCO,24.2,5.5,133,3629.60869565217,>3500,0,76828.6294468969,0,0
080108,WANCHAQ,CUSCO,CUSCO,5.9,5.61,33,3315.69230769231,2500-3500,0,552755.443346144,0,0
080201,ACOMAYO,ACOMAYO,CUSCO,141.6,11.31,1601,3988.57934038581,>3500,0,41423.4925181702,0,0
080202,ACOPIA,ACOMAYO,CUSCO,79.3,4.21,334,3828.88346281909,>3500,0,27530.7029900332,0,0
080203,ACOS,ACOMAYO,CUSCO,138,14.2,1960,3706.88640714742,>3500,0,21128.0511195606,0,0
080204,MOSOC LLACTA,ACOMAYO,CUSCO,36.3,7.13,259,3868.54368932039,>3500,0,9501.14758497317,0,0
080205,POMACANCHI,ACOMAYO,CUSCO,267.9,6.77,1814,4018.89271653543,>3500,2,68293.2088500196,29.285488757634,122.503981379395
080206,RONDOCAN,ACOMAYO,CUSCO,183.4,4.51,827,3834.0202020202,>3500,0,17073.0665993946,0,0
080207,SANGARARA,ACOMAYO,CUSCO,86.2,3.18,274,4020.14489795918,>3500,3,30587.1164483261,98.080510631599,1216.54501216545
080301,ANTA,ANTA,CUSCO,187.8,4.72,886,3632.87359022556,>3500,0,231314.290144728,0,0
080302,ANCAHUASI,ANTA,CUSCO,124.2,6.97,866,3867.01769285209,>3500,1,70106.1704059136,14.2640796695928,128.303823453939
080303,CACHIMAYO,ANTA,CUSCO,43.7,7.51,328,3701.32056451613,>3500,0,24843.624766878,0,0
080304,CHINCHAYPUJIO,ANTA,CUSCO,396.4,5.82,2307,3551.51268922529,>3500,0,38897.1318077803,0,0
080305,HUAROCONDO,ANTA,CUSCO,220.6,4.58,1010,4073.66933226709,>3500,0,41469.1596781025,0,0
080306,LIMATAMBO,ANTA,CUSCO,506.5,5.68,2877,3583.64061956143,>3500,0,69482.0294865277,0,0
080307,MOLLEPATA,ANTA,CUSCO,369.5,5.38,1988,3361.74904580153,2500-3500,0,31568.8768115942,0,0
080308,PUCYURA,ANTA,CUSCO,34,8.49,289,3641.75844155844,>3500,0,28405.1800562676,0,0
080309,ZURITE,ANTA,CUSCO,61,2.75,168,3565.86251808973,>3500,1,33828.0265957447,29.5612869160329,661.375661375661
080401,CALCA,CALCA,CUSCO,313,4.22,1321,4106.0729988726,>3500,1,211199.966510701,4.73484923563817,84.1113634452015
080402,COYA,CALCA,CUSCO,70.4,3.15,222,3740.02889447236,>3500,0,32690.0024644031,0,0
080403,LAMAY,CALCA,CUSCO,95.7,3.06,293,3954.50875576037,>3500,1,53661.6918918919,18.6352678185143,379.218809252939
080404,LARES,CALCA,CUSCO,733.2,2.78,2038,3984.68569704285,>3500,0,57376.2597342398,0,0
080405,PISAC,CALCA,CUSCO,148,1.4,207,3900.04827175209,>3500,1,104621.896805252,9.55822854045028,536.768652710682
080406,SAN SALVADOR,CALCA,CUSCO,128.3,4.78,613,3741.33425034388,>3500,1,55549.4802361817,18.0019686187569,181.257930034439
080407,TARAY,CALCA,CUSCO,55,2.29,126,3823.77022653722,>3500,0,43910.7700745033,0,0
080408,YANATILE,CALCA,CUSCO,1995.9,4.73,9441,2883.80210227525,2500-3500,0,84682.9017829215,0,0
080501,YANAOCA,CANAS,CUSCO,291.9,7.4,2160,4076.98006644518,>3500,7,83412.0154805418,83.9207632098633,360.082304526749
080502,CHECCA,CANAS,CUSCO,505.5,10.42,5267,4152.78210251955,>3500,13,49307.1042911461,263.65369021142,274.244246144759
080503,KUNTURKANKI,CANAS,CUSCO,395,12.6,4977,4175.28409090909,>3500,3,46579.0192159877,64.4066803143482,66.9747505190543
080504,LANGUI,CANAS,CUSCO,171.7,13.07,2244,4188.56776180698,>3500,0,18851.4780578898,0,0
080505,LAYO,CANAS,CUSCO,427.4,9.74,4163,4421.92093885114,>3500,2,49839.21875,40.1290399440702,53.3803080043772
080506,PAMPAMARCA,CANAS,CUSCO,31.3,8.38,262,3876.05898876405,>3500,0,16988.0189174987,0,0
080507,QUEHUE,CANAS,CUSCO,149.3,13.3,1986,4122.55306603774,>3500,4,23843.5062869823,167.760561381187,223.788743426206
080508,TUPAC AMARU,CANAS,CUSCO,115.5,9.28,1072,3907.53969465649,>3500,1,23533.1364323507,42.4932733838789,103.648424543947
080601,SICUANI,CANCHIS,CUSCO,648.7,10.47,6792,4280.05659609121,>3500,4,582692.057405641,6.86468941727037,65.4364611961785
080602,CHECACUPE,CANCHIS,CUSCO,940.4,7.53,7081,4701.46026676686,>3500,0,46922.3238297053,0,0
080603,COMBAPATA,CANCHIS,CUSCO,174,8.29,1442,4173.25834175935,>3500,1,45105.0017864232,22.1704901982956,77.0534751117275
080604,MARANGANI,CANCHIS,CUSCO,440.3,14.36,6323,4493.53847691385,>3500,3,93245.0646704295,32.1732845658198,52.7175918604038
080605,PITUMARCA,CANCHIS,CUSCO,1094.9,5.45,5967,4819.01910828026,>3500,3,75399.0783577571,39.7882847554908,55.8628009608402
080606,SAN PABLO,CANCHIS,CUSCO,524.9,8.2,4304,4484.33960678878,>3500,1,40083.161461794,24.9481319220084,25.8157786038827
080607,SAN PEDRO,CANCHIS,CUSCO,56.2,10.49,590,3850.51572327044,>3500,1,25184.0127614321,39.7077308319762,188.323917137476
080608,TINTA,CANCHIS,CUSCO,82.8,9.87,817,3777.62420382166,>3500,0,49147.0182515058,0,0
080701,SANTO TOMAS,CHUMBIVILCAS,CUSCO,1907.5,12.9,24607,4457.77573833839,>3500,12,205078.285782734,58.5142398386984,54.1851234743501
080702,CAPACMARCA,CHUMBIVILCAS,CUSCO,268.3,12.51,3356,3935.55103380374,>3500,0,37002.1753246753,0,0
080703,CHAMACA,CHUMBIVILCAS,CUSCO,652.5,12.57,8202,4000.72897322029,>3500,4,58331.8527895695,68.5731690099043,54.1873255845458
080704,COLQUEMARCA,CHUMBIVILCAS,CUSCO,453,8.49,3846,3863.13933151963,>3500,2,63732.3559767571,31.3812343722142,57.780088981337
080705,LIVITACA,CHUMBIVILCAS,CUSCO,960.8,11.88,11414,4197.26679497755,>3500,8,115548.309902393,69.235110463821,77.8770710433581
080706,LLUSCO,CHUMBIVILCAS,CUSCO,315.4,10.98,3463,4230.08075744918,>3500,0,38552.9049753474,0,0
080707,QUIÑOTA,CHUMBIVILCAS,CUSCO,226.4,9.03,2044,4024.8702556158,>3500,2,36057.0557482656,55.4676458877595,108.719286801479
080708,VELILLE,CHUMBIVILCAS,CUSCO,572,15.48,8855,4157.05258302583,>3500,5,76453.5984803514,65.3991453559246,62.7391931739758
080801,ESPINAR,ESPINAR,CUSCO,740.5,10.33,7649,4156.45535396656,>3500,5,355191.060153718,14.0769308716163,72.6311355151727
080802,CONDOROMA,ESPINAR,CUSCO,517.1,10.74,5554,4774.06121756826,>3500,3,7758.59040178571,386.668176130231,60.0168047053175
080803,COPORAQUE,ESPINAR,CUSCO,1546.8,11.58,17912,4278.37116738587,>3500,12,85237.3200468933,140.783403248697,74.4379931517046
080804,OCORURO,ESPINAR,CUSCO,360.5,13.17,4748,4341.93932748538,>3500,0,8733.46956521739,0,0
080805,PALLPATA,ESPINAR,CUSCO,820.1,12.85,10538,4221.40925648168,>3500,3,45811.0095516569,65.4864415641653,31.6315556399064
080806,PICHIGUA,ESPINAR,CUSCO,274.8,13.77,3784,4020.87968,>3500,3,25028.4143646409,119.863765889951,88.0902043692741
080807,SUYCKUTAMBO,ESPINAR,CUSCO,629.3,12.9,8118,4430.29725588522,>3500,2,13577.1609756098,147.30620072877,27.3740111138485
080808,ALTO PICHIGUA,ESPINAR,CUSCO,360.7,13.47,4859,4146.45583211323,>3500,3,17634.6767177459,170.119364704944,68.6012211017356
080901,SANTA ANA,LA CONVENCION,CUSCO,391.8,6.75,2645,2179.72599954823,1500-2500,0,268564.899109792,0,0
080902,ECHARATE,LA CONVENCION,CUSCO,7603.6,15.69,119300,1702.67971961202,1500-2500,0,194705.446819965,0,0
080903,HUAYOPATA,LA CONVENCION,CUSCO,530.6,11.23,5959,3031.74424808269,2500-3500,0,49218.0723981901,0,0
080904,MARANURA,LA CONVENCION,CUSCO,164.7,3.87,637,2097.464171123,1500-2500,0,46221.3508245877,0,0
080905,OCOBAMBA,LA CONVENCION,CUSCO,863.5,5.15,4447,2954.80527445569,2500-3500,0,53473.2151037345,0,0
080906,QUELLOUNO,LA CONVENCION,CUSCO,1966.8,11.61,22835,1871.28575285753,1500-2500,0,136128.012905775,0,0
080907,KIMBIRI,LA CONVENCION,CUSCO,541.4,12.68,6865,2173.47612037946,1500-2500,1,144031.412897016,6.94292987818573,16.1851582099215
080908,SANTA TERESA,LA CONVENCION,CUSCO,1330.3,4.99,6638,3597.43118536197,>3500,0,62423.0012914335,0,0
080909,VILCABAMBA,LA CONVENCION,CUSCO,2366.6,8.76,20731,3030.42879528411,2500-3500,0,91534.0642919201,0,0
080910,PICHARI,LA CONVENCION,CUSCO,505.8,11.93,6034,1766.19180470793,1500-2500,0,222763.244074924,0,0
080911,INKAWASI,LA CONVENCION,CUSCO,771.5,6.65,5130,2851.68863714384,2500-3500,0,45596.8748744728,0,0
080912,VILLA VIRGEN,LA CONVENCION,CUSCO,439,14.76,6480,2449.34265031168,1500-2500,0,21678.4604651163,0,0
080913,VILLA KINTIARINA,LA CONVENCION,CUSCO,198.8,17.14,3407,1551.56718403548,1500-2500,0,21421.3336170213,0,0
080914,MEGANTONI,LA CONVENCION,CUSCO,10713.8,34.75,372305,577.850813398714,500-1500,1,67240.1530517675,14.8720660886972,0.298441092950971
080915,KUMPIRUSHIATO,LA CONVENCION,CUSCO,2940.4,10.67,31374,2106.24627269448,1500-2500,0,29028,0,0
080916,CIELO PUNCO,LA CONVENCION,CUSCO,102.2,18.12,1852,1634.63180639585,1500-2500,0,11302,0,0
080917,MANITEA,LA CONVENCION,CUSCO,142.6,23.37,3333,1764.98636081835,1500-2500,0,18109,0,0
080918,UNION ASHANINKA,LA CONVENCION,CUSCO,307,15.53,4768,1621.79117392558,1500-2500,0,29476,0,0
081001,PARURO,PARURO,CUSCO,153,4.25,650,3745.5487593768,>3500,0,31279.0103478011,0,0
081002,ACCHA,PARURO,CUSCO,239.2,8.79,2103,3768.5167587477,>3500,0,28013.636992765,0,0
081003,CCAPI,PARURO,CUSCO,326.1,7.17,2338,3563.44120032441,>3500,1,27976.6664566929,35.7440727095908,47.523999619808
081004,COLCHA,PARURO,CUSCO,140.1,7.7,1079,3509.87649653434,>3500,0,8475.64168377823,0,0
081005,HUANOQUITE,PARURO,CUSCO,361.6,7.91,2860,3601.10336421258,>3500,3,45631.1125879593,65.744616553391,116.550116550117
081006,OMACHA,PARURO,CUSCO,428.2,11.69,5006,4055.32118591723,>3500,4,52474.173824478,76.2279748010838,88.7823500688063
081007,PACCARITAMBO,PARURO,CUSCO,142.3,8.44,1201,3470.76670792079,2500-3500,0,18775.2082152975,0,0
081008,PILLPINTO,PARURO,CUSCO,78.6,9.46,744,3660.11646136618,>3500,0,9255.30740037951,0,0
081009,YAURISQUE,PARURO,CUSCO,101,9.2,929,3790.40802092415,>3500,0,17277.9347826087,0,0
081101,PAUCARTAMBO,PAUCARTAMBO,CUSCO,1094.2,8.96,9804,3405.13204651914,2500-3500,0,121494.599939954,0,0
081102,CAICAY,PAUCARTAMBO,CUSCO,107.1,3.98,426,3891.83017312448,>3500,1,27659.9347753744,36.15337520211,260.824204486176
081103,CHALLABAMBA,PAUCARTAMBO,CUSCO,715.7,6.69,4788,3621.93005437469,>3500,0,84713.0422475708,0,0
081104,COLQUEPATA,PAUCARTAMBO,CUSCO,460.6,2.54,1170,3855.89921290075,>3500,0,80114.107099075,0,0
081105,HUANCARANI,PAUCARTAMBO,CUSCO,145.9,3.06,446,3835.53377563329,>3500,0,70908.2584745763,0,0
081106,KOSÑIPATA,PAUCARTAMBO,CUSCO,3275.9,24.28,79539,2026.938173859,1500-2500,0,44108.0818833163,0,0
081201,URCOS,QUISPICANCHI,CUSCO,141,8.34,1176,3725.91989987484,>3500,0,110174.304489319,0,0
081202,ANDAHUAYLILLAS,QUISPICANCHI,CUSCO,85.9,7.61,654,3558.79402677652,>3500,1,63512.5102071006,15.744929569611,169.894665307509
081203,CAMANTI,QUISPICANCHI,CUSCO,3376.4,40.18,135664,1838.07634028051,1500-2500,0,23545.1408450704,0,0
081204,CCARHUAYO,QUISPICANCHI,CUSCO,304.3,5.51,1677,4278.77539175856,>3500,0,28447.2681760204,0,0
081205,CCATCA,QUISPICANCHI,CUSCO,297.6,5.24,1559,3897.32431629013,>3500,1,135811.526697254,7.36314526696371,71.2707576081534
081206,CUSIPATA,QUISPICANCHI,CUSCO,243.2,8.54,2077,4273.7354862119,>3500,0,41890.0002139953,0,0
081207,HUARO,QUISPICANCHI,CUSCO,108.7,6.47,703,4134.3336038961,>3500,1,44796.7076641594,22.3230690857237,158.052789631737
081208,LUCRE,QUISPICANCHI,CUSCO,118.3,5.41,640,3721.89753178758,>3500,0,47659.4144620811,0,0
081209,MARCAPATA,QUISPICANCHI,CUSCO,1305.5,7.26,9478,4208.27072609049,>3500,0,44587.3937360179,0,0
081210,OCONGATE,QUISPICANCHI,CUSCO,950.9,6.74,6409,4489.84665367122,>3500,5,167656.855513308,29.8228186654921,86.6836566633727
081211,OROPESA,QUISPICANCHI,CUSCO,78.5,5.53,434,3667.53483146067,>3500,0,106071.367740185,0,0
081212,QUIQUIJANA,QUISPICANCHI,CUSCO,365.2,8.16,2980,4019.66554054054,>3500,0,106987.89121731,0,0
081301,URUBAMBA,URUBAMBA,CUSCO,161.2,1.03,166,3964.44541963796,>3500,0,216009.737102747,0,0
081302,CHINCHERO,URUBAMBA,CUSCO,102.6,9.09,933,3843.94148020654,>3500,0,111666.603338039,0,0
081303,HUAYLLABAMBA,URUBAMBA,CUSCO,76.9,3.63,279,3549.42807825086,>3500,0,57111.7293281654,0,0
081304,MACHUPICCHU,URUBAMBA,CUSCO,361.5,4.96,1793,3456.94945054945,2500-3500,0,51363.4062775525,0,0
081305,MARAS,URUBAMBA,CUSCO,141.4,7.39,1045,3441.37173100872,2500-3500,0,60957.5173131223,0,0
081306,OLLANTAYTAMBO,URUBAMBA,CUSCO,579.9,4.01,2325,4054.56478658537,>3500,0,106395.266191376,0,0
081307,YUCAY,URUBAMBA,CUSCO,23.8,4.99,119,3617.96268656716,>3500,0,30650.3223801066,0,0
090101,HUANCAVELICA,HUANCAVELICA,HUANCAVELICA,510.2,9.71,4954,4446.92665628784,>3500,5,386038.854220368,12.9520641389785,112.14282510205
090102,ACOBAMBILLA,HUANCAVELICA,HUANCAVELICA,736.3,8.16,6008,4519.86665067754,>3500,2,16327.9861864825,122.489079618143,36.9877200769345
090103,ACORIA,HUANCAVELICA,HUANCAVELICA,543.2,7.6,4128,3855.49569175744,>3500,2,146645.157885971,13.6383637130056,53.832902670112
090104,CONAYCA,HUANCAVELICA,HUANCAVELICA,41.4,10.59,438,4035.53978494624,>3500,0,7461.02389078498,0,0
090105,CUENCA,HUANCAVELICA,HUANCAVELICA,55,4.5,248,3900.8656,>3500,0,9275.29292035398,0,0
090106,HUACHOCOLPA,HUANCAVELICA,HUANCAVELICA,337.3,9.31,3140,4556.87454164484,>3500,0,15705.5520338088,0,0
090107,HUAYLLAHUARA,HUANCAVELICA,HUANCAVELICA,36.4,7.3,266,3839.88048780488,>3500,0,5873.53010279002,0,0
090108,IZCUCHACA,HUANCAVELICA,HUANCAVELICA,12.3,6.77,83,3380.73571428571,2500-3500,0,8215.05349344978,0,0
090109,LARIA,HUANCAVELICA,HUANCAVELICA,64.3,10.14,652,4327.88873626374,>3500,0,6254.37081659973,0,0
090110,MANTA,HUANCAVELICA,HUANCAVELICA,158.5,9.26,1468,4261.70532212885,>3500,0,7951.01247401247,0,0
090111,MARISCAL CACERES,HUANCAVELICA,HUANCAVELICA,5.2,6.52,34,3236.31666666667,2500-3500,0,4343.63035019455,0,0
090112,MOYA,HUANCAVELICA,HUANCAVELICA,94.5,9.76,922,4037.05855018587,>3500,0,7767.60351966874,0,0
090113,NUEVO OCCORO,HUANCAVELICA,HUANCAVELICA,245.8,8.24,2025,4514.28607142857,>3500,0,15009.0350480498,0,0
090114,PALCA,HUANCAVELICA,HUANCAVELICA,80.8,7.49,605,4140.81768558952,>3500,1,16468.6927680798,60.7212736361343,183.654729109275
090115,PILCHACA,HUANCAVELICA,HUANCAVELICA,39.7,6.16,245,3760.12866817156,>3500,0,4636.15340909091,0,0
090116,VILCA,HUANCAVELICA,HUANCAVELICA,308.4,11.48,3540,4224.81129911098,>3500,0,15919.848074922,0,0
090117,YAULI,HUANCAVELICA,HUANCAVELICA,320.3,10.6,3395,4079.8746548868,>3500,1,173718.041591672,5.75645448703896,32.7278677794142
090118,ASCENSION,HUANCAVELICA,HUANCAVELICA,408.6,7.3,2983,4610.18639308855,>3500,1,173768.187273841,5.75479330070989,37.2481096584348
090119,HUANDO,HUANCAVELICA,HUANCAVELICA,195.3,9.17,1791,4086.87296564195,>3500,0,57177.7621997281,0,0
090201,ACOBAMBA,ACOBAMBA,HUANCAVELICA,123.3,7.01,864,3429.14112615823,2500-3500,2,84295.1418358889,23.726159734018,257.201646090535
090202,ANDABAMBA,ACOBAMBA,HUANCAVELICA,81.8,2.29,187,3442.00216684724,2500-3500,0,27325.6145421357,0,0
090203,ANTA,ACOBAMBA,HUANCAVELICA,90.5,6.43,582,3648.72975609756,>3500,2,38221.506782535,52.3265608386189,381.825124093165
090204,CAJA,ACOBAMBA,HUANCAVELICA,86.9,5.59,486,3235.95514780836,2500-3500,0,15516.9809220986,0,0
090205,MARCAS,ACOBAMBA,HUANCAVELICA,171.7,4.79,822,2898.09907597536,2500-3500,0,13069.9885859226,0,0
090206,PAUCARA,ACOBAMBA,HUANCAVELICA,220.1,8.69,1913,4041.74307507025,>3500,0,76315.1751589143,0,0
090207,POMACOCHA,ACOBAMBA,HUANCAVELICA,55.2,6.26,346,3307.8115942029,2500-3500,0,24776.972082072,0,0
090208,ROSARIO,ACOBAMBA,HUANCAVELICA,96.9,5.33,516,3641.499543379,>3500,0,42846.7319223986,0,0
090301,LIRCAY,ANGARAES,HUANCAVELICA,825.3,9.82,8104,4278.46415215301,>3500,4,228261.017169877,17.5237981920632,54.8426017330262
090302,ANCHONGA,ANGARAES,HUANCAVELICA,75.3,7.38,556,3716.57511737089,>3500,0,68118.2838966714,0,0
090303,CALLANMARCA,ANGARAES,HUANCAVELICA,24.7,5.43,134,3518.81588447653,>3500,1,5199.51104100946,192.325776811093,829.187396351576
090304,CCOCHACCASA,ANGARAES,HUANCAVELICA,107.3,9.4,1009,4140.93103448276,>3500,0,27590.0310945274,0,0
090305,CHINCHO,ANGARAES,HUANCAVELICA,172.6,3.4,587,2717.22392638037,2500-3500,0,8244.53380423814,0,0
090306,CONGALLA,ANGARAES,HUANCAVELICA,209.1,5.86,1225,3685.30967469371,>3500,0,32645.3197598538,0,0
090307,HUANCA-HUANCA,ANGARAES,HUANCAVELICA,107.2,7.3,783,3942.81265406738,>3500,0,12022.137737175,0,0
090308,HUAYLLAY GRANDE,ANGARAES,HUANCAVELICA,31.8,6.02,191,3908.46408839779,>3500,0,8791.45149592022,0,0
090309,JULCAMARCA,ANGARAES,HUANCAVELICA,51.2,6.36,326,3208.81058020478,2500-3500,0,16867.4111169376,0,0
090310,SAN ANTONIO DE ANTAPARCO,ANGARAES,HUANCAVELICA,33.8,8.88,300,3346.38701298701,2500-3500,0,20703.6147938561,0,0
090311,SANTO TOMAS DE PATA,ANGARAES,HUANCAVELICA,139.1,3.95,549,3940.57279084552,>3500,0,12926.2350260417,0,0
090312,SECCLLA,ANGARAES,HUANCAVELICA,162.6,10.85,1764,4096.22653721683,>3500,1,28650.0027124774,34.9040106570213,62.9881582262535
090401,CASTROVIRREYNA,CASTROVIRREYNA,HUANCAVELICA,922,4.08,3762,4453.3344804512,>3500,0,27956.1012816505,0,0
090402,ARMA,CASTROVIRREYNA,HUANCAVELICA,300.3,3.99,1198,4055.23451717053,>3500,0,8378.14682539683,0,0
090403,AURAHUA,CASTROVIRREYNA,HUANCAVELICA,347,4.53,1572,4447.46532893066,>3500,0,12964.1432274789,0,0
090404,CAPILLAS,CASTROVIRREYNA,HUANCAVELICA,400,1.23,492,2878.10253025303,2500-3500,0,7890.08016877637,0,0
090405,CHUPAMARCA,CASTROVIRREYNA,HUANCAVELICA,365.8,4.5,1646,4442.73181928002,>3500,0,8178.20631578947,0,0
090406,COCAS,CASTROVIRREYNA,HUANCAVELICA,80.9,2.55,206,3850.44191096634,>3500,0,6423.2599469496,0,0
090407,HUACHOS,CASTROVIRREYNA,HUANCAVELICA,175.3,3.45,605,3922.79386626446,>3500,0,7481.89817792069,0,0
090408,HUAMATAMBO,CASTROVIRREYNA,HUANCAVELICA,55.3,2.64,146,3508.69585987261,>3500,0,3698.00236966825,0,0
090409,MOLLEPAMPA,CASTROVIRREYNA,HUANCAVELICA,170.5,1.31,223,3511.56097560976,>3500,0,10472.4686737185,0,0
090410,SAN JUAN,CASTROVIRREYNA,HUANCAVELICA,195.5,1,196,2575.57612612613,2500-3500,0,6938.22295514512,0,0
090411,SANTA ANA,CASTROVIRREYNA,HUANCAVELICA,643,8.75,5626,4716.956694532,>3500,2,7124.66704288939,280.714872422853,39.4991507682585
090412,TANTARA,CASTROVIRREYNA,HUANCAVELICA,111.2,2.75,306,3414.65131056394,2500-3500,0,6074.05150214592,0,0
090413,TICRAPO,CASTROVIRREYNA,HUANCAVELICA,182.4,1.76,321,3132.37969201155,2500-3500,0,13762.161209068,0,0
090501,CHURCAMPA,CHURCAMPA,HUANCAVELICA,135,5.94,802,3352.63405088063,2500-3500,0,48690.1416696784,0,0
090502,ANCO,CHURCAMPA,HUANCAVELICA,149.2,6.27,935,3608.95513577332,>3500,0,51476.3434531886,0,0
090503,CHINCHIHUASI,CHURCAMPA,HUANCAVELICA,161.6,9.41,1521,3278.17094483889,2500-3500,0,16065.7352793156,0,0
090504,EL CARMEN,CHURCAMPA,HUANCAVELICA,76.8,4.3,330,3471.13402061856,2500-3500,0,22163.4755434783,0,0
090505,LA MERCED,CHURCAMPA,HUANCAVELICA,72.8,3.61,263,2755.34184914842,2500-3500,0,10643.0212224109,0,0
090506,LOCROJA,CHURCAMPA,HUANCAVELICA,92.2,2.49,230,3611.43403441683,>3500,1,30152.0877192983,33.1651993490311,483.091787439614
090507,PAUCARBAMBA,CHURCAMPA,HUANCAVELICA,97.4,3.42,333,3826.93829401089,>3500,1,37345.8945862676,26.7767049384783,333.667000333667
090508,SAN MIGUEL DE MAYOCC,CHURCAMPA,HUANCAVELICA,29.3,4.68,137,2705.24316109423,2500-3500,0,6515.74131274131,0,0
090509,SAN PEDRO DE CORIS,CHURCAMPA,HUANCAVELICA,128.4,4.57,587,3281.66184573003,2500-3500,0,30803.9988901221,0,0
090510,PACHAMARCA,CHURCAMPA,HUANCAVELICA,155.7,2.69,419,3332.79386712095,2500-3500,0,16078.3259067357,0,0
090511,COSME,CHURCAMPA,HUANCAVELICA,106.3,3.96,421,3665.69045643154,>3500,0,25998.8352365416,0,0
090601,HUAYTARA,HUAYTARA,HUANCAVELICA,393.5,1.79,704,3164.91051454139,2500-3500,0,21139.0067368421,0,0
090602,AYAVI,HUAYTARA,HUANCAVELICA,179.7,1.38,248,3207.69926650367,2500-3500,0,7363,0,0
090603,CORDOVA,HUAYTARA,HUANCAVELICA,102.9,0,0,3417.07489361702,2500-3500,0,7796.5297679112,0,
090604,HUAYACUNDO ARMA,HUAYTARA,HUANCAVELICA,37.7,2.97,112,3436.8648018648,2500-3500,0,4420.01844262295,0,0
090605,LARAMARCA,HUAYTARA,HUANCAVELICA,193.2,2.21,427,3791.87063095778,>3500,0,7601.18946188341,0,0
090606,OCOYO,HUAYTARA,HUANCAVELICA,168.1,1.97,331,2883.18825380178,2500-3500,1,6210.99245283019,161.004864777178,335.683115139309
090607,PILPICHACA,HUAYTARA,HUANCAVELICA,2177.8,7.5,16334,4412.57168256021,>3500,7,24863.4211234443,281.538086220948,47.6171040637797
090608,QUERCO,HUAYTARA,HUANCAVELICA,685.2,4.05,2775,4014.56604257502,>3500,0,11168.8655959425,0,0
090609,QUITO-ARMA,HUAYTARA,HUANCAVELICA,239,1.78,425,3244.64069423929,2500-3500,0,6209.19645293315,0,0
090610,SAN ANTONIO DE CUSICANCHA,HUAYTARA,HUANCAVELICA,238.7,4.76,1136,4113.34315169367,>3500,1,12454.2226804124,80.294051717316,97.8090766823161
090611,SAN FRANCISCO DE SANGAYAICO,HUAYTARA,HUANCAVELICA,202.1,1,202,3791.51949189663,>3500,0,9358.28472906404,0,0
090612,SAN ISIDRO,HUAYTARA,HUANCAVELICA,168.6,1.1,185,3323.56415584416,2500-3500,0,10205.0008695652,0,0
090613,SANTIAGO DE CHOCORVOS,HUAYTARA,HUANCAVELICA,1019.6,2.48,2529,3284.00508752264,2500-3500,1,13400.5861664713,74.6236013542478,43.9348007556786
090614,SANTIAGO DE QUIRAHUARA,HUAYTARA,HUANCAVELICA,175.4,2.73,479,3648.34017008504,>3500,1,2984.06100795756,335.113792021447,231.964741359313
090615,SANTO DOMINGO DE CAPILLAS,HUAYTARA,HUANCAVELICA,255.6,6.15,1572,3964.34958791209,>3500,0,6496.67994858612,0,0
090616,TAMBO,HUAYTARA,HUANCAVELICA,227.4,6.86,1560,4173.0532038835,>3500,0,7527.86114649681,0,0
090701,PAMPAS,TAYACAJA,HUANCAVELICA,74.5,2.99,223,3632.9691943128,>3500,0,101771.934870732,0,0
090702,ACOSTAMBO,TAYACAJA,HUANCAVELICA,164.2,4.15,681,3787.01771336554,>3500,0,29238.7170576311,0,0
090703,ACRAQUIA,TAYACAJA,HUANCAVELICA,108.4,4.32,468,3902.04340704341,>3500,0,30664.1834061135,0,0
090704,AHUAYCHA,TAYACAJA,HUANCAVELICA,99.4,4.22,419,3721.81810115351,>3500,0,34621.6922132154,0,0
090705,COLCABAMBA,TAYACAJA,HUANCAVELICA,324.5,6.43,2087,3145.51607629428,2500-3500,0,105466.729524439,0,0
090706,DANIEL HERNANDEZ,TAYACAJA,HUANCAVELICA,104.9,2.99,314,3342.5160472973,2500-3500,0,90187.1369547819,0,0
090707,HUACHOCOLPA,TAYACAJA,HUANCAVELICA,217.6,4.94,1075,2225.45943742356,1500-2500,0,24090.8460843374,0,0
090709,HUARIBAMBA,TAYACAJA,HUANCAVELICA,149.4,3.68,550,3431.9590504451,2500-3500,0,26446.0888252149,0,0
090710,ÑAHUIMPUQUIO,TAYACAJA,HUANCAVELICA,66.3,4.44,294,3864.9305740988,>3500,0,12778.3857236411,0,0
090711,PAZOS,TAYACAJA,HUANCAVELICA,226.2,3.73,844,3961.59664193674,>3500,0,44957.3096437232,0,0
090713,QUISHUAR,TAYACAJA,HUANCAVELICA,32.6,2.71,88,2574.15094339623,2500-3500,0,6567.18774445893,0,0
090714,SALCABAMBA,TAYACAJA,HUANCAVELICA,190,3.96,752,3179.66837209302,2500-3500,0,34916.4122249389,0,0
090715,SALCAHUASI,TAYACAJA,HUANCAVELICA,117,2.77,324,2562.98111782477,2500-3500,0,23695.7920369712,0,0
090716,SAN MARCOS DE ROCCHAC,TAYACAJA,HUANCAVELICA,287.5,2.38,684,3931.63420647149,>3500,0,15319.7632,0,0
090717,SURCUBAMBA,TAYACAJA,HUANCAVELICA,243.4,4.05,986,2918.25072780204,2500-3500,0,39378.0048981191,0,0
090718,TINTAY PUNCU,TAYACAJA,HUANCAVELICA,179,2.33,417,2502.30830039526,2500-3500,1,19915.5848871443,50.211932296576,266.453503863576
090719,QUICHUAS,TAYACAJA,HUANCAVELICA,118.4,6.09,721,3657.86537023186,>3500,0,37873.0083701465,0,0
090720,ANDAYMARCA,TAYACAJA,HUANCAVELICA,150.6,5.57,839,3039.03647058824,2500-3500,0,23956.1509433962,0,0
090721,ROBLE,TAYACAJA,HUANCAVELICA,184.2,0,0,3067.67243035543,2500-3500,0,10343.9459041731,0,
090722,PICHOS,TAYACAJA,HUANCAVELICA,143.4,1.82,261,3861.28738461539,>3500,0,16197.0785498489,0,0
090723,SANTIAGO DE TUCUMA,TAYACAJA,HUANCAVELICA,34,3,102,3479.52467532468,2500-3500,0,13809.5197775031,0,0
090724,LAMBRAS,TAYACAJA,HUANCAVELICA,87,1.8,157,2500.07886754297,2500-3500,0,9283,0,0
090725,COCHABAMBA,TAYACAJA,HUANCAVELICA,76.7,1.92,147,3393.33679354095,2500-3500,0,4615,0,0
100101,HUANUCO,HUANUCO,HUANUCO,127.9,2.77,354,2611.48008385744,2500-3500,1,861049.883227176,1.16137290008338,313.873195229127
100102,AMARILIS,HUANUCO,HUANUCO,133.3,2.92,389,2830.24450366422,2500-3500,0,803673.92446179,0,0
100103,CHINCHAO,HUANUCO,HUANUCO,806.4,5.96,4806,2395.91579995574,1500-2500,0,116949.219876338,0,0
100104,CHURUBAMBA,HUANUCO,HUANUCO,513.5,2.06,1058,3388.50652514355,2500-3500,1,132084.095522388,7.57093422978016,105.01995379122
100105,MARGOS,HUANUCO,HUANUCO,209.1,4.11,859,3924.37489288775,>3500,1,35912.4628942486,27.8454864804093,129.349372655543
100106,QUISQUI (KICHKI),HUANUCO,HUANUCO,174.4,1.43,249,3426.74769703173,2500-3500,0,28364.6957151129,0,0
100107,SAN FRANCISCO DE CAYRAN,HUANUCO,HUANUCO,148,1.95,289,3142.5827294686,2500-3500,0,43115.0524482688,0,0
100108,SAN PEDRO DE CHAULAN,HUANUCO,HUANUCO,269.5,5.58,1504,3897.00263939294,>3500,0,25442.5914118413,0,0
100109,SANTA MARIA DEL VALLE,HUANUCO,HUANUCO,452,1.14,515,3346.5036453202,2500-3500,0,197190.540466962,0,0
100110,YARUMAYO,HUANUCO,HUANUCO,61.7,1.27,78,3407.64595375723,2500-3500,0,14221.0025188917,0,0
100111,PILLCO MARCA,HUANUCO,HUANUCO,77.3,0.5,39,2877.25115740741,2500-3500,0,471156.676453101,0,0
100112,YACUS,HUANUCO,HUANUCO,70.8,3.13,222,3898.63316582915,>3500,0,44626.6632692308,0,0
100113,SAN PABLO DE PILLAO,HUANUCO,HUANUCO,592.7,4.39,2602,2378.4062923378,1500-2500,0,72265.1295318127,0,0
100201,AMBO,AMBO,HUANUCO,287,0.92,264,3348.11525318422,2500-3500,0,211273.985623846,0,0
100202,CAYNA,AMBO,HUANUCO,157,6.6,1036,3686.01865460712,>3500,0,20572.3310539019,0,0
100203,COLPAS,AMBO,HUANUCO,176.9,3.91,692,3786.25528700906,>3500,0,13994.8823529412,0,0
100204,CONCHAMARCA,AMBO,HUANUCO,112.1,2.33,261,3130.92209856916,2500-3500,0,38300.718067505,0,0
100205,HUACAR,AMBO,HUANUCO,237.9,1.64,390,3093.55701425356,2500-3500,0,71511.0123609394,0,0
100206,SAN FRANCISCO,AMBO,HUANUCO,118.9,3.94,468,3567.09274495138,>3500,0,11698.5466939332,0,0
100207,SAN RAFAEL,AMBO,HUANUCO,440.4,2.59,1141,3755.07063347501,>3500,0,76178.0833610834,0,0
100208,TOMAY KICHWA,AMBO,HUANUCO,41.6,2.33,97,2984.89439655172,2500-3500,0,29085.0493755446,0,0
100301,LA UNION,DOS DE MAYO,HUANUCO,169.3,4.69,794,3861.87086614173,>3500,0,63615.5804988662,0,0
100307,CHUQUIS,DOS DE MAYO,HUANUCO,151.7,2.99,454,4055.49852681202,>3500,0,26756.4227467811,0,0
100311,MARIAS,DOS DE MAYO,HUANUCO,642.6,5.51,3541,3717.95517002082,>3500,0,47989.096779839,0,0
100313,PACHAS,DOS DE MAYO,HUANUCO,269,4.57,1229,3917.52414021164,>3500,0,40597.5833172427,0,0
100316,QUIVILLA,DOS DE MAYO,HUANUCO,37.2,3.38,126,3949.36803874092,>3500,0,9298.32525951557,0,0
100317,RIPAN,DOS DE MAYO,HUANUCO,76.2,3.8,290,3785.07728337237,>3500,0,46467.1803762449,0,0
100321,SHUNQUI,DOS DE MAYO,HUANUCO,32.6,6.37,208,3599.60055096419,>3500,1,13430.5825183374,74.4569342867037,534.188034188034
100322,SILLAPATA,DOS DE MAYO,HUANUCO,73,9.31,680,3708.83088235294,>3500,0,14193.6697247706,0,0
100323,YANAS,DOS DE MAYO,HUANUCO,37.3,6.84,255,3491.07281553398,2500-3500,0,18961.9801499779,0,0
100401,HUACAYBAMBA,HUACAYBAMBA,HUANUCO,551.7,3.39,1870,3531.33912337662,>3500,1,51083.6528532609,19.5757339999261,59.41770647653
100402,CANCHABAMBA,HUACAYBAMBA,HUANUCO,184.6,1.97,364,3531.71179039301,>3500,0,24039.160130719,0,0
100403,COCHABAMBA,HUACAYBAMBA,HUANUCO,682.7,3.99,2724,2622.86673648383,2500-3500,0,12413.9686888454,0,0
100404,PINRA,HUACAYBAMBA,HUANUCO,285.9,2.31,660,3630.42428035044,>3500,1,55914.5689018764,17.88442653926,168.350168350168
100501,LLATA,HUAMALIES,HUANUCO,414,3.66,1515,4066.58214747736,>3500,0,121920.497688195,0,0
100502,ARANCAY,HUAMALIES,HUANUCO,117.7,0.92,108,3315.68060836502,2500-3500,0,11426.666173205,0,0
100503,CHAVIN DE PARIARCA,HUAMALIES,HUANUCO,92.7,1.67,155,3689.23648648649,>3500,0,33986.230296827,0,0
100504,JACAS GRANDE,HUAMALIES,HUANUCO,219.4,2.88,632,4085.85209264527,>3500,0,52006.1940248406,0,0
100505,JIRCAN,HUAMALIES,HUANUCO,238.7,4.61,1100,2960.25934230194,2500-3500,0,10567.0538116592,0,0
100506,MIRAFLORES,HUAMALIES,HUANUCO,94.9,2.37,225,3984.47279549719,>3500,1,27463.1825095057,36.4123859153569,493.827160493827
100507,MONZON,HUAMALIES,HUANUCO,1403.4,12.17,17079,2213.93949044586,1500-2500,0,103856.438596491,0,0
100508,PUNCHAO,HUAMALIES,HUANUCO,40.8,2.94,120,3806.48565121413,>3500,0,17299.3369890329,0,0
100509,PUÑOS,HUAMALIES,HUANUCO,98.3,2.94,289,3981.76663628077,>3500,1,36379.4003334127,27.4880836636977,384.467512495194
100510,SINGA,HUAMALIES,HUANUCO,159.8,2.28,364,3955.359375,>3500,0,26407.4410914928,0,0
100511,TANTAMAYO,HUAMALIES,HUANUCO,280.7,1.68,472,3938.47594775406,>3500,0,14363.2051282051,0,0
100601,RUPA-RUPA,LEONCIO PRADO,HUANUCO,260.5,34.46,8977,852.128943758573,500-1500,0,528049.915892275,0,0
100602,DANIEL ALOMIA ROBLES,LEONCIO PRADO,HUANUCO,539.8,16.9,9123,1570.36698612029,1500-2500,0,61844.1683413427,0,0
100603,HERMILIO VALDIZAN,LEONCIO PRADO,HUANUCO,285.6,22.84,6523,1297.32528987778,500-1500,0,32767.0024298056,0,0
100604,JOSE CRESPO Y CASTILLO,LEONCIO PRADO,HUANUCO,1501.6,21.45,32209,1282.50541860188,500-1500,1,213369.842118655,4.68669794227012,3.44969142510203
100605,LUYANDO,LEONCIO PRADO,HUANUCO,111.4,22.8,2540,737.539759036145,500-1500,0,85119.8405135824,0,0
100606,MARIANO DAMASO BERAUN,LEONCIO PRADO,HUANUCO,746.2,18.43,13752,1407.42261264491,500-1500,0,100995.741894584,0,0
100607,PUCAYACU,LEONCIO PRADO,HUANUCO,761.8,24.26,18481,1338.77309048179,500-1500,0,35289.0255102041,0,0
100608,CASTILLO GRANDE,LEONCIO PRADO,HUANUCO,104.3,26.39,2752,743.317909168809,500-1500,0,127410.871116226,0,0
100609,PUEBLO NUEVO,LEONCIO PRADO,HUANUCO,320.1,23.63,7564,1013.01846670397,500-1500,0,39036.0442138507,0,0
100610,SANTO DOMINGO DE ANDA,LEONCIO PRADO,HUANUCO,280.6,24.29,6816,1200.56469088591,500-1500,0,23489.2314814815,0,0
100701,HUACRACHUCO,MARAÑON,HUANUCO,701.1,2.16,1514,3489.36163963734,2500-3500,1,135809.08558975,7.36327761620295,73.3891090562161
100702,CHOLON,MARAÑON,HUANUCO,2201.9,11.11,24463,2648.14208472234,2500-3500,0,50146.8809856694,0,0
100703,SAN BUENAVENTURA,MARAÑON,HUANUCO,92.6,1.01,94,3509.97396335583,>3500,0,18378.5404394577,0,0
100704,LA MORADA,MARAÑON,HUANUCO,906.2,25.93,23498,1318.93439226519,500-1500,0,33045.2881405564,0,0
100705,SANTA ROSA DE ALTO YANAJANCA,MARAÑON,HUANUCO,1042.6,18.63,19424,2180.82898351648,1500-2500,0,24144.25625,0,0
100801,PANAO,PACHITEA,HUANUCO,1609.1,2.5,4023,3337.98177991915,2500-3500,0,161197.649554426,0,0
100802,CHAGLLA,PACHITEA,HUANUCO,1078,5.13,5530,2219.89386030326,1500-2500,0,89493.3948469291,0,0
100803,MOLINO,PACHITEA,HUANUCO,237.7,2.75,654,3466.71584084084,2500-3500,0,93985.6862194016,0,0
100804,UMARI,PACHITEA,HUANUCO,157.1,3.06,481,2762.15476190476,2500-3500,0,93972.4459121742,0,0
100901,PUERTO INCA,PUERTO INCA,HUANUCO,2389.4,33.36,79710,409.238347972342,0-500,0,96244.3287958115,0,0
100902,CODO DEL POZUZO,PUERTO INCA,HUANUCO,3221.3,39.25,126436,859.6167566819,500-1500,0,75028.1096094235,0,0
100903,HONORIA,PUERTO INCA,HUANUCO,948.5,23.5,22290,184.270943396226,0-500,0,42333.7413509061,0,0
100904,TOURNAVISTA,PUERTO INCA,HUANUCO,1739.6,31.71,55163,281.127009398593,0-500,0,59302.0095015576,0,0
100905,YUYAPICHIS,PUERTO INCA,HUANUCO,2065.1,31.82,65711,332.62030676172,0-500,0,60694.6302207637,0,0
101001,JESUS,LAURICOCHA,HUANUCO,454.9,5.41,2461,4250.78410647876,>3500,1,33701.958863859,29.6718657820324,45.1487651812723
101002,BAÑOS,LAURICOCHA,HUANUCO,192.1,5,960,4181.85754060325,>3500,0,13393.446509009,0,0
101003,JIVIA,LAURICOCHA,HUANUCO,62.1,4.05,252,3803.85612535613,>3500,0,8626.60357142857,0,0
101004,QUEROPALCA,LAURICOCHA,HUANUCO,133.3,4.58,611,4457.16889185581,>3500,0,7894.37037037037,0,0
101005,RONDOS,LAURICOCHA,HUANUCO,172.6,4.15,716,3904.51058337636,>3500,0,28293.387294511,0,0
101006,SAN FRANCISCO DE ASIS,LAURICOCHA,HUANUCO,86.3,3.92,338,3817.128125,>3500,1,9770.46291768541,102.349295875215,328.731097961867
101007,SAN MIGUEL DE CAURI,LAURICOCHA,HUANUCO,821,8.02,6584,4237.69138080764,>3500,2,43915.2384401114,45.542278057478,33.7518563520994
101101,CHAVINILLO,YAROWILCA,HUANUCO,206.2,3.62,746,4001.7508650519,>3500,0,39401.0728462838,0,0
101102,CAHUAC,YAROWILCA,HUANUCO,29.6,7.38,218,3757.40361445783,>3500,0,8215.15503875969,0,0
101103,CHACABAMBA,YAROWILCA,HUANUCO,16.4,5.77,95,3635.36898395722,>3500,0,7910.29364278507,0,0
101104,APARICIO POMARES,YAROWILCA,HUANUCO,183.7,9.18,1686,4036.8920758386,>3500,0,40569.4875437513,0,0
101105,JACAS CHICO,YAROWILCA,HUANUCO,38,2.71,103,3901.41509433962,>3500,0,8562.95291902072,0,0
101106,OBAS,YAROWILCA,HUANUCO,124.2,4.14,514,3796.95382395382,>3500,0,31603.3276131045,0,0
101107,PAMPAMARCA,YAROWILCA,HUANUCO,73,6.38,466,3825.07926829268,>3500,0,8409.7244611059,0,0
101108,CHORAS,YAROWILCA,HUANUCO,61,4.92,300,3888.91336270191,>3500,0,15929.1755454084,0,0
110101,ICA,ICA,ICA,886.5,0.4,355,549.66135734072,500-1500,0,1557963.08340113,0,0
110102,LA TINGUIÑA,ICA,ICA,81.6,0.47,38,613.013993541443,500-1500,0,429097.621786122,0,0
110103,LOS AQUIJES,ICA,ICA,90.7,0,0,712.118955512573,500-1500,0,233892.142320585,0,
110104,OCUCAJE,ICA,ICA,1399.8,0.29,406,487.950153422256,0-500,0,47665.5620248099,0,0
110105,PACHACUTEC,ICA,ICA,41.4,0,0,433.012738853503,0-500,0,76568.6696406444,0,
110106,PARCONA,ICA,ICA,17.2,0,0,440.252577319588,0-500,0,549134.822781395,0,
110107,PUEBLO NUEVO,ICA,ICA,30.7,0,0,443.467236467237,0-500,0,70662.4653739612,0,
110108,SALAS,ICA,ICA,657.4,0.83,546,474.156542681295,0-500,1,275587.162660092,3.62861604418562,203.500203500204
110109,SAN JOSE DE LOS MOLINOS,ICA,ICA,360.3,0.63,227,1277.79243902439,500-1500,0,73584.8681346819,0,0
110110,SAN JUAN BAUTISTA,ICA,ICA,32.5,1.71,56,461.564516129032,0-500,0,142348.632821724,0,0
110111,SANTIAGO,ICA,ICA,2767.9,0.22,609,583.577775666603,500-1500,0,284039.997620779,0,0
110112,SUBTANJALLA,ICA,ICA,186,0,0,512.393566698203,500-1500,0,296018.835054513,0,
110113,TATE,ICA,ICA,6.3,0,0,399.64,0-500,0,47578.3795476893,0,
110114,YAUCA DEL ROSARIO,ICA,ICA,1261.5,0.7,883,1686.12232820441,1500-2500,0,11528.1804330393,0,0
110201,CHINCHA ALTA,CHINCHA,ICA,225.2,0,0,782.000391083301,500-1500,0,704369.849111094,0,
110202,ALTO LARAN,CHINCHA,ICA,364.6,0,0,890.119767723204,500-1500,0,81755.2519967589,0,
110203,CHAVIN,CHINCHA,ICA,426.3,1.3,554,2683.96538860104,2500-3500,0,25788.0158859471,0,0
110204,CHINCHA BAJA,CHINCHA,ICA,72.9,0,0,42.5180288461539,0-500,0,132293.339976391,0,
110205,EL CARMEN,CHINCHA,ICA,754.9,0.23,174,1137.29743589744,500-1500,0,126109.848672245,0,0
110206,GROCIO PRADO,CHINCHA,ICA,178,0.3,53,228.260049627792,0-500,0,266816.26270167,0,0
110207,PUEBLO NUEVO,CHINCHA,ICA,210.6,0,0,810.05752396832,500-1500,0,675130.040497266,0,
110208,SAN JUAN DE YANAC,CHINCHA,ICA,441.3,0.81,357,2840.39069674586,2500-3500,0,16579.692918597,0,0
110209,SAN PEDRO DE HUACARPANA,CHINCHA,ICA,210.5,2.6,547,3985.16526845638,>3500,0,9889.18334892423,0,0
110210,SUNAMPE,CHINCHA,ICA,16.2,0,0,64.3555555555556,0-500,0,303087.657713328,0,
110211,TAMBO DE MORA,CHINCHA,ICA,12.7,0,0,11.4929577464789,0-500,0,60336.3459856295,0,
110301,NASCA,NASCA,ICA,1143.4,0.48,549,729.244037119411,500-1500,0,273520.977063753,0,0
110302,CHANGUILLO,NASCA,ICA,954.7,0,0,434.21889041724,0-500,0,19968.2900232019,0,
110303,EL INGENIO,NASCA,ICA,611.3,0.18,110,958.099914113942,500-1500,0,33087.2727530479,0,0
110304,MARCONA,NASCA,ICA,1943.8,0,0,758.970305480683,500-1500,0,167821.336844503,0,
110305,VISTA ALEGRE,NASCA,ICA,534.1,0.84,449,1122.89795249795,500-1500,0,225481.4603375,0,0
110401,PALPA,PALPA,ICA,131.3,0,0,818.847389558233,500-1500,0,79299.7971824427,0,
110402,LLIPATA,PALPA,ICA,182.5,0,0,595.164829899377,500-1500,0,16157.7072748268,0,
110403,RIO GRANDE,PALPA,ICA,313.7,0,0,1208.27458100559,500-1500,0,26745.2679425837,0,
110404,SANTA CRUZ,PALPA,ICA,253.7,0,0,804.593684941013,500-1500,0,9363.00866217517,0,
110405,TIBILLO,PALPA,ICA,335.8,0,0,2280.92967320261,1500-2500,0,3247.01092896175,0,
110501,PISCO,PISCO,ICA,24.7,0,0,27.8475177304965,0-500,0,723929.575910269,0,
110502,HUANCANO,PISCO,ICA,898.3,1.13,1015,2205.22327721222,1500-2500,0,13114.2198100407,0,0
110503,HUMAY,PISCO,ICA,909.6,0.07,64,1025.09718595881,500-1500,0,52902.4653243848,0,0
110504,INDEPENDENCIA,PISCO,ICA,268.6,0,0,324.29799803085,0-500,0,132281.620812147,0,
110505,PARACAS,PISCO,ICA,1425.2,0.03,43,253.186148253127,0-500,0,86032.156279509,0,0
110506,SAN ANDRES,PISCO,ICA,232.4,0,0,170.095760787282,0-500,0,145774.416338458,0,
110507,SAN CLEMENTE,PISCO,ICA,136.8,0,0,78.3525641025641,0-500,0,267068.34486332,0,
110508,TUPAC AMARU INCA,PISCO,ICA,55.6,0,0,140.090047393365,0-500,0,177358.88316904,0,
120101,HUANCAYO,HUANCAYO,JUNIN,226.7,1.38,313,4291.8390625,>3500,0,1122618.20121537,0,0
120104,CARHUACALLANGA,HUANCAYO,JUNIN,13.1,5.55,73,3724.33783783784,>3500,0,4101.07520325203,0,0
120105,CHACAPAMPA,HUANCAYO,JUNIN,125.3,6.61,828,4012.16244725738,>3500,0,8295.3744813278,0,0
120106,CHICCHE,HUANCAYO,JUNIN,41.4,7.1,294,3869.74630021142,>3500,0,6009.7875862069,0,0
120107,CHILCA,HUANCAYO,JUNIN,26.8,9.91,266,3578.14935064935,>3500,0,906690.131364573,0,0
120108,CHONGOS ALTO,HUANCAYO,JUNIN,701.9,10.46,7342,4480.41346275054,>3500,0,13472.0785714286,0,0
120111,CHUPURO,HUANCAYO,JUNIN,41.6,7.43,309,3840.35181236674,>3500,0,18583.0171755725,0,0
120112,COLCA,HUANCAYO,JUNIN,110.8,6.23,690,3731.10088070456,>3500,0,9115.27602674308,0,0
120113,CULLHUAS,HUANCAYO,JUNIN,110.8,2.15,238,3824.17051792829,>3500,0,11500.4330125833,0,0
120114,EL TAMBO,HUANCAYO,JUNIN,166.3,6.04,1004,4067.43466666667,>3500,0,1585078.63088761,0,0
120116,HUACRAPUQUIO,HUANCAYO,JUNIN,24.3,6.6,160,3399.19926199262,2500-3500,0,12541,0,0
120117,HUALHUAS,HUANCAYO,JUNIN,13.6,9.9,135,3481.09271523179,2500-3500,0,53470.4611158798,0,0
120119,HUANCAN,HUANCAYO,JUNIN,12.3,9.21,113,3229.76258992806,2500-3500,0,274484.138597538,0,0
120120,HUASICANCHA,HUANCAYO,JUNIN,52,8.33,433,3820.35363790186,>3500,0,7418.14152046784,0,0
120121,HUAYUCACHI,HUANCAYO,JUNIN,14,8.15,114,3229.96855345912,2500-3500,0,97763.7917795423,0,0
120122,INGENIO,HUANCAYO,JUNIN,54.1,6.22,337,4114.90343698854,>3500,0,21661.1169093851,0,0
120124,PARIAHUANCA,HUANCAYO,JUNIN,580.3,3.04,1764,3623.28466707392,>3500,0,45366.307591623,0,0
120125,PILCOMAYO,HUANCAYO,JUNIN,8.9,10.64,95,3212.22,2500-3500,0,221465.429855803,0,0
120126,PUCARA,HUANCAYO,JUNIN,111.2,4.58,509,3958.1461477363,>3500,0,42926.7536965769,0,0
120127,QUICHUAY,HUANCAYO,JUNIN,30.4,12.48,379,4149.34492753623,>3500,1,17115,58.428279287175,293.169158604515
120128,QUILCAS,HUANCAYO,JUNIN,159.5,3.95,630,4364.88981173865,>3500,0,36757.0554187192,0,0
120129,SAN AGUSTIN,HUANCAYO,JUNIN,26.2,8.86,232,3481.94932432432,2500-3500,0,172912.687503495,0,0
120130,SAN JERONIMO DE TUNAN,HUANCAYO,JUNIN,21,10.91,229,3373.92372881356,2500-3500,0,117759.860006264,0,0
120132,SAÑO,HUANCAYO,JUNIN,13,9.9,129,3554.11333333333,>3500,0,57695.2092043429,0,0
120133,SAPALLANGA,HUANCAYO,JUNIN,123.5,9.37,1157,3850.11574406902,>3500,0,231912.128549581,0,0
120134,SICAYA,HUANCAYO,JUNIN,42,10.25,430,3265.78361344538,2500-3500,0,207096.861142272,0,0
120135,SANTO DOMINGO DE ACOBAMBA,HUANCAYO,JUNIN,876.4,3.65,3199,3041.3482566953,2500-3500,0,55985.2734076676,0,0
120136,VIQUES,HUANCAYO,JUNIN,6.1,6.93,42,3202.21917808219,2500-3500,0,26548.2183708839,0,0
120201,CONCEPCION,CONCEPCION,JUNIN,18.2,11.02,201,3336.45893719807,2500-3500,0,152277.153207865,0,0
120202,ACO,CONCEPCION,JUNIN,38.9,10.35,403,3792.88713318284,>3500,0,14498.3169562612,0,0
120203,ANDAMARCA,CONCEPCION,JUNIN,505.5,3.52,1779,3811.41972275838,>3500,0,28960.4194649972,0,0
120204,CHAMBARA,CONCEPCION,JUNIN,109.1,6.44,703,3829.35638730675,>3500,0,23723.1788617886,0,0
120205,COCHAS,CONCEPCION,JUNIN,108.4,3.04,330,3679.96795398521,>3500,0,17463.180952381,0,0
120206,COMAS,CONCEPCION,JUNIN,948.4,1.67,1584,4143.65713484721,>3500,0,46580.90805841,0,0
120207,HEROINAS TOLEDO,CONCEPCION,JUNIN,25.1,11.91,299,3981.72401433692,>3500,0,8215.97761953204,0,0
120208,MANZANARES,CONCEPCION,JUNIN,17.4,10.22,178,3599.10152284264,>3500,0,13697,0,0
120209,MARISCAL CASTILLA,CONCEPCION,JUNIN,56.2,2.57,144,3004.47798742138,2500-3500,0,13076.0061141304,0,0
120210,MATAHUASI,CONCEPCION,JUNIN,23.6,10.17,240,3296.34831460674,2500-3500,0,57384.6358242463,0,0
120211,MITO,CONCEPCION,JUNIN,25.2,10.35,261,3367.75800711744,2500-3500,0,13026,0,0
120212,NUEVE DE JULIO,CONCEPCION,JUNIN,6.8,11.39,77,3333.8961038961,2500-3500,0,23489.0261254019,0,0
120213,ORCOTUNA,CONCEPCION,JUNIN,45.1,10.11,456,3382.54296875,2500-3500,0,47721.1034616881,0,0
120214,SAN JOSE DE QUERO,CONCEPCION,JUNIN,308,14.06,4330,4139.65662650602,>3500,0,50506.5239002425,0,0
120215,SANTA ROSA DE OCOPA,CONCEPCION,JUNIN,16.1,11.91,192,3498.1043956044,2500-3500,0,18686.0042857143,0,0
120301,CHANCHAMAYO,CHANCHAMAYO,JUNIN,738.5,11.21,8279,2042.98363023592,1500-2500,0,263226.609198178,0,0
120302,PERENE,CHANCHAMAYO,JUNIN,1490,7.66,11413,1479.21649976156,500-1500,0,542558.871182315,0,0
120303,PICHANAQUI,CHANCHAMAYO,JUNIN,1242.4,12.63,15692,1377.46616111032,500-1500,0,378629.238445451,0,0
120304,SAN LUIS DE SHUARO,CHANCHAMAYO,JUNIN,192.4,9.82,1889,1400.45185185185,500-1500,0,33851.0443266683,0,0
120305,SAN RAMON,CHANCHAMAYO,JUNIN,621.3,7.13,4430,2334.29490117445,1500-2500,0,265813.377269302,0,0
120306,VITOC,CHANCHAMAYO,JUNIN,393,11.09,4358,2640.24070317782,2500-3500,0,14976.8962795941,0,0
120401,JAUJA,JAUJA,JUNIN,9.5,15.74,150,3386.42727272727,2500-3500,0,180647.415271436,0,0
120402,ACOLLA,JAUJA,JUNIN,120.1,6.44,773,3789.39867354458,>3500,0,53151.983405138,0,0
120403,APATA,JAUJA,JUNIN,419.6,6.05,2539,4097.37964527027,>3500,0,40701.1461621622,0,0
120404,ATAURA,JAUJA,JUNIN,5.6,14.32,80,3391.14285714286,2500-3500,0,12502.0726744186,0,0
120405,CANCHAYLLO,JAUJA,JUNIN,946.2,12.99,12291,4393.8018161393,>3500,1,15052.0146799765,66.4362891786364,9.04003832976252
120406,CURICACA,JAUJA,JUNIN,65.5,11.4,747,4006.80108254398,>3500,0,12801.3272481406,0,0
120407,EL MANTARO,JAUJA,JUNIN,17.9,9.1,163,3481.76119402985,2500-3500,0,24765.0525739321,0,0
120408,HUAMALI,JAUJA,JUNIN,19.7,11.77,232,3677.80630630631,>3500,0,14621.2872403561,0,0
120409,HUARIPAMPA,JAUJA,JUNIN,14.3,14.32,205,3540.68944099379,>3500,0,9920.01469237833,0,0
120410,HUERTAS,JAUJA,JUNIN,12,19.81,238,3410.57352941177,2500-3500,0,20203.493877551,0,0
120411,JANJAILLO,JAUJA,JUNIN,32.5,9.56,311,3941.94808743169,>3500,0,4896.39335664336,0,0
120412,JULCAN,JAUJA,JUNIN,19.1,19.81,378,3682.7023255814,>3500,0,6719.046875,0,0
120413,LEONOR ORDOÑEZ,JAUJA,JUNIN,21.1,8.83,186,3655.2375,>3500,0,14405.0024645718,0,0
120414,LLOCLLAPAMPA,JAUJA,JUNIN,109.2,14.12,1542,4010.07491856678,>3500,0,10426.1206030151,0,0
120415,MARCO,JAUJA,JUNIN,28.7,11.67,335,3602.41538461538,>3500,1,12610.0731052985,79.3016814137123,331.67495854063
120416,MASMA,JAUJA,JUNIN,14.5,13.47,195,3607.60365853659,>3500,0,15575.5657458564,0,0
120417,MASMA CHICCHE,JAUJA,JUNIN,33.7,12.76,430,3968.64751958225,>3500,0,6522.19047619048,0,0
120418,MOLINOS,JAUJA,JUNIN,314,3.75,1178,3920.3610639502,>3500,0,14284.1200244948,0,0
120419,MONOBAMBA,JAUJA,JUNIN,934.7,2.68,2505,3000.73337759651,2500-3500,0,17623.3916532905,0,0
120420,MUQUI,JAUJA,JUNIN,11.9,8.83,105,3489.12030075188,2500-3500,0,9432,0,0
120421,MUQUIYAUYO,JAUJA,JUNIN,20.8,14.32,298,3643.7264957265,>3500,0,21236.0004189359,0,0
120422,PACA,JAUJA,JUNIN,34,4.68,159,3687.42440318302,>3500,0,7622.69213732004,0,0
120423,PACCHA,JAUJA,JUNIN,89.1,11.98,1067,4053.79603960396,>3500,0,12296.3260273973,0,0
120424,PANCAN,JAUJA,JUNIN,11.4,15.74,179,3400.58914728682,2500-3500,0,11203.0633802817,0,0
120425,PARCO,JAUJA,JUNIN,34,11.18,380,3801.31758530184,>3500,0,10084.4483050848,0,0
120426,POMACANCHA,JAUJA,JUNIN,281.3,4.76,1339,4150.34130229632,>3500,0,11973.7433751743,0,0
120427,RICRAN,JAUJA,JUNIN,319.8,3.02,966,4260.90639711991,>3500,0,10730.5101404056,0,0
120428,SAN LORENZO,JAUJA,JUNIN,24.3,9.1,221,3438.03971119134,2500-3500,0,25510.8674132948,0,0
120429,SAN PEDRO DE CHUNAN,JAUJA,JUNIN,8.7,10.08,88,3479.88659793814,2500-3500,0,5878.57388809182,0,0
120430,SAUSA,JAUJA,JUNIN,4.7,13.43,63,3378.78431372549,2500-3500,0,30438.6937669377,0,0
120431,SINCOS,JAUJA,JUNIN,231,8.79,2030,3924.67114351497,>3500,0,37485.0680480339,0,0
120432,TUNAN MARCA,JAUJA,JUNIN,32.7,8.38,274,3712.6875,>3500,0,8704.7084548105,0,0
120433,YAULI,JAUJA,JUNIN,93.1,4.17,388,3944.24026590693,>3500,0,9140.38904109589,0,0
120434,YAUYOS,JAUJA,JUNIN,19.6,13.34,261,3509.17117117117,>3500,0,90585.3593890386,0,0
120501,JUNIN,JUNIN,JUNIN,869.6,9.12,7931,4299.01960984578,>3500,0,98452.4696809448,0,0
120502,CARHUAMAYO,JUNIN,JUNIN,204.6,6.06,1240,4298.98609904431,>3500,0,56863.4457381699,0,0
120503,ONDORES,JUNIN,JUNIN,289.5,11.63,3367,4224.19478527607,>3500,0,9758.41283607979,0,0
120504,ULCUMAYO,JUNIN,JUNIN,1132.2,3.72,4212,3501.91141129349,>3500,0,34598.0494398441,0,0
120601,SATIPO,SATIPO,JUNIN,815.1,9.66,7874,1109.67484729494,500-1500,0,386132.296749893,0,0
120602,COVIRIALI,SATIPO,JUNIN,97.5,14.25,1389,1046.58683729433,500-1500,0,59405.1138048178,0,0
120603,LLAYLLA,SATIPO,JUNIN,308.2,11.56,3563,2147.0666092449,1500-2500,0,68719.7750681199,0,0
120604,MAZAMARI,SATIPO,JUNIN,1258,9.58,12052,932.999365973934,500-1500,0,392633.837013172,0,0
120605,PAMPA HERMOSA,SATIPO,JUNIN,950,7.65,7268,2835.71428571429,2500-3500,0,31681.2833986928,0,0
120606,PANGOA,SATIPO,JUNIN,4413.5,15.48,68321,1561.42511349484,1500-2500,0,594062.124360279,0,0
120607,RIO NEGRO,SATIPO,JUNIN,488.1,12.5,6101,979.926154965442,500-1500,0,312674.478856127,0,0
120608,RIO TAMBO,SATIPO,JUNIN,10209.9,15.94,162746,1279.53787944606,500-1500,0,264453.350946895,0,0
120609,VIZCATÁN DEL ENE,SATIPO,JUNIN,607.2,22.71,13790,1354.00873998543,500-1500,0,54083.1344802072,0,0
120701,TARMA,TARMA,JUNIN,445.3,2.25,1002,3994.74730968513,>3500,1,449517.013323085,2.22460990432249,110.889332446219
120702,ACOBAMBA,TARMA,JUNIN,107.2,1.75,188,3530.56575682382,>3500,0,81530.8669833729,0,0
120703,HUARICOLCA,TARMA,JUNIN,164.6,4.33,713,4023.50673854447,>3500,0,15566.974616605,0,0
120704,HUASAHUASI,TARMA,JUNIN,636.9,4.45,2834,3543.63890051626,>3500,0,84280.6978438515,0,0
120705,LA UNION,TARMA,JUNIN,151.4,4.22,639,4049.99882560188,>3500,0,32406.0533333333,0,0
120706,PALCA,TARMA,JUNIN,270.4,1.94,525,3585.77190679357,>3500,0,52398.2425667731,0,0
120707,PALCAMAYO,TARMA,JUNIN,167.8,0.74,124,4011.39325250395,>3500,0,27011.7808177067,0,0
120708,SAN PEDRO DE CAJAS,TARMA,JUNIN,512,3.14,1608,4070.16698456737,>3500,0,28883.9176504463,0,0
120709,TAPO,TARMA,JUNIN,214.9,3.1,666,3886.98268041237,>3500,0,39063.2258346062,0,0
120801,LA OROYA,YAULI,JUNIN,379.9,10.19,3871,4167.49543218552,>3500,0,119770.882917466,0,0
120802,CHACAPALPA,YAULI,JUNIN,186,10.62,1975,4207.6102661597,>3500,0,5830.47437774524,0,0
120803,HUAY-HUAY,YAULI,JUNIN,193,15.95,3078,4545.08318014706,>3500,0,19820.0351452671,0,0
120804,MARCAPOMACOCHA,YAULI,JUNIN,883.3,11.68,10317,4497.66870857602,>3500,0,6836.0306372549,0,0
120805,MOROCOCHA,YAULI,JUNIN,264.8,21.89,5796,4619.87959866221,>3500,0,47225.003030303,0,0
120806,PACCHA,YAULI,JUNIN,322.7,12.69,4095,4237.54765174403,>3500,0,14599.1537537538,0,0
120807,SANTA BARBARA DE CARHUACAYAN,YAULI,JUNIN,680.3,11.25,7653,4497.86065038527,>3500,0,8629.75875118259,0,0
120808,SANTA ROSA DE SACCO,YAULI,JUNIN,100.3,11.21,1124,4264.52074139453,>3500,0,75624.7538531278,0,0
120809,SUITUCANCHA,YAULI,JUNIN,215.3,13.21,2844,4690.10818593172,>3500,0,6250.23310344828,0,0
120810,YAULI,YAULI,JUNIN,410.6,22.18,9107,4650.11264864865,>3500,0,48522.1133889695,0,0
120901,CHUPACA,CHUPACA,JUNIN,20.5,10.36,212,3256.7264957265,2500-3500,1,193149.056781311,5.17734860663715,524.109014675052
120902,AHUAC,CHUPACA,JUNIN,72,9.08,654,3864.12406947891,>3500,0,60212.0250222091,0,0
120903,CHONGOS BAJO,CHUPACA,JUNIN,96.3,7.43,716,3995.90659340659,>3500,0,43176.1646712876,0,0
120904,HUACHAC,CHUPACA,JUNIN,23.9,10.09,241,3388.25461254613,2500-3500,0,26901.9081797608,0,0
120905,HUAMANCACA CHICO,CHUPACA,JUNIN,11,10.64,117,3205.376,2500-3500,0,101576.586996783,0,0
120906,SAN JUAN DE ISCOS,CHUPACA,JUNIN,26.3,9.2,242,3699.38926174497,>3500,0,20809.0017204301,0,0
120907,SAN JUAN DE JARPA,CHUPACA,JUNIN,136,7.11,967,4169.07767624021,>3500,0,22775.1552238806,0,0
120908,TRES DE DICIEMBRE,CHUPACA,JUNIN,11.8,8.79,104,3185.68421052632,2500-3500,0,28908.0974393083,0,0
120909,YANACANCHA,CHUPACA,JUNIN,757,9.91,7502,4349.37120149603,>3500,0,23192.8866322009,0,0
130101,TRUJILLO,TRUJILLO,LA LIBERTAD,38.5,0.29,11,37.2588235294118,0-500,1,3121467.83395188,0.32036210308596,10101.0101010101
130102,EL PORVENIR,TRUJILLO,LA LIBERTAD,17.9,0.29,5,282.177339901478,0-500,0,1738102.20204964,0,0
130103,FLORENCIA DE MORA,TRUJILLO,LA LIBERTAD,3.6,0,0,104.452380952381,0-500,0,422071.024977258,0,
130104,HUANCHACO,TRUJILLO,LA LIBERTAD,317.3,0,0,403.176186416596,0-500,0,807085.649446807,0,
130105,LA ESPERANZA,TRUJILLO,LA LIBERTAD,21.7,0,0,124.334710743802,0-500,0,2055066.62807913,0,
130106,LAREDO,TRUJILLO,LA LIBERTAD,495,0.12,59,773.313147845063,500-1500,0,421655.068432043,0,0
130107,MOCHE,TRUJILLO,LA LIBERTAD,27.5,0.29,8,41.2614379084967,0-500,0,391438.006873348,0,0
130108,POROTO,TRUJILLO,LA LIBERTAD,150.7,0,0,1146.97311827957,500-1500,0,35470.2964102564,0,
130109,SALAVERRY,TRUJILLO,LA LIBERTAD,290.8,0.57,166,302.871406491499,0-500,0,208850.657596268,0,0
130110,SIMBAL,TRUJILLO,LA LIBERTAD,389.9,0.46,179,1363.81283175629,500-1500,0,40839.4518072289,0,0
130111,VICTOR LARCO HERRERA,TRUJILLO,LA LIBERTAD,11.9,0.57,7,10.4926470588235,0-500,0,715438.757678644,0,0
130112,ALTO TRUJILLO,TRUJILLO,LA LIBERTAD,18.2,0.29,5,265.318407960199,0-500,0,257935,0,0
130201,ASCOPE,ASCOPE,LA LIBERTAD,299,0,0,516.882388419783,500-1500,0,61730.0071376548,0,
130202,CHICAMA,ASCOPE,LA LIBERTAD,900.3,0.34,306,646.9435,500-1500,1,144608.05763815,6.91524397971156,363.108206245461
130203,CHOCOPE,ASCOPE,LA LIBERTAD,99.8,0,0,105.423529411765,0-500,0,88216.0009154715,0,
130204,MAGDALENA DE CAO,ASCOPE,LA LIBERTAD,161,0,0,34.7445500279486,0-500,0,23937.0301675978,0,
130205,PAIJAN,ASCOPE,LA LIBERTAD,82.6,0.18,15,99.2015334063527,0-500,0,263318.401641076,0,0
130206,RAZURI,ASCOPE,LA LIBERTAD,311.9,0,0,69.7664930555556,0-500,0,85165.4936708861,0,
130207,SANTIAGO DE CAO,ASCOPE,LA LIBERTAD,136.6,0,0,48.8270627062706,0-500,0,180303.31283208,0,
130208,CASA GRANDE,ASCOPE,LA LIBERTAD,662,0.14,93,610.197004765146,500-1500,0,268708.236754689,0,0
130301,BOLIVAR,BOLIVAR,LA LIBERTAD,737.3,2.11,1556,2935.24291646312,2500-3500,0,45432.2734718338,0,0
130302,BAMBAMARCA,BOLIVAR,LA LIBERTAD,164.5,1.66,273,2618.05634573304,2500-3500,0,28163.101663006,0,0
130303,CONDORMARCA,BOLIVAR,LA LIBERTAD,323.9,2.2,713,3187.72031076582,2500-3500,0,19219,0,0
130304,LONGOTEA,BOLIVAR,LA LIBERTAD,189.2,2.22,420,2126.94966761633,1500-2500,0,21168.0515551768,0,0
130305,UCHUMARCA,BOLIVAR,LA LIBERTAD,221.3,3.53,781,3348.12190166599,2500-3500,0,21241.3223684211,0,0
130306,UCUNCHA,BOLIVAR,LA LIBERTAD,100.4,4.67,469,2372.52068345324,1500-2500,0,8098.00110375276,0,0
130401,CHEPEN,CHEPEN,LA LIBERTAD,289.9,0.59,171,372.077138413686,0-500,0,442094.388619357,0,0
130402,PACANGA,CHEPEN,LA LIBERTAD,590.9,0.08,47,248.64475695506,0-500,0,226027.449406984,0,0
130403,PUEBLO NUEVO,CHEPEN,LA LIBERTAD,272,0.25,68,60.1492686170213,0-500,0,115191.395931511,0,0
130501,JULCAN,JULCAN,LA LIBERTAD,228.3,2.46,562,3302.25128003151,2500-3500,1,115074.02536005,8.69005839390031,197.706603400554
130502,CALAMARCA,JULCAN,LA LIBERTAD,209.4,2.56,536,3551.89622641509,>3500,0,44884.3655893168,0,0
130503,CARABAMBA,JULCAN,LA LIBERTAD,235,0.65,153,3192.93826687117,2500-3500,0,62339.0070707071,0,0
130504,HUASO,JULCAN,LA LIBERTAD,439.8,0.31,136,3059.27257866776,2500-3500,0,56235.0039987204,0,0
130601,OTUZCO,OTUZCO,LA LIBERTAD,403.1,2.63,1060,2952.74314381271,2500-3500,0,243040.49801513,0,0
130602,AGALLPAMPA,OTUZCO,LA LIBERTAD,258.9,1.4,362,3372.8266897747,2500-3500,0,94260.5875989956,0,0
130604,CHARAT,OTUZCO,LA LIBERTAD,66,1,66,2458.84931506849,1500-2500,0,22892.3679173048,0,0
130605,HUARANCHAL,OTUZCO,LA LIBERTAD,135.4,0,0,2672.62524916944,2500-3500,1,36579.8028639618,27.3374901368097,
130606,LA CUESTA,OTUZCO,LA LIBERTAD,41.6,0.37,15,2824.93695652174,2500-3500,0,5941.0015015015,0,0
130608,MACHE,OTUZCO,LA LIBERTAD,37.4,4.25,159,3332.03846153846,2500-3500,0,25662.0884588804,0,0
130610,PARANDAY,OTUZCO,LA LIBERTAD,22.2,0.37,8,3076.27868852459,2500-3500,0,4831.0889292196,0,0
130611,SALPO,OTUZCO,LA LIBERTAD,196,1.65,323,2801.1069297843,2500-3500,0,59078.1199877564,0,0
130613,SINSICAP,OTUZCO,LA LIBERTAD,455,0.85,387,2336.49554543655,1500-2500,0,67528.1521653284,0,0
130614,USQUIL,OTUZCO,LA LIBERTAD,468.2,1.34,627,2979.74231950845,2500-3500,0,205263.378403958,0,0
130701,SAN PEDRO DE LLOC,PACASMAYO,LA LIBERTAD,686.2,0,0,231.530448507168,0-500,0,175981.846444107,0,
130702,GUADALUPE,PACASMAYO,LA LIBERTAD,168.3,1.33,224,105.766219839142,0-500,0,400450.915050106,0,0
130703,JEQUETEPEQUE,PACASMAYO,LA LIBERTAD,48.9,1.02,50,41.2472324723247,0-500,0,42203.8892841263,0,0
130704,PACASMAYO,PACASMAYO,LA LIBERTAD,34.9,0.34,12,36.6020671834625,0-500,0,292875.039881084,0,0
130705,SAN JOSE,PACASMAYO,LA LIBERTAD,179.2,0,0,300.056338028169,0-500,0,114821.761424945,0,
130801,TAYABAMBA,PATAZ,LA LIBERTAD,338.2,1.23,416,3717.9824794266,>3500,0,124581.073823084,0,0
130802,BULDIBUYO,PATAZ,LA LIBERTAD,230,2.35,540,3671.57126122608,>3500,0,38272.4001428231,0,0
130803,CHILLIA,PATAZ,LA LIBERTAD,308.9,3.2,988,3093.3341080767,2500-3500,0,117955.865772846,0,0
130804,HUANCASPATA,PATAZ,LA LIBERTAD,226.2,3.62,819,3430.71819262782,2500-3500,0,55227.0025948751,0,0
130805,HUAYLILLAS,PATAZ,LA LIBERTAD,92.9,0.98,91,3544.13211186114,>3500,0,9786.9793814433,0,0
130806,HUAYO,PATAZ,LA LIBERTAD,125.3,5.72,717,2763.255547602,2500-3500,0,33719.1275362319,0,0
130807,ONGON,PATAZ,LA LIBERTAD,1312.9,2.66,3492,2977.99781420765,2500-3500,0,12114.3494584837,0,0
130808,PARCOY,PATAZ,LA LIBERTAD,277.9,1.61,447,3202.63161290323,2500-3500,0,192751.371223438,0,0
130809,PATAZ,PATAZ,LA LIBERTAD,393.4,1.94,763,2882.30818472794,2500-3500,0,98834.014882656,0,0
130810,PIAS,PATAZ,LA LIBERTAD,310.3,1.43,444,3337.37032744132,2500-3500,0,17314.7313034188,0,0
130811,SANTIAGO DE CHALLAS,PATAZ,LA LIBERTAD,130.6,2.8,366,2849.19339298004,2500-3500,1,20418.4394849785,48.9753392141295,303.582270795386
130812,TAURIJA,PATAZ,LA LIBERTAD,130.6,3.76,491,2768.35665294925,2500-3500,0,27250.0211012199,0,0
130813,URPAY,PATAZ,LA LIBERTAD,118.5,2.21,262,3099.68048229088,2500-3500,0,21582.5551500406,0,0
130901,HUAMACHUCO,SANCHEZ CARRION,LA LIBERTAD,416.1,3.28,1365,3356.62918918919,2500-3500,4,734021.15929135,5.44943418778519,325.600325600326
130902,CHUGAY,SANCHEZ CARRION,LA LIBERTAD,417.5,2.42,1010,3321.99978466839,2500-3500,0,175156.546853001,0,0
130903,COCHORCO,SANCHEZ CARRION,LA LIBERTAD,262.8,0.43,113,2574.87623931624,2500-3500,0,91136.7781463611,0,0
130904,CURGOS,SANCHEZ CARRION,LA LIBERTAD,98.4,2.63,259,3268.10146252285,2500-3500,0,79483.5601280293,0,0
130905,MARCABAL,SANCHEZ CARRION,LA LIBERTAD,235.6,5.9,1390,3218.27376861398,2500-3500,1,100275.087382816,9.9725667271906,79.9360511590728
130906,SANAGORAN,SANCHEZ CARRION,LA LIBERTAD,337.6,3.8,1283,3231.39707057257,2500-3500,0,134877.581816947,0,0
130907,SARIN,SANCHEZ CARRION,LA LIBERTAD,335.9,1.8,605,3652.653393907,>3500,0,89527.7337260079,0,0
130908,SARTIMBAMBA,SANCHEZ CARRION,LA LIBERTAD,397.9,1.33,529,2446.30948081264,1500-2500,0,130161.201771031,0,0
131001,SANTIAGO DE CHUCO,SANTIAGO DE CHUCO,LA LIBERTAD,1081.9,0.99,1071,3146.22223143924,2500-3500,1,183845.511881919,5.43934953735659,103.745201784417
131002,ANGASMARCA,SANTIAGO DE CHUCO,LA LIBERTAD,146.1,4.05,592,3150.54489544895,2500-3500,0,44388.7104795737,0,0
131003,CACHICADAN,SANTIAGO DE CHUCO,LA LIBERTAD,270.5,5.28,1428,3683.1015936255,>3500,0,51608.3937788412,0,0
131004,MOLLEBAMBA,SANTIAGO DE CHUCO,LA LIBERTAD,69.4,2.95,205,3402.12661498708,2500-3500,0,16557.0048543689,0,0
131005,MOLLEPATA,SANTIAGO DE CHUCO,LA LIBERTAD,69.1,0.5,35,3373.21168831169,2500-3500,0,21798.1038961039,0,0
131006,QUIRUVILCA,SANTIAGO DE CHUCO,LA LIBERTAD,555.3,3.6,1999,3791.28749595076,>3500,0,123206.014278429,0,0
131007,SANTA CRUZ DE CHUCA,SANTIAGO DE CHUCO,LA LIBERTAD,168,0.43,72,2834.86958845537,2500-3500,0,27348.0081645983,0,0
131008,SITABAMBA,SANTIAGO DE CHUCO,LA LIBERTAD,315.2,1.71,539,3623.15817923186,>3500,0,33073.0067897882,0,0
131101,CASCAS,GRAN CHIMU,LA LIBERTAD,468.2,0.64,300,1738.03446284174,1500-2500,0,129223.188681878,0,0
131102,LUCMA,GRAN CHIMU,LA LIBERTAD,288.3,1.43,412,1900.17373674361,1500-2500,0,43562.5482562855,0,0
131103,MARMOT,GRAN CHIMU,LA LIBERTAD,301,0.99,298,1814.15340909091,1500-2500,0,23152.1268101761,0,0
131104,SAYAPULLO,GRAN CHIMU,LA LIBERTAD,235,1.48,348,2631.21795855718,2500-3500,0,58248.1433534743,0,0
131201,VIRU,VIRU,LA LIBERTAD,1088,0.07,76,628.134512104437,500-1500,0,530960.799808696,0,0
131202,CHAO,VIRU,LA LIBERTAD,1677,0.26,436,920.99662596401,500-1500,0,360724.931033564,0,0
131203,GUADALUPITO,VIRU,LA LIBERTAD,428.1,0,0,142.334453781513,0-500,0,69679.7899416136,0,
140101,CHICLAYO,CHICLAYO,LAMBAYEQUE,47.7,0,0,31.0884615384615,0-500,0,2610758.42278433,0,
140102,CHONGOYAPE,CHICLAYO,LAMBAYEQUE,725.1,0.37,268,342.386743084974,0-500,0,177518.962810555,0,0
140103,ETEN,CHICLAYO,LAMBAYEQUE,83.9,0,0,22.2127429805616,0-500,0,119598.963477047,0,
140104,ETEN PUERTO,CHICLAYO,LAMBAYEQUE,13.4,0,0,24.7891156462585,0-500,0,22008.2791081751,0,
140105,JOSE LEONARDO ORTIZ,CHICLAYO,LAMBAYEQUE,29.3,0,0,28.0670731707317,0-500,0,1495997.31786827,0,
140106,LA VICTORIA,CHICLAYO,LAMBAYEQUE,41.2,0,0,19.7017543859649,0-500,0,891708.240858645,0,
140107,LAGUNAS,CHICLAYO,LAMBAYEQUE,433.1,0.28,121,44.3676746611053,0-500,0,98211.3934181002,0,0
140108,MONSEFU,CHICLAYO,LAMBAYEQUE,47.1,0,0,14.1228406909789,0-500,0,320660.837072527,0,
140109,NUEVA ARICA,CHICLAYO,LAMBAYEQUE,212.5,0,0,403.361122926414,0-500,0,22892.1144101346,0,
140110,OYOTUN,CHICLAYO,LAMBAYEQUE,489,0.8,391,708.257390983001,500-1500,0,75185.9142857143,0,0
140111,PICSI,CHICLAYO,LAMBAYEQUE,52.6,0.18,9,41.7332185886403,0-500,0,131247.339633326,0,0
140112,PIMENTEL,CHICLAYO,LAMBAYEQUE,66.9,0,0,15.1199460916442,0-500,0,467143.104959905,0,
140113,REQUE,CHICLAYO,LAMBAYEQUE,45.6,0.27,12,76.7007874015748,0-500,0,160933.867776237,0,0
140114,SANTA ROSA,CHICLAYO,LAMBAYEQUE,14,0,0,5.57142857142857,0-500,0,126628.446144791,0,
140115,SAÑA,CHICLAYO,LAMBAYEQUE,315.9,0.52,164,122.924771167048,0-500,0,113178.540080321,0,0
140116,CAYALTI,CHICLAYO,LAMBAYEQUE,165.3,0.51,84,185.491543917076,0-500,0,136741.093486987,0,0
140117,PATAPO,CHICLAYO,LAMBAYEQUE,185.1,0.14,26,263.872922776149,0-500,0,227561.712431029,0,0
140118,POMALCA,CHICLAYO,LAMBAYEQUE,77.1,0,0,48.3850641773629,0-500,0,245234.64720222,0,
140119,PUCALA,CHICLAYO,LAMBAYEQUE,175.9,0.41,72,298.435633367662,0-500,0,81440.0159380188,0,0
140120,TUMAN,CHICLAYO,LAMBAYEQUE,126.4,0.38,48,80.3764367816092,0-500,0,269289.864512644,0,0
140201,FERREÑAFE,FERREÑAFE,LAMBAYEQUE,60.7,0.18,11,40.6443452380952,0-500,0,341445.358989503,0,0
140202,CAÑARIS,FERREÑAFE,LAMBAYEQUE,290.2,1.9,551,2735.95420560748,2500-3500,0,109063.020813008,0,0
140203,INCAHUASI,FERREÑAFE,LAMBAYEQUE,437.4,0.4,175,2577.58526490066,2500-3500,0,136271.090449251,0,0
140204,MANUEL ANTONIO MESONES MURO,FERREÑAFE,LAMBAYEQUE,210.6,0.37,78,195.208833619211,0-500,0,37686.149988001,0,0
140205,PITIPO,FERREÑAFE,LAMBAYEQUE,553.1,0,0,298.894762684124,0-500,0,198099.576914254,0,
140206,PUEBLO NUEVO,FERREÑAFE,LAMBAYEQUE,31.3,0.25,8,29.3218390804598,0-500,0,142615.437807764,0,0
140301,LAMBAYEQUE,LAMBAYEQUE,LAMBAYEQUE,327.6,0,0,15.8213495575221,0-500,0,736999.542690477,0,
140302,CHOCHOPE,LAMBAYEQUE,LAMBAYEQUE,77.7,0.75,58,601.71178529755,500-1500,0,14512.751137102,0,0
140303,ILLIMO,LAMBAYEQUE,LAMBAYEQUE,24.2,0,0,51.3185185185185,0-500,0,85869.4073760068,0,
140304,JAYANCA,LAMBAYEQUE,LAMBAYEQUE,691.7,0.25,173,131.098442204477,0-500,0,181209.131494253,0,0
140305,MOCHUMI,LAMBAYEQUE,LAMBAYEQUE,103.3,0,0,32.6340611353712,0-500,0,182359.20779751,0,
140306,MORROPE,LAMBAYEQUE,LAMBAYEQUE,1061.5,0.08,85,7.17444045788485,0-500,0,507522.079484169,0,0
140307,MOTUPE,LAMBAYEQUE,LAMBAYEQUE,559.2,0.42,235,239.441438522598,0-500,0,311353.721309986,0,0
140308,OLMOS,LAMBAYEQUE,LAMBAYEQUE,5721.9,0.4,2289,110.764352607476,0-500,0,502042.055429654,0,0
140309,PACORA,LAMBAYEQUE,LAMBAYEQUE,89.3,0,0,49.4514170040486,0-500,0,81618.9588010647,0,
140310,SALAS,LAMBAYEQUE,LAMBAYEQUE,1075.8,0.43,463,1355.49074697174,500-1500,0,123115.653453631,0,0
140311,SAN JOSE,LAMBAYEQUE,LAMBAYEQUE,45.8,0,0,10.1921568627451,0-500,0,164214.215680577,0,
140312,TUCUME,LAMBAYEQUE,LAMBAYEQUE,63.8,0,0,44.1775568181818,0-500,0,221678.662722141,0,
150101,LIMA,LIMA,LIMA,21.6,0,0,125.358024691358,0-500,0,2413406.96331676,0,
150102,ANCON,LIMA,LIMA,311,0,0,634.286447931526,500-1500,0,773196.422384326,0,
150103,ATE,LIMA,LIMA,84.6,0,0,584.810810810811,500-1500,0,6152868.2277531,0,
150104,BARRANCO,LIMA,LIMA,2.8,0,0,65.3548387096774,0-500,0,325888.1620926,0,
150105,BREÑA,LIMA,LIMA,3.2,0,0,120.675675675676,0-500,0,846021.497444468,0,
150106,CARABAYLLO,LIMA,LIMA,312.2,0.55,172,799.793632745878,500-1500,0,3661705.18008874,0,0
150107,CHACLACAYO,LIMA,LIMA,42.8,0.4,17,1065.82194616977,500-1500,0,402283.536369228,0,0
150108,CHORRILLOS,LIMA,LIMA,36.9,0.37,14,41.8968824940048,0-500,0,3241548.80428749,0,0
150109,CIENEGUILLA,LIMA,LIMA,225.3,0.4,90,862.039246467818,500-1500,0,352286.104746794,0,0
150110,COMAS,LIMA,LIMA,48.9,0,0,273.030797101449,0-500,1,5201597.14080704,0.192248644585506,
150111,EL AGUSTINO,LIMA,LIMA,13.3,0,0,241.328859060403,0-500,0,2028867.06384548,0,
150112,INDEPENDENCIA,LIMA,LIMA,16.1,0,0,220.356756756757,0-500,0,2034469.73101453,0,
150113,JESUS MARIA,LIMA,LIMA,4.3,0,0,107.02,0-500,0,742748.294972442,0,
150114,LA MOLINA,LIMA,LIMA,48.6,0.59,29,398.976234003656,0-500,0,1460071.19173742,0,0
150115,LA VICTORIA,LIMA,LIMA,9.1,0,0,155.742857142857,0-500,0,1703992.51532027,0,
150116,LINCE,LIMA,LIMA,2.7,0,0,115.4,0-500,0,549085.016212656,0,
150117,LOS OLIVOS,LIMA,LIMA,18.2,0,0,75.0194174757282,0-500,1,3197951.49006302,0.312700177944317,
150118,LURIGANCHO,LIMA,LIMA,245.6,0.27,66,985.922522522523,500-1500,0,2617793.81886676,0,0
150119,LURIN,LIMA,LIMA,188.4,0.77,145,460.836081017428,0-500,0,990509.145423308,0,0
150120,MAGDALENA DEL MAR,LIMA,LIMA,3.6,0,0,60.325,0-500,0,597502.925645202,0,
150121,PUEBLO LIBRE,LIMA,LIMA,4.6,0,0,86.2745098039216,0-500,0,861161.62098645,0,
150122,MIRAFLORES,LIMA,LIMA,9.2,0,0,82.5145631067961,0-500,1,1000643.01040896,0.999357402787739,
150123,PACHACAMAC,LIMA,LIMA,185.6,0.77,143,600.623501199041,500-1500,1,1307199.26344479,0.764994311092829,777.000777000777
150124,PUCUSANA,LIMA,LIMA,29.4,0.18,5,86.2789317507418,0-500,0,153119.285990519,0,0
150125,PUENTE PIEDRA,LIMA,LIMA,50.6,0,0,222.415944540728,0-500,0,3585232.28599921,0,
150126,PUNTA HERMOSA,LIMA,LIMA,121.9,0.76,93,558.020245842372,500-1500,0,196451.776920765,0,0
150127,PUNTA NEGRA,LIMA,LIMA,129.6,0.77,100,580.399317406143,500-1500,0,76602.541043369,0,0
150128,RIMAC,LIMA,LIMA,12.1,0,0,193.325925925926,0-500,0,1637376.80788473,0,
150129,SAN BARTOLO,LIMA,LIMA,53.7,0,0,317.474295190713,0-500,0,80858.3085761668,0,
150130,SAN BORJA,LIMA,LIMA,10.3,0,0,159.862068965517,0-500,0,1158068.16293746,0,
150131,SAN ISIDRO,LIMA,LIMA,9.8,0,0,101.927272727273,0-500,0,615825.465309967,0,
150132,SAN JUAN DE LURIGANCHO,LIMA,LIMA,140.4,0,0,653.230914826498,500-1500,1,10770051.4548261,0.0928500670766895,
150133,SAN JUAN DE MIRAFLORES,LIMA,LIMA,22.4,0,0,156.259842519685,0-500,1,3751784.3697355,0.266539838501033,
150134,SAN LUIS,LIMA,LIMA,3.5,0,0,186.974358974359,0-500,0,504465.387803477,0,
150135,SAN MARTIN DE PORRES,LIMA,LIMA,36.5,0,0,61.6577017114915,0-500,0,6788291.47867862,0,
150136,SAN MIGUEL,LIMA,LIMA,9.7,0,0,51.0366972477064,0-500,0,1586467.76915443,0,
150137,SANTA ANITA,LIMA,LIMA,10.7,0,0,276.235294117647,0-500,0,2013693.21442562,0,
150138,SANTA MARIA DEL MAR,LIMA,LIMA,7.8,0,0,93.1136363636364,0-500,0,10586.3752260398,0,
150139,SANTA ROSA,LIMA,LIMA,17.6,0,0,140.737373737374,0-500,0,352174.658770117,0,
150140,SANTIAGO DE SURCO,LIMA,LIMA,34.6,0,0,140.760925449872,0-500,0,3692289.86638024,0,
150141,SURQUILLO,LIMA,LIMA,4.6,0,0,117.288461538462,0-500,0,911215.419419097,0,
150142,VILLA EL SALVADOR,LIMA,LIMA,33.9,0,0,108.301047120419,0-500,0,3847560.82612223,0,
150143,VILLA MARIA DEL TRIUNFO,LIMA,LIMA,66.2,0,0,347.269333333333,0-500,0,3983099.72924787,0,
150201,BARRANCA,BARRANCA,LIMA,160.9,0,0,287.771444382955,0-500,0,661019.266193234,0,
150202,PARAMONGA,BARRANCA,LIMA,414,0.14,58,533.994170984456,500-1500,0,195720.10910165,0,0
150203,PATIVILCA,BARRANCA,LIMA,282.2,0,0,422.505681818182,0-500,0,162437.420520312,0,
150204,SUPE,BARRANCA,LIMA,519.7,0,0,528.897672826831,500-1500,0,235444.045888488,0,
150205,SUPE PUERTO,BARRANCA,LIMA,15.5,0,0,91.7441860465116,0-500,0,122888.66312137,0,
150301,CAJATAMBO,CAJATAMBO,LIMA,552.4,3.96,2188,4379.2274560413,>3500,0,17464.0558882236,0,0
150302,COPA,CAJATAMBO,LIMA,205.5,1.91,393,3994.92903504976,>3500,0,7522.04215456675,0,0
150303,GORGOR,CAJATAMBO,LIMA,336.2,1.69,568,4193.76792802329,>3500,0,14343.8296969697,0,0
150304,HUANCAPON,CAJATAMBO,LIMA,150.2,0,0,3070.22419928826,2500-3500,0,8361.234375,0,
150305,MANAS,CAJATAMBO,LIMA,282.9,0.42,119,2808.5357480315,2500-3500,0,8655.01639344262,0,0
150401,CANTA,CANTA,LIMA,134.2,5.34,717,3883.39222148978,>3500,0,20296.7699694457,0,0
150402,ARAHUAY,CANTA,LIMA,135.3,2.31,313,3083.28110599078,2500-3500,0,5224.04194630873,0,0
150403,HUAMANTANGA,CANTA,LIMA,493.4,0.99,488,2293.76400648532,1500-2500,0,5764.10287443268,0,0
150404,HUAROS,CANTA,LIMA,327.3,7.83,2563,4485.36862106406,>3500,0,6810.08311688312,0,0
150405,LACHAQUI,CANTA,LIMA,128.4,4.04,519,3872.45637119114,>3500,0,7815.01805869075,0,0
150406,SAN BUENAVENTURA,CANTA,LIMA,107.6,4.98,536,3758.38994229184,>3500,0,5369.13846153846,0,0
150407,SANTA ROSA DE QUIVES,CANTA,LIMA,409.5,2.28,934,1633.71209171534,1500-2500,0,52510.0015272357,0,0
150501,SAN VICENTE DE CAÑETE,CAÑETE,LIMA,519.7,0.18,94,361.355823020851,0-500,0,550077.950175971,0,0
150502,ASIA,CAÑETE,LIMA,282,0.4,113,294.707706766917,0-500,0,97167.789930725,0,0
150503,CALANGO,CAÑETE,LIMA,526.9,0.54,285,1441.58585349462,500-1500,0,21709.2834381551,0,0
150504,CERRO AZUL,CAÑETE,LIMA,120.9,0,0,177.826086956522,0-500,0,82594.225836981,0,
150505,CHILCA,CAÑETE,LIMA,483.3,0,0,703.870814272644,500-1500,0,220239.589294404,0,
150506,COAYLLO,CAÑETE,LIMA,600.3,0.21,126,1211.9324304431,500-1500,0,9648.03481624758,0,0
150507,IMPERIAL,CAÑETE,LIMA,52.3,0.42,22,103.857385398981,0-500,0,350929.240252099,0,0
150508,LUNAHUANA,CAÑETE,LIMA,493.4,0,0,1448.2930141147,500-1500,0,36339.0789666098,0,
150509,MALA,CAÑETE,LIMA,131.1,0.13,17,239.341627437794,0-500,0,308343.583177061,0,0
150510,NUEVO IMPERIAL,CAÑETE,LIMA,320.2,0,0,888.418021493524,500-1500,0,261574.041883856,0,
150511,PACARAN,CAÑETE,LIMA,238.4,0.72,172,1982.81028106509,1500-2500,0,15343.038163387,0,0
150512,QUILMANA,CAÑETE,LIMA,449,0,0,744.324409448819,500-1500,0,147371.27471149,0,
150513,SAN ANTONIO,CAÑETE,LIMA,39.3,0,0,70.5615212527964,0-500,0,42177.4429426102,0,
150514,SAN LUIS,CAÑETE,LIMA,37.5,0,0,32.2636579572447,0-500,0,118809.967414694,0,
150515,SANTA CRUZ DE FLORES,CAÑETE,LIMA,94.3,0,0,376.975609756098,0-500,0,29073.5269403464,0,
150516,ZUÑIGA,CAÑETE,LIMA,129.3,0,0,1770.93442622951,1500-2500,0,11878.0740740741,0,
150601,HUARAL,HUARAL,LIMA,645.6,0.22,142,657.962962962963,500-1500,0,962118.399620092,0,0
150602,ATAVILLOS ALTO,HUARAL,LIMA,345.1,6.52,2250,4332.27190721649,>3500,0,5906.42814814815,0,0
150603,ATAVILLOS BAJO,HUARAL,LIMA,176.6,2.33,411,3454.29240060393,2500-3500,0,7452.04046242775,0,0
150604,AUCALLAMA,HUARAL,LIMA,719.8,0.12,86,839.927911275416,500-1500,0,195180.431525802,0,0
150605,CHANCAY,HUARAL,LIMA,155.1,0.49,76,128.208929593589,0-500,0,554605.527318186,0,0
150606,IHUARI,HUARAL,LIMA,474.3,0.59,280,2766.31689480593,2500-3500,0,17848.6671539961,0,0
150607,LAMPIAN,HUARAL,LIMA,148,0,0,2649.36927710843,2500-3500,0,2768.44444444444,0,
150608,PACARAOS,HUARAL,LIMA,305.7,2.73,835,4306.42410196987,>3500,0,11150.8610378188,0,0
150609,SAN MIGUEL DE ACOS,HUARAL,LIMA,41.6,1.11,46,3178.87685774947,2500-3500,0,5674.03894080997,0,0
150610,SANTA CRUZ DE ANDAMARCA,HUARAL,LIMA,216.3,4.12,891,4468.14591039868,>3500,0,6802.45812182741,0,0
150611,SUMBILCA,HUARAL,LIMA,236.9,2.24,531,2403.88122892469,1500-2500,0,6110.12320916905,0,0
150612,VEINTISIETE DE NOVIEMBRE,HUARAL,LIMA,206.8,3.57,738,3844.75182481752,>3500,0,3424.2040302267,0,0
150701,MATUCANA,HUAROCHIRI,LIMA,180.6,6.2,1120,3854.89406571849,>3500,0,35890.3559280257,0,0
150702,ANTIOQUIA,HUAROCHIRI,LIMA,417.6,1.06,443,1976.8606870229,1500-2500,0,10828.0802568218,0,0
150703,CALLAHUANCA,HUAROCHIRI,LIMA,50.6,1.83,93,3182.71001757469,2500-3500,0,6079.84818941504,0,0
150704,CARAMPOMA,HUAROCHIRI,LIMA,231.8,9.44,2188,4571.0960949464,>3500,0,2810.44720496894,0,0
150705,CHICLA,HUAROCHIRI,LIMA,235.1,8.4,1975,4646.22754716981,>3500,0,28490.1160220995,0,0
150706,CUENCA,HUAROCHIRI,LIMA,67.5,1.17,79,3139.56916996047,2500-3500,0,4185.10652173913,0,0
150707,HUACHUPAMPA,HUAROCHIRI,LIMA,78.8,2.97,234,3651.05286839145,>3500,0,4685.80110497238,0,0
150708,HUANZA,HUAROCHIRI,LIMA,234.1,12.61,2952,4546.15889268108,>3500,0,6739.44897959184,0,0
150709,HUAROCHIRI,HUAROCHIRI,LIMA,240.4,0.48,115,4237.60382916053,>3500,0,11002.4875195008,0,0
150710,LAHUAYTAMBO,HUAROCHIRI,LIMA,82,2.77,227,3454.28617710583,2500-3500,0,5185.53114754098,0,0
150711,LANGA,HUAROCHIRI,LIMA,76.7,3.26,250,3557.08700696056,>3500,0,7425.2966396292,0,0
150712,SAN PEDRO DE LARAOS,HUAROCHIRI,LIMA,117.4,5.33,626,4330.37717309146,>3500,0,5130.91074380165,0,0
150713,MARIATANA,HUAROCHIRI,LIMA,168.5,2.9,489,3253.95595175669,2500-3500,0,12536.0007067138,0,0
150714,RICARDO PALMA,HUAROCHIRI,LIMA,35,0.41,14,1615.66836734694,1500-2500,0,59794.7243267914,0,0
150715,SAN ANDRES DE TUPICOCHA,HUAROCHIRI,LIMA,96.5,4,386,3662.90524379025,>3500,0,11499.0480841473,0,0
150716,SAN ANTONIO,HUAROCHIRI,LIMA,570.3,0.21,120,2164.61824114357,1500-2500,0,53499.0326775021,0,0
150717,SAN BARTOLOME,HUAROCHIRI,LIMA,42.8,2.75,118,2423.57581967213,1500-2500,0,9708.88088888889,0,0
150718,SAN DAMIAN,HUAROCHIRI,LIMA,333.5,9.13,3045,4203.96521508232,>3500,0,10027.5832614323,0,0
150719,SAN JUAN DE IRIS,HUAROCHIRI,LIMA,128.4,5.6,719,4374.96948682386,>3500,0,5771.87405159332,0,0
150720,SAN JUAN DE TANTARANCHE,HUAROCHIRI,LIMA,138.8,7.28,1010,4462.8883216337,>3500,0,3076.2268907563,0,0
150721,SAN LORENZO DE QUINTI,HUAROCHIRI,LIMA,449.9,7.83,3523,4207.27297721917,>3500,0,10130.1751072961,0,0
150722,SAN MATEO,HUAROCHIRI,LIMA,416.7,11.83,4930,4468.93692928435,>3500,0,35155.3417122947,0,0
150723,SAN MATEO DE OTAO,HUAROCHIRI,LIMA,134.5,1.28,172,3261.64674983585,2500-3500,0,11864.8382886149,0,0
150724,SAN PEDRO DE CASTA,HUAROCHIRI,LIMA,82.3,2.72,224,3766.02047413793,>3500,0,7861.48144104804,0,0
150725,SAN PEDRO DE HUANCAYRE,HUAROCHIRI,LIMA,39.4,2.81,111,4023.62753950339,>3500,0,1753.12254901961,0,0
150726,SANGALLAYA,HUAROCHIRI,LIMA,92.6,3.86,357,3124.07244995234,2500-3500,0,5630.0140625,0,0
150727,SANTA CRUZ DE COCACHACRA,HUAROCHIRI,LIMA,33.1,1.05,35,1766.29301075269,1500-2500,0,23645.2995796714,0,0
150728,SANTA EULALIA,HUAROCHIRI,LIMA,116.8,1.49,174,1938.78396946565,1500-2500,0,119951.296555928,0,0
150729,SANTIAGO DE ANCHUCAYA,HUAROCHIRI,LIMA,94.8,2.12,201,4392.90951492537,>3500,0,2527.65551839465,0,0
150730,SANTIAGO DE TUNA,HUAROCHIRI,LIMA,62.9,0.82,52,2760.19322990127,2500-3500,0,3336.64160401003,0,0
150731,SANTO DOMINGO DE LOS OLLEROS,HUAROCHIRI,LIMA,577.8,0.7,404,1896.08103553922,1500-2500,0,30045.3496672716,0,0
150732,SURCO,HUAROCHIRI,LIMA,106.8,4.89,522,3218.48338870432,2500-3500,0,12175.6378454997,0,0
150801,HUACHO,HUAURA,LIMA,711.9,0.24,171,201.234772840739,0-500,0,636551.957909928,0,0
150802,AMBAR,HUAURA,LIMA,942.1,0.45,424,2783.96048028742,2500-3500,0,18321.9188419554,0,0
150803,CALETA DE CARQUIN,HUAURA,LIMA,3.3,0.59,2,21.6470588235294,0-500,0,79847.9601603304,0,0
150804,CHECRAS,HUAURA,LIMA,166.9,4.87,813,3534.08426666667,>3500,0,7739.45945945946,0,0
150805,HUALMAY,HUAURA,LIMA,6.1,0.33,2,46.7164179104478,0-500,0,259765.219223804,0,0
150806,HUAURA,HUAURA,LIMA,481.7,0.62,299,650.465804066544,500-1500,0,334519.356260677,0,0
150807,LEONCIO PRADO,HUAURA,LIMA,294.8,1.39,410,3776.25776303889,>3500,0,17588.0046559752,0,0
150808,PACCHO,HUAURA,LIMA,237.6,3.03,720,3149.7047832586,2500-3500,0,13381.667535854,0,0
150809,SANTA LEONOR,HUAURA,LIMA,374.6,4.41,1652,4472.97908745247,>3500,0,7072.00130548303,0,0
150810,SANTA MARIA,HUAURA,LIMA,135.6,0.18,24,317.879106438896,0-500,0,354775.023712097,0,0
150811,SAYAN,HUAURA,LIMA,1314.4,0.33,434,1193.98701035113,500-1500,0,223983.760313771,0,0
150812,VEGUETA,HUAURA,LIMA,258,0,0,186.125172413793,0-500,0,255942.742717015,0,
150901,OYON,OYON,LIMA,876.8,3.57,3130,4450.30113867426,>3500,0,106986.048269505,0,0
150902,ANDAJES,OYON,LIMA,153,2.34,358,3769.27884057971,>3500,0,4284.5164410058,0,0
150903,CAUJUL,OYON,LIMA,104.5,2.04,213,4091.78431372549,>3500,0,4573.80621572212,0,0
150904,COCHAMARCA,OYON,LIMA,258.6,2.04,528,3441.2073463783,2500-3500,0,9066.64136622391,0,0
150905,NAVAN,OYON,LIMA,230.7,1.13,261,3357.61143298571,2500-3500,0,7329.17142857143,0,0
150906,PACHANGARA,OYON,LIMA,255.2,3.63,926,3850.74216027875,>3500,0,20934.2039636664,0,0
151001,YAUYOS,YAUYOS,LIMA,332.2,3.12,1036,3982.93833067517,>3500,0,11396.6127124908,0,0
151002,ALIS,YAUYOS,LIMA,140.6,8.84,1243,4441.79874213837,>3500,0,13279.0027045301,0,0
151003,ALLAUCA,YAUYOS,LIMA,517.7,2.41,1248,3466.84055252387,2500-3500,0,9366.58775877588,0,0
151004,AYAVIRI,YAUYOS,LIMA,244.7,7.38,1806,4322.58868335147,>3500,0,4557.42213883677,0,0
151005,AZANGARO,YAUYOS,LIMA,77.4,2.6,201,3791.86803185438,>3500,0,3615.34042553192,0,0
151006,CACRA,YAUYOS,LIMA,209.8,0.73,153,3638.40135192226,>3500,0,4692.00191204589,0,0
151007,CARANIA,YAUYOS,LIMA,122,2.82,344,4160.84408992023,>3500,0,1343.30625,0,0
151008,CATAHUASI,YAUYOS,LIMA,118.2,1.13,134,2887.6776119403,2500-3500,0,9593.0009310987,0,0
151009,CHOCOS,YAUYOS,LIMA,212.2,0.41,87,2546.68794326241,2500-3500,0,6792.45696202532,0,0
151010,COCHAS,YAUYOS,LIMA,38.3,2.14,82,2950.37209302326,2500-3500,0,1887.11415525114,0,0
151011,COLONIA,YAUYOS,LIMA,346.3,1.97,682,4083.98567408544,>3500,0,9638.47571942446,0,0
151012,HONGOS,YAUYOS,LIMA,121,2.59,313,4186.64645726808,>3500,0,2820.1498470948,0,0
151013,HUAMPARA,YAUYOS,LIMA,54,2.27,123,2982.67804878049,2500-3500,0,1191.24827586207,0,0
151014,HUANCAYA,YAUYOS,LIMA,277.4,12.75,3537,4433.92074145094,>3500,0,4509.33272394881,0,0
151015,HUANGASCAR,YAUYOS,LIMA,50,0.72,36,3185.87830687831,2500-3500,0,5792.00153846154,0,0
151016,HUANTAN,YAUYOS,LIMA,513,5.57,2857,4532.65543328748,>3500,0,8488.03837953092,0,0
151017,HUAÑEC,YAUYOS,LIMA,42.3,7.14,302,4317.69565217391,>3500,0,3972.00904977376,0,0
151018,LARAOS,YAUYOS,LIMA,409.3,8.63,3532,4546.92192906574,>3500,0,4547.05494505495,0,0
151019,LINCHA,YAUYOS,LIMA,218.2,2.78,607,4296.86314089625,>3500,0,3601.01146788991,0,0
151020,MADEAN,YAUYOS,LIMA,208.5,2.87,598,4155.22659889877,>3500,0,4701.65280289331,0,0
151021,MIRAFLORES,YAUYOS,LIMA,201.8,6.54,1320,4539.6420131291,>3500,0,1834.75111111111,0,0
151022,OMAS,YAUYOS,LIMA,294.4,0.95,280,2716.85354141657,2500-3500,0,5548.00161290323,0,0
151023,PUTINZA,YAUYOS,LIMA,71.3,1.65,118,3127.96534653465,2500-3500,0,4697.095703125,0,0
151024,QUINCHES,YAUYOS,LIMA,114.7,2.58,296,3913.08986175115,>3500,0,4864.42301184433,0,0
151025,QUINOCAY,YAUYOS,LIMA,157.4,1.4,220,2520.61304836895,2500-3500,0,3639.33723653396,0,0
151026,SAN JOAQUIN,YAUYOS,LIMA,75.6,0.74,56,4348.04577464789,>3500,0,1370.30061349693,0,0
151027,SAN PEDRO DE PILAS,YAUYOS,LIMA,100.3,1.13,113,3528.64695498676,>3500,0,2343.29241877256,0,0
151028,TANTA,YAUYOS,LIMA,345.8,11.68,4039,4660.15838031779,>3500,0,4542.00199203187,0,0
151029,TAURIPAMPA,YAUYOS,LIMA,530.4,0.87,461,2902.33754782898,2500-3500,0,4378.05040322581,0,0
151030,TOMAS,YAUYOS,LIMA,291.4,10.86,3165,4498.95057610673,>3500,0,4191.7578125,0,0
151031,TUPE,YAUYOS,LIMA,290.1,3.14,911,4185.15803897686,>3500,0,4340.24151696607,0,0
151032,VIÑAC,YAUYOS,LIMA,156.9,1.54,242,3634.66722783389,>3500,0,14551.0495716034,0,0
151033,VITIS,YAUYOS,LIMA,104.9,11.1,1164,4470.81634372367,>3500,0,2366.78397212544,0,0
160101,IQUITOS,MAYNAS,LORETO,366.9,16.27,5969,107.308620689655,0-500,1,1473585.52971344,0.678616870100827,18.6146944397908
160102,ALTO NANAY,MAYNAS,LORETO,14554.3,21.11,307241,157.827232051433,0-500,0,29790.2724448587,0,0
160103,FERNANDO LORES,MAYNAS,LORETO,4569.2,21.97,100385,123.253962607218,0-500,0,125197.485540439,0,0
160104,INDIANA,MAYNAS,LORETO,3367.6,21.71,73111,122.733531889774,0-500,0,104598.005442177,0,0
160105,LAS AMAZONAS,MAYNAS,LORETO,6726.8,20.24,136150,120.59747175901,0-500,0,75323.3940092166,0,0
160106,MAZAN,MAYNAS,LORETO,10051.4,21.24,213492,138.777025325563,0-500,0,126791.960182675,0,0
160107,NAPO,MAYNAS,LORETO,24158.3,19.28,465772,169.823937836634,0-500,0,159565.28845158,0,0
160108,PUNCHANA,MAYNAS,LORETO,1602.8,19.63,31463,123.189340101523,0-500,0,804710.296508717,0,0
160110,TORRES CAUSANA,MAYNAS,LORETO,6918,18.8,130058,186.396957936415,0-500,0,45463.17839445,0,0
160112,BELEN,MAYNAS,LORETO,653,23.61,15417,97.4610703913705,0-500,0,638724.748698045,0,0
160113,SAN JUAN BAUTISTA,MAYNAS,LORETO,3199.9,25.71,82269,134.93499238192,0-500,0,1393243.0848051,0,0
160201,YURIMAGUAS,ALTO AMAZONAS,LORETO,2234.6,21.38,47776,163.62957292506,0-500,0,947498.721619949,0,0
160202,BALSAPUERTO,ALTO AMAZONAS,LORETO,3003.7,27.98,84044,495.688547695445,0-500,0,153857.815748596,0,0
160205,JEBEROS,ALTO AMAZONAS,LORETO,4345,22.38,97241,162.924035669847,0-500,0,42043.5411255411,0,0
160206,LAGUNAS,ALTO AMAZONAS,LORETO,6056.5,22.51,136332,143.656202554256,0-500,0,123281.299897496,0,0
160210,SANTA CRUZ,ALTO AMAZONAS,LORETO,2270,21.87,49645,179.561646554462,0-500,0,38510.146713615,0,0
160211,TENIENTE CESAR LOPEZ ROJAS,ALTO AMAZONAS,LORETO,1319.8,21.36,28191,178.979213521434,0-500,0,56061.2713916694,0,0
160301,NAUTA,LORETO,LORETO,6758.2,22.2,150032,117.326285721913,0-500,0,303420.310019931,0,0
160302,PARINARI,LORETO,LORETO,13212.4,18.21,240598,124.588302705358,0-500,0,55382.5855232101,0,0
160303,TIGRE,LORETO,LORETO,20113.8,20.37,409718,174.999752999928,0-500,0,68309.2119486025,0,0
160304,TROMPETEROS,LORETO,LORETO,12565.6,22.54,283229,205.321390308966,0-500,0,98250.0452895089,0,0
160305,URARINAS,LORETO,LORETO,15765.8,24.22,381848,140.414791033587,0-500,0,124595.970492771,0,0
160401,RAMON CASTILLA,MARISCAL RAMON CASTILLA,LORETO,6889.5,24.12,166175,108.383541436173,0-500,0,217342.481007785,0,0
160402,PEBAS,MARISCAL RAMON CASTILLA,LORETO,11254.5,21.44,241296,119.516056872953,0-500,0,113127.107195991,0,0
160403,YAVARI,MARISCAL RAMON CASTILLA,LORETO,14369.6,20.01,287536,124.766740509516,0-500,0,86616.0194947285,0,0
160404,SAN PABLO,MARISCAL RAMON CASTILLA,LORETO,5099.1,21.23,108254,107.501377312552,0-500,0,114287.445051033,0,0
160501,REQUENA,REQUENA,LORETO,3073,20.23,62167,120.49257186392,0-500,0,252055.93222286,0,0
160502,ALTO TAPICHE,REQUENA,LORETO,9062.1,16.98,153874,219.48358022488,0-500,0,14400.2182587666,0,0
160503,CAPELO,REQUENA,LORETO,800.6,14.61,11697,109.753041910771,0-500,0,20907.4403341289,0,0
160504,EMILIO SAN MARTIN,REQUENA,LORETO,4637.7,16.76,77728,139.545500387898,0-500,0,61332.0285506191,0,0
160505,MAQUIA,REQUENA,LORETO,4891.6,16.81,82228,157.367318435754,0-500,0,78132.8393355019,0,0
160506,PUINAHUA,REQUENA,LORETO,6281.1,18.76,117833,129.07002781043,0-500,0,40888.3256959315,0,0
160507,SAQUENA,REQUENA,LORETO,2595.5,18.65,48406,134.631299089456,0-500,0,28449.0107655502,0,0
160508,SOPLIN,REQUENA,LORETO,4696.3,18.73,87962,172.914174028015,0-500,0,6287.09302325581,0,0
160509,TAPICHE,REQUENA,LORETO,2090.1,19.1,39921,140.585679841557,0-500,0,8461.02606882169,0,0
160510,JENARO HERRERA,REQUENA,LORETO,1160.1,19.39,22494,128.540782209782,0-500,0,45545.0237487733,0,0
160511,YAQUERANA,REQUENA,LORETO,11049.2,16.83,185958,163.878884721996,0-500,0,20156.0070360598,0,0
160601,CONTAMANA,UCAYALI,LORETO,11003,24.22,266493,341.911701685636,0-500,0,256785.271108558,0,0
160602,INAHUAYA,UCAYALI,LORETO,629.7,17.03,10724,186.399002138275,0-500,0,15480.3535067873,0,0
160603,PADRE MARQUEZ,UCAYALI,LORETO,2434.9,17.03,41466,176.780047103849,0-500,0,30364.575474292,0,0
160604,PAMPA HERMOSA,UCAYALI,LORETO,7472,14,104608,541.044182303054,500-1500,0,55281.7141266306,0,0
160605,SARAYACU,UCAYALI,LORETO,6244.5,16.97,105969,164.062347945008,0-500,0,137571.040980919,0,0
160606,VARGAS GUERRA,UCAYALI,LORETO,1896.8,14.44,27390,207.395745487279,0-500,0,67711.1521653284,0,0
160701,BARRANCA,DATEM DEL MARAÑON,LORETO,7390.9,23.29,172134,495.452797245489,0-500,0,144346.551025641,0,0
160702,CAHUAPANAS,DATEM DEL MARAÑON,LORETO,4785.7,26.05,124667,372.794467892674,0-500,0,71636.4845360825,0,0
160703,MANSERICHE,DATEM DEL MARAÑON,LORETO,3570,25.19,89928,390.878373934381,0-500,0,85203.2651675859,0,0
160704,MORONA,DATEM DEL MARAÑON,LORETO,11043.9,21.2,234131,226.558585047831,0-500,0,40246.1217484009,0,0
160705,PASTAZA,DATEM DEL MARAÑON,LORETO,9100.2,23.47,213582,161.653468784413,0-500,0,55188.0233160622,0,0
160706,ANDOAS,DATEM DEL MARAÑON,LORETO,11788.4,21.8,256987,218.984157778102,0-500,0,142760.949730228,0,0
160801,PUTUMAYO,PUTUMAYO,LORETO,11079,18.38,203632,143.363681665196,0-500,0,39632.5524620341,0,0
160802,ROSA PANDURO,PUTUMAYO,LORETO,7167.8,18.14,130024,172.911401991846,0-500,0,5455.01463414634,0,0
160803,TENIENTE MANUEL CLAVERO,PUTUMAYO,LORETO,9615.4,18.06,173654,199.256926288863,0-500,0,22456.7929889299,0,0
160804,YAGUAS,PUTUMAYO,LORETO,18035.6,22.19,400210,121.988668398373,0-500,0,14151.8487229863,0,0
170101,TAMBOPATA,TAMBOPATA,MADRE DE DIOS,20838.6,18.85,392808,346.463408688512,0-500,0,928764.307776039,0,0
170102,INAMBARI,TAMBOPATA,MADRE DE DIOS,4881.6,39.92,194873,277.345232460771,0-500,0,142433.928818723,0,0
170103,LAS PIEDRAS,TAMBOPATA,MADRE DE DIOS,7803.9,16.74,130637,299.190426055411,0-500,0,180635.654466025,0,0
170104,LABERINTO,TAMBOPATA,MADRE DE DIOS,2695.7,24.31,65532,275.034625169326,0-500,0,59389.571585213,0,0
170201,MANU,MANU,MADRE DE DIOS,8718.1,22.81,198860,858.552749702281,500-1500,0,21062.201414898,0,0
170202,FITZCARRALD,MANU,MADRE DE DIOS,10684.4,17.98,192106,482.561494257653,0-500,0,13981.3769633508,0,0
170203,MADRE DE DIOS,MANU,MADRE DE DIOS,7882.6,32.01,252322,414.52907644819,0-500,1,59046.2583210604,16.9358741507813,0.440354432475611
170204,HUEPETUHE,MANU,MADRE DE DIOS,1530.4,57.54,88059,480.967470717848,0-500,3,96217.6746987952,31.179302652983,3.78534088887375
170301,IÑAPARI,TAHUAMANU,MADRE DE DIOS,13885.3,14.67,203697,370.403884920814,0-500,0,29099.8082508251,0,0
170302,IBERIA,TAHUAMANU,MADRE DE DIOS,2604,12.66,32967,325.044522312687,0-500,0,52013.529661017,0,0
170303,TAHUAMANU,TAHUAMANU,MADRE DE DIOS,3540.7,15.98,56580,327.634210393415,0-500,0,32080.0178362573,0,0
180101,MOQUEGUA,MARISCAL NIETO,MOQUEGUA,3496.5,0.21,734,1663.15585545283,1500-2500,0,527603.725219885,0,0
180102,CARUMAS,MARISCAL NIETO,MOQUEGUA,2275.8,8.99,20459,4466.90847769431,>3500,0,20178.3906115418,0,0
180103,CUCHUMBAYA,MARISCAL NIETO,MOQUEGUA,69.2,2.95,204,3755.2556675063,>3500,0,6470.91005291005,0,0
180104,SAMEGUA,MARISCAL NIETO,MOQUEGUA,64.9,0,0,2074.62299465241,1500-2500,0,88679.3829764904,0,
180105,SAN CRISTOBAL,MARISCAL NIETO,MOQUEGUA,542,6.33,3431,4072.67755956214,>3500,0,14030.2302158273,0,0
180106,TORATA,MARISCAL NIETO,MOQUEGUA,1776.6,3.22,5721,3560.1198705692,>3500,0,60516.0479502738,0,0
180107,SAN ANTONIO,MARISCAL NIETO,MOQUEGUA,461.8,0.25,115,1214.50159624413,500-1500,0,146920,0,0
180201,OMATE,GENERAL SANCHEZ CERRO,MOQUEGUA,256.3,1.02,261,3236.89928547125,2500-3500,0,27715.7123202001,0,0
180202,CHOJATA,GENERAL SANCHEZ CERRO,MOQUEGUA,862.4,6.64,5726,4433.61519756839,>3500,0,5197.04968944099,0,0
180203,COALAQUE,GENERAL SANCHEZ CERRO,MOQUEGUA,245.5,2.26,555,3855.36531627576,>3500,0,8580.78714859438,0,0
180204,ICHUÑA,GENERAL SANCHEZ CERRO,MOQUEGUA,1003.9,8.78,8814,4452.95222735594,>3500,0,26815.4892317583,0,0
180205,LA CAPILLA,GENERAL SANCHEZ CERRO,MOQUEGUA,781.3,0.27,211,2122.31652754591,1500-2500,0,4698.22666666667,0,0
180206,LLOQUE,GENERAL SANCHEZ CERRO,MOQUEGUA,256.5,11.68,2996,4481.28118609407,>3500,0,4271.93308550186,0,0
180207,MATALAQUE,GENERAL SANCHEZ CERRO,MOQUEGUA,564.7,3.3,1864,3810.72244519914,>3500,0,3496.80963302752,0,0
180208,PUQUINA,GENERAL SANCHEZ CERRO,MOQUEGUA,595.8,3.02,1799,3357.06249085321,2500-3500,0,22377.8602024922,0,0
180209,QUINISTAQUILLAS,GENERAL SANCHEZ CERRO,MOQUEGUA,195.4,3.54,692,2919.11521352313,2500-3500,0,4164.25341130604,0,0
180210,UBINAS,GENERAL SANCHEZ CERRO,MOQUEGUA,883.7,8.56,7564,4348.83686189157,>3500,0,13708.2074248674,0,0
180211,YUNGA,GENERAL SANCHEZ CERRO,MOQUEGUA,111.2,11.6,1290,4359.20549019608,>3500,0,7186.63615560641,0,0
180301,ILO,ILO,MOQUEGUA,280.8,0,0,477.664298949969,0-500,0,641557.680421857,0,
180302,EL ALGARROBAL,ILO,MOQUEGUA,749.7,0.56,420,909.103803028552,500-1500,0,72358.1469244288,0,0
180303,PACOCHA,ILO,MOQUEGUA,333.1,0,0,594.214602346806,500-1500,0,41626.0008497982,0,
190101,CHAUPIMARCA,PASCO,PASCO,15.5,10.61,164,4378.55681818182,>3500,1,239378.521795203,4.17748423083479,677.506775067751
190102,HUACHON,PASCO,PASCO,828.2,3.62,2998,3656.67064003436,>3500,0,41114.003462454,0,0
190103,HUARIACA,PASCO,PASCO,123.1,5.59,688,3779.68037518038,>3500,1,61244.1004689498,16.3281033167756,161.498708010336
190104,HUAYLLAY,PASCO,PASCO,1017.6,10.57,10756,4472.10517120895,>3500,0,83721.1068335942,0,0
190105,NINACACA,PASCO,PASCO,537.8,7.47,4017,4238.22428051604,>3500,0,37211.1067279768,0,0
190106,PALLANCHACRA,PASCO,PASCO,72.6,4.33,314,3795.27216748769,>3500,0,13074.047734139,0,0
190107,PAUCARTAMBO,PASCO,PASCO,793.5,5.08,4031,3512.50409055251,>3500,1,82786.5438212928,12.0792577373281,27.5641555720941
190108,SAN FRANCISCO DE ASIS DE YARUSYACAN,PASCO,PASCO,120.2,11.67,1403,4033.9393042191,>3500,0,31975.6736462094,0,0
190109,SIMON BOLIVAR,PASCO,PASCO,690.9,6.42,4436,4363.77461706783,>3500,0,112911.687840573,0,0
190110,TICLACAYAN,PASCO,PASCO,713.7,6.94,4953,4163.86845386534,>3500,0,23743.5379602476,0,0
190111,TINYAHUARCO,PASCO,PASCO,96.1,9.22,886,4307.52578268877,>3500,0,65919.5614230128,0,0
190112,VICCO,PASCO,PASCO,171.4,17.64,3023,4115.43933054393,>3500,0,34777.5333871836,0,0
190113,YANACANCHA,PASCO,PASCO,157.7,9.49,1497,4156.96208262592,>3500,0,280153.179700978,0,0
190201,YANAHUANCA,DANIEL ALCIDES CARRION,PASCO,741.1,4.49,3328,4283.4846301633,>3500,0,100067.0807305,0,0
190202,CHACAYAN,DANIEL ALCIDES CARRION,PASCO,160.1,5.43,869,3866.73055555556,>3500,0,15421.3183462532,0,0
190203,GOYLLARISQUIZGA,DANIEL ALCIDES CARRION,PASCO,19.3,5.02,97,4108,>3500,0,12362.6302186879,0,0
190204,PAUCAR,DANIEL ALCIDES CARRION,PASCO,107.5,4.83,519,3463.61659751037,2500-3500,0,15482.4958677686,0,0
190205,SAN PEDRO DE PILLAO,DANIEL ALCIDES CARRION,PASCO,76.6,4.87,373,4098.74069767442,>3500,0,12003.3449750535,0,0
190206,SANTA ANA DE TUSI,DANIEL ALCIDES CARRION,PASCO,285.2,2.6,742,4037.88229784577,>3500,1,216374.635071292,4.62161380270158,149.745432764301
190207,TAPUC,DANIEL ALCIDES CARRION,PASCO,46.6,5.65,263,3542.87644787645,>3500,2,18593.0039335664,107.567341304616,844.951415293621
190208,VILCABAMBA,DANIEL ALCIDES CARRION,PASCO,82.5,5.83,481,4067.43042071197,>3500,0,18832.1918465228,0,0
190301,OXAPAMPA,OXAPAMPA,PASCO,401.9,12.31,4947,2100.99270395755,1500-2500,0,156263.398624015,0,0
190302,CHONTABAMBA,OXAPAMPA,PASCO,437.6,9.64,4218,2353.02822335025,1500-2500,0,58241.4253682488,0,0
190303,HUANCABAMBA,OXAPAMPA,PASCO,1134.2,6.31,7157,2704.95692428403,2500-3500,0,63597.6047809906,0,0
190304,PALCAZU,OXAPAMPA,PASCO,2787.6,47.94,133638,822.155974440895,500-1500,0,71801.3708925944,0,0
190305,POZUZO,OXAPAMPA,PASCO,716.1,8.19,5865,1838.89050459856,1500-2500,0,39470.4362079766,0,0
190306,PUERTO BERMUDEZ,OXAPAMPA,PASCO,7672.3,29.06,222957,921.33097798972,500-1500,1,195117.870636255,5.12510718131111,0.498352198455806
190307,VILLA RICA,OXAPAMPA,PASCO,822.6,21.76,17900,1437.68147427583,500-1500,0,166764.019313075,0,0
190308,CONSTITUCION,OXAPAMPA,PASCO,3050.8,29.52,90060,609.370839056609,500-1500,0,155149.352937584,0,0
200101,PIURA,PIURA,PIURA,196.3,0.22,43,55.3407510431154,0-500,0,1624776.4840907,0,0
200104,CASTILLA,PIURA,PIURA,656.9,1.93,1268,126.840770509978,0-500,0,1687279.5767749,0,0
200105,CATACAOS,PIURA,PIURA,2286.5,1.7,3887,159.557547094826,0-500,0,733214.193233017,0,0
200107,CURA MORI,PIURA,PIURA,217.5,0.44,96,54.7915622389307,0-500,0,181281.270738608,0,0
200108,EL TALLAN,PIURA,PIURA,101,0.44,44,29.6735985533454,0-500,0,50518.4469074008,0,0
200109,LA ARENA,PIURA,PIURA,171.4,0.44,75,32.301906779661,0-500,0,373172.628359456,0,0
200110,LA UNION,PIURA,PIURA,321.4,0.66,212,63.5672531214529,0-500,0,402199.13609481,0,0
200111,LAS LOMAS,PIURA,PIURA,556.8,1.36,757,371.324637208544,0-500,0,262599.660653424,0,0
200114,TAMBO GRANDE,PIURA,PIURA,1496.1,1.87,2798,168.909427773053,0-500,0,1128737.38908265,0,0
200115,VEINTISEIS DE OCTUBRE,PIURA,PIURA,72.1,0,0,48.9181360201511,0-500,0,1723586.54899452,0,
200201,AYABACA,AYABACA,PIURA,1572.4,2.2,3459,2053.39397089397,1500-2500,0,292764.388947258,0,0
200202,FRIAS,AYABACA,PIURA,563.7,0.19,107,1820.54860551346,1500-2500,0,191547.173150303,0,0
200203,JILILI,AYABACA,PIURA,97.7,2.4,234,1247.39631336406,500-1500,0,23925.0627087199,0,0
200204,LAGUNAS,AYABACA,PIURA,190.6,0.38,72,2158.58924321752,1500-2500,0,51916.3146698434,0,0
200205,MONTERO,AYABACA,PIURA,132,1.76,232,1440.06456043956,500-1500,0,59280.1630239521,0,0
200206,PACAIPAMPA,AYABACA,PIURA,968.4,1.37,1327,2321.04919415292,1500-2500,1,208696.086638429,4.79165669135198,83.7310558486143
200207,PAIMAS,AYABACA,PIURA,325.3,1.67,543,902.876294430451,500-1500,0,94151.8202345188,0,0
200208,SAPILLICA,AYABACA,PIURA,277.2,0.5,139,1669.10150622135,1500-2500,0,99100.0759848211,0,0
200209,SICCHEZ,AYABACA,PIURA,34.3,2.3,79,1467.32,500-1500,0,14456.8569732938,0,0
200210,SUYO,AYABACA,PIURA,1077.1,1.96,2111,525.1707893626,500-1500,0,108303.146987751,0,0
200301,HUANCABAMBA,HUANCABAMBA,PIURA,446,0.35,156,2802.07798818978,2500-3500,0,264564.048965751,0,0
200302,CANCHAQUE,HUANCABAMBA,PIURA,313.3,0.29,91,1572.97388276262,1500-2500,0,67808.7283439078,0,0
200303,EL CARMEN DE LA FRONTERA,HUANCABAMBA,PIURA,659.8,1.23,812,2736.2595440813,2500-3500,0,105589.086340641,0,0
200304,HUARMACA,HUANCABAMBA,PIURA,1923.2,0.71,1365,1601.97187279152,1500-2500,0,336074.025540171,0,0
200305,LALAQUIZ,HUANCABAMBA,PIURA,146.7,1.26,185,1631.8024691358,1500-2500,0,37068.7122674829,0,0
200306,SAN MIGUEL DE EL FAIQUE,HUANCABAMBA,PIURA,208.6,0,0,1543.73950670705,1500-2500,0,84780.3112391931,0,
200307,SONDOR,HUANCABAMBA,PIURA,344.7,2.88,993,2388.55009203261,1500-2500,1,66200.3469850587,15.1056610054581,111.894371713103
200308,SONDORILLO,HUANCABAMBA,PIURA,229.9,0.68,156,2396.10586383314,1500-2500,0,101034.68097166,0,0
200401,CHULUCANAS,MORROPON,PIURA,841.5,2.51,2112,202.713560786007,0-500,0,810269.339846043,0,0
200402,BUENOS AIRES,MORROPON,PIURA,249.2,1.46,364,324.992374727669,0-500,0,92815.2606583383,0,0
200403,CHALACO,MORROPON,PIURA,150,1.28,192,2031.52609223301,1500-2500,0,68442.8255578093,0,0
200404,LA MATANZA,MORROPON,PIURA,989.1,1.87,1850,185.268577202168,0-500,0,136783.375899886,0,0
200405,MORROPON,MORROPON,PIURA,173.3,2.21,383,229.757591623037,0-500,0,145711.013257933,0,0
200406,SALITRAL,MORROPON,PIURA,612.5,0.34,208,514.322036406689,500-1500,0,82228.5895563669,0,0
200407,SAN JUAN DE BIGOTE,MORROPON,PIURA,251.9,1.21,305,500.73119827276,500-1500,0,60251,0,0
200408,SANTA CATALINA DE MOSSA,MORROPON,PIURA,80.9,0.56,45,975.538720538721,500-1500,0,34002.1623798389,0,0
200409,SANTO DOMINGO,MORROPON,PIURA,190.8,1.58,301,1450.15691868759,500-1500,0,52898.3361453602,0,0
200410,YAMANGO,MORROPON,PIURA,219.9,0.79,174,1397.76359143328,500-1500,0,78059.4919254659,0,0
200501,PAITA,PAITA,PIURA,707.9,0.2,142,95.6514741856573,0-500,0,936419.652082703,0,0
200502,AMOTAPE,PAITA,PIURA,64.5,0.86,55,75.0536723163842,0-500,0,22867.2907857998,0,0
200503,ARENAL,PAITA,PIURA,8.4,0.37,3,68.6086956521739,0-500,0,11280.2340080972,0,0
200504,COLAN,PAITA,PIURA,123.7,0,0,23.0545722713864,0-500,0,153014.087095993,0,
200505,LA HUACA,PAITA,PIURA,580.6,0.27,157,82.5700846660395,0-500,0,128107.044130372,0,0
200506,TAMARINDO,PAITA,PIURA,65.5,0.5,33,63.159217877095,0-500,0,48484.7567670606,0,0
200507,VICHAYAL,PAITA,PIURA,159.3,1.06,169,31.6178489702517,0-500,0,56030.2230299025,0,0
200601,SULLANA,SULLANA,PIURA,491,0.72,354,108.157397107898,0-500,0,1713001.20602465,0,0
200602,BELLAVISTA,SULLANA,PIURA,2.2,2.09,5,59.7391304347826,0-500,0,351325.241909197,0,0
200603,IGNACIO ESCUDERO,SULLANA,PIURA,189.7,0.54,102,64.7827967323402,0-500,0,196366.276119053,0,0
200604,LANCONES,SULLANA,PIURA,2216.2,1.73,3834,347.793981196371,0-500,0,119774.236393789,0,0
200605,MARCAVELICA,SULLANA,PIURA,1662.5,0.78,1297,368.789089912281,0-500,0,292453.838479735,0,0
200606,MIGUEL CHECA,SULLANA,PIURA,480.9,0.3,144,74.6549309104676,0-500,0,92789.7099075563,0,0
200607,QUERECOTILLO,SULLANA,PIURA,255.6,1.53,391,113.832384341637,0-500,0,254468.668368998,0,0
200608,SALITRAL,SULLANA,PIURA,31.5,1.36,43,67.4367816091954,0-500,0,69522.4441934627,0,0
200701,PARIÑAS,TALARA,PIURA,1130.7,0.96,1085,292.183798612232,0-500,0,949894.106937142,0,0
200702,EL ALTO,TALARA,PIURA,485.4,0.34,165,252.471819038643,0-500,0,81275.9300238555,0,0
200703,LA BREA,TALARA,PIURA,833.1,0.78,650,152.003830578965,0-500,0,118980.731510397,0,0
200704,LOBITOS,TALARA,PIURA,241,0,0,127.62084592145,0-500,0,12438.0114942529,0,
200705,LOS ORGANOS,TALARA,PIURA,166.2,0.23,38,164.711256117455,0-500,0,105318.813935214,0,0
200706,MANCORA,TALARA,PIURA,99.7,0,0,134.670944087993,0-500,0,128128.347331013,0,
200801,SECHURA,SECHURA,PIURA,5678,0.16,908,42.1648181047038,0-500,0,469522.720664822,0,0
200802,BELLAVISTA DE LA UNION,SECHURA,PIURA,13.9,0,0,12.8255033557047,0-500,0,47666.1153846154,0,
200803,BERNAL,SECHURA,PIURA,71.8,0,0,12.2947103274559,0-500,0,70094.7511961723,0,
200804,CRISTO NOS VALGA,SECHURA,PIURA,265.3,0,0,18.8747004450531,0-500,0,45528.1373488954,0,
200805,VICE,SECHURA,PIURA,261.4,0,0,24.5,0-500,0,162724.538982855,0,
200806,RINCONADA LLICUAR,SECHURA,PIURA,20,0.75,15,9.60909090909091,0-500,0,28453.3493743985,0,0
210101,PUNO,PUNO,PUNO,462.9,13.32,6166,4087.23958333333,>3500,2,1278325.25620397,1.56454704332376,36.0399322449274
210102,ACORA,PUNO,PUNO,1929.8,15.19,29314,4205.42268976149,>3500,6,201777.252577752,29.7357602175101,22.7422619453731
210103,AMANTANI,PUNO,PUNO,13.9,10.95,152,3914.325,>3500,0,29500.8975386377,0,0
210104,ATUNCOLLA,PUNO,PUNO,131.3,12.06,1583,3853.71304347826,>3500,0,41043.3174702567,0,0
210105,CAPACHICA,PUNO,PUNO,104.5,11.31,1182,3915.62057335582,>3500,0,60760.7154940924,0,0
210106,CHUCUITO,PUNO,PUNO,116,12.75,1479,3983.27630582892,>3500,1,64118.1210816629,15.5962149721507,75.125835774923
210107,COATA,PUNO,PUNO,100.2,18.07,1811,3848.63041556145,>3500,0,59934.1128544696,0,0
210108,HUATA,PUNO,PUNO,129.4,16.9,2187,3822.70114942529,>3500,0,24375.5820797907,0,0
210109,MAÑAZO,PUNO,PUNO,412.2,13.9,5730,4326.50584484591,>3500,1,46600.0001864976,21.4592273819293,19.3911188675587
210110,PAUCARCOLLA,PUNO,PUNO,174.7,16.14,2820,3869.81002506266,>3500,0,37845.2177656923,0,0
210111,PICHACANI,PUNO,PUNO,1647.1,13.23,21791,4380.00983049046,>3500,6,53840.294,111.440699042245,30.5936701696419
210112,PLATERIA,PUNO,PUNO,246.1,12.28,3022,3916.28688817435,>3500,0,63604.501077296,0,0
210113,SAN ANTONIO,PUNO,PUNO,338.7,11.07,3749,4605.8441457741,>3500,1,23630.0728624535,42.3189554184121,29.6375329717554
210114,TIQUILLACA,PUNO,PUNO,491.6,13.59,6681,4308.14128113879,>3500,0,13923.5084643289,0,0
210115,VILQUE,PUNO,PUNO,195.7,11.44,2239,3964.84573991031,>3500,2,26052.0083111702,76.7695133561918,99.2506575356062
210201,AZANGARO,AZANGARO,PUNO,724.2,11.27,8162,4038.199756691,>3500,4,286850.639259236,13.9445392568398,54.4528846415639
210202,ACHAYA,AZANGARO,PUNO,127.2,5.88,748,3860.91166321601,>3500,0,24518.3428571429,0,0
210203,ARAPA,AZANGARO,PUNO,338,5.79,1957,4061.18084551148,>3500,3,63616.3243243243,47.1577072687446,170.328734457503
210204,ASILLO,AZANGARO,PUNO,405.5,10.03,4067,4000.99130434783,>3500,2,130253.186398825,15.3547107390997,54.6403300275934
210205,CAMINACA,AZANGARO,PUNO,118.5,8.6,1019,3840.83407407407,>3500,0,26463.06664478,0,0
210206,CHUPA,AZANGARO,PUNO,152.9,9.14,1398,3975.27979274611,>3500,1,49040.2127246236,20.3914286753877,79.4786202511524
210207,JOSE DOMINGO CHOQUEHUANCA,AZANGARO,PUNO,67.3,8.73,588,3954.2816166884,>3500,0,42806.1869547154,0,0
210208,MUÑANI,AZANGARO,PUNO,788.7,7.76,6120,4352.41353046595,>3500,2,61601.3894570071,32.4668001424845,36.3108206245461
210209,POTONI,AZANGARO,PUNO,625.4,5.51,3446,4330.75630725863,>3500,3,31297.9500523013,95.85292311435,96.7305088024763
210210,SAMAN,AZANGARO,PUNO,204.8,10.28,2105,3841.23690987125,>3500,1,79687.8449103045,12.5489652923302,52.7843758247559
210211,SAN ANTON,AZANGARO,PUNO,518.2,10.53,5457,4380.02336289222,>3500,0,65387.2179128349,0,0
210212,SAN JOSE,AZANGARO,PUNO,399.4,11.41,4557,4231.45388349515,>3500,0,43862.1822532403,0,0
210213,SAN JUAN DE SALINAS,AZANGARO,PUNO,105.2,13.49,1419,3893.00667779633,>3500,0,25365.2150573937,0,0
210214,SANTIAGO DE PUPUJA,AZANGARO,PUNO,320.5,7.62,2442,3942.22591270931,>3500,0,40006.7951441578,0,0
210215,TIRAPATA,AZANGARO,PUNO,201.6,7.08,1427,4026.37800087298,>3500,0,26706.0404817665,0,0
210301,MACUSANI,CARABAYA,PUNO,1021.6,5.12,5231,4642.25280801797,>3500,1,129198.491556822,7.74002844731507,21.2408929671403
210302,AJOYANI,CARABAYA,PUNO,428.5,3.5,1500,4607.4893660954,>3500,0,22655.7931175748,0,0
210303,AYAPATA,CARABAYA,PUNO,2061.8,35.01,72184,1732.03305678545,1500-2500,0,86245.1580095575,0,0
210304,COASA,CARABAYA,PUNO,3140.2,37.99,119296,1747.24676167631,1500-2500,1,50722.8843106181,19.7149671906703,0.931390081068193
210305,CORANI,CARABAYA,PUNO,890.5,4.45,3963,4764.21347869177,>3500,1,43341.7385705087,23.0724477831731,28.0371211484005
210306,CRUCERO,CARABAYA,PUNO,860.4,3.8,3270,4494.31501643385,>3500,5,91935.4629296563,54.3859773004647,169.894665307509
210307,ITUATA,CARABAYA,PUNO,1265.5,10.99,13908,3483.69997901951,2500-3500,1,78741.3096004771,12.699814177258,7.98900712619436
210308,OLLACHEA,CARABAYA,PUNO,713.4,2.15,1534,3959.40441906653,>3500,0,59948.7501554726,0,0
210309,SAN GABAN,CARABAYA,PUNO,749.2,31.3,23450,1753.99657412877,1500-2500,1,75809.8709802402,13.1908943659942,4.73821369343757
210310,USICAYOS,CARABAYA,PUNO,660.5,3.02,1995,4286.24387959866,>3500,0,74290.7963255185,0,0
210401,JULI,CHUCUITO,PUNO,778.3,13.98,10881,4085.81352689624,>3500,1,184249.135245902,5.42743388545832,10.2114797455299
210402,DESAGUADERO,CHUCUITO,PUNO,176.2,10.74,1892,3865.49252988048,>3500,1,116361.602452096,8.59390021215703,58.7268029128494
210403,HUACULLANI,CHUCUITO,PUNO,632.2,11.98,7574,4189.63878116344,>3500,3,75896.6912870411,39.527414820417,44.0102103688056
210404,KELLUYO,CHUCUITO,PUNO,496.2,13.26,6580,3938.88170903955,>3500,0,55104.9068100358,0,0
210405,PISACOMA,CHUCUITO,PUNO,963.8,13.8,13300,4314.54012149787,>3500,0,71979.8034269396,0,0
210406,POMATA,CHUCUITO,PUNO,404.3,20.99,8486,4048.94209499024,>3500,2,125564.206720693,15.9281060441757,26.1869222510278
210407,ZEPITA,CHUCUITO,PUNO,527.5,12.1,6383,3945.73655378486,>3500,2,157273.939752891,12.7166649677779,34.8146987658189
210501,ILAVE,EL COLLAO,PUNO,896.6,13.31,11934,4024.0535784122,>3500,5,434173.588637933,11.5161311762094,46.5523341340335
210502,CAPAZO,EL COLLAO,PUNO,1048.7,10.89,11420,4478.80314371257,>3500,0,9630.7578125,0,0
210503,PILCUYO,EL COLLAO,PUNO,154.1,22.49,3466,3826.42531356899,>3500,0,95337.3765259065,0,0
210504,SANTA ROSA,EL COLLAO,PUNO,2712.1,9.91,26877,4495.11810161633,>3500,1,27703.9170574443,36.0959786995641,4.13405927414187
210505,CONDURIRI,EL COLLAO,PUNO,850.6,17.37,14775,4211.53587236233,>3500,1,20939.0370808678,47.7576880034139,7.52021056589585
210601,HUANCANE,HUANCANE,PUNO,389.8,6.72,2619,3924.14986437613,>3500,1,169670.736707939,5.89376824432218,42.4250137881295
210602,COJATA,HUANCANE,PUNO,886.4,7.27,6444,4479.6957387495,>3500,2,35750.0894228387,55.9439160094048,34.4851369059935
210603,HUATASANI,HUANCANE,PUNO,106.9,12.44,1330,3958.55848434926,>3500,0,27616.3557422969,0,0
210604,INCHUPALLA,HUANCANE,PUNO,298.7,12.93,3862,4207.14749262537,>3500,1,22786.4876311844,43.8856578594172,28.770355026181
210605,PUSI,HUANCANE,PUNO,198.8,8.07,1604,3905.70840707965,>3500,0,44932.6629494328,0,0
210606,ROSASPATA,HUANCANE,PUNO,307.6,8.89,2735,4107.36027515047,>3500,3,35393.5063840039,84.7613109436327,121.87690432663
210607,TARACO,HUANCANE,PUNO,198.2,8.79,1742,3831.11577551922,>3500,1,120766.246699912,8.2804593777338,63.7836458731981
210608,VILQUE CHICO,HUANCANE,PUNO,512,7.54,3860,4039.75730994152,>3500,4,66063.2117523884,60.5480704600376,115.141047783535
210701,LAMPA,LAMPA,PUNO,664.1,12.82,8514,4082.47765141497,>3500,2,105327.098082471,18.9884658023523,26.1008012945997
210702,CABANILLA,LAMPA,PUNO,386.8,13.89,5373,4160.6082123412,>3500,2,53698.1723035504,37.2452155111388,41.3590586678247
210703,CALAPUJA,LAMPA,PUNO,138.7,9.9,1373,3950.10292249047,>3500,0,15989.3041978148,0,0
210704,NICASIO,LAMPA,PUNO,133.9,12.8,1714,3888.30104712042,>3500,0,21069.25499796,0,0
210705,OCUVIRI,LAMPA,PUNO,883.4,13.24,11696,4645.87291335453,>3500,0,20755.1834442596,0,0
210706,PALCA,LAMPA,PUNO,497.2,9.05,4500,4565.05239943543,>3500,0,14680.7149171271,0,0
210707,PARATIA,LAMPA,PUNO,750.7,10.31,7740,4697.06407108617,>3500,1,21256.2456864216,47.0449963155439,14.3554407120299
210708,PUCARA,LAMPA,PUNO,528,8.91,4704,4093.87774816789,>3500,2,47575.3678474115,42.0385609295677,47.2411186696901
210709,SANTA LUCIA,LAMPA,PUNO,1595.3,11.11,17724,4490.89797935427,>3500,5,65872.0386053967,75.9047405523952,31.3448180746759
210710,VILAVILA,LAMPA,PUNO,161.8,6.52,1055,4595.52091254753,>3500,1,9772.83416252073,102.324462215377,105.318588730911
210801,AYAVIRI,MELGAR,PUNO,1021.7,9.74,9951,4184.85757340911,>3500,3,233808.27135522,12.831025962474,33.497470940944
210802,ANTAUTA,MELGAR,PUNO,658.4,8.31,5471,4466.48011249498,>3500,1,52158.0113815444,19.1725100998356,20.3091045715794
210803,CUPI,MELGAR,PUNO,217.5,8.47,1842,4246.43972491909,>3500,0,17778.6251808973,0,0
210804,LLALLI,MELGAR,PUNO,229.7,13.03,2993,4259.45691306013,>3500,0,21697.1058282209,0,0
210805,MACARI,MELGAR,PUNO,694.1,11.56,8024,4271.3455537232,>3500,2,64340.2521134442,31.0847398681873,27.6946936966877
210806,NUÑOA,MELGAR,PUNO,2210.9,7.7,17024,4506.78389272459,>3500,10,73059.945460902,136.873904530239,65.2673350041771
210807,ORURILLO,MELGAR,PUNO,399.3,12.11,4836,4046.40211873759,>3500,3,66015.7816431322,45.4436791526212,68.927488282327
210808,SANTA ROSA,MELGAR,PUNO,807.2,8.44,6813,4342.37154064066,>3500,0,56347.213639201,0,0
210809,UMACHIRI,MELGAR,PUNO,333.1,10.99,3661,4027.75330163761,>3500,0,34595.0368663595,0,0
210901,MOHO,MOHO,PUNO,508.7,6.13,3118,4026.34635326651,>3500,5,96610.3510675843,51.7542886942024,178.176894020383
210902,CONIMA,MOHO,PUNO,71.1,13.67,972,4043.66256157635,>3500,0,29328.068409851,0,0
210903,HUAYRAPATA,MOHO,PUNO,406.5,5.51,2240,4268.22371558639,>3500,1,21914.0898226677,45.6327416786259,49.6031746031746
210904,TILALI,MOHO,PUNO,52.3,6.85,358,3964.88305084746,>3500,0,22576.564282923,0,0
211001,PUTINA,SAN ANTONIO DE PUTINA,PUNO,1043.1,7.71,8042,4361.60532319392,>3500,1,122568.536716086,8.15870064857161,13.8163530354528
211002,ANANEA,SAN ANTONIO DE PUTINA,PUNO,972.3,6.48,6301,4748.8457697894,>3500,2,101098.13315195,19.7827589654303,35.2677705478848
211003,PEDRO VILCA APAZA,SAN ANTONIO DE PUTINA,PUNO,143.6,14.12,2028,4116.05405405405,>3500,0,17020.8986245543,0,0
211004,QUILCAPUNCU,SAN ANTONIO DE PUTINA,PUNO,527.7,10.08,5319,4385.1985257162,>3500,1,49984.1969971056,20.0063231996686,20.8894737941551
211005,SINA,SAN ANTONIO DE PUTINA,PUNO,471,3.7,1743,3934.00338028169,>3500,0,16751.5996696035,0,0
211101,JULIACA,SAN ROMAN,PUNO,396.5,12.29,4873,3889.47337016575,>3500,4,2276802.52603555,1.756849772547,91.2055088127323
211102,CABANA,SAN ROMAN,PUNO,193.9,10.56,2048,3880.04210049796,>3500,0,49502.7745750185,0,0
211103,CABANILLAS,SAN ROMAN,PUNO,1274.3,12.39,15789,4314.66737681259,>3500,2,39226.4594007816,50.9859933971035,14.0744963089633
211104,CARACOTO,SAN ROMAN,PUNO,279.1,12.81,3575,3836.94269521411,>3500,0,67374.1872796311,0,0
211105,SAN MIGUEL,SAN ROMAN,PUNO,121.6,11.61,1412,3849.36502177068,>3500,1,665748.551792294,1.50206860729603,78.6905886056028
211201,SANDIA,SANDIA,PUNO,706.5,3.96,2798,3121.32055137845,2500-3500,0,101920.005570061,0,0
211202,CUYOCUYO,SANDIA,PUNO,515.6,2.41,1243,4415.02711050103,>3500,0,50468.0512775018,0,0
211203,LIMBANI,SANDIA,PUNO,2410.4,28.81,69444,1672.87781740633,1500-2500,0,28530.4582705634,0,0
211204,PATAMBUCO,SANDIA,PUNO,475.2,1.08,513,3894.1707362535,>3500,0,37404.015108593,0,0
211205,PHARA,SANDIA,PUNO,435.7,10.36,4514,2815.48862251117,2500-3500,0,55787.8190067646,0,0
211206,QUIACA,SANDIA,PUNO,416.5,4.95,2062,3854.36230344241,>3500,0,20633.0069204152,0,0
211207,SAN JUAN DEL ORO,SANDIA,PUNO,203.6,7.94,1617,1767.89496527778,1500-2500,0,27852.9960485464,0,0
211208,YANAHUAYA,SANDIA,PUNO,652.2,10.52,6861,2198.77264701888,1500-2500,0,18636.2046403712,0,0
211209,ALTO INAMBARI,SANDIA,PUNO,1372.1,9.8,13447,1844.60858324716,1500-2500,0,66480.0224823733,0,0
211210,SAN PEDRO DE PUTINA PUNCO,SANDIA,PUNO,5589.3,27.33,152756,679.807841577859,500-1500,0,90615.1401125558,0,0
211301,YUNGUYO,YUNGUYO,PUNO,176.3,10.19,1796,3989.38457711443,>3500,2,222401.2967924,8.99275331954064,123.731749566939
211302,ANAPIA,YUNGUYO,PUNO,121.5,11.85,1440,3818.00284697509,>3500,0,15505.851147174,0,0
211303,COPANI,YUNGUYO,PUNO,59.8,11.9,712,4078.7361516035,>3500,0,44401.289669007,0,0
211304,CUTURAPI,YUNGUYO,PUNO,23.9,18.68,446,4063.42164179105,>3500,0,12047.2642752562,0,0
211305,OLLARAYA,YUNGUYO,PUNO,27.4,12.63,346,3875.22258064516,>3500,0,22481.1405904059,0,0
211306,TINICACHI,YUNGUYO,PUNO,4.1,13.85,57,3913.62222222222,>3500,0,7672.74482006543,0,0
211307,UNICACHI,YUNGUYO,PUNO,8.1,10.97,89,3858.48387096774,>3500,0,7279.04458598726,0,0
220101,MOYOBAMBA,MOYOBAMBA,SAN MARTIN,2699.1,7.25,19568,1127.14827805057,500-1500,0,776457.239049066,0,0
220102,CALZADA,MOYOBAMBA,SAN MARTIN,115.9,7.5,869,837.815217391304,500-1500,0,43315.2213998731,0,0
220103,HABANA,MOYOBAMBA,SAN MARTIN,68.8,8.5,585,837.033854166667,500-1500,0,14992,0,0
220104,JEPELACIO,MOYOBAMBA,SAN MARTIN,386.2,4.6,1777,1211.86966658895,500-1500,0,141409.355026291,0,0
220105,SORITOR,MOYOBAMBA,SAN MARTIN,583.7,8.03,4687,1455.12490350471,500-1500,1,205216.027236676,4.87291374589714,23.7062323684897
220106,YANTALO,MOYOBAMBA,SAN MARTIN,69.7,4.97,346,830.127272727273,500-1500,0,26312.1242685026,0,0
220201,BELLAVISTA,BELLAVISTA,SAN MARTIN,259.4,8.75,2270,402.896013864818,0-500,1,169570.900515238,5.89723824642978,48.9476260401371
220202,ALTO BIAVO,BELLAVISTA,SAN MARTIN,5956.6,18.9,112580,990.516300421433,500-1500,0,88042.4926971762,0,0
220203,BAJO BIAVO,BELLAVISTA,SAN MARTIN,1122.1,10.47,11748,546.506287545054,500-1500,0,136795.807275437,0,0
220204,HUALLAGA,BELLAVISTA,SAN MARTIN,256.3,18.57,4759,458.62090813094,0-500,0,24615,0,0
220205,SAN PABLO,BELLAVISTA,SAN MARTIN,348,8.06,2805,415.082516761217,0-500,0,77704.0018458699,0,0
220206,SAN RAFAEL,BELLAVISTA,SAN MARTIN,107.2,5.63,604,241.377628259041,0-500,0,56596.6804638428,0,0
220301,SAN JOSE DE SISA,EL DORADO,SAN MARTIN,308.5,8.62,2659,698.76086322543,500-1500,0,154729.393903025,0,0
220302,AGUA BLANCA,EL DORADO,SAN MARTIN,152.7,11.44,1747,544.640469208211,500-1500,0,21185.0269473684,0,0
220303,SAN MARTIN,EL DORADO,SAN MARTIN,520.7,7.86,4093,1266.48791436464,500-1500,0,119621.853647059,0,0
220304,SANTA ROSA,EL DORADO,SAN MARTIN,249.2,8,1994,589.406148282098,500-1500,0,66383.5742519137,0,0
220305,SHATOJA,EL DORADO,SAN MARTIN,62,8.95,555,669.312046444122,500-1500,0,29309.1352885525,0,0
220401,SAPOSOA,HUALLAGA,SAN MARTIN,525.5,18.53,9738,820.666154109004,500-1500,0,134701.528556736,0,0
220402,ALTO SAPOSOA,HUALLAGA,SAN MARTIN,1378.7,10.96,15111,1396.96595216312,500-1500,0,49793.9423303256,0,0
220403,EL ESLABON,HUALLAGA,SAN MARTIN,124.7,12.93,1612,499.125269978402,0-500,0,17362.42174549,0,0
220404,PISCOYACU,HUALLAGA,SAN MARTIN,179.8,20.79,3738,626.247747747748,500-1500,0,43058.5722017753,0,0
220405,SACANCHE,HUALLAGA,SAN MARTIN,161.7,15.36,2484,520.052807115064,500-1500,0,21050.2375257732,0,0
220406,TINGO DE SAPOSOA,HUALLAGA,SAN MARTIN,46.9,7.77,364,351.30608365019,0-500,0,7446.04395604396,0,0
220501,LAMAS,LAMAS,SAN MARTIN,129.4,8.43,1091,664.681502086231,500-1500,0,140043.194727891,0,0
220502,ALONSO DE ALVARADO,LAMAS,SAN MARTIN,296.3,5.39,1597,1238.84381646916,500-1500,0,129605.000619323,0,0
220503,BARRANQUITA,LAMAS,SAN MARTIN,1057,28.98,30632,296.213561632166,0-500,0,68255.9142857143,0,0
220504,CAYNARACHI,LAMAS,SAN MARTIN,1271.4,34.15,43418,374.80049522462,0-500,0,100411.31575044,0,0
220505,CUÑUMBUQUI,LAMAS,SAN MARTIN,182,7.88,1434,614.920792079208,500-1500,0,26891.3177687245,0,0
220506,PINTO RECODO,LAMAS,SAN MARTIN,559.8,8.53,4775,1115.58930292323,500-1500,0,81519.00273045,0,0
220507,RUMISAPA,LAMAS,SAN MARTIN,33.2,9.54,317,520.342318059299,500-1500,0,34827.2620134228,0,0
220508,SAN ROQUE DE CUMBAZA,LAMAS,SAN MARTIN,652.1,20.02,13055,982.042967670627,500-1500,0,15523.2594117647,0,0
220509,SHANAO,LAMAS,SAN MARTIN,24.3,6,146,496.802973977695,0-500,0,16656.6602139582,0,0
220510,TABALOSOS,LAMAS,SAN MARTIN,362,3.56,1289,900.483582089552,500-1500,0,132055.552908587,0,0
220511,ZAPATERO,LAMAS,SAN MARTIN,174.4,5.28,921,709.55195473251,500-1500,0,53006.2480566592,0,0
220601,JUANJUI,MARISCAL CACERES,SAN MARTIN,447.7,18.76,8399,492.601166532583,0-500,0,310544.390535373,0,0
220602,CAMPANILLA,MARISCAL CACERES,SAN MARTIN,1810.1,25.72,46556,1016.09753196551,500-1500,0,161569.052216263,0,0
220603,HUICUNGO,MARISCAL CACERES,SAN MARTIN,9749.8,12.17,118655,2290.51367500876,1500-2500,0,86849.6818830243,0,0
220604,PACHIZA,MARISCAL CACERES,SAN MARTIN,1801.3,24.07,43357,1055.84125480026,500-1500,0,62398.3865829377,0,0
220605,PAJARILLO,MARISCAL CACERES,SAN MARTIN,454.3,9.87,4484,413.030021726249,0-500,0,52811.8020815264,0,0
220701,PICOTA,PICOTA,SAN MARTIN,217.2,14.18,3080,322.313611915598,0-500,1,104450.946067013,9.57387211560942,36.0750360750361
220702,BUENOS AIRES,PICOTA,SAN MARTIN,311.2,6.36,1979,510.110147441457,500-1500,0,27174.0082372323,0,0
220703,CASPISAPA,PICOTA,SAN MARTIN,76,5.4,410,345.378698224852,0-500,0,19767.3367205543,0,0
220704,PILLUANA,PICOTA,SAN MARTIN,68.3,5.83,398,399.381201044386,0-500,0,7899,0,0
220705,PUCACACA,PICOTA,SAN MARTIN,202.9,4.86,986,378.559201773836,0-500,0,27234.1200132979,0,0
220706,SAN CRISTOBAL,PICOTA,SAN MARTIN,30.1,10.29,310,310.341176470588,0-500,0,10787.0132560066,0,0
220707,SAN HILARION,PICOTA,SAN MARTIN,104,5.68,591,315.282006920415,0-500,0,33825.2989397466,0,0
220708,SHAMBOYACU,PICOTA,SAN MARTIN,392.3,6.25,2452,796.706797894255,500-1500,0,95284.4870732189,0,0
220709,TINGO DE PONASA,PICOTA,SAN MARTIN,335.2,5.92,1984,463.083511777302,0-500,0,34771.0010264306,0,0
220710,TRES UNIDOS,PICOTA,SAN MARTIN,370.4,7.97,2952,818.509479824988,500-1500,0,37095.0348330914,0,0
220801,RIOJA,RIOJA,SAN MARTIN,209.1,11.58,2421,988.787721573714,500-1500,0,241294.44850511,0,0
220802,AWAJUN,RIOJA,SAN MARTIN,506.9,7.74,3923,1536.33754448399,1500-2500,0,71674.38170347,0,0
220803,ELIAS SOPLIN VARGAS,RIOJA,SAN MARTIN,169.5,14.37,2436,1388.27633668608,500-1500,0,195717.823986195,0,0
220804,NUEVA CAJAMARCA,RIOJA,SAN MARTIN,334.3,10.96,3664,1455.23348611486,500-1500,0,425829.819305961,0,0
220805,PARDO MIGUEL,RIOJA,SAN MARTIN,1167,6.46,7539,1937.10607700634,1500-2500,0,154106.048878298,0,0
220806,POSIC,RIOJA,SAN MARTIN,52.6,9.13,480,818.003430531732,500-1500,0,19122.2102412605,0,0
220807,SAN FERNANDO,RIOJA,SAN MARTIN,69.2,5.4,374,823.03259452412,500-1500,0,33002.0043313481,0,0
220808,YORONGOS,RIOJA,SAN MARTIN,81.8,12.76,1044,1123.01538461538,500-1500,0,22930.5231180741,0,0
220809,YURACYACU,RIOJA,SAN MARTIN,62.1,16.86,1047,818.702312138728,500-1500,0,33826.2675725111,0,0
220901,TARAPOTO,SAN MARTIN,SAN MARTIN,58.5,10.59,620,425.67786259542,0-500,0,752263.020174355,0,0
220902,ALBERTO LEVEAU,SAN MARTIN,SAN MARTIN,51.8,7.49,388,557.986038394415,500-1500,0,8281.08901098901,0,0
220903,CACATACHI,SAN MARTIN,SAN MARTIN,52.4,3.5,183,375.334476843911,0-500,0,34346.51453958,0,0
220904,CHAZUTA,SAN MARTIN,SAN MARTIN,951.8,18.52,17627,576.300727032386,500-1500,0,96081.3553060833,0,0
220905,CHIPURANA,SAN MARTIN,SAN MARTIN,306.1,22.39,6854,186.129515418502,0-500,0,21893.0575296108,0,0
220906,EL PORVENIR,SAN MARTIN,SAN MARTIN,489.3,22.97,11239,189.184089656439,0-500,0,23165.8416865553,0,0
220907,HUIMBAYOC,SAN MARTIN,SAN MARTIN,1713,21.46,36761,408.856010082445,0-500,0,50386.1816011752,0,0
220908,JUAN GUERRA,SAN MARTIN,SAN MARTIN,192.1,7.69,1477,344.956908665105,0-500,0,37719.7743123772,0,0
220909,LA BANDA DE SHILCAYO,SAN MARTIN,SAN MARTIN,266.6,12.1,3226,678.466823846413,500-1500,0,453729.31177537,0,0
220910,MORALES,SAN MARTIN,SAN MARTIN,50.7,6.96,353,320.373214285714,0-500,0,399078.432040244,0,0
220911,PAPAPLAYA,SAN MARTIN,SAN MARTIN,990,20.16,19958,182.333787837469,0-500,0,18083.6266924565,0,0
220912,SAN ANTONIO,SAN MARTIN,SAN MARTIN,78.3,25.06,1962,751.209677419355,500-1500,0,15721.3943990665,0,0
220913,SAUCE,SAN MARTIN,SAN MARTIN,100.8,5.45,549,777.517426273459,500-1500,0,60224.4384397163,0,0
220914,SHAPAJA,SAN MARTIN,SAN MARTIN,237.7,11.5,2734,599.962207105064,500-1500,0,18469.5094527363,0,0
221001,TOCACHE,TOCACHE,SAN MARTIN,1006.5,32.28,32490,969.370515445562,500-1500,0,275652.58179651,0,0
221002,NUEVO PROGRESO,TOCACHE,SAN MARTIN,824.6,31.32,25826,904.384723879787,500-1500,0,113622.693652328,0,0
221003,POLVORA,TOCACHE,SAN MARTIN,2263.5,24.67,55841,1378.38521277439,500-1500,0,100088.443198263,0,0
221004,SHUNTE,TOCACHE,SAN MARTIN,1060.4,6.14,6511,2926.15025775374,2500-3500,0,12518.3254612546,0,0
221005,UCHIZA,TOCACHE,SAN MARTIN,603.5,31.04,18733,991.354132539092,500-1500,0,157706.148823083,0,0
221006,SANTA LUCIA,TOCACHE,SAN MARTIN,268.3,33.64,9026,595.482678214524,500-1500,0,30929,0,0
230101,TACNA,TACNA,TACNA,1919.7,0.42,806,1223.37526508144,500-1500,0,943116.412809697,0,0
230102,ALTO DE LA ALIANZA,TACNA,TACNA,376.1,0,0,1249.1451351976,500-1500,0,312779.06254424,0,
230103,CALANA,TACNA,TACNA,110.6,1.93,213,1047.33385826772,500-1500,0,31083.7672131148,0,0
230104,CIUDAD NUEVA,TACNA,TACNA,179.5,1.08,194,1485.27277131783,500-1500,0,290445.085144433,0,0
230105,INCLAN,TACNA,TACNA,1441.6,0.56,807,1409.68599121064,500-1500,0,23204.6613889889,0,0
230106,PACHIA,TACNA,TACNA,615.1,0.55,338,2575.58093220339,2500-3500,0,20509.4837849845,0,0
230107,PALCA,TACNA,TACNA,1463,4.57,6686,4277.13142721275,>3500,0,20747.3604651163,0,0
230108,POCOLLAY,TACNA,TACNA,270.3,0.49,132,1475.27596153846,500-1500,0,173879.797505198,0,0
230109,SAMA,TACNA,TACNA,1139.8,0.37,422,344.093296895164,0-500,0,33964.6691919192,0,0
230110,CORONEL GREGORIO ALBARRACIN LANCHIPA,TACNA,TACNA,188.3,0,0,500.364597701149,500-1500,0,1249196.72291111,0,
230111,LA YARADA LOS PALOS,TACNA,TACNA,545.7,0,0,93.2951625693894,0-500,0,60673.9947209653,0,
230201,CANDARAVE,CANDARAVE,TACNA,1389.1,5.63,7821,4496.0005645819,>3500,1,21430.1607438017,46.663205747966,14.2067652616176
230202,CAIRANI,CANDARAVE,TACNA,177.3,2.92,518,3964.86094674556,>3500,0,8792.62688064193,0,0
230203,CAMILACA,CANDARAVE,TACNA,495.7,1.76,872,4241.70591331813,>3500,0,10071.3100775194,0,0
230204,CURIBAYA,CANDARAVE,TACNA,112.6,1.36,153,2884.91344667697,2500-3500,0,4688.87305122494,0,0
230205,HUANUARA,CANDARAVE,TACNA,91.3,0,0,3572.56178707224,>3500,0,4277.87673956262,0,
230206,QUILAHUANI,CANDARAVE,TACNA,55.5,1.06,59,3176.16144200627,2500-3500,0,6140.0238764045,0,0
230301,LOCUMBA,JORGE BASADRE,TACNA,849.6,0,0,924.532924335378,500-1500,0,24511.0721374046,0,
230302,ILABAYA,JORGE BASADRE,TACNA,1062.8,0.74,786,2230.848803984,1500-2500,0,62020.9865158091,0,0
230303,ITE,JORGE BASADRE,TACNA,842.3,0,0,543.888101109741,500-1500,0,28805.0012410797,0,
230401,TARATA,TARATA,TACNA,886.2,7.17,6354,4460.69029154805,>3500,1,32216,31.0404767817234,17.4867974679117
230402,HEROES ALBARRACIN,TARATA,TACNA,380.2,0.69,262,2719.62716894977,2500-3500,0,2718.82580645161,0,0
230403,ESTIQUE,TARATA,TACNA,296.9,1.53,454,3466.76504967855,2500-3500,0,2034.09401709402,0,0
230404,ESTIQUE-PAMPA,TARATA,TACNA,148.4,4.06,603,3086.71035693388,2500-3500,0,2907.00301204819,0,0
230405,SITAJARA,TARATA,TACNA,234.4,2.99,701,3222.37866963954,2500-3500,0,3069.64655172414,0,0
230406,SUSAPAYA,TARATA,TACNA,361.3,6.39,2309,4477.60940892642,>3500,1,4488.94901960784,222.769293131193,48.12087964968
230407,TARUCACHI,TARATA,TACNA,107.4,4.48,481,4151.18947368421,>3500,0,2812.15217391304,0,0
230408,TICACO,TARATA,TACNA,357.7,3.97,1420,4410.03671286166,>3500,0,5318.3762541806,0,0
240101,TUMBES,TUMBES,TUMBES,163.4,1.62,265,27.0847741215839,0-500,0,1033550.86615188,0,0
240102,CORRALES,TUMBES,TUMBES,131.8,0,0,34.5470262793914,0-500,0,231158.746295856,0,
240103,LA CRUZ,TUMBES,TUMBES,65.9,0.17,11,146.845089903181,0-500,1,96783.8323749281,10.3323042233555,10101.0101010101
240104,PAMPAS DE HOSPITAL,TUMBES,TUMBES,731.5,1.51,1105,430.862588762925,0-500,0,68172.4069705094,0,0
240105,SAN JACINTO,TUMBES,TUMBES,590.8,1.22,721,366.568150315725,0-500,0,81166.6114592659,0,0
240106,SAN JUAN DE LA VIRGEN,TUMBES,TUMBES,116,0,0,75.4045741324921,0-500,0,44518.6458765023,0,
240201,ZORRITOS,CONTRALMIRANTE VILLAR,TUMBES,654.9,0.49,321,141.926282051282,0-500,0,126257.670599584,0,0
240202,CASITAS,CONTRALMIRANTE VILLAR,TUMBES,863.3,0.82,708,450.048924504429,0-500,0,24545.90331076,0,0
240203,CANOAS DE PUNTA SAL,CONTRALMIRANTE VILLAR,TUMBES,631.7,0.1,63,145.745307536818,0-500,0,71135.833630259,0,0
240301,ZARUMILLA,ZARUMILLA,TUMBES,114.4,0.59,67,6.63048683160415,0-500,0,233819.175997738,0,0
240302,AGUAS VERDES,ZARUMILLA,TUMBES,47.9,1.18,57,10.4075471698113,0-500,0,175435.274734562,0,0
240303,MATAPALO,ZARUMILLA,TUMBES,393,1.21,476,318.130032392411,0-500,0,39714.704585317,0,0
240304,PAPAYAL,ZARUMILLA,TUMBES,204,0.43,88,46.4598214285714,0-500,0,64582.7314961766,0,0
250101,CALLERIA,CORONEL PORTILLO,UCAYALI,11645.8,16.47,191806,224.911260907706,0-500,1,1570194.80810897,0.63686365209953,0.579289026991393
250102,CAMPOVERDE,CORONEL PORTILLO,UCAYALI,1324.7,17.37,23010,190.081059173196,0-500,0,180212.108150717,0,0
250103,IPARIA,CORONEL PORTILLO,UCAYALI,7368.5,24.73,182223,296.101671089783,0-500,0,112120.228452157,0,0
250104,MASISEA,CORONEL PORTILLO,UCAYALI,14704,18.42,270848,225.863984091849,0-500,0,107913.272178939,0,0
250105,YARINACOCHA,CORONEL PORTILLO,UCAYALI,661.2,14.69,9713,152.250440917108,0-500,2,1088618.64889946,1.83719064708464,22.8788450759006
250106,NUEVA REQUENA,CORONEL PORTILLO,UCAYALI,2060,17.31,35659,201.22187907786,0-500,0,52063.7655536028,0,0
250107,MANANTAY,CORONEL PORTILLO,UCAYALI,644.5,11.73,7560,155.377528401219,0-500,0,989606.319224105,0,0
250201,RAIMONDI,ATALAYA,UCAYALI,14539.2,21.18,307940,509.916393673498,500-1500,0,364556.552899433,0,0
250202,SEPAHUA,ATALAYA,UCAYALI,7737,21.35,165185,383.984275319839,0-500,0,75283.1515449957,0,0
250203,TAHUANIA,ATALAYA,UCAYALI,7672,23.75,182210,326.611269308104,0-500,0,97521.8275259633,0,0
250204,YURUA,ATALAYA,UCAYALI,9034.2,16.58,149787,325.213790443031,0-500,0,22389.7812632471,0,0
250301,PADRE ABAD,PADRE ABAD,UCAYALI,3573.6,55.56,198549,682.655180174548,500-1500,0,300446.850831573,0,0
250302,IRAZOLA,PADRE ABAD,UCAYALI,1876.9,40.16,75376,273.209937118902,0-500,0,111432.569320522,0,0
250303,CURIMANA,PADRE ABAD,UCAYALI,1877.7,26.99,50679,253.008635908202,0-500,0,94846.5122921555,0,0
250304,NESHUYA,PADRE ABAD,UCAYALI,623.4,21.47,13384,219.591339260109,0-500,0,97414.3432539683,0,0
250305,ALEXANDER VON HUMBOLDT,PADRE ABAD,UCAYALI,205.1,27.46,5632,244.391000436872,0-500,0,56303.9743249959,0,0
250306,HUIPOCA,PADRE ABAD,UCAYALI,589.7,47.54,28034,290.760994843797,0-500,0,23322,0,0
250307,BOQUERON,PADRE ABAD,UCAYALI,548.8,45.51,24976,1116.85386119257,500-1500,0,27401,0,0
250401,PURUS,PURUS,UCAYALI,18472.6,14.5,267853,363.13037067832,0-500,0,29583.2037986132,0,0
