UBIGEO,altitud,DISTRITO,PROVINCIA,DEPARTAMEN,lon,lat,person_years,deaths,estrato,crude_rate,post_a,post_b,posterior_rate,credible_lower,credible_upper,probability_above_84
010101,2420.69876688197,CHACHAPOYAS,CHACHAPOYAS,AMAZONAS,-77.8564888512503,-6.24774347494765,311016.456403486,0,1500-2500,0,0.0671720204620204,316177.084365524,0.212450629041682,2.64558293206651e-24,2.30488600331507,9.2148511043888e-15
010102,2848.6318537859,ASUNCION,CHACHAPOYAS,AMAZONAS,-77.7432050304132,-5.99613185418487,2224.01423487545,0,2500-3500,0,0.0671720204620204,7384.64219691378,9.09617807753681,1.13271933237004e-22,98.6848268190469,0.0305703015806972
010103,2323.20232690125,BALSAS,CHACHAPOYAS,AMAZONAS,-77.9491661494218,-6.80772131890765,9457.33277870216,0,1500-2500,0,0.0671720204620204,14617.9607407405,4.59517039711366,5.72222564243671e-23,49.8532010892613,0.0109836813802836
010104,2540.67948717949,CHETO,CHACHAPOYAS,AMAZONAS,-77.6771662623311,-6.2979699185918,5598.11637931035,0,2500-3500,0,0.0671720204620204,10758.7443413487,6.24348142597465,7.77481712892088e-23,67.7357982680448,0.0184452291360026
010105,2651.19620253165,CHILIQUIN,CHACHAPOYAS,AMAZONAS,-77.7558666534351,-6.07820576804398,4731.37251655629,0,2500-3500,0,0.0671720204620204,9892.00047859463,6.79053954833246,8.45605193527874e-23,73.6708553441758,0.0208782957174078
010106,2769.87390029326,CHUQUIBAMBA,CHACHAPOYAS,AMAZONAS,-77.8950696235844,-6.93489659548686,15457.1150895141,0,2500-3500,0,0.0671720204620204,20617.7430515524,3.25797155848068,4.05705268426556e-23,35.3458734305156,0.00526102345710267
010107,3385.00577124869,GRANADA,CHACHAPOYAS,AMAZONAS,-77.5765846467152,-6.09998080298834,4287.1522556391,0,2500-3500,0,0.0671720204620204,9447.78021767744,7.10982039319003,8.85364264023507e-23,77.1347469492906,0.0222777684396223
010108,2198.24758220503,HUANCAS,CHACHAPOYAS,AMAZONAS,-77.8749799929596,-6.15614393972526,11482.6673835126,0,1500-2500,0,0.0671720204620204,16643.2953455509,4.03598079991874,5.0258838802112e-23,43.7865291213422,0.00850323429794897
010109,2914.37726285301,LA JALCA,CHACHAPOYAS,AMAZONAS,-77.7843962460659,-6.50359365102512,31036.806127451,0,2500-3500,0,0.0671720204620204,36197.4340894893,1.85571221142233,2.31086185788752e-23,20.1327015202625,0.00094294017901464
010110,3361.56245572609,LEIMEBAMBA,CHACHAPOYAS,AMAZONAS,-77.7987085533978,-6.80888818916991,30478.0751625488,0,2500-3500,0,0.0671720204620204,35638.7031245871,1.88480541020805,2.34709073162346e-23,20.4483348840014,0.000999999386403827
010111,2749.06714628297,LEVANTO,CHACHAPOYAS,AMAZONAS,-77.8645540621834,-6.31429889474838,6433.20685434517,0,2500-3500,0,0.0671720204620204,11593.8348163835,5.79377070019129,7.21480606853175e-23,62.8568672802934,0.0164185321230566
010112,2700.87826086957,MAGDALENA,CHACHAPOYAS,AMAZONAS,-77.8238188668759,-6.42056617035342,7269,0,2500-3500,0,0.0671720204620204,12429.6279620383,5.4041859231163,6.72966801953105e-23,58.6302452936455,0.0146507224193337
010113,2896.15603644647,MARISCAL CASTILLA,CHACHAPOYAS,AMAZONAS,-77.7700022611895,-6.57890340379538,12343.7226277372,0,2500-3500,0,0.0671720204620204,17504.3505897756,3.83744716020805,4.77865598965193e-23,41.6326291332815,0.00764595720842187
010114,2765.85574377978,MOLINOPAMPA,CHACHAPOYAS,AMAZONAS,-77.607253656144,-6.21244135698993,18131.2508710801,0,2500-3500,0,0.0671720204620204,23291.8788331185,2.88392451906925,3.5912633064131e-23,31.2878210274243,0.0038570202007342
010115,2842.79441997063,MONTEVIDEO,CHACHAPOYAS,AMAZONAS,-77.7183772124645,-6.62810730283448,3919.50894632207,0,2500-3500,0,0.0671720204620204,9080.13690836041,7.39768806791588,9.21211548184712e-23,80.2578357218463,0.0235249606530359
010116,3155.68776371308,OLLEROS,CHACHAPOYAS,AMAZONAS,-77.6709869731434,-6.00841337047257,3470.11421911422,0,2500-3500,0,0.0671720204620204,8630.74218115255,7.7828788129841,9.69178177671251e-23,84.4367866664446,0.025170745562424
010117,3086.92122538293,QUINJALCA,CHACHAPOYAS,AMAZONAS,-77.6854899078125,-6.10815948468053,6345.17843866171,0,2500-3500,0,0.0671720204620204,11505.8064007,5.83809757636227,7.2700049764186e-23,63.3377714645645,0.0166191129634341
010118,2337.13199105145,SAN FRANCISCO DE DAGUAS,CHACHAPOYAS,AMAZONAS,-77.7335743725377,-6.23223614572783,2598.01238390093,0,1500-2500,0,0.0671720204620204,7758.64034593927,8.65770514767797,1.07811763480669e-22,93.9278151621603,0.0288047725202635
010119,2850.14808652246,SAN ISIDRO DE MAINO,CHACHAPOYAS,AMAZONAS,-77.8225684442427,-6.3544182074831,4726.13522537563,0,2500-3500,0,0.0671720204620204,9886.76318741396,6.79413668444407,8.46053133924386e-23,73.7098808284169,0.0208941527103811
010120,2929.03631961259,SOLOCO,CHACHAPOYAS,AMAZONAS,-77.74635432906,-6.30911329700597,10093.1532447224,0,2500-3500,0,0.0671720204620204,15253.7812067608,4.40363078187121,5.48370719738161e-23,47.7751795731845,0.0101256503774723
010121,2397.8475975976,SONCHE,CHACHAPOYAS,AMAZONAS,-77.7964059770589,-6.17597369332282,2215.05839416058,0,1500-2500,0,0.0671720204620204,7375.68635619892,9.10722300516011,1.13409472354389e-22,98.8046537134243,0.0306142885449842
010201,595.298293515358,BAGUA,BAGUA,AMAZONAS,-78.5209838457417,-5.58090770091713,239360.673527421,0,500-1500,0,0.0671720204620204,244521.301489459,0.274708256715688,3.42085819440988e-24,2.98032168111325,4.77795580877682e-12
010202,1267.22314242389,ARAMANGO,BAGUA,AMAZONAS,-78.4444030702595,-5.37875800926936,80767.4450485437,0,500-1500,0,0.0671720204620204,85928.0730105821,0.78172380816393,9.73456832675593e-24,8.48095518484764,7.2327396720695e-06
010203,1312.967063129,COPALLIN,BAGUA,AMAZONAS,-78.399749968551,-5.64770350142086,36933.8109463129,0,500-1500,0,0.0671720204620204,42094.4389083513,1.59574571378106,1.98713350171781e-23,17.3123138167898,0.00051167081478587
010204,654.71921182266,EL PARCO,BAGUA,AMAZONAS,-78.4739698418866,-5.62263809387288,10236.0030959752,0,500-1500,0,0.0671720204620204,15396.6310580136,4.36277392170536,5.43282939466566e-23,47.3319217416569,0.00994357900565801
010205,910.60088901127,IMAZA,BAGUA,AMAZONAS,-78.3896173779915,-4.9912855942232,257517.340702875,0,500-1500,0,0.0671720204620204,262677.968664914,0.255720039268724,3.18440370983314e-24,2.77431769412188,9.75108882528275e-13
010206,1075.93342036554,LA PECA,BAGUA,AMAZONAS,-78.445407432043,-5.59197738228071,52014.9175086714,0,500-1500,0,0.0671720204620204,57175.5454707097,1.17483829684549,1.46299032396026e-23,12.7458711643843,0.000113147325507379
010301,2682.70821529745,JUMBILLA,BONGARA,AMAZONAS,-77.8256610429179,-5.95173438383387,10533.2666174298,0,2500-3500,0,0.0671720204620204,15693.8945794682,4.28013710184465,5.32992428152483e-23,46.4353913321468,0.00957652501892459
010302,2827.56385945343,CHISQUILLA,BONGARA,AMAZONAS,-77.7257973085439,-5.89484640444909,2536.01246105919,0,2500-3500,0,0.0671720204620204,7696.64042309753,8.72744688194578,1.08680236041395e-22,94.684446233981,0.0290881059301673
010303,2215.20168067227,CHURUJA,BONGARA,AMAZONAS,-77.9303640809523,-6.00779657693767,2383.01328903655,0,1500-2500,0,0.0671720204620204,7543.64125107488,8.90445584914966,1.1088447476062e-22,96.6048241251165,0.0298029535444794
010304,2379.76083916084,COROSHA,BONGARA,AMAZONAS,-77.8107244652119,-5.81751850058811,6612.0989010989,0,1500-2500,0,0.0671720204620204,11772.7268631372,5.70573166632698,7.10517374294265e-23,61.9017280189292,0.0160197376183455
010305,2227.66478873239,CUISPES,BONGARA,AMAZONAS,-77.9147927240236,-5.91114513735935,5413.09221902017,0,1500-2500,0,0.0671720204620204,10573.7201810585,6.35273293711239,7.91086470593783e-23,68.9210726068324,0.0189343204108264
010306,2393.74684574685,FLORIDA,BONGARA,AMAZONAS,-77.9592017367962,-5.8236063569482,50934.0126384771,1,1500-2500,19.6332460019961,1.06717202046202,56094.6406005155,19.0244916276763,0.587359446615326,68.2542012934782,0.0104563815762717
010307,1930.5531660693,JAZAN,BONGARA,AMAZONAS,-78.0234321451667,-5.94537432553968,62936.210282712,0,1500-2500,0,0.0671720204620204,68096.8382447504,0.986419078968012,1.22835761463928e-23,10.7017029734012,3.92227746423002e-05
010308,2476.30769230769,RECTA,BONGARA,AMAZONAS,-77.7753587551351,-5.93922087918304,1730.00456621005,0,1500-2500,0,0.0671720204620204,6890.63252824838,9.7483097794936,1.21392730562664e-22,105.759831675179,0.033126660601524
010309,2699.51768488746,SAN CARLOS,BONGARA,AMAZONAS,-77.8790614978866,-5.99638860269085,4450.4785046729,0,2500-3500,0,0.0671720204620204,9611.10646671123,6.98899972596033,8.70318834574528e-23,75.8239583389435,0.0217501233919848
010310,2074.09025787966,SHIPASBAMBA,BONGARA,AMAZONAS,-78.0520899646886,-5.88374728612437,13460.4082125604,0,1500-2500,0,0.0671720204620204,18621.0361745987,3.60731915411082,4.49208459757481e-23,39.1359605067073,0.00667474068953267
010311,2219.92413793103,VALERA,BONGARA,AMAZONAS,-77.8691738476564,-6.08063360188559,6573.03686635945,0,1500-2500,0,0.0671720204620204,11733.6648283978,5.72472637018324,7.12882726872813e-23,62.1078023772538,0.0161058224748029
010312,1769.69226643784,YAMBRASBAMBA,BONGARA,AMAZONAS,-77.8605175218124,-5.52428890156992,45701.1656325405,0,1500-2500,0,0.0671720204620204,50861.7935945788,1.32067738305595,1.64459929308734e-23,14.3280856772762,0.000211163399714942
010401,504.652587527234,NIEVA,CONDORCANQUI,AMAZONAS,-77.9303390010414,-4.84533045204569,164913.214939965,0,500-1500,0,0.0671720204620204,170073.842902003,0.394957974229611,4.91829127651311e-24,4.28491603346066,3.42614303594502e-09
010402,952.011351560236,EL CENEPA,CONDORCANQUI,AMAZONAS,-78.3358867219675,-4.1684271966668,101048.030295587,0,500-1500,0,0.0671720204620204,106208.658257625,0.632453338211698,7.8757486595772e-24,6.86151344229738,1.10072964876196e-06
010403,543.501526691944,RIO SANTIAGO,CONDORCANQUI,AMAZONAS,-77.8881490256153,-3.81331766358211,144500.904976344,0,500-1500,0,0.0671720204620204,149661.532938382,0.448826222364541,5.58909615239857e-24,4.86933497215414,2.12835536972378e-08
010501,2462.1157635468,LAMUD,LUYA,AMAZONAS,-77.9435585004791,-6.11988018586122,18851.0016799664,0,1500-2500,0,0.0671720204620204,24011.6296420047,2.79747861613328,3.48361485821312e-23,30.3499657119574,0.00355283597488665
010502,1687.68213552361,CAMPORREDONDO,LUYA,AMAZONAS,-78.3344784316188,-6.1777946581983,60100.6007814605,0,1500-2500,0,0.0671720204620204,65261.2287434989,1.02927912568168,1.28172992450944e-23,11.1666934618613,5.15343158349335e-05
010503,2232.13280632411,COCABAMBA,LUYA,AMAZONAS,-78.015376000826,-6.6269698760506,16165.1745647969,0,1500-2500,0,0.0671720204620204,21325.8025268352,3.14980035932972,3.92235038683966e-23,34.1723194428927,0.00484172580462372
010504,2822.91122278057,COLCAMAR,LUYA,AMAZONAS,-78.0106390791877,-6.31003183688503,15219.6562025316,0,2500-3500,0,0.0671720204620204,20380.28416457,3.29593149534172,4.10432303668339e-23,35.7577024166306,0.00541043189707624
010505,2526.51559100798,CONILA,LUYA,AMAZONAS,-78.191198453143,-6.1265338081285,15213.0624033007,0,2500-3500,0,0.0671720204620204,20373.690365339,3.29699820000689,4.10565137149155e-23,35.7692751413785,0.00541464666322977
010506,2719.24658573596,INGUILPATA,LUYA,AMAZONAS,-78.0285687789765,-6.24810373602904,3808.44820717132,0,2500-3500,0,0.0671720204620204,8969.07616920965,7.48929089181094,9.32618568654315e-23,81.2516386943874,0.0239187863760143
010507,3192.93663060278,LONGUITA,LUYA,AMAZONAS,-78.0048095718421,-6.40730388074667,6990.0403587444,0,2500-3500,0,0.0671720204620204,12150.6683207827,5.52825726854284,6.88417028450415e-23,59.9763006514293,0.0152144518470763
010508,2635.02310654686,LONYA CHICO,LUYA,AMAZONAS,-78.012398892249,-6.20743103417467,6757.25684931507,0,2500-3500,0,0.0671720204620204,11917.8848113534,5.63623675889449,7.01863385280524e-23,61.1477747820509,0.0157045990064653
010509,2454.80479825518,LUYA,LUYA,AMAZONAS,-77.9666459299859,-6.17874854652852,32653.0154626721,0,1500-2500,0,0.0671720204620204,37813.6434247105,1.77639641088181,2.21209230888702e-23,19.2722009920588,0.000796254161614662
010510,2566.40933333333,LUYA VIEJO,LUYA,AMAZONAS,-78.1025962045647,-6.11738043103688,3210.00245700246,0,2500-3500,0,0.0671720204620204,8370.63041904079,8.02472658561334,9.99294743685311e-23,87.0606035437139,0.0261900347504942
010511,3174.84804928131,MARIA,LUYA,AMAZONAS,-77.960797750635,-6.49656293076283,6130.06242038217,0,2500-3500,0,0.0671720204620204,11290.6903824205,5.94932800270625,7.40851683622787e-23,64.5445151394571,0.01712173876798
010512,2046.7338920901,OCALLI,LUYA,AMAZONAS,-78.2168587560265,-6.22180693466095,31545.1015486164,0,1500-2500,0,0.0671720204620204,36705.7295106547,1.8300145878458,2.27886139046815e-23,19.8539068978734,0.000893985974939948
010513,2054.45474777448,OCUMAL,LUYA,AMAZONAS,-78.1639904392186,-6.34578356030177,29417.026780932,0,1500-2500,0,0.0671720204620204,34577.6547429703,1.94264246552686,2.4191134538355e-23,21.0758115823694,0.00111853121353778
010514,2378.49040841584,PISUQUIA,LUYA,AMAZONAS,-78.0862826784513,-6.47474388983124,40153.2390243902,0,1500-2500,0,0.0671720204620204,45313.8669864286,1.48237228312777,1.84595302395734e-23,16.0823205960622,0.00036862577003971
010515,1663.71284829721,PROVIDENCIA,LUYA,AMAZONAS,-78.2918481449731,-6.30757106652817,10996.0350250179,0,1500-2500,0,0.0671720204620204,16156.6629870562,4.15754296019139,5.17726153338791e-23,45.1053622215737,0.00903532468415591
010516,2394.57760814249,SAN CRISTOBAL,LUYA,AMAZONAS,-77.9633609159925,-6.08408129908764,4328.30017761989,0,1500-2500,0,0.0671720204620204,9488.92813965823,7.07898926763711,8.81524957926503e-23,76.800258743377,0.0221433532968527
010517,2902.09500247402,SAN FRANCISCO DEL YESO,LUYA,AMAZONAS,-77.8595311741832,-6.65901777645321,5787.04871447903,0,2500-3500,0,0.0671720204620204,10947.6766765174,6.13573294561243,7.64064123031883e-23,66.5668303747249,0.0179614948030536
010518,2210.00519031142,SAN JERONIMO,LUYA,AMAZONAS,-78.045813634257,-6.00459317191287,4864.82015503876,0,1500-2500,0,0.0671720204620204,10025.4481170771,6.70015142241884,8.34349435695704e-23,72.69023068223,0.0204791993277591
010519,2623.83975026015,SAN JUAN DE LOPECANCHA,LUYA,AMAZONAS,-77.8917570435732,-6.48274253288561,3414.14382022472,0,2500-3500,0,0.0671720204620204,8574.77178226305,7.83368026201769,9.75504327285106e-23,84.9879337699097,0.0253857650383835
010520,2288.23262178435,SANTA CATALINA,LUYA,AMAZONAS,-78.093517411633,-6.05696375210711,17164.6130558184,0,1500-2500,0,0.0671720204620204,22325.2410178567,3.00879262213982,3.74675774939646e-23,32.6425204431242,0.00431077450859696
010521,2944.78863409771,SANTO TOMAS,LUYA,AMAZONAS,-77.8924756497027,-6.56905834655432,24195.7678285897,0,2500-3500,0,0.0671720204620204,29356.395790628,2.28815624850871,2.84937123710202e-23,24.8243054604038,0.00195980222263292
010522,2678.35767022149,TINGO,LUYA,AMAZONAS,-77.9435272558512,-6.38686422993705,10972.1053401609,0,2500-3500,0,0.0671720204620204,16132.7333021993,4.16370984406364,5.18494096591774e-23,45.17226700969,0.00906244472108031
010523,2891.89937106918,TRITA,LUYA,AMAZONAS,-78.0193900557865,-6.14406859492542,11609.099378882,0,2500-3500,0,0.0671720204620204,16769.7273409203,4.00555233227388,4.98799223686172e-23,43.4564093683749,0.00837084180373548
010601,2165.34628975265,SAN NICOLAS,RODRIGUEZ DE MENDOZA,AMAZONAS,-77.4389554802052,-6.37280476444626,51769.2880137522,0,1500-2500,0,0.0671720204620204,56929.9159757905,1.17990724754601,1.4693025337745e-23,12.8008644283432,0.000115907077382071
010602,1945.83576004659,CHIRIMOTO,RODRIGUEZ DE MENDOZA,AMAZONAS,-77.4200085871875,-6.54747129603818,22845.6423722758,0,1500-2500,0,0.0671720204620204,28006.2703343142,2.39846361761777,2.98673364186988e-23,26.0210348476917,0.00227245437885582
010603,2388.09625935162,COCHAMAL,RODRIGUEZ DE MENDOZA,AMAZONAS,-77.6654471245292,-6.3862222610698,5084.03949447077,0,1500-2500,0,0.0671720204620204,10244.6674565091,6.55677900206918,8.16495705164659e-23,71.1347771332527,0.0198436867650441
010604,1771.79558652729,HUAMBO,RODRIGUEZ DE MENDOZA,AMAZONAS,-77.5305650563126,-6.43557173607906,20887.9184423218,0,1500-2500,0,0.0671720204620204,26048.5464043602,2.57872433337688,3.21120681716032e-23,27.9766910986281,0.0028237883274026
010605,2254.45475841874,LIMABAMBA,RODRIGUEZ DE MENDOZA,AMAZONAS,-77.5760469077063,-6.55307550335834,19159.2742393509,0,1500-2500,0,0.0671720204620204,24319.9022013892,2.76201852728599,3.43945749033564e-23,29.96525768436,0.00343057214779796
010606,2198.30174291939,LONGAR,RODRIGUEZ DE MENDOZA,AMAZONAS,-77.5660920081011,-6.35104334256553,13214.0999408634,0,1500-2500,0,0.0671720204620204,18374.7279029017,3.65567429444289,4.55229978004675e-23,39.6605675019535,0.00687652447126219
010607,2420.40586145648,MARISCAL BENAVIDES,RODRIGUEZ DE MENDOZA,AMAZONAS,-77.48511373563,-6.29166112415256,12296.0025542784,0,1500-2500,0,0.0671720204620204,17456.6305163168,3.84793734387828,4.79171909565326e-23,41.7464375866749,0.00769084411815779
010608,1775.73319327731,MILPUC,RODRIGUEZ DE MENDOZA,AMAZONAS,-77.4136454068421,-6.49865840402846,3401.82232346242,0,1500-2500,0,0.0671720204620204,8562.45028550075,7.84495304758339,9.76908092914042e-23,85.1102327048949,0.0254334122029886
010609,2143.90079681275,OMIA,RODRIGUEZ DE MENDOZA,AMAZONAS,-77.3544294449095,-6.40540565449229,79776.2420142421,0,1500-2500,0,0.0671720204620204,84936.8699762805,0.790846430775927,9.84816956572072e-24,8.57992690955735,7.93746727001388e-06
010610,1921.86666666667,SANTA ROSA,RODRIGUEZ DE MENDOZA,AMAZONAS,-77.4584166014067,-6.45523403619219,4245.02996254682,0,1500-2500,0,0.0671720204620204,9405.65792458515,7.14166100878935,8.89329278839233e-23,77.4801871560947,0.0224164173992139
010611,1812.53271028037,TOTORA,RODRIGUEZ DE MENDOZA,AMAZONAS,-77.4671571268352,-6.49135050995061,2311.03103448276,0,1500-2500,0,0.0671720204620204,7471.6589965211,8.99024172453488,1.11952740120696e-22,97.5355187733246,0.0301471920560799
010612,2334.15945211209,VISTA ALEGRE,RODRIGUEZ DE MENDOZA,AMAZONAS,-77.3342476853712,-6.20719398059522,32935.941662227,0,1500-2500,0,0.0671720204620204,38096.5696242653,1.76320390850193,2.1956640877587e-23,19.1290749668676,0.000773129193301414
010701,1301.7112789402,BAGUA GRANDE,UTCUBAMBA,AMAZONAS,-78.440010890735,-5.8388384311545,463273.752067419,0,500-1500,0,0.0671720204620204,468434.380029457,0.143396862667929,1.78567742584432e-24,1.55571872473843,0
010702,1843.71266843661,CAJARURO,UTCUBAMBA,AMAZONAS,-78.174757470315,-5.61429296106619,194461.645720739,0,1500-2500,0,0.0671720204620204,199622.273682777,0.336495618563911,4.1902773797539e-24,3.65065542476053,2.48612908038126e-10
010703,1240.00418785522,CUMBA,UTCUBAMBA,AMAZONAS,-78.6077136931231,-5.91672204368311,69616.1234833881,0,500-1500,0,0.0671720204620204,74776.7514454265,0.898300864420994,1.11862668775931e-23,9.74570467740793,2.07193603902756e-05
010704,682.884401521803,EL MILAGRO,UTCUBAMBA,AMAZONAS,-78.6112418331791,-5.71730176229483,51991.3710400247,0,500-1500,0,0.0671720204620204,57151.9990020631,1.17532232703874,1.46359307200749e-23,12.7511224287493,0.000113408942232329
010705,1718.93626317142,JAMALCA,UTCUBAMBA,AMAZONAS,-78.234956928512,-5.9524584133966,57313.1590315037,0,1500-2500,0,0.0671720204620204,62473.786993542,1.07520327635916,1.338917869657e-23,11.6649265458871,6.74880569235814e-05
010706,1691.30029658922,LONYA GRANDE,UTCUBAMBA,AMAZONAS,-78.4106725028503,-6.06346915986961,90603.9588624575,0,1500-2500,0,0.0671720204620204,95764.5868244958,0.701428604136559,8.73467662363495e-24,7.60982906613088,2.8896507840992e-06
010707,1434.17131474104,YAMON,UTCUBAMBA,AMAZONAS,-78.5233625910542,-6.011996803617,25938.0444170265,0,500-1500,0,0.0671720204620204,31098.6723790649,2.15996424680944,2.68973764446319e-23,23.4335449256556,0.00162218729478592
020101,4156.67878275571,HUARAZ,HUARAZ,ANCASH,-77.4715133204753,-9.57041621931897,547490.185899908,2,>3500,3.65303351824034,2.06717202046202,552650.813861947,3.74046679858578,0.476747592757053,10.2916795174757,0
020102,3010.10200129116,COCHABAMBA,HUARAZ,ANCASH,-77.851560240724,-9.46607054951181,13590.2809053976,0,2500-3500,0,0.0671720204620204,18750.9088674359,3.58233411174409,4.46097148581773e-23,38.8648967084824,0.00657100019414814
020103,2477.98797250859,COLCABAMBA,HUARAZ,ANCASH,-77.8216414472829,-9.57632607002824,2215.50511945393,0,1500-2500,0,0.0671720204620204,7376.13308149226,9.10667143880095,1.13402603866626e-22,98.7986697462933,0.0306120924713018
020104,2967.54997854998,HUANCHAY,HUARAZ,ANCASH,-77.8193308478728,-9.73105772153947,13238.8105387803,0,2500-3500,0,0.0671720204620204,18399.4385008187,3.65076469366343,4.54618600383248e-23,39.6073030321353,0.00685597768807489
020105,4146.15994832041,INDEPENDENCIA,HUARAZ,ANCASH,-77.4846990954108,-9.47136268960745,700825.023289494,1,>3500,1.42688968967782,1.06717202046202,705985.651251532,1.51160582169085,0.0466691029807709,5.42319080316378,0
020106,3776.64511494253,JANGAS,HUARAZ,ANCASH,-77.6038368045128,-9.44132927899562,41585.3086804204,0,>3500,0,0.0671720204620204,46745.9366424587,1.43695955812786,1.78940194161866e-23,15.5896359911879,0.000318960075304853
020107,3987.09429429429,LA LIBERTAD,HUARAZ,ANCASH,-77.7178861343056,-9.63677255620655,8877.08912655971,0,>3500,0,0.0671720204620204,14037.717088598,4.78511000314859,5.95875164479129e-23,51.9138640366946,0.0118402721336174
020108,4364.68151879117,OLLEROS,HUARAZ,ANCASH,-77.3716413249436,-9.6218536227363,20027.0003977725,1,>3500,49.9325900103955,1.06717202046202,25187.6283598108,42.3688965557707,1.30809128158233,152.006962955748,0.134413715288494
020109,2014.71548011148,PAMPAS GRANDE,HUARAZ,ANCASH,-77.9103089875164,-9.64573886247027,7995.39215686275,0,1500-2500,0,0.0671720204620204,13156.0201189011,5.1058009834992,6.35809834849852e-23,55.3930542623657,0.0132943858395758
020110,3223.78427205101,PARIACOTO,HUARAZ,ANCASH,-77.7946014554215,-9.48122604961253,41837.3993802053,0,2500-3500,0,0.0671720204620204,46998.0273422437,1.42925191248705,1.77980384541827e-23,15.5060154124391,0.00031095844913609
020111,3998.19821978774,PIRA,HUARAZ,ANCASH,-77.6939767543883,-9.52095764686162,27895.0920977828,0,>3500,0,0.0671720204620204,33055.7200598212,2.03208462379457,2.53049304747927e-23,22.0461734006773,0.00131490602341999
020112,4218.85049580473,TARICA,HUARAZ,ANCASH,-77.4820254166034,-9.39260929993872,60589.8966880196,0,>3500,0,0.0671720204620204,65750.524650058,1.02161953565432,1.27219167049984e-23,11.0835942405278,4.91583384100158e-05
020201,4162.52637362637,AIJA,AIJA,ANCASH,-77.5676365374616,-9.80042110125868,17373.1328735632,0,>3500,0,0.0671720204620204,22533.7608356016,2.98095027066649,3.71208651769492e-23,32.3404575756255,0.00420819944049755
020202,2718.52012383901,CORIS,AIJA,ANCASH,-77.796143910646,-9.80759349600323,12824.5347593583,0,2500-3500,0,0.0671720204620204,17985.1627213966,3.73485753243183,4.65090425294205e-23,40.519629853339,0.00720967831315611
020203,3559,HUACLLAN,AIJA,ANCASH,-77.6787437212362,-9.78608361191943,2784.38814016173,0,>3500,0,0.0671720204620204,7945.01610220006,8.45461099108657,1.0528269384833e-22,91.7244379304988,0.0279742753398696
020204,4112.57939669892,LA MERCED,AIJA,ANCASH,-77.6154239325738,-9.70305127801908,11966.8537825811,0,>3500,0,0.0671720204620204,17127.4817446194,3.92188539235329,4.88380434660666e-23,42.5487031420717,0.00800861813931886
020205,3746.82122260669,SUCCHA,AIJA,ANCASH,-77.6357628974101,-9.83800299215221,5760.1948579161,0,>3500,0,0.0671720204620204,10920.8228199544,6.15082046192382,7.6594292545392e-23,66.7305154874862,0.0180293079457873
020301,3172.7476635514,LLAMELLIN,ANTONIO RAYMONDI,ANCASH,-77.0073446596003,-9.08182972321732,27003.1404526988,0,2500-3500,0,0.0671720204620204,32163.7684147371,2.08843751129743,2.60066758074505e-23,22.6575482986364,0.001446556929665
020302,2966.88027210884,ACZO,ANTONIO RAYMONDI,ANCASH,-76.9986165037868,-9.22012271232257,15335.3143863179,0,2500-3500,0,0.0671720204620204,20495.9423483562,3.27733262127406,4.08116242566943e-23,35.5559224326911,0.00533708607900174
020303,3036.74225526642,CHACCHO,ANTONIO RAYMONDI,ANCASH,-77.0720439668961,-9.02773695304104,10685.9357400722,0,2500-3500,0,0.0671720204620204,15846.5637021105,4.23890136213405,5.27857467165943e-23,45.9880230201582,0.00939401668296513
020304,3314.96256684492,CHINGAS,ANTONIO RAYMONDI,ANCASH,-77.0074381252353,-9.13932929245285,15077.0081799591,0,2500-3500,0,0.0671720204620204,20237.6361419974,3.31916336427376,4.13325297499604e-23,36.00974596093,0.00550242324166594
020305,3983.83428571429,MIRGAS,ANTONIO RAYMONDI,ANCASH,-77.1129241555789,-9.11603193624987,32764.0657644824,0,>3500,0,0.0671720204620204,37924.6937265208,1.77119480374464,2.20561490605536e-23,19.2157685327185,0.000787092676400647
020306,4076.27464788732,SAN JUAN DE RONTOY,ANTONIO RAYMONDI,ANCASH,-77.0417395504954,-9.21842937165199,9141.61727349704,0,>3500,0,0.0671720204620204,14302.2452355354,4.69660667649053,5.84854114953701e-23,50.9536876428607,0.0114405547583779
020401,4360.37428175154,CHACAS,ASUNCION,ANCASH,-77.3976043384862,-9.2055820344918,37856.1510880829,0,>3500,0,0.0671720204620204,43016.7790501212,1.56153068512532,1.94452656934952e-23,16.9411135007099,0.000465615162132282
020402,3729.89614935823,ACOCHACA,ASUNCION,ANCASH,-77.4057481443076,-9.09720830074166,23025.7412751678,0,>3500,0,0.0671720204620204,28186.3692372061,2.38313845592262,2.96764968509614e-23,25.8547715099505,0.00222784642466212
020501,3833.10882070949,CHIQUIAN,BOLOGNESI,ANCASH,-77.1792416703778,-10.1781669246536,32175.0021978022,0,>3500,0,0.0671720204620204,37335.6301598405,1.79913986115796,2.24041403433367e-23,19.5189456613734,0.000836977460140553
020502,2495.4552238806,ABELARDO PARDO LEZAMETA,BOLOGNESI,ANCASH,-77.1597591033355,-10.3099488345478,1761.4025974026,0,1500-2500,0,0.0671720204620204,6922.03055944093,9.70409186801475,1.20842098387896e-22,105.280109653535,0.0329559385066307
020503,2359.69106881406,ANTONIO RAYMONDI,BOLOGNESI,ANCASH,-77.4998666899256,-10.2032433115108,7929.13926499033,0,1500-2500,0,0.0671720204620204,13089.7672270287,5.13164361878941,6.39027939458523e-23,55.6734221230676,0.013411808712245
020504,4495.79840686275,AQUIA,BOLOGNESI,ANCASH,-77.1309627639192,-9.96577657001748,16204.265917603,0,>3500,0,0.0671720204620204,21364.8938796413,3.14403716865773,3.91517366114821e-23,34.1097943396523,0.0048196669187166
020505,4051.31370656371,CAJACAY,BOLOGNESI,ANCASH,-77.3424867223324,-10.1904461757355,14982.1745689655,0,>3500,0,0.0671720204620204,20142.8025310039,3.33479019906138,4.15271259607735e-23,36.1792821630141,0.0055645311523963
020506,3229.3347639485,CANIS,BOLOGNESI,ANCASH,-77.1909805944855,-10.3344555893414,2194.3422818792,0,2500-3500,0,0.0671720204620204,7354.97024391753,9.13287453712961,1.13728903063848e-22,99.0829482859882,0.0307163549266135
020507,1694.38817330211,COLQUIOC,BOLOGNESI,ANCASH,-77.5855392774548,-10.301392568789,18283.9584026622,0,1500-2500,0,0.0671720204620204,23444.5863647006,2.86513992685144,3.56787142624713e-23,31.0840261792936,0.00379020235504957
020508,4262.08557083606,HUALLANCA,BOLOGNESI,ANCASH,-76.9438335945624,-9.91715721129667,51618.0709531014,0,>3500,0,0.0671720204620204,56778.6989151397,1.18304966026809,1.47321568456184e-23,12.8349565989922,0.000117640216209303
020509,4196.29449394563,HUASTA,BOLOGNESI,ANCASH,-77.0315402938351,-10.1139255361152,10501.09375,0,>3500,0,0.0671720204620204,15661.7217120383,4.28892951216141,5.34087320211437e-23,46.5307805694766,0.00961549805806461
020510,3834.23489425982,HUAYLLACAYAN,BOLOGNESI,ANCASH,-77.4107728566077,-10.2469448999451,10523.0595150625,0,>3500,0,0.0671720204620204,15683.6874771008,4.28292265834141,5.33339305013115e-23,46.4656119542734,0.00958887005025611
020511,3299.35959885387,LA PRIMAVERA,BOLOGNESI,ANCASH,-77.1062881591351,-10.3018651210988,3420.49126637555,0,2500-3500,0,0.0671720204620204,8581.11922841388,7.82788569579592,9.74782747614376e-23,84.9250682719816,0.0253612636384727
020512,3492.26148409894,MANGAS,BOLOGNESI,ANCASH,-77.1047315922115,-10.3609236087117,4000.03076923077,0,2500-3500,0,0.0671720204620204,9160.65873126911,7.33266268644356,9.13114135616424e-23,79.5523725641619,0.0232444947387493
020513,4253.52933673469,PACLLON,BOLOGNESI,ANCASH,-77.0034120248504,-10.238927240369,6839.74863387978,0,>3500,0,0.0671720204620204,12000.3765959181,5.59749270575964,6.97038706429019e-23,60.7274388847884,0.0155287920178961
020514,3786.82045929019,SAN MIGUEL DE CORPANQUI,BOLOGNESI,ANCASH,-77.2098550473502,-10.291528800286,3684.7337398374,0,>3500,0,0.0671720204620204,8845.36170187574,7.59403885629414,9.45662513417176e-23,82.388053862006,0.0243672769535264
020515,3927.22661523626,TICLLOS,BOLOGNESI,ANCASH,-77.2080351935023,-10.2324760812131,4942.73780487805,0,>3500,0,0.0671720204620204,10103.3657669164,6.64847952768137,8.27914892131319e-23,72.1296400759212,0.0202505014799301
020601,3832.54130534003,CARHUAZ,CARHUAZ,ANCASH,-77.6396212074073,-9.29359584666207,132907.084063794,1,>3500,7.52405341704746,1.06717202046202,138067.712025832,7.72933805307324,0.238634482876344,27.7305594107083,1.12796533110471e-05
020602,2962.40490797546,ACOPAMPA,CARHUAZ,ANCASH,-77.6100098930358,-9.29003352547106,22277.4176300578,0,2500-3500,0,0.0671720204620204,27438.0455920961,2.44813429719535,3.04858702526881e-23,26.5599141847402,0.00241954384945275
020603,3164.64189189189,AMASHCA,CARHUAZ,ANCASH,-77.6448835770599,-9.22352551019526,12049.0235448005,0,2500-3500,0,0.0671720204620204,17209.6515068389,3.90315983071053,4.86048597541665e-23,42.3455487191863,0.00792793068925168
020604,3601.36875,ANTA,CARHUAZ,ANCASH,-77.6324288662174,-9.36103581569866,20712.2621170997,0,>3500,0,0.0671720204620204,25872.890079138,2.59623181857766,3.23300835488206e-23,28.1666305578547,0.00287982856029978
020605,3736.48850574713,ATAQUERO,CARHUAZ,ANCASH,-77.7292953032856,-9.2901920504656,12916.121966397,0,>3500,0,0.0671720204620204,18076.7499284353,3.71593459709018,4.62734009830043e-23,40.3143341147133,0.00712976600283044
020606,4110.26861167002,MARCARA,CARHUAZ,ANCASH,-77.495537240881,-9.30371994836484,86343.3637307656,0,>3500,0,0.0671720204620204,91503.9916928039,0.734088417558104,9.14137932600994e-24,7.96415678530856,4.29489542363992e-06
020607,3059.33834586466,PARIAHUANCA,CARHUAZ,ANCASH,-77.5741962380765,-9.35601853691595,11629.0006858711,0,2500-3500,0,0.0671720204620204,16789.6286479094,4.00080441745711,4.98207980324889e-23,43.4048990365135,0.00835021452352558
020608,4529.51233671988,SAN MIGUEL DE ACO,CARHUAZ,ANCASH,-77.4329997965515,-9.34393362054032,19988.0035928144,0,>3500,0,0.0671720204620204,25148.6315548527,2.67100101711335,3.32611615897875e-23,28.9778048055439,0.00312381772883874
020609,4444.92842105263,SHILLA,CARHUAZ,ANCASH,-77.5647140850815,-9.15441906258226,23318.1226639484,0,>3500,0,0.0671720204620204,28478.7506259867,2.3586716055137,2.93718186199049e-23,25.5893295985422,0.00215740067040859
020610,2803.91954022989,TINCO,CARHUAZ,ANCASH,-77.661796941484,-9.25893949408872,31001.1919004764,0,2500-3500,0,0.0671720204620204,36161.8198625148,1.85753982286856,2.31313772671897e-23,20.1525293553736,0.000946473581603602
020611,3786.99015748032,YUNGAR,CARHUAZ,ANCASH,-77.6309262423518,-9.40408330753905,26263.134533252,0,>3500,0,0.0671720204620204,31423.7624952903,2.13761864041863,2.66191134188133e-23,23.191116481748,0.0015663116603577
020701,3703.50778703368,SAN LUIS,CARLOS FERMIN FITZCARRALD,ANCASH,-77.2909686696293,-9.09715859964273,87728.1735077971,0,>3500,0,0.0671720204620204,92888.8014698354,0.723144441516276,9.00509732790145e-24,7.84542511897644,3.77516715066584e-06
020702,3263.89379370629,SAN NICOLAS,CARLOS FERMIN FITZCARRALD,ANCASH,-77.1695725673549,-9.01119399147371,25443.4875076173,0,2500-3500,0,0.0671720204620204,30604.1154696557,2.19486887404481,2.73320331292488e-23,23.8122267263574,0.00171126463721727
020703,3580.2841781874,YAUYA,CARLOS FERMIN FITZCARRALD,ANCASH,-77.2564403529436,-9.00766287482696,32850.0544984731,1,>3500,30.4413498019153,1.06717202046202,38010.6824605114,28.0755816886657,0.866801512849267,100.726812653534,0.0467513972846214
020801,396.633259423503,CASMA,CASMA,ANCASH,-78.2232422965899,-9.51809196130215,325305.839255715,0,lowland (<500 m),0,0.0671720204620204,330466.467217753,0.203264255606784,2.53118782353433e-24,2.20522264318839,2.66453525910038e-15
020802,899.9715295869,BUENA VISTA ALTA,CASMA,ANCASH,-78.1427080034086,-9.37298091076332,43586.1516300227,0,500-1500,0,0.0671720204620204,48746.7795920611,1.37797862800684,1.71595478697881e-23,14.9497493459393,0.000260851272595564
020803,132.914554374489,COMANDANTE NOEL,CASMA,ANCASH,-78.3553989931876,-9.50978168851302,18698.4708171206,0,lowland (<500 m),0,0.0671720204620204,23859.098779159,2.81536285522635,3.50588555607409e-23,30.5439925903501,0.00361506393707356
020804,1210.20517199317,YAUTAN,CASMA,ANCASH,-78.0203039056763,-9.50589641018267,73375.8794712286,0,500-1500,0,0.0671720204620204,78536.507433267,0.855296761434126,1.06507498900271e-23,9.27915131624982,1.45060892441373e-05
020901,3431.60695344726,CORONGO,CORONGO,ANCASH,-77.9290353422328,-8.54891149831136,14339.0050223214,0,2500-3500,0,0.0671720204620204,19499.6329843598,3.44478383341356,4.28968431651457e-23,37.3726078284437,0.00600669923488506
020902,3650.77399380805,ACO,CORONGO,ANCASH,-77.8834873583495,-8.50802907471379,2958.2557544757,0,>3500,0,0.0671720204620204,8118.88371651404,8.27355370608284,1.03028042661404e-22,89.7601396655996,0.0272271346634029
020903,2701.23018648019,BAMBAS,CORONGO,ANCASH,-78.0468528446354,-8.60481024161584,3762,0,2500-3500,0,0.0671720204620204,8922.62796203834,7.52827762715271,9.37473467981394e-23,81.6746074613406,0.0240859446247486
020904,3985.3167192429,CUSCA,CORONGO,ANCASH,-77.7889404291439,-8.52328330311795,23052.1127348643,0,>3500,0,0.0671720204620204,28212.7406969026,2.38091085101119,2.96487571659359e-23,25.8306041285478,0.00222139322771597
020905,2499.04829545455,LA PAMPA,CORONGO,ANCASH,-77.8929900113187,-8.67811875458558,8471.0147601476,0,1500-2500,0,0.0671720204620204,13631.6427221859,4.92765412291035,6.13625749262484e-23,53.4603313170023,0.0124857315857603
020906,3502.61523809524,YANAC,CORONGO,ANCASH,-77.8471522211397,-8.62509127520263,5212.02380952381,0,>3500,0,0.0671720204620204,10372.6517715621,6.47587733024842,8.0642126654755e-23,70.257071419386,0.0194838005861888
020907,2444.87526427061,YUPAN,CORONGO,ANCASH,-77.9700947280324,-8.64149007970217,5781,0,1500-2500,0,0.0671720204620204,10941.6279620383,6.13912488114856,7.64486510426146e-23,66.6036296291052,0.017976742530022
021001,4086.71310375671,HUARI,HUARI,ANCASH,-77.2328937178271,-9.32313081361021,78269.0637364879,0,>3500,0,0.0671720204620204,83429.6916985262,0.805133269636749,1.00260792156656e-23,8.73492543825301,9.14466001655789e-06
021002,3782.10497237569,ANRA,HUARI,ANCASH,-76.9046730408689,-9.25251147300558,11240.3991683992,0,>3500,0,0.0671720204620204,16401.0271304375,4.09559839928321,5.10012385965531e-23,44.4333230185702,0.00876357448801435
021003,3974.97297297297,CAJAY,HUARI,ANCASH,-77.1314121319807,-9.2570243187405,21300.1639405204,1,>3500,46.9479954610887,1.06717202046202,26460.7919025588,40.330313030383,1.24515234398629,144.693133339772,0.12107430610466
021004,4318.79140973846,CHAVIN DE HUANTAR,HUARI,ANCASH,-77.2117362224654,-9.6554063768799,67926.1128331572,0,>3500,0,0.0671720204620204,73086.7407951955,0.919072594169311,1.14449308972739e-23,9.97105806599284,2.43351730200292e-05
021005,3822.82110552764,HUACACHI,HUARI,ANCASH,-76.9296343583347,-9.30853794592071,14793.1740064447,0,>3500,0,0.0671720204620204,19953.801968483,3.36637702269063,4.19204670482944e-23,36.5219689698297,0.00569062445211443
021006,3567.69033760186,HUACCHIS,HUARI,ANCASH,-76.8089189814309,-9.18856043600053,11111.2199170124,0,>3500,0,0.0671720204620204,16271.8478790508,4.12811261273534,5.14061281868854e-23,44.7860711174233,0.00890606143565964
021007,3757.56315789474,HUACHIS,HUARI,ANCASH,-77.0781533514097,-9.42638817017698,28899.0135960044,0,>3500,0,0.0671720204620204,34059.6415580428,1.97218812028744,2.45590575720683e-23,21.3963536604212,0.00118166433513534
021008,4139.44991698949,HUANTAR,HUARI,ANCASH,-77.2361652582993,-9.46782760214846,22017.0708092486,0,>3500,0,0.0671720204620204,27177.6987712869,2.47158602453079,3.0777907465503e-23,26.8143429823053,0.00249029895669295
021009,3465.97976190476,MASIN,HUARI,ANCASH,-77.0925361360307,-9.33161964304207,10798.0306923626,0,2500-3500,0,0.0671720204620204,15958.6586544009,4.20912696465854,5.24149752195689e-23,45.6649993025632,0.00926252544145412
021010,3532.85419354839,PAUCAS,HUARI,ANCASH,-76.884612949101,-9.15101313002988,12436.6002498439,0,>3500,0,0.0671720204620204,17597.2282118822,3.81719323368573,4.75343439225941e-23,41.412893414145,0.00755943219249811
021011,3664.50489089541,PONTO,HUARI,ANCASH,-76.9849024834917,-9.34744892985828,21701.8284789644,0,>3500,0,0.0671720204620204,26862.4564410027,2.50059113579387,3.11390992757906e-23,27.1290206807259,0.00257894310996754
021012,2805.36893203884,RAHUAPAMPA,HUARI,ANCASH,-77.0627100858454,-9.35563061074528,6059.00532623169,0,2500-3500,0,0.0671720204620204,11219.63328827,5.98700677073357,7.45543705766662e-23,64.9532937128135,0.0172917553939541
021013,3766.70620774431,RAPAYAN,HUARI,ANCASH,-76.7766543400285,-9.27210531570409,11652.1948752529,0,>3500,0,0.0671720204620204,16812.8228372912,3.99528509353179,4.97520675738442e-23,43.3450196540866,0.00832624642165092
021014,4256.50525143221,SAN MARCOS,HUARI,ANCASH,-77.0918956126089,-9.6281282630757,155314.03874092,3,>3500,19.315704004094,3.06717202046202,160474.666702958,19.1131228590704,4.03699943653472,45.6838572440171,0.000165660197332218
021015,4025.57747355321,SAN PEDRO DE CHANA,HUARI,ANCASH,-76.9823435076303,-9.46657315967101,21665.0237476809,0,>3500,0,0.0671720204620204,26825.6517097192,2.50402194097239,3.11818220470267e-23,27.1662416335268,0.00258951010063391
021016,3234.57731958763,UCO,HUARI,ANCASH,-76.9315421669624,-9.19112629464506,10307.7716654107,0,2500-3500,0,0.0671720204620204,15468.399627449,4.34253200588522,5.40762275383449e-23,47.1123163271445,0.00985351573782334
021101,747.282261029412,HUARMEY,HUARMEY,ANCASH,-77.918678166447,-10.1737953582459,217106.025521693,0,500-1500,0,0.0671720204620204,222266.653483732,0.302213667273921,3.7633746889036e-24,3.27872906214608,3.37316841125812e-11
021102,2512.53079710145,COCHAPETI,HUARMEY,ANCASH,-77.6922732025029,-9.98585033756595,6442.00487804878,0,2500-3500,0,0.0671720204620204,11602.6328400871,5.78937741009445,7.20933523827427e-23,62.8092042872565,0.0163986443477863
021103,481.244507441531,CULEBRAS,HUARMEY,ANCASH,-78.1035865612439,-9.82272999187939,27166.3027794205,0,lowland (<500 m),0,0.0671720204620204,32326.9307414588,2.07789663049803,2.58754134315393e-23,22.5431898299101,0.00142147507157053
021104,2314.22213500785,HUAYAN,HUARMEY,ANCASH,-77.7446164770431,-9.89748281213683,7679.02574665294,0,1500-2500,0,0.0671720204620204,12839.6537086913,5.23160686308472,6.5147605759941e-23,56.7579276557719,0.0138661687710561
021105,3099.7670212766,MALVAS,HUARMEY,ANCASH,-77.6647221410978,-9.92103924851163,6114.36956521739,0,2500-3500,0,0.0671720204620204,11274.9975272557,5.9576084428969,7.41882821602335e-23,64.6343499908897,0.0171591134765969
021201,3689.87015362107,CARAZ,HUAYLAS,ANCASH,-77.7497662233879,-9.02252217144884,215115.753253572,1,>3500,4.64866001152983,1.06717202046202,220276.381215611,4.84469562543545,0.149574443158091,17.3813228177437,1.16428218177589e-08
021202,2443.72935779817,HUALLANCA,HUAYLAS,ANCASH,-77.917493424795,-8.78792290374673,8887.23357664234,0,1500-2500,0,0.0671720204620204,14047.8615386807,4.78165450855725,5.95444862269437e-23,51.8763752273931,0.011824648994691
021203,3412.00897435897,HUATA,HUAYLAS,ANCASH,-77.8765815167348,-9.03006867071243,11156.0858156028,0,2500-3500,0,0.0671720204620204,16316.7137776412,4.11676158431279,5.12647772895424e-23,44.662923322322,0.00885627888264162
021204,3280.03125,HUAYLAS,HUAYLAS,ANCASH,-77.8940172066852,-8.88969214572079,13577.058411215,0,2500-3500,0,0.0671720204620204,18737.6863732533,3.58486203280164,4.4641194288639e-23,38.8923222326586,0.00658147985768176
021205,3387.36510638298,MATO,HUAYLAS,ANCASH,-77.8909654351412,-8.95802807612455,15576.0126454224,0,2500-3500,0,0.0671720204620204,20736.6406074607,3.23929134586308,4.03379078483443e-23,35.1432110011527,0.0051879198374265
021206,3532.61896243292,PAMPAROMAS,HUAYLAS,ANCASH,-77.9570293618794,-9.14323329301903,68528.0728693016,0,>3500,0,0.0671720204620204,73688.70083134,0.91156472707756,1.13514377166523e-23,9.8896048933071,2.29790660131179e-05
021207,3452.23545900491,PUEBLO LIBRE,HUAYLAS,ANCASH,-77.8187230641476,-9.14870393867793,55850.120487106,0,2500-3500,0,0.0671720204620204,61010.7484491444,1.10098666496465,1.37102513765296e-23,11.9446516367606,7.77953439552448e-05
021208,4202.78740353498,SANTA CRUZ,HUAYLAS,ANCASH,-77.7225709461272,-8.90867324921546,36678.0078158923,0,>3500,0,0.0671720204620204,41838.6357779307,1.60550216834395,1.99928291722459e-23,17.4181620115699,0.000525262329149179
021209,3827.35812964931,SANTO TORIBIO,HUAYLAS,ANCASH,-77.9524966639211,-8.84639637773015,8752.32434860737,0,>3500,0,0.0671720204620204,13912.9523106457,4.8280206071448,6.01218691210451e-23,52.3794030232855,0.0120343835004139
021210,4046.85049942689,YURACMARCA,HUAYLAS,ANCASH,-77.7411530924713,-8.76195206927539,17554.6335030079,0,>3500,0,0.0671720204620204,22715.2614650462,2.95713173125405,3.68242601651375e-23,32.0820492180754,0.00412107339390999
021301,3355.39571150097,PISCOBAMBA,MARISCAL LUZURIAGA,ANCASH,-77.3532329119022,-8.86212070358309,24843.2140595314,0,2500-3500,0,0.0671720204620204,30003.8420215697,2.23878063395116,2.78788528917945e-23,24.2886272964364,0.00182638536314517
021302,3586.81323877069,CASCA,MARISCAL LUZURIAGA,ANCASH,-77.3876628566472,-8.8231384744702,31631.0247770069,0,>3500,0,0.0671720204620204,36791.6527390453,1.82574077164883,2.27353933741681e-23,19.8075400823098,0.000885976589519832
021303,3017.70407239819,ELEAZAR GUZMAN BARRON,MARISCAL LUZURIAGA,ANCASH,-77.2203444905288,-8.88606623846706,11161.0856334041,0,2500-3500,0,0.0671720204620204,16321.7135954424,4.1155004999461,5.12490733902814e-23,44.64924176384,0.00885075066500574
021304,3240.80360134003,FIDEL OLIVAS ESCUDERO,MARISCAL LUZURIAGA,ANCASH,-77.2772059644513,-8.78492039586681,15513.1607142857,0,2500-3500,0,0.0671720204620204,20673.788676324,3.24913935774853,4.04605421388449e-23,35.2500525052595,0.00522642421787689
021305,3167.63003663004,LLAMA,MARISCAL LUZURIAGA,ANCASH,-77.2901411787311,-8.90957015535319,8026.50865384615,0,2500-3500,0,0.0671720204620204,13187.1366158845,5.09375328538788,6.34309571723413e-23,55.2623482678756,0.0132396514224906
021306,3645.10826393338,LLUMPA,MARISCAL LUZURIAGA,ANCASH,-77.4563722054232,-8.9674848392137,50683.2416587226,0,>3500,0,0.0671720204620204,55843.8696207609,1.20285397337594,1.49787739207279e-23,13.0498144428755,0.000128959605981138
021307,3679.32142857143,LUCMA,MARISCAL LUZURIAGA,ANCASH,-77.4451798109461,-8.92515660861243,22649.0884588804,0,>3500,0,0.0671720204620204,27809.7164209188,2.4154155132446,3.00784332082861e-23,26.2049466917573,0.00232222574588059
021308,3284.10933940775,MUSGA,MARISCAL LUZURIAGA,ANCASH,-77.3245622289935,-8.89303100860171,8085.00096153846,0,2500-3500,0,0.0671720204620204,13245.6289235768,5.07125942071775,6.31508479313571e-23,55.0183113635252,0.0131374728975996
021401,3899.71187106918,OCROS,OCROS,ANCASH,-77.3644082538834,-10.3806073998344,9974.11294117647,0,>3500,0,0.0671720204620204,15134.7409032148,4.43826695756332,5.52683857131843e-23,48.1509489315583,0.0102802849218423
021402,2527.36013986014,ACAS,OCROS,ANCASH,-77.3394494278247,-10.5182988544761,5120.20899854862,0,2500-3500,0,0.0671720204620204,10280.836960587,6.53371128435689,8.13623152584483e-23,70.8845144725899,0.0197411633249053
021403,4122.72985244041,CAJAMARQUILLA,OCROS,ANCASH,-77.2400459996989,-10.320912306669,2328.39413680782,0,>3500,0,0.0671720204620204,7489.02209884615,8.969398083679,1.1169318061391e-22,97.3093852180438,0.0300636839442703
021404,2596.31825795645,CARHUAPAMPA,OCROS,ANCASH,-77.2248288874409,-10.5034708503133,3457.85287846482,0,2500-3500,0,0.0671720204620204,8618.48084050316,7.79395135930926,9.70557008117859e-23,84.5569131973051,0.025217651685191
021405,1210,COCHAS,OCROS,ANCASH,-77.4870258240646,-10.6492506918272,12517.208628461,0,500-1500,0,0.0671720204620204,17677.8365904994,3.79978738451065,4.73175941878278e-23,41.2240566085285,0.00748522463432988
021406,3727.18989405053,CONGAS,OCROS,ANCASH,-77.424080679561,-10.3193722427713,10335.012185834,0,>3500,0,0.0671720204620204,15495.6401478723,4.33489806300411,5.39811643743443e-23,47.0294953528026,0.00981957483443718
021407,3274.65352112676,LLIPA,OCROS,ANCASH,-77.21445087419,-10.3791115523308,1979.61003861004,0,2500-3500,0,0.0671720204620204,7140.23800064838,9.40753241781587,1.17149133940917e-22,102.062723435394,0.0318011459520864
021408,3471.95460277428,SAN CRISTOBAL DE RAJAN,OCROS,ANCASH,-77.2284352519317,-10.415663102592,3295.26948775056,0,2500-3500,0,0.0671720204620204,8455.89744978889,7.94380736768483,9.89218120104882e-23,86.1827074713703,0.0258502212131719
021409,1495.72253661784,SAN PEDRO,OCROS,ANCASH,-77.5688609813119,-10.4747224206081,4248.21585160202,0,500-1500,0,0.0671720204620204,9408.84381364036,7.13924280097397,8.89028146790275e-23,77.453951915597,0.0224058933808493
021410,3512.98592964824,SANTIAGO DE CHILCAS,OCROS,ANCASH,-77.3586654376528,-10.4401562691893,3641.00884955752,0,>3500,0,0.0671720204620204,8801.63681159586,7.63176462513467,9.50360388429069e-23,82.7973423492045,0.0245283155730864
021501,3867.2504649721,CABANA,PALLASCA,ANCASH,-77.959319896254,-8.4038778429584,20451.0463957055,0,>3500,0,0.0671720204620204,25611.6743577439,2.62271101544404,3.26598209169824e-23,28.4539045024489,0.00296538212309971
021502,2436.34754098361,BOLOGNESI,PALLASCA,ANCASH,-78.0699626532759,-8.34272677514964,7985.46404602109,0,1500-2500,0,0.0671720204620204,13146.0920080594,5.10965695514983,6.3629000724715e-23,55.4348878644915,0.0133119051224436
021503,3820.13211633663,CONCHUCOS,PALLASCA,ANCASH,-77.7306273791315,-8.2581100237549,62169.0005078076,0,>3500,0,0.0671720204620204,67329.6284698459,0.997659158212998,1.24235454274429e-23,10.8236470761077,4.22239656322487e-05
021504,3246.43708609272,HUACASCHUQUE,PALLASCA,ANCASH,-77.992366041587,-8.30283655938065,4187.14917127072,0,2500-3500,0,0.0671720204620204,9347.77713330905,7.18588168118231,8.94835944395133e-23,77.9599391310145,0.0226086907153601
021505,3817.76607281177,HUANDOVAL,PALLASCA,ANCASH,-77.9455980020719,-8.33456834481003,8557.00827966881,0,>3500,0,0.0671720204620204,13717.6362417071,4.89676350053593,6.09779034207635e-23,53.1251976275156,0.0123457077078513
021506,3676.37552742616,LACABAMBA,PALLASCA,ANCASH,-77.9055332771528,-8.26580248119902,4071.15340909091,0,>3500,0,0.0671720204620204,9231.78137112924,7.27617106185908,9.06079405783919e-23,78.9394925016428,0.0230002343599117
021507,3404.85582822086,LLAPO,PALLASCA,ANCASH,-78.0302885720033,-8.5156180516646,4935.02543720191,0,2500-3500,0,0.0671720204620204,10095.6533992402,6.65355849746936,8.28547360759169e-23,72.1847420373906,0.0202729981616464
021508,2800.69419460343,PALLASCA,PALLASCA,ANCASH,-78.0048477785298,-8.26344837809448,19930.0063266113,0,2500-3500,0,0.0671720204620204,25090.6342886496,2.67717506417952,3.33380451161564e-23,29.0447873074588,0.00314429451893017
021509,3802.24546011018,PAMPAS,PALLASCA,ANCASH,-77.7988452242127,-8.13851763588735,28791.5609943619,0,>3500,0,0.0671720204620204,33952.1889564002,1.97842974272674,2.4636782593963e-23,21.4640692904629,0.00119522214856871
021510,2110.98394070414,SANTA ROSA,PALLASCA,ANCASH,-78.1384364074033,-8.568450083432,9091.00348432056,0,1500-2500,0,0.0671720204620204,14251.6314463589,4.71328638513045,5.86931188233675e-23,51.1346465186096,0.0115158155199727
021511,2933.12601626016,TAUCA,PALLASCA,ANCASH,-78.0555726290842,-8.44607063488846,22087.2765432099,0,2500-3500,0,0.0671720204620204,27247.9045052482,2.46521784635154,3.06986064835507e-23,26.7452543436028,0.00247100408432943
021601,3885.07696307852,POMABAMBA,POMABAMBA,ANCASH,-77.5065227090389,-8.79036581129416,118665.147976956,0,>3500,0,0.0671720204620204,123825.775938994,0.542472033408571,6.75523889565683e-24,5.88530240006006,2.19726614236748e-07
021602,3712.81937436932,HUAYLLAN,POMABAMBA,ANCASH,-77.4662780639189,-8.88971966608725,24045.4188752424,0,>3500,0,0.0671720204620204,29206.0468372807,2.29993538106215,2.86403943186261e-23,24.9520977756165,0.00199223902590373
021603,3135.13417855256,PAROBAMBA,POMABAMBA,ANCASH,-77.3953142783026,-8.61275612189179,50391.045128045,0,2500-3500,0,0.0671720204620204,55551.6730900833,1.20918087117004,1.50575608506255e-23,13.1184552289057,0.000132721761692434
021604,3199.09934171155,QUINUABAMBA,POMABAMBA,ANCASH,-77.3436905622293,-8.70232703786635,18380.0209940017,0,2500-3500,0,0.0671720204620204,23540.64895604,2.8534481180811,3.55331197313217e-23,30.9571812435562,0.0037488125279348
021701,3980.95937873357,RECUAY,RECUAY,ANCASH,-77.4474270133031,-9.70646748506467,35672.2991042167,0,>3500,0,0.0671720204620204,40832.9270662551,1.64504543975081,2.04852494789495e-23,17.8471686622073,0.000582434369150953
021702,4326.73702994429,CATAC,RECUAY,ANCASH,-77.3170676655222,-9.9111845162469,32112.000982801,1,>3500,31.1410055242461,1.06717202046202,37272.6289448393,28.631519983239,0.883965472625087,102.721353427983,0.049689710334973
021703,4121.9887697805,COTAPARACO,RECUAY,ANCASH,-77.540925469465,-9.93755371652153,3079.47921760391,0,>3500,0,0.0671720204620204,8240.10717964225,8.15183819792702,1.01512356535185e-22,88.4396428875944,0.0267213127683339
021704,3471.18921095008,HUAYLLAPAMPA,RECUAY,ANCASH,-77.5146818211927,-10.0577258443639,4502.88273615635,0,2500-3500,0,0.0671720204620204,9663.51069819469,6.95109909430423,8.65599184429165e-23,75.4127727575452,0.0215841117498429
021705,2655.21819870009,LLACLLIN,RECUAY,ANCASH,-77.5874914842588,-10.1080303504887,6670.45128779395,0,2500-3500,0,0.0671720204620204,11831.0792498323,5.67759027249966,7.070130122912e-23,61.5964208280824,0.0158921585725391
021706,3525.77647632992,MARCA,RECUAY,ANCASH,-77.4543356758659,-10.0742162025756,15616.9202387412,0,>3500,0,0.0671720204620204,20777.5482007795,3.23291371113269,4.02584891068428e-23,35.0740197679206,0.00516302620714149
021707,3971.27133105802,PAMPAS CHICO,RECUAY,ANCASH,-77.3732343586983,-10.0940800785484,6653.34850166482,0,>3500,0,0.0671720204620204,11813.9764637032,5.68580957211125,7.08036536620784e-23,61.6855923627455,0.0159294257019564
021708,2423.28862068966,PARARIN,RECUAY,ANCASH,-77.6538313971288,-10.1192040932748,13741.0493753718,0,1500-2500,0,0.0671720204620204,18901.6773374101,3.55375976760929,4.42538872596476e-23,38.5548924211461,0.00645280678210425
021709,3968.38907849829,TAPACOCHA,RECUAY,ANCASH,-77.5398803848427,-10.002753908051,3397.11136363636,0,>3500,0,0.0671720204620204,8557.7393256747,7.84927162486624,9.77445872180776e-23,85.1570851354025,0.0254516594101226
021710,4183.00915750916,TICAPAMPA,RECUAY,ANCASH,-77.3922676588897,-9.73783649308911,21903.229273661,0,>3500,0,0.0671720204620204,27063.8572356994,2.48198251553792,3.09073717993387e-23,26.9271349599709,0.0025219291379357
021801,721.057112802426,CHIMBOTE,SANTA,ANCASH,-78.4010927803875,-8.87758329869959,1728123.71600316,0,500-1500,0,0.0671720204620204,1733284.3439652,0.0387541840413515,4.8259404224145e-25,0.42044580790242,0
021802,2852.70845332882,CACERES DEL PERU,SANTA,ANCASH,-78.076409094384,-8.9609979906427,38125.0008285004,0,2500-3500,0,0.0671720204620204,43285.6287905388,1.55183192063743,1.93244899353482e-23,16.8358911880322,0.000453014955203002
021803,129.118279569892,COISHCO,SANTA,ANCASH,-78.6184515650697,-9.02758242961559,139154.049025296,0,lowland (<500 m),0,0.0671720204620204,144314.676987334,0.465455225097554,5.79617205519156e-24,5.04974373734019,3.44239182714645e-08
021804,2543.58822632301,MACATE,SANTA,ANCASH,-78.1219840868207,-8.77654100911181,25816.2898944193,0,2500-3500,0,0.0671720204620204,30976.9178564576,2.16845396863837,2.70030963630427e-23,23.5256502825746,0.00164365261330224
021805,1213.07525,MORO,SANTA,ANCASH,-78.1239697531672,-9.16328570187656,69231.8807136194,0,500-1500,0,0.0671720204620204,74392.5086756577,0.902940654345751,1.12440447673959e-23,9.79604195766987,2.14904001060168e-05
021806,491.064749608764,NEPEÑA,SANTA,ANCASH,-78.3031736424412,-9.14148657176602,118242.348595849,0,lowland (<500 m),0,0.0671720204620204,123402.976557887,0.544330633957689,6.77838348182472e-24,5.90546643728009,2.28342210362165e-07
021807,100.881508078995,SAMANCO,SANTA,ANCASH,-78.442505944799,-9.27945869228625,41803.2322090076,0,lowland (<500 m),0,0.0671720204620204,46963.860171046,1.43029172255804,1.78109868920801e-23,15.5172963565791,0.000312030714073597
021808,53.2175824175824,SANTA,SANTA,ANCASH,-78.609254876266,-8.9922115200915,181662.971855049,0,lowland (<500 m),0,0.0671720204620204,186823.599817087,0.359547832970707,4.47733957983331e-24,3.90074988939598,7.72427122264219e-10
021809,266.467008470798,NUEVO CHIMBOTE,SANTA,ANCASH,-78.4361425744393,-9.10010583237534,1451192.2386126,0,lowland (<500 m),0,0.0671720204620204,1456352.86657463,0.0461234512622,5.74361280913588e-25,0.50039530463321,0
021901,3322.91535433071,SIHUAS,SIHUAS,ANCASH,-77.6154355856558,-8.54029061433996,45560.1190560056,0,2500-3500,0,0.0671720204620204,50720.747018044,1.32434998321543,1.64917267013123e-23,14.3679298742151,0.000214151969333054
021902,2871.37253731343,ACOBAMBA,SIHUAS,ANCASH,-77.5607503752475,-8.30020885126515,12934.2893006575,0,2500-3500,0,0.0671720204620204,18094.9172626958,3.71220379108895,4.62269423929581e-23,40.2738584400961,0.00711403219317286
021903,3149.4248496994,ALFONSO UGARTE,SIHUAS,ANCASH,-77.4435242266712,-8.46775633910759,4000.9046728972,0,2500-3500,0,0.0671720204620204,9161.53263493553,7.3319632357008,9.13027035147236e-23,79.5447841929988,0.0232414738396062
021904,3641.19691119691,CASHAPAMPA,SIHUAS,ANCASH,-77.6532056994076,-8.5878105629948,23245.000338524,0,>3500,0,0.0671720204620204,28405.6283005624,2.36474334421571,2.94474281313969e-23,25.6552021526183,0.00217479347688987
021905,3744.67028423773,CHINGALPO,SIHUAS,ANCASH,-77.6459852135133,-8.36287664812237,7183.21007502679,0,>3500,0,0.0671720204620204,12343.8380370651,5.44174512500256,6.77643934889851e-23,59.0377266887998,0.0148214211622562
021906,3519.83570504528,HUAYLLABAMBA,SIHUAS,ANCASH,-77.5300593599425,-8.51213356222214,29112.2248663102,0,>3500,0,0.0671720204620204,34272.8528283485,1.95991914645809,2.44062757803489e-23,21.2632470361581,0.00115523803620965
021907,2916.4691283293,QUICHES,SIHUAS,ANCASH,-77.5097533727859,-8.39597843243702,18880.2178747941,1,2500-3500,52.965490474294,1.06717202046202,24040.8458368324,44.3899531532718,1.37048909530155,159.257911182436,0.147670476171613
021908,3984.29474583511,RAGASH,SIHUAS,ANCASH,-77.6960366157518,-8.4547931643487,18910.1644736842,0,>3500,0,0.0671720204620204,24070.7924357226,2.79060278723242,3.47505259804661e-23,30.2753695487627,0.0035290115962846
021909,3635.09279661017,SAN JUAN,SIHUAS,ANCASH,-77.6204791329569,-8.67163643070648,55187.5962154294,0,>3500,0,0.0671720204620204,60348.2241774677,1.11307368820805,1.38607673930577e-23,12.0757842712985,8.29784031515235e-05
021910,3245.33698030635,SICSIBAMBA,SIHUAS,ANCASH,-77.5292845790017,-8.63053035159173,11775.4082299151,0,2500-3500,0,0.0671720204620204,16936.0361919534,3.966218523667,4.93901104383211e-23,43.0296751886551,0.00820021280390904
022001,4066.68415874057,YUNGAY,YUNGAY,ANCASH,-77.6663968852048,-9.09348485778115,178837.71385297,1,>3500,5.59166172758247,1.06717202046202,183998.341815009,5.79990020526898,0.179065293394491,20.8083119296926,2.42403174421924e-07
022002,4016.04970568999,CASCAPARA,YUNGAY,ANCASH,-77.8326940562055,-9.31612008958409,13450.2805797102,0,>3500,0,0.0671720204620204,18610.9085417485,3.60928217509308,4.49452908777444e-23,39.1572574056934,0.00668290663205251
022003,3337.15254237288,MANCOS,YUNGAY,ANCASH,-77.650132635863,-9.19229985169763,54799.0005793743,0,2500-3500,0,0.0671720204620204,59959.6285414126,1.12028746835258,1.39505983985583e-23,12.1540468820572,8.61811791850187e-05
022004,3020.30608365019,MATACOTO,YUNGAY,ANCASH,-77.7589665077217,-9.17748710986228,12215.0421329822,0,2500-3500,0,0.0671720204620204,17375.6700950206,3.86586647275665,4.81404569339571e-23,41.9409514762774,0.00776767470099227
022005,3205.23684210526,QUILLO,YUNGAY,ANCASH,-77.9490248401671,-9.31686422227706,105150.159399188,0,2500-3500,0,0.0671720204620204,110310.787361226,0.608934285293944,7.58287306180539e-24,6.60635422659686,7.55070443170247e-07
022006,2954.60245901639,RANRAHIRCA,YUNGAY,ANCASH,-77.6966712981299,-9.16010151315196,23692.135501355,0,2500-3500,0,0.0671720204620204,28852.7634633933,2.32809659799985,2.89910773700845e-23,25.2576200282396,0.00207072162655153
022007,4034.77382875606,SHUPLUY,YUNGAY,ANCASH,-77.7894867350516,-9.34443715873783,15085.2738095238,0,>3500,0,0.0671720204620204,20245.9017715621,3.31780827645681,4.1315655254384e-23,35.9950445549768,0.00549704619437208
022008,4058.9419924338,YANAMA,YUNGAY,ANCASH,-77.4980598095468,-9.024117293486,42344.8628560993,0,>3500,0,0.0671720204620204,47505.4908181377,1.41398434802349,1.76079161272157e-23,15.3403769495383,0.000295472364676752
030101,3393.45789797173,ABANCAY,ABANCAY,APURIMAC,-72.8716249283548,-13.6358444053048,610987.581831551,0,2500-3500,0,0.0671720204620204,616148.209793589,0.109019257695357,1.35758358883848e-24,1.18275461121147,0
030102,3972.87930174564,CHACOCHE,ABANCAY,APURIMAC,-72.9912912908463,-13.997415908073,11486.1578947368,0,>3500,0,0.0671720204620204,16646.7858567752,4.03513453227258,5.02483004890426e-23,43.7773479272855,0.00849954770943551
030103,3910.54531596452,CIRCA,ABANCAY,APURIMAC,-72.8915245353294,-13.9741652180592,14763.1213566508,0,>3500,0,0.0671720204620204,19923.7493186891,3.37145480941235,4.19836991787156e-23,36.5770580961622,0.00571096274063587
030104,3537.00573417981,CURAHUASI,ABANCAY,APURIMAC,-72.6181414636349,-13.638854997146,136884.004729375,1,>3500,7.30545546192224,1.06717202046202,142044.632691413,7.51293449278308,0.231953270158276,26.9541679857105,8.09062630680035e-06
030105,2970.92911601072,HUANIPACA,ABANCAY,APURIMAC,-72.9752894858258,-13.4760947757055,21776.4875690608,0,2500-3500,0,0.0671720204620204,26937.1155310991,2.49366048062829,3.10527939393611e-23,27.0538297050296,0.00255764906431755
030106,3757.24004017409,LAMBRAMA,ABANCAY,APURIMAC,-72.7881476591925,-13.8040161991272,22020.5428377921,0,>3500,0,0.0671720204620204,27181.1707998304,2.47127031269895,3.07739760022847e-23,26.8109178110757,0.00248934095660969
030107,3343.55662820815,PICHIRHUA,ABANCAY,APURIMAC,-73.0317182549928,-13.7847836503483,20976.6010082823,0,2500-3500,0,0.0671720204620204,26137.2289703207,2.56997482549874,3.20031132167e-23,27.8817673116984,0.0027959406560405
030108,3138.58695652174,SAN PEDRO DE CACHORA,ABANCAY,APURIMAC,-72.8140013062585,-13.4888420884666,19571.1323987539,0,2500-3500,0,0.0671720204620204,24731.7603607922,2.71602261553972,3.38218018331627e-23,29.4662460614154,0.00327425540195936
030109,3768.69789983845,TAMBURCO,ABANCAY,APURIMAC,-72.8719644285861,-13.5781364250055,97135.8576804081,0,>3500,0,0.0671720204620204,102296.485642446,0.656640548696898,8.17694461989319e-24,7.12392152815734,1.57859023763862e-06
030201,3705.12042818912,ANDAHUAYLAS,ANDAHUAYLAS,APURIMAC,-73.3879174036191,-13.7683500197588,372392.415072643,0,>3500,0,0.0671720204620204,377553.043034682,0.17791412809736,2.21551041195328e-24,1.93019802056296,0
030202,2686.16200852676,ANDARAPA,ANDAHUAYLAS,APURIMAC,-73.3885807166013,-13.4972913150474,44102.9946949602,1,2500-3500,22.674197226663,1.06717202046202,49263.6226569986,21.6624755327533,0.668804186216779,77.7185006813335,0.0184252885964329
030203,3750.68484122229,CHIARA,ANDAHUAYLAS,APURIMAC,-73.6155653971639,-13.8798455204706,9613.11764705882,0,>3500,0,0.0671720204620204,14773.7456090972,4.54671565622859,5.66188643043178e-23,49.3275135233358,0.0107659921966724
030204,3160.45188519978,HUANCARAMA,ANDAHUAYLAS,APURIMAC,-73.0283072757695,-13.6568612647463,39621.2457448843,1,2500-3500,25.2389843176275,1.06717202046202,44781.8737069226,23.8304459399396,0.735737795984877,85.4965318354028,0.0267069613567197
030205,3573.9809976247,HUANCARAY,ANDAHUAYLAS,APURIMAC,-73.5471992302201,-13.7696184657865,30512.565829918,0,>3500,0,0.0671720204620204,35673.1937919564,1.88298308398634,2.34482144432101e-23,20.428564388518,0.00099637460256663
030206,3675.10164835165,HUAYANA,ANDAHUAYLAS,APURIMAC,-73.5509592816101,-13.9895854349202,5912.33246753247,1,>3500,169.137984964731,1.06717202046202,11072.9604295708,96.3763961092187,2.97551113550592,345.769761879416,0.424293550428206
030207,3684.37706788363,KISHUARA,ANDAHUAYLAS,APURIMAC,-73.1624853371277,-13.6652341096308,47615.6575232595,0,>3500,0,0.0671720204620204,52776.2854852979,1.27276900684367,1.58494045235715e-23,13.8083256451626,0.000174582553149505
030208,2715.29785787147,PACOBAMBA,ANDAHUAYLAS,APURIMAC,-73.1297137822103,-13.5360346550331,25964.5702694871,0,2500-3500,0,0.0671720204620204,31125.1982315254,2.15812345876032,2.68744536720976e-23,23.4135741370135,0.0016175501915926
030209,3291.83453608247,PACUCHA,ANDAHUAYLAS,APURIMAC,-73.3092939459921,-13.5981948385513,66225.8059666432,1,2500-3500,15.0998539829577,1.06717202046202,71386.4339286815,14.9492272093067,0.461540313025312,53.6333681390774,0.00293465537195359
030210,4017.08659425681,PAMPACHIRI,ANDAHUAYLAS,APURIMAC,-73.4785139056608,-14.295994431107,18182.1923244658,0,>3500,0,0.0671720204620204,23342.8202865041,2.87763087911261,3.58342602839469e-23,31.2195410571018,0.00383458983841134
030211,3951.94551971326,POMACOCHA,ANDAHUAYLAS,APURIMAC,-73.4920971031269,-14.0962877197314,7082.05438401776,1,>3500,141.201965669273,1.06717202046202,12242.6823460561,87.1681540284187,2.69121718018097,312.733335947925,0.386109554892624
030212,3255.65617314314,SAN ANTONIO DE CACHI,ANDAHUAYLAS,APURIMAC,-73.6575825873763,-13.7894812722524,23920.1321003963,0,2500-3500,0,0.0671720204620204,29080.7600624346,2.30984404526588,2.87637838939604e-23,25.0595972993304,0.0020197040542802
030213,3967.21635977337,SAN JERONIMO,ANDAHUAYLAS,APURIMAC,-73.2740682658612,-13.7166250289319,178829.681978002,1,>3500,5.59191286893308,1.06717202046202,183990.309940041,5.80015339291398,0.179073110273805,20.8092202914415,2.42566103425546e-07
030214,3445.34443288241,SAN MIGUEL DE CHACCRAMPA,ANDAHUAYLAS,APURIMAC,-73.603013555385,-13.962146429965,13107.1727435744,1,2500-3500,76.2941039661077,1.06717202046202,18267.8007056128,58.4181991942869,1.80359516682713,209.587073601944,0.23676432513529
030215,3693.28087986464,SANTA MARIA DE CHICMO,ANDAHUAYLAS,APURIMAC,-73.54626765012,-13.6611552339129,68164.7378372147,1,>3500,14.6703417592263,1.06717202046202,73325.365799253,14.5539269914272,0.449335870364523,52.215148868332,0.00249749813822808
030216,3242.2533557047,TALAVERA,ANDAHUAYLAS,APURIMAC,-73.4530279741947,-13.6274900150496,160858.070163868,1,2500-3500,6.21666043227604,1.06717202046202,166018.698125906,6.42802306311722,0.198457869102294,23.0618293858037,1.09051331542709e-06
030217,4070.46873184898,TUMAY HUARACA,ANDAHUAYLAS,APURIMAC,-73.458195430618,-13.96921982574,15183.2274368231,3,>3500,197.586449421436,3.06717202046202,20343.8553988614,150.766507150541,31.8443149715956,360.35951009313,0.768567473629874
030218,3727.41951566952,TURPO,ANDAHUAYLAS,APURIMAC,-73.4722046177706,-13.7905906278235,29739.2710428798,1,>3500,33.6255720107645,1.06717202046202,34899.8990049182,30.5780833437837,0.944063392749685,109.705042140476,0.0604391293190241
030219,2692.00787401575,KAQUIABAMBA,ANDAHUAYLAS,APURIMAC,-73.2794085363717,-13.5115429651766,13672.3324084351,0,2500-3500,0,0.0671720204620204,18832.9603704734,3.56672658682666,4.44153591072924e-23,38.6955700000097,0.00650638170209661
030220,4058.88861013547,JOSE MARIA ARGUEDAS,ANDAHUAYLAS,APURIMAC,-73.3239692115643,-13.8092477114622,37705.4000899079,0,>3500,0,0.0671720204620204,42866.0280519462,1.56702226715803,1.95136506908063e-23,17.0006919101518,0.000472838633960859
030301,4513.89213973799,ANTABAMBA,ANTABAMBA,APURIMAC,-72.7501464290253,-14.5179745581986,22469.2518134715,2,>3500,89.0105294383187,2.06717202046202,27629.8797755098,74.816540544425,9.535870126277,205.853413317443,0.344033934858341
030302,4091.60315374507,EL ORO,ANTABAMBA,APURIMAC,-73.0352128574927,-14.1578068658987,4781.06101694915,0,>3500,0,0.0671720204620204,9941.68897898749,6.75660047341991,8.41378863969625e-23,73.3026488621134,0.020728587207259
030303,4317.076,HUAQUIRCA,ANTABAMBA,APURIMAC,-72.7867023465614,-14.3402767306719,16319.246882793,3,>3500,183.832012687007,3.06717202046202,21479.8748448314,142.79282549917,30.1601449607062,341.300953469161,0.743786103430316
030304,4502.8364265928,JUAN ESPINOZA MEDRANO,ANTABAMBA,APURIMAC,-72.9084035177471,-14.558580532417,13649.2268859898,0,>3500,0,0.0671720204620204,18809.8548480281,3.5711078583396,4.44699177461049e-23,38.7431026029135,0.00652450652138248
030305,4571.05620082428,OROPESA,ANTABAMBA,APURIMAC,-72.5231012485214,-14.4359378391918,18492.0820083682,1,>3500,54.0771990707953,1.06717202046202,23652.7099704065,45.1183827052896,1.39297852560774,161.871299137529,0.152444412916125
030306,4046.10352760736,PACHACONAS,ANTABAMBA,APURIMAC,-72.9791129291719,-14.2190020383159,8483.05866177819,0,>3500,0,0.0671720204620204,13643.6866238165,4.92330425889176,6.13084073953905e-23,53.4131394553542,0.0124660098269661
030307,4011.24975173784,SABAINO,ANTABAMBA,APURIMAC,-72.9801487498001,-14.3229690851774,8524.7,0,>3500,0,0.0671720204620204,13685.3279620383,4.90832376457097,6.11218598654172e-23,53.2506154287676,0.0123981007095142
030401,3864.44573944574,CHALHUANCA,AYMARAES,APURIMAC,-73.2292900951203,-14.2942536990595,41393.3415956623,1,>3500,24.1584748041891,1.06717202046202,46553.9695577006,22.9233302895756,0.707731636512067,82.2420714583206,0.0230623527063033
030402,3818.8253968254,CAPAYA,AYMARAES,APURIMAC,-73.3538543354671,-14.1155990051597,4615.199669967,0,>3500,0,0.0671720204620204,9775.82763200533,6.87123617463387,8.55654098451403e-23,74.5463365103925,0.0212335432346383
030403,4264.6993513926,CARAYBAMBA,AYMARAES,APURIMAC,-73.0945045239289,-14.4193622804922,7144.76817702845,0,>3500,0,0.0671720204620204,12305.3961390668,5.45874506622056,6.79760885756758e-23,59.2221597815485,0.0148986711161985
030404,3562.85578992682,CHAPIMARCA,AYMARAES,APURIMAC,-73.0867748484339,-14.0078018711527,14941.3486333161,0,>3500,0,0.0671720204620204,20101.9765953545,3.34156296239762,4.1611465118375e-23,36.2527601634695,0.00559150581514167
030405,3553.24042145594,COLCABAMBA,AYMARAES,APURIMAC,-73.2582705313212,-13.9769309080131,5484.04993065187,0,>3500,0,0.0671720204620204,10644.6778926902,6.31038544699863,7.85813066717967e-23,68.4616428669489,0.0187449143468631
030406,4348.05867785303,COTARUSE,AYMARAES,APURIMAC,-73.2951169901863,-14.5889231046281,19450.324865281,1,>3500,51.4130230176777,1.06717202046202,24610.9528273193,43.3616702266565,1.33874203458839,155.568738760202,0.140925640661287
030407,3377.60774818402,IHUAYLLO,AYMARAES,APURIMAC,-73.2440287375169,-14.0979331008126,3574.36266094421,0,2500-3500,0,0.0671720204620204,8734.99062298254,7.68999342544052,9.57611443459537e-23,83.4290691057699,0.0247763624775443
030408,3446.49609035621,JUSTO APU SAHUARAURA,AYMARAES,APURIMAC,-73.19781713437,-14.1304318661029,5698.70816599732,0,2500-3500,0,0.0671720204620204,10859.3361280357,6.18564704785237,7.70279774054008e-23,67.108350614697,0.0181857457048745
030409,3790.27210884354,LUCRE,AYMARAES,APURIMAC,-73.2454571650691,-13.9158693533811,11590.0831185567,0,>3500,0,0.0671720204620204,16750.711080595,4.01009963928255,4.99365485968533e-23,43.5057432975063,0.0083906053747248
030410,3693.25728643216,POCOHUANCA,AYMARAES,APURIMAC,-73.0876798550862,-14.2240054625263,8195.11480075901,0,>3500,0,0.0671720204620204,13355.7427627973,5.02944850428905,6.26301893323367e-23,54.5647029346069,0.0129476030673574
030411,3913.29390354868,SAN JUAN DE CHACÑA,AYMARAES,APURIMAC,-73.1938226110023,-13.8849831195491,5978.15433673469,0,>3500,0,0.0671720204620204,11138.782298773,6.03046353365031,7.50955244003757e-23,65.4247580010013,0.0174876778933505
030412,4075.49472422062,SAÑAYCA,AYMARAES,APURIMAC,-73.3582627647635,-14.3325306692492,8759.19788918206,0,>3500,0,0.0671720204620204,13919.8258512204,4.82563655465066,6.00921812419548e-23,52.3535383353356,0.0120235941703899
030413,3553.66862745098,SORAYA,AYMARAES,APURIMAC,-73.2840069615843,-14.1707512670633,5651.02156334232,0,>3500,0,0.0671720204620204,10811.6495253807,6.21292988681627,7.73677222836663e-23,67.4043433069391,0.0183082025306541
030414,3659.785,TAPAIRIHUA,AYMARAES,APURIMAC,-73.1179400592722,-14.1056177487592,14958.2076843198,0,>3500,0,0.0671720204620204,20118.8356463582,3.33876282120629,4.15765958135554e-23,36.2223813113647,0.00558034923686712
030415,3305.54922600619,TINTAY,AYMARAES,APURIMAC,-73.1344841105714,-13.9034905368342,17447.5517241379,0,2500-3500,0,0.0671720204620204,22608.1796861763,2.97113794186149,3.69986752369738e-23,32.2340031987917,0.00417223633216257
030416,3720.65815528921,TORAYA,AYMARAES,APURIMAC,-73.3137300398852,-14.0246493723827,9767.83704842429,0,>3500,0,0.0671720204620204,14928.4650104626,4.49959325456052,5.60320633984633e-23,48.8162805628252,0.0105546749412073
030417,3753.97051390059,YANACA,AYMARAES,APURIMAC,-73.1598061329045,-14.2313232776048,7712.22365805169,0,>3500,0,0.0671720204620204,12872.85162009,5.21811502567064,6.49795960207093e-23,56.6115541319326,0.0138048348821508
030501,3923.49550547962,TAMBOBAMBA,COTABAMBAS,APURIMAC,-72.2129049928291,-13.9170456912798,85660.0045303254,10,>3500,116.740596207414,10.067172020462,90820.6324923638,110.846750833942,53.3101086956588,189.086724078713,0.768377536112961
030502,3587.58546433378,COTABAMBAS,COTABAMBAS,APURIMAC,-72.3412936786733,-13.75127845503,32349.1293714845,0,>3500,0,0.0671720204620204,37509.7573335228,1.79078792391942,2.23001362144356e-23,19.4283351353961,0.000821897185181775
030503,3999.77551448971,COYLLURQUI,COTABAMBAS,APURIMAC,-72.3952674798248,-13.9189466346148,54022.0042274053,4,>3500,74.043902243279,4.06717202046202,59182.6321894436,68.7223915192384,18.9921322845002,149.843672953031,0.280214493924396
030504,4075.12977099237,HAQUIRA,COTABAMBAS,APURIMAC,-72.2305394022945,-14.2771545614099,77316.9171747967,5,>3500,64.6689001929046,5.06717202046202,82477.545136835,61.4369888441186,20.1398174853975,125.352302977132,0.187390527998912
030505,3718.80766192733,MARA,COTABAMBAS,APURIMAC,-72.1153589604677,-14.0451289076924,48953.0933398153,1,>3500,20.4277182865309,1.06717202046202,54113.7213018536,19.7209135647721,0.6088606783743,70.7527554735318,0.0123243434144261
030506,4153.17131242741,CHALLHUAHUACHO,COTABAMBAS,APURIMAC,-72.3103952431048,-14.1714314158591,140444.048164044,3,>3500,21.3608197657183,3.06717202046202,145604.676126082,21.0650653678601,4.44928113776349,50.3493566277434,0.0004798970619041
030601,3125.52411994785,CHINCHEROS,CHINCHEROS,APURIMAC,-73.7481778735675,-13.5186357858403,43840.072345813,0,2500-3500,0,0.0671720204620204,49000.7003078513,1.37083796843731,1.7070627412522e-23,14.8722800234407,0.000254299608030917
030602,3720.1012536162,ANCO-HUALLO,CHINCHEROS,APURIMAC,-73.6692722267021,-13.5442945626117,84197.0410270723,1,>3500,11.8769019409894,1.06717202046202,89357.6689891106,11.9427020930019,0.368717284525624,42.8468528146081,0.000657246472931528
030603,2959.96254071661,COCHARCAS,CHINCHEROS,APURIMAC,-73.7478527302561,-13.6115533801102,13965.8583521445,0,2500-3500,0,0.0671720204620204,19126.4863141828,3.51198957082935,4.37337357300027e-23,38.101725761447,0.00628092301697614
030604,2762.26768257619,HUACCANA,CHINCHEROS,APURIMAC,-73.7257762165517,-13.305689501999,48887.7062609713,0,2500-3500,0,0.0671720204620204,54048.3342230097,1.2428138892285,1.54763825737274e-23,13.4833412870071,0.00015393304136424
030605,3106.61547811994,OCOBAMBA,CHINCHEROS,APURIMAC,-73.5196017169833,-13.5061068875484,55932.6489824561,0,2500-3500,0,0.0671720204620204,61093.2769444945,1.09949938555512,1.36917307393406e-23,11.9285160785394,7.71732735721509e-05
030606,3174.67438271605,ONGOY,CHINCHEROS,APURIMAC,-73.6506567545351,-13.4153189852797,18811.0801495017,0,2500-3500,0,0.0671720204620204,23971.70811154,2.80213742589681,3.48941633201893e-23,30.4005093392674,0.00356901016538824
030607,3307.3994011976,URANMARCA,CHINCHEROS,APURIMAC,-73.6525001287767,-13.6684558952441,22034.1893342878,0,2500-3500,0,0.0671720204620204,27194.8172963261,2.47003021679043,3.07585334658964e-23,26.7974639572781,0.00248557943407324
030608,3811.46031746032,RANRACANCHA,CHINCHEROS,APURIMAC,-73.5963007253453,-13.5476354871026,33060.3430743645,1,>3500,30.2477199873772,1.06717202046202,38220.9710364028,27.9211121937644,0.862032443650477,100.172622181324,0.0459463299840745
030609,3353.02852614897,ROCCHACC,CHINCHEROS,APURIMAC,-73.6173521283595,-13.4555809114719,22216.0800711744,0,2500-3500,0,0.0671720204620204,27376.7080332127,2.45361934607072,3.05541738945821e-23,26.6194217156774,0.00243601829742435
030610,2758.68296296296,EL PORVENIR,CHINCHEROS,APURIMAC,-73.5550441253136,-13.3977047584721,14116.0945190157,0,2500-3500,0,0.0671720204620204,19276.722481054,3.48461832803994,4.3392889985842e-23,37.8047739723032,0.00616888419286577
030611,2884.01041666667,LOS CHANKAS,CHINCHEROS,APURIMAC,-73.7913538470296,-13.3899164276246,8364.02380952381,0,2500-3500,0,0.0671720204620204,13524.6517715621,4.96663585847444,6.18480025982486e-23,53.8832458411526,0.0126625283994795
030612,2914.06306306306,AHUAYRO,CHINCHEROS,APURIMAC,-73.7896297192946,-13.4669335331658,4316,0,2500-3500,0,0.0671720204620204,9476.62796203834,7.08817743305946,8.82669132162561e-23,76.8999415448525,0.0221834277472907
030701,4194.44515595951,CHUQUIBAMBILLA,GRAU,APURIMAC,-72.7746126051855,-14.1173603389936,41074.0999055713,1,>3500,24.3462425786319,1.06717202046202,46234.7278676096,23.0816113705223,0.712618384075888,82.809936764333,0.0236801847827578
030702,4123.72891907187,CURPAHUASI,GRAU,APURIMAC,-72.6498205325165,-13.9688718455913,15379.449326011,1,>3500,65.0218339293019,1.06717202046202,20540.0772880493,51.9555990708431,1.60406977048592,186.401192037409,0.196678666285333
030703,3779.47334004024,GAMARRA,GRAU,APURIMAC,-72.5596731049714,-13.8306583707889,21013.9670369043,0,>3500,0,0.0671720204620204,26174.5949989427,2.5663060102643,3.19574265787789e-23,27.8419641775737,0.0027842953952304
030704,3632.39034776437,HUAYLLATI,GRAU,APURIMAC,-72.4958230462392,-13.9664876767383,10480.9357400722,0,>3500,0,0.0671720204620204,15641.5637021105,4.29445685490874,5.34775623357348e-23,46.5907469484481,0.00964000861099401
030705,4031.48106591865,MAMARA,GRAU,APURIMAC,-72.5667946989156,-14.2120172000511,7012.02777777778,0,>3500,0,0.0671720204620204,12172.6557398161,5.51827159970558,6.87173543544755e-23,59.8679657011373,0.0151690990546272
030706,4002.70588235294,MICAELA BASTIDAS,GRAU,APURIMAC,-72.5747085528162,-14.139930750492,7047.72454448017,0,>3500,0,0.0671720204620204,12208.3525065185,5.50213637967569,6.85164273771878e-23,59.6929140057149,0.0150958086188456
030707,4337.5244047619,PATAYPAMPA,GRAU,APURIMAC,-72.7577242479128,-14.2260639279297,6197.39803439803,1,>3500,161.358040011244,1.06717202046202,11358.0259964364,93.9575257880947,2.90083127750737,337.091576673109,0.414663680571278
030708,4211.22124542125,PROGRESO,GRAU,APURIMAC,-72.4470301695879,-14.0986760085587,25657.4520976832,2,>3500,77.9500627102641,2.06717202046202,30818.0800597215,67.0765997250999,8.54936273230937,184.557410789941,0.285802595643676
030709,3792.96219931272,SAN ANTONIO,GRAU,APURIMAC,-72.6062428902546,-14.1756496583362,2114.17625899281,0,>3500,0,0.0671720204620204,7274.80422103114,9.23351590243886,1.14982159312243e-22,100.174810782711,0.0311155596599334
030710,3611.04885057471,SANTA ROSA,GRAU,APURIMAC,-72.6604428589356,-14.125956011274,4388.21006944445,1,>3500,227.883347463947,1.06717202046202,9548.83803148278,111.759359300422,3.45044255149945,400.95924534583,0.479559805276538
030711,3850.55094991364,TURPAY,GRAU,APURIMAC,-72.6370459927654,-14.2320015236822,5005.22085889571,0,>3500,0,0.0671720204620204,10165.848820934,6.60761552185355,8.22826222032218e-23,71.6863047208,0.0200693633211194
030712,3128.0945945946,VILCABAMBA,GRAU,APURIMAC,-72.6362337166037,-14.0786461938523,10559.0370931113,0,2500-3500,0,0.0671720204620204,15719.6650551496,4.27312033852881,5.32118652002679e-23,46.3592661654283,0.00954543708099842
030713,4473.60185185185,VIRUNDO,GRAU,APURIMAC,-72.6773395771821,-14.2910514101545,4995.93562874251,0,>3500,0,0.0671720204620204,10156.5635907808,6.61365626883808,8.23578457843018e-23,71.7518410444015,0.0200961553363518
030714,3925.56996148909,CURASCO,GRAU,APURIMAC,-72.5320489071048,-14.1027756441529,9700.28582739509,0,>3500,0,0.0671720204620204,14860.9137894334,4.52004643952526,5.62867606770414e-23,49.0381780453654,0.0106463470406087
040101,2325.9921875,AREQUIPA,AREQUIPA,AREQUIPA,-71.5384593586605,-16.4066579478134,438376.895281013,1,1500-2500,2.28114211940611,1.06717202046202,443537.523243052,2.4060467593792,0.0742839451785223,8.63217809180675,1.11022302462516e-16
040102,3104.44315245478,ALTO SELVA ALEGRE,AREQUIPA,AREQUIPA,-71.4858520289614,-16.3309608112267,715974.810232441,0,2500-3500,0,0.0671720204620204,721135.438194479,0.093147579364842,1.15993841601e-24,1.01056209100977,0
040103,3843.51026502426,CAYMA,AREQUIPA,AREQUIPA,-71.4569371485682,-16.2526797741574,835400.725463322,2,>3500,2.39406064543549,2.06717202046202,840561.35342536,2.45927559248128,0.313451176490837,6.76655551455156,0
040104,3188.11221449851,CERRO COLORADO,AREQUIPA,AREQUIPA,-71.576586150775,-16.3044486348347,1826049.05205742,0,2500-3500,0,0.0671720204620204,1831209.68001946,0.0366817744548546,4.56786957296498e-25,0.397962147248653,0
040105,3322.40707070707,CHARACATO,AREQUIPA,AREQUIPA,-71.382847578095,-16.4577513199595,131020.304410797,0,2500-3500,0,0.0671720204620204,136180.932372835,0.493255695137388,6.14236283548049e-24,5.3513522313674,7.16907098130548e-08
040106,3701.44268476621,CHIGUATA,AREQUIPA,AREQUIPA,-71.3586166343173,-16.3756258610105,25236.5457792208,0,>3500,0,0.0671720204620204,30397.1737412591,2.20981138028782,2.75181076052676e-23,23.9743386186559,0.00175005963326735
040107,2318.1974789916,JACOBO HUNTER,AREQUIPA,AREQUIPA,-71.5626120906266,-16.4587011236786,420148.161677229,1,1500-2500,2.38011275833746,1.06717202046202,425308.789639267,2.50916991714928,0.0774677548732288,9.00215322208664,4.44089209850063e-16
040108,1645.67926646707,LA JOYA,AREQUIPA,AREQUIPA,-71.7958048825678,-16.5884112642038,312152.695682886,0,1500-2500,0,0.0671720204620204,317313.323644925,0.211689883331802,2.63610959760392e-24,2.29663264041992,8.32667268468867e-15
040109,2954.70570570571,MARIANO MELGAR,AREQUIPA,AREQUIPA,-71.4628733383324,-16.3753836938097,521411.387094233,0,2500-3500,0,0.0671720204620204,526572.015056271,0.127564736714772,1.5885247867162e-24,1.38395530997823,0
040110,3135.27960526316,MIRAFLORES,AREQUIPA,AREQUIPA,-71.4712704511301,-16.3564669069268,515271.937877481,1,2500-3500,1.94072280380574,1.06717202046202,520432.565839519,2.05054812190806,0.0633083308460066,7.35675501946494,0
040111,2584.01388888889,MOLLEBAYA,AREQUIPA,AREQUIPA,-71.4738463723537,-16.5040802256746,55002.1678548283,0,2500-3500,0,0.0671720204620204,60162.7958168666,1.11650430386396,1.39034878042267e-23,12.1130031679604,8.44912464850189e-05
040112,2604.70679012346,PAUCARPATA,AREQUIPA,AREQUIPA,-71.4779812719605,-16.4200505802232,1079341.44279332,0,2500-3500,0,0.0671720204620204,1084502.07075536,0.0619381209804745,7.71296542869098e-25,0.671969335951094,0
040113,3617.4306122449,POCSI,AREQUIPA,AREQUIPA,-71.3321681503441,-16.4988888901517,3591.26419213974,0,>3500,0,0.0671720204620204,8751.89215417807,7.67514261815407,9.55762117690926e-23,83.2679520593913,0.0247131592762042
040114,3077.57230231542,POLOBAYA,AREQUIPA,AREQUIPA,-71.3574020651591,-16.641976219868,6353.63755980861,0,2500-3500,0,0.0671720204620204,11514.2655218469,5.83380853382002,7.26466396246357e-23,63.2912394577268,0.0165997114176414
040115,2758.50620347395,QUEQUEÑA,AREQUIPA,AREQUIPA,-71.4432151575909,-16.5441758755402,54316.866064092,0,2500-3500,0,0.0671720204620204,59477.4940261304,1.12936870595976,1.40636842826716e-23,12.2525696190714,9.03310744473362e-05
040116,2710.62711864407,SABANDIA,AREQUIPA,AREQUIPA,-71.4602287011403,-16.4482640590077,36894.3943252904,0,2500-3500,0,0.0671720204620204,42055.0222873288,1.59724134737314,1.98899596864561e-23,17.3285400098964,0.000513741135674484
040117,2254.39634146341,SACHACA,AREQUIPA,AREQUIPA,-71.5762454154226,-16.4211685364523,221260.774376027,1,1500-2500,4.51955391921627,1.06717202046202,226421.402338066,4.71321177875511,0.145515029590757,16.9095979951416,6.96060653559982e-09
040118,1253.13381995134,SAN JUAN DE SIGUAS,AREQUIPA,AREQUIPA,-72.1634165322519,-16.4050540193694,4568.53078202995,0,500-1500,0,0.0671720204620204,9729.15874406829,6.90419616217837,8.59758505243804e-23,74.9039208315284,0.0213783483377037
040119,4441.29495325738,SAN JUAN DE TARUCANI,AREQUIPA,AREQUIPA,-71.0970905176016,-16.1937942713442,10379.9223946785,1,>3500,96.3398339579758,1.06717202046202,15540.5503567168,68.6701562020791,2.12011262824833,246.36803736993,0.295603063653438
040120,1790.51260104612,SANTA ISABEL DE SIGUAS,AREQUIPA,AREQUIPA,-72.0632004407552,-16.2676699770822,5249.68513119534,0,1500-2500,0,0.0671720204620204,10410.3130932337,6.45244959113475,8.03503881599546e-23,70.0029028710698,0.0193794175212049
040121,1191.13856529736,SANTA RITA DE SIGUAS,AREQUIPA,AREQUIPA,-72.1441013970953,-16.5228111158103,61432.6901349659,0,500-1500,0,0.0671720204620204,66593.3180970043,1.00869009656754,1.2560910340727e-23,10.9433222003072,4.53240976293623e-05
040122,2347.37883959044,SOCABAYA,AREQUIPA,AREQUIPA,-71.5346796854415,-16.4736407182535,658958.169052523,0,1500-2500,0,0.0671720204620204,664118.797014561,0.101144585522924,1.2595226963432e-24,1.09732195444407,0
040123,2366.19203747073,TIABAYA,AREQUIPA,AREQUIPA,-71.5989884873068,-16.4634470097105,137292.031576448,1,1500-2500,7.28374391811058,1.06717202046202,142452.659538487,7.49141521063495,0.231288886904234,26.8769632201812,7.81942143179837e-06
040124,2147.12062880975,UCHUMAYO,AREQUIPA,AREQUIPA,-71.6905474497124,-16.4609246087239,132427.311938301,0,1500-2500,0,0.0671720204620204,137587.939900339,0.488211543182317,6.07954954855692e-24,5.29662801006345,6.3134028338574e-08
040125,1506.19196732471,VITOR,AREQUIPA,AREQUIPA,-71.9877133932274,-16.4891774522323,37027.5625577101,0,1500-2500,0,0.0671720204620204,42188.1905197484,1.59219960928585,1.98271764586923e-23,17.2738419767478,0.000506781264554945
040126,2342.70454545455,YANAHUARA,AREQUIPA,AREQUIPA,-71.550405050733,-16.3947445752292,212435.248783478,1,1500-2500,4.70731672698647,1.06717202046202,217595.876745517,4.90437611421333,0.151417010073851,17.5954386098531,1.45715417509962e-08
040127,2628.29996418338,YARABAMBA,AREQUIPA,AREQUIPA,-71.5498778765647,-16.6135134822366,12484.6201079622,0,2500-3500,0,0.0671720204620204,17645.2480700005,3.80680510670873,4.74049837434764e-23,41.3001921782016,0.00751512685516298
040128,3566.17463343774,YURA,AREQUIPA,AREQUIPA,-71.6062667456878,-16.1309345905867,338691.711446402,0,>3500,0,0.0671720204620204,343852.339408441,0.195351355112437,2.43265088539761e-24,2.1193752457139,8.88178419700125e-16
040129,2351.91538461538,JOSE LUIS BUSTAMANTE Y RIVERO,AREQUIPA,AREQUIPA,-71.5234734164988,-16.4314913542862,663656.979273289,0,1500-2500,0,0.0671720204620204,668817.607235327,0.100433989379687,1.25067385914926e-24,1.08961266635232,0
040201,11.984126984127,CAMANA,CAMANA,AREQUIPA,-72.7128796100458,-16.6309134888773,100894.524698561,0,lowland (<500 m),0,0.0671720204620204,106055.152660599,0.633368759337759,7.88714811985503e-24,6.87144488542896,1.11638993516294e-06
040202,88.0978260869565,JOSE MARIA QUIMPER,CAMANA,AREQUIPA,-72.7366064020961,-16.5964901827705,37700.2764262648,0,lowland (<500 m),0,0.0671720204620204,42860.9043883031,1.56720959160049,1.9515983384995e-23,17.0027242010773,0.000473086171325354
040203,1593.2714868256,MARIANO NICOLAS VALCARCEL,CAMANA,AREQUIPA,-73.1361296774565,-16.0782392047553,69121.6118043424,0,1500-2500,0,0.0671720204620204,74282.2397663807,0.904281032360869,1.12607360862934e-23,9.8105837763509,2.17170033949277e-05
040204,743.85467330794,MARISCAL CACERES,CAMANA,AREQUIPA,-72.8322557580366,-16.4556106193259,51591.5074556585,0,500-1500,0,0.0671720204620204,56752.1354176968,1.18360340042948,1.47390524030775e-23,12.8409641497969,0.000117947394368101
040205,766.929746554024,NICOLAS DE PIEROLA,CAMANA,AREQUIPA,-72.6340718884964,-16.4794049444685,61974.3759725702,0,500-1500,0,0.0671720204620204,67135.0039346086,1.00055137447296,1.24595613150292e-23,10.8550248545884,4.30217978558689e-05
040206,1286.57639356299,OCOÑA,CAMANA,AREQUIPA,-73.0108558753595,-16.27794445375,32178.1920627144,0,500-1500,0,0.0671720204620204,37338.8200247527,1.79898616018103,2.24022263519165e-23,19.5172781528703,0.00083669862186242
040207,645.916997578693,QUILCA,CAMANA,AREQUIPA,-72.3519913455339,-16.7007702451879,8628.69561068702,0,500-1500,0,0.0671720204620204,13789.3235727254,4.87130642106938,6.06608941690575e-23,52.8490126785117,0.0122303696953643
040208,398.843032159265,SAMUEL PASTOR,CAMANA,AREQUIPA,-72.6524441965226,-16.6013347216788,133048.761378972,0,lowland (<500 m),0,0.0671720204620204,138209.38934101,0.486016332047339,6.05221325335659e-24,5.27281207013353,5.9689061693291e-08
040301,2139.50836506288,CARAVELI,CARAVELI,AREQUIPA,-73.3318451196367,-15.8291337599588,34102.4004287756,0,1500-2500,0,0.0671720204620204,39263.028390814,1.71082117745497,2.13043346932374e-23,18.5607724668931,0.000684930341529944
040302,1180.82935345799,ACARI,CARAVELI,AREQUIPA,-74.5274367395523,-15.3908925737599,41781.169848455,0,500-1500,0,0.0671720204620204,46941.7978104934,1.43096395100157,1.78193579480034e-23,15.5245893918481,0.000312725119454904
040303,1452.93303106255,ATICO,CARAVELI,AREQUIPA,-73.5383727274546,-16.0529929366376,48208.8586675848,0,500-1500,0,0.0671720204620204,53369.4866296231,1.25862219601595,1.56732386000448e-23,13.6548462866151,0.000164620933743698
040304,1153.27569901316,ATIQUIPA,CARAVELI,AREQUIPA,-74.3036406158076,-15.6891603206057,3814.65720081136,0,500-1500,0,0.0671720204620204,8975.28516284969,7.48410989102133,9.31973394416807e-23,81.1954297941973,0.0238965518839533
040305,807.980609418283,BELLA UNION,CARAVELI,AREQUIPA,-74.7274008657044,-15.3429394962981,23930.1938009788,0,500-1500,0,0.0671720204620204,29090.8217630171,2.30904513489597,2.87538353066183e-23,25.0509298863987,0.0020174835811847
040306,3301.76025713746,CAHUACHO,CARAVELI,AREQUIPA,-73.4317539011451,-15.5406411352075,4894.51592356688,0,2500-3500,0,0.0671720204620204,10055.1438856052,6.68036392380051,8.31885358801742e-23,72.475555259466,0.0203916670371505
040307,685.419958953309,CHALA,CARAVELI,AREQUIPA,-74.1895951034641,-15.7693594520021,82160.8418170757,0,500-1500,0,0.0671720204620204,87321.469779114,0.769249769065236,9.57923291973786e-24,8.34562379866594,6.34766464591152e-06
040308,1592.93684027375,CHAPARRA,CARAVELI,AREQUIPA,-73.9451443602012,-15.824815113403,28520.0538609508,0,1500-2500,0,0.0671720204620204,33680.6818229891,1.99437828530453,2.48353849338358e-23,21.6370957141861,0.00123021222584097
040309,2428.97612272671,HUANUHUANU,CARAVELI,AREQUIPA,-74.0628118719769,-15.5557424481704,25850.3027989822,0,1500-2500,0,0.0671720204620204,31010.9307610205,2.1660756002349,2.69734792662011e-23,23.4998472615686,0.00163762610208817
040310,1311.58080495356,JAQUI,CARAVELI,AREQUIPA,-74.3981587152694,-15.4490875681948,12696.0309148265,0,500-1500,0,0.0671720204620204,17856.6588768648,3.76173509978671,4.68437406838589e-23,40.8112257364807,0.00732349155533907
040311,349.286190009794,LOMAS,CARAVELI,AREQUIPA,-74.9351626258048,-15.3866925973101,12651.8843669251,0,lowland (<500 m),0,0.0671720204620204,17812.5123289634,3.7710581877211,4.69598382563849e-23,40.9123723180868,0.00736305309466734
040312,3086.40153431125,QUICACHA,CARAVELI,AREQUIPA,-73.7304295884937,-15.5673060065655,15231.0084077772,0,2500-3500,0,0.0671720204620204,20391.6363698155,3.29409662097795,4.10203812356208e-23,35.7377957858149,0.00540318399477902
040313,821.452790735081,YAUCA,CARAVELI,AREQUIPA,-74.4287552293549,-15.6335196157709,16339.4486540379,0,500-1500,0,0.0671720204620204,21500.0766160762,3.12426888803707,3.89055682379536e-23,33.8953274137709,0.00474422714395828
040401,1532.47572815534,APLAO,CASTILLA,AREQUIPA,-72.5681890439775,-16.0271967008603,71920.0938511327,0,1500-2500,0,0.0671720204620204,77080.721813171,0.871450330016791,1.08519053562502e-23,9.45440207590971,1.66496963371898e-05
040402,4166.55635757912,ANDAGUA,CASTILLA,AREQUIPA,-72.3768235001182,-15.4850431120203,8033.31425800194,0,>3500,0,0.0671720204620204,13193.9422200403,5.09112586229101,6.33982386733106e-23,55.2338432417993,0.0132277153483129
040403,3275.1326405868,AYO,CASTILLA,AREQUIPA,-72.2850801370651,-15.6409504433947,1818.2050209205,0,2500-3500,0,0.0671720204620204,6978.83298295884,9.6251078978453,1.19858535080365e-22,104.423209167286,0.0326500456040439
040404,4720.66116185605,CHACHAS,CASTILLA,AREQUIPA,-72.1160693385962,-15.182018640672,12940.1947115385,3,>3500,231.835769621378,3.06717202046202,18100.8226735768,169.449315966142,35.7904251503241,405.014838117881,0.815907226890461
040405,4005.51796837566,CHILCAYMARCA,CASTILLA,AREQUIPA,-72.3852775720249,-15.350611886361,8363.35461689587,0,>3500,0,0.0671720204620204,13523.9825789342,4.96688161715408,6.18510629561831e-23,53.8859120876281,0.0126636433246031
040406,4344.16895684149,CHOCO,CASTILLA,AREQUIPA,-72.0686889989595,-15.4140550814908,5252.05043227666,0,>3500,0,0.0671720204620204,10412.678394315,6.45098387929606,8.03321360971517e-23,69.9870013003512,0.0193728845561207
040407,1922.43810148731,HUANCARQUI,CASTILLA,AREQUIPA,-72.3681797963009,-16.0123690399157,12765.1429479034,0,1500-2500,0,0.0671720204620204,17925.7709099418,3.74723189309344,4.66631366712418e-23,40.6538798238736,0.00726203319180785
040408,4168.06267705382,MACHAGUAY,CASTILLA,AREQUIPA,-72.4717611976141,-15.6011216276151,3573.39669421488,0,>3500,0,0.0671720204620204,8734.02465625321,7.69084392427584,9.57717353487321e-23,83.4382962041795,0.0247799808644614
040409,4572.97960652591,ORCOPAMPA,CASTILLA,AREQUIPA,-72.2484311889106,-15.1160307302747,68838.1967923203,1,>3500,14.5268186355451,1.06717202046202,73998.8247543586,14.4214725572268,0.445246491016247,51.7399418672171,0.00236140216289993
040410,3933.65890455887,PAMPACOLCA,CASTILLA,AREQUIPA,-72.6190861032534,-15.6707617445095,14668.29218107,0,>3500,0,0.0671720204620204,19828.9201431083,3.38757834401621,4.21844806409544e-23,36.7519830158954,0.00577566583319999
040411,2315.08860759494,TIPAN,CASTILLA,AREQUIPA,-72.4996835301789,-15.7507634148621,3405.22727272727,0,1500-2500,0,0.0671720204620204,8565.85523476561,7.84183465877339,9.76519769459859e-23,85.0764011707004,0.0254202339574502
040412,2968.40588235294,UÑON,CASTILLA,AREQUIPA,-72.3831490852753,-15.7570822937567,1618.07766990291,0,2500-3500,0,0.0671720204620204,6778.70563194125,9.90926942534662,1.2339711197467e-22,107.506089789352,0.0337449275986957
040413,1144.48550997365,URACA,CASTILLA,AREQUIPA,-72.5255706738742,-16.2615773381721,52139.1181078638,0,500-1500,0,0.0671720204620204,57299.7460699022,1.17229176513408,1.45981920563407e-23,12.7182437324248,0.000111777554315906
040414,4232.76392405063,VIRACO,CASTILLA,AREQUIPA,-72.5669078802045,-15.6163670767882,12020.6204002582,0,>3500,0,0.0671720204620204,17181.2483622966,3.90961233116368,4.86852107756956e-23,42.4155521738615,0.00795571780050763
040501,4505.91834532374,CHIVAY,CAYLLOMA,AREQUIPA,-71.5501375457669,-15.6400784629545,47196.3108607936,0,>3500,0,0.0671720204620204,52356.9388228319,1.28296309853639,1.59763484404328e-23,13.9189217839693,0.000181995991976769
040502,4395.47587195413,ACHOMA,CAYLLOMA,AREQUIPA,-71.6958543822516,-15.8221135535397,6652.525,1,>3500,150.318863890027,1.06717202046202,11813.1529620383,90.3376112957638,2.78907055272053,324.104403230572,0.399726561896256
040503,4154.50803554547,CABANACONDE,CAYLLOMA,AREQUIPA,-71.9594090796048,-15.6746371965206,16887.1633317822,0,>3500,0,0.0671720204620204,22047.7912938206,3.04665531194714,3.79390700302223e-23,33.0532943917749,0.0044514980254291
040504,4506.30281370547,CALLALLI,CAYLLOMA,AREQUIPA,-71.2484063656472,-15.521158806431,11017.4337771549,1,>3500,90.7652380968737,1.06717202046202,16178.0617391932,65.9641456229997,2.03656764279647,236.659678566898,0.280678637511036
040505,4641.38364926154,CAYLLOMA,CAYLLOMA,AREQUIPA,-71.7966838766386,-15.1516063905678,29484.1186121571,3,>3500,101.749692417905,3.06717202046202,34644.7465741954,88.5320957361701,18.6994047617156,211.607891235078,0.459718315668442
040506,4187.08403361345,COPORAQUE,CAYLLOMA,AREQUIPA,-71.6412285650221,-15.5913207099413,9099.28247602441,0,>3500,0,0.0671720204620204,14259.9104380627,4.71054995427769,5.86590428839763e-23,51.1049588627056,0.0115034660225047
040507,3475.81463414634,HUAMBO,CAYLLOMA,AREQUIPA,-72.1604642332718,-15.7962324196458,5322.33185840708,0,2500-3500,0,0.0671720204620204,10482.9598204454,6.40773422893519,7.97935613829761e-23,69.5177839851816,0.0191799847046416
040508,3750.93771950363,HUANCA,CAYLLOMA,AREQUIPA,-71.8279360315349,-16.0064161432379,7929.43968095713,0,>3500,0,0.0671720204620204,13090.0676429955,5.13152584799394,6.39013273820309e-23,55.6721444226471,0.0134112735433872
040509,4326.84723854289,ICHUPAMPA,CAYLLOMA,AREQUIPA,-71.7053090282223,-15.5861838424094,4571.00174216028,0,>3500,0,0.0671720204620204,9731.62970419861,6.90244311628911,8.59540203782205e-23,74.8849019613488,0.0213706509080985
040510,4760.80157126824,LARI,CAYLLOMA,AREQUIPA,-71.7604439663712,-15.4799283058425,6804.2360953462,0,>3500,0,0.0671720204620204,11964.8640573845,5.61410644866983,6.99107565197722e-23,60.907682095501,0.0156041886597794
040511,3657.67021805526,LLUTA,CAYLLOMA,AREQUIPA,-72.0183878135354,-15.9675990984165,5669.55325034578,1,>3500,176.380740394141,1.06717202046202,10830.1812123841,98.5368572819196,3.04221290623737,353.520852140023,0.432665339186552
040512,4627.15992647059,MACA,CAYLLOMA,AREQUIPA,-71.7972695209969,-15.7312989917644,5543.31960227273,0,>3500,0,0.0671720204620204,10703.9475643111,6.27544371442778,7.8146187925746e-23,68.082558508868,0.0185884658064144
040513,4427.88803512624,MADRIGAL,CAYLLOMA,AREQUIPA,-71.8574452374207,-15.5413340851132,5273.00602409639,0,>3500,0,0.0671720204620204,10433.6339861347,6.43802730202012,8.0170791789282e-23,69.8464348367504,0.0193151221476994
040514,4512.24395492384,SAN ANTONIO DE CHUCA,CAYLLOMA,AREQUIPA,-71.0974512489312,-15.8309038178961,7047.5871254162,0,>3500,0,0.0671720204620204,12208.2150874545,5.50219831325285,6.85171986171478e-23,59.6935859257547,0.0150960899550479
040515,4462.3313810111,SIBAYO,CAYLLOMA,AREQUIPA,-71.5459872515549,-15.3617340285781,5457.09315866084,0,>3500,0,0.0671720204620204,10617.7211206992,6.32640655169111,7.8780812605568e-23,68.6354565201722,0.0188165975460868
040516,4587.00633713561,TAPAY,CAYLLOMA,AREQUIPA,-71.9360022653043,-15.426792101563,6688.45181476846,0,>3500,0,0.0671720204620204,11849.0797768068,5.66896516246788,7.05938953626831e-23,61.5028466387332,0.0158530472031888
040517,4470.61545934787,TISCO,CAYLLOMA,AREQUIPA,-71.3922604072921,-15.2126739541743,11990.3211678832,0,>3500,0,0.0671720204620204,17150.9491299215,3.91651913565717,4.87712191069749e-23,42.4904843925915,0.00798548044387792
040518,4592.74233576642,TUTI,CAYLLOMA,AREQUIPA,-71.5976146700765,-15.4830625232616,4813.58508914101,0,>3500,0,0.0671720204620204,9974.21305117934,6.7345684433799,8.38635282418676e-23,73.0636224215098,0.0206313082130178
040519,4483.54419954506,YANQUE,CAYLLOMA,AREQUIPA,-71.4552837911863,-15.7900972009916,17219.0372756558,1,>3500,58.0752561244406,1.06717202046202,22379.6652376941,47.6848964954391,1.4722167070538,171.079185071286,0.169200565492954
040520,1382.36959737927,MAJES,CAYLLOMA,AREQUIPA,-72.296260522755,-16.3527782202182,569668.078756005,0,500-1500,0,0.0671720204620204,574828.706718043,0.116855716628238,1.45516862350836e-24,1.26777269090098,0
040601,2450.37419070041,CHUQUIBAMBA,CONDESUYOS,AREQUIPA,-72.7208387146674,-16.0431474309282,26866.0426035503,0,1500-2500,0,0.0671720204620204,32026.6705655886,2.09737756924986,2.61180036243524e-23,22.7545393715099,0.00146799254691254
040602,2897.89014296464,ANDARAY,CONDESUYOS,AREQUIPA,-72.843897476184,-15.8524749289305,5406.00145985402,0,2500-3500,0,0.0671720204620204,10566.6294218924,6.35699595207255,7.91617330853817e-23,68.9673222393137,0.0189533750248516
040603,4621.68414434805,CAYARANI,CONDESUYOS,AREQUIPA,-72.2888407149473,-15.0146070024703,26235.1333534926,2,>3500,76.2336509996717,2.06717202046202,31395.7613155309,65.8423918976422,8.39205466291951,181.161558854306,0.276178237517226
040604,3227.85174418605,CHICHAS,CONDESUYOS,AREQUIPA,-72.9457384798324,-15.5345024559897,5346.11842105263,0,2500-3500,0,0.0671720204620204,10506.746383091,6.39322755235852,7.96129141609586e-23,69.3604004276605,0.0191152280447908
040605,2512.97101980924,IRAY,CONDESUYOS,AREQUIPA,-72.600588286608,-15.9126318760223,4762.08072487644,0,2500-3500,0,0.0671720204620204,9922.70868691478,6.76952459065951,8.4298826489893e-23,73.4428631653854,0.020785617424896
040606,1556.11185718965,RIO GRANDE,CONDESUYOS,AREQUIPA,-73.1266721724447,-15.880861542658,27618.0289855073,0,1500-2500,0,0.0671720204620204,32778.6569475456,2.04926091296276,2.55188215687592e-23,22.232519699915,0.00135439423093531
040607,4657.05310233115,SALAMANCA,CONDESUYOS,AREQUIPA,-72.697419326203,-15.40614530246,3312.14508928571,0,>3500,0,0.0671720204620204,8472.77305132405,7.92798533079124,9.87247850073438e-23,86.0110535132509,0.0257836329911579
040608,2459.39588667713,YANAQUIHUA,CONDESUYOS,AREQUIPA,-73.0291272316445,-15.7019622362828,31469.7773921666,0,1500-2500,0,0.0671720204620204,36630.4053542049,1.83377769949547,2.28354747871214e-23,19.8947330578586,0.00090106956609326
040701,1055.86122486969,MOLLENDO,ISLAY,AREQUIPA,-71.8788499285036,-16.8574523625224,211958.272931758,0,500-1500,0,0.0671720204620204,217118.900893796,0.309378963256993,3.85260193591872e-24,3.35646566615374,5.30735455583908e-11
040702,1146.02143256855,COCACHACRA,ISLAY,AREQUIPA,-71.5994310480824,-16.9288184505576,66859.2296559905,0,500-1500,0,0.0671720204620204,72019.8576180289,0.932687493195003,1.16144730852479e-23,10.1187666905444,2.6941629782673e-05
040703,212.756774193548,DEAN VALDIVIA,ISLAY,AREQUIPA,-71.8294173524155,-17.0979986160563,57138.2524450744,0,lowland (<500 m),0,0.0671720204620204,62298.8804071128,1.07822195235392,1.34267693486909e-23,11.6976762914645,6.86431322010073e-05
040704,877.748629973791,ISLAY,ISLAY,AREQUIPA,-72.1022339504746,-16.8763096372937,41674.5035818006,0,500-1500,0,0.0671720204620204,46835.1315438389,1.43422294862449,1.78599412521138e-23,15.5599463970958,0.000316104944327433
040705,553.809282700422,MEJIA,ISLAY,AREQUIPA,-71.878619485583,-17.0357183269243,9955.13739837398,0,500-1500,0,0.0671720204620204,15115.7653604123,4.44383852622783,5.53377667596427e-23,48.2113951194056,0.0103051827810585
040706,661.276220976782,PUNTA DE BOMBON,ISLAY,AREQUIPA,-71.5507149761869,-17.1600616956868,51605.0187017002,0,500-1500,0,0.0671720204620204,56765.6466637385,1.18332168150794,1.47355442432107e-23,12.8379077691118,0.000117791048993232
040801,4132.39811419591,COTAHUASI,LA UNION,AREQUIPA,-72.8614621647914,-15.2763051683376,23854.0030160858,0,>3500,0,0.0671720204620204,29014.6309781241,2.31510855721947,2.88293412567835e-23,25.1167122157271,0.00203436251849021
040802,4365.93704379562,ALCA,LA UNION,AREQUIPA,-72.7118728078838,-15.1674827080695,14742.1541333333,0,>3500,0,0.0671720204620204,19902.7820953717,3.3750065764746,4.20279282514228e-23,36.6155913696373,0.00572519984481545
040803,3938.67870619946,CHARCANA,LA UNION,AREQUIPA,-73.0487819176034,-15.2108690542304,4676.0152284264,0,>3500,0,0.0671720204620204,9836.64319046473,6.82875439938031,8.50363972456405e-23,74.085449905257,0.0210466535403118
040804,4650.63100150038,HUAYNACOTAS,LA UNION,AREQUIPA,-72.7614416256258,-14.874880600416,14825.6796014683,1,>3500,67.4505335931423,1.06717202046202,19986.3075635066,53.3951565125812,1.64851446203922,191.565894744049,0.205782429921702
040805,4502.59133814548,PAMPAMARCA,LA UNION,AREQUIPA,-72.9302145015405,-14.9895077979915,8787.31975199291,1,>3500,113.800342792034,1.06717202046202,13947.9477140312,76.5110425090334,2.3621910360375,274.498798642709,0.336369153085444
040806,4782.30783114993,PUYCA,LA UNION,AREQUIPA,-72.5471491596333,-14.9389035132998,18674.456795302,0,>3500,0,0.0671720204620204,23835.0847573403,2.8181993538468,3.50941776135443e-23,30.5747658857657,0.00362496776193832
040807,3071.23430420712,QUECHUALLA,LA UNION,AREQUIPA,-73.0704230113916,-15.289812078442,2228.0035971223,0,2500-3500,0,0.0671720204620204,7388.63155916064,9.09126675544385,1.13210774039869e-22,98.6315436746247,0.0305507343322455
040808,3007.03465346535,SAYLA,LA UNION,AREQUIPA,-73.2453309653622,-15.3249817789419,2371.53993610224,0,2500-3500,0,0.0671720204620204,7532.16789814057,8.91801953573058,1.11053379215628e-22,96.7519771436542,0.0298574773168424
040809,3040.92428414097,TAURIA,LA UNION,AREQUIPA,-73.1726429876441,-15.404202081191,2496.0126984127,0,2500-3500,0,0.0671720204620204,7656.64066045103,8.77304074213448,1.09248002486081e-22,95.1790959823017,0.029272822041277
040810,4267.74932371506,TOMEPAMPA,LA UNION,AREQUIPA,-72.785307726134,-15.2132686121834,5218.29037037037,0,>3500,0,0.0671720204620204,10378.9183324087,6.47196733905038,8.05934367260656e-23,70.2146517568692,0.0194663846080028
040811,3394.51420973907,TORO,LA UNION,AREQUIPA,-73.0160761954182,-15.4047392049237,4076.35501858736,0,2500-3500,0,0.0671720204620204,9236.9829806257,7.27207364167626,9.05569166536802e-23,78.8950394140164,0.0229824961861719
050101,2886.84698275862,AYACUCHO,HUAMANGA,AYACUCHO,-74.2520879997419,-13.134558773653,885168.659448131,0,2500-3500,0,0.0671720204620204,890329.28741017,0.0754462662431486,9.39509358768994e-25,0.818519784340567,0
050102,3735.77055214724,ACOCRO,HUAMANGA,AYACUCHO,-74.0209595178088,-13.3042847761904,70289.1914149073,3,>3500,42.6808153517007,3.06717202046202,75449.8193769456,40.6518139578108,8.58631795818311,97.1652659407064,0.0521587522995865
050103,3532.35088723526,ACOS VINCHOS,HUAMANGA,AYACUCHO,-74.05561444893,-13.1279385894178,39468.4888521883,0,>3500,0,0.0671720204620204,44629.1168142266,1.50511650816732,1.87427571419325e-23,16.3290736708183,0.000395131361095369
050104,3171.68661971831,CARMEN ALTO,HUAMANGA,AYACUCHO,-74.2298695294248,-13.2060957986979,252060.550673167,0,2500-3500,0,0.0671720204620204,257221.178635205,0.261144983544627,3.25195888746891e-24,2.83317314767688,1.57140966905445e-12
050105,3780.72804807133,CHIARA,HUAMANGA,AYACUCHO,-74.1586439699252,-13.3757272931013,53296.7794840295,2,>3500,37.5257195530793,2.06717202046202,58457.4074460678,35.3620201574826,4.5071267552703,97.2965670191021,0.0476797654315767
050106,3158.91664229307,OCROS,HUAMANGA,AYACUCHO,-73.9003145705163,-13.3926050763711,49108.802259887,0,2500-3500,0,0.0671720204620204,54269.4302219254,1.2377506118515,1.54133311237537e-23,13.4284095731788,0.000150607775528555
050107,2708.02283849918,PACAYCASA,HUAMANGA,AYACUCHO,-74.2326911161863,-13.0531885357406,28364.7060684498,0,2500-3500,0,0.0671720204620204,33525.3340304881,2.00361972235485,2.49504657327885e-23,21.7373564618426,0.00125071477318972
050108,3283.46047582502,QUINUA,HUAMANGA,AYACUCHO,-74.1345311359494,-13.0613891589126,46310.3981677238,0,2500-3500,0,0.0671720204620204,51471.0261297621,1.30504529466102,1.62513312984897e-23,14.1584924785806,0.000198738696175704
050109,3191.84918032787,SAN JOSE DE TICLLAS,HUAMANGA,AYACUCHO,-74.3264172846182,-13.1251111142275,12698.1867779204,0,2500-3500,0,0.0671720204620204,17858.8147399587,3.76128099429378,4.68380858465591e-23,40.8062991264753,0.00732156568639586
050110,2805.45882352941,SAN JUAN BAUTISTA,HUAMANGA,AYACUCHO,-74.2056856177277,-13.1803967072193,428312.474433326,0,2500-3500,0,0.0671720204620204,433473.102395364,0.154962372730463,1.92969919767951e-24,1.68119344036802,0
050111,3060.92330383481,SANTIAGO DE PISCHA,HUAMANGA,AYACUCHO,-74.3641770879052,-13.0747150954955,13034.324155194,0,2500-3500,0,0.0671720204620204,18194.9521172323,3.69179429707881,4.59727891845214e-23,40.0524349625997,0.0070280873188171
050112,3715.27130977131,SOCOS,HUAMANGA,AYACUCHO,-74.2844324875716,-13.2614417737144,54477.2957746479,0,>3500,0,0.0671720204620204,59637.9237366862,1.12633063415485,1.40258521004384e-23,12.2196094475162,8.89280142578608e-05
050113,3019.23067915691,TAMBILLO,HUAMANGA,AYACUCHO,-74.1421718733464,-13.1902197308827,47824.5526992288,1,2500-3500,20.9097616926823,1.06717202046202,52985.1806612671,20.1409527559116,0.621828908574235,72.2597308011394,0.0135337533423692
050114,3956.48745900058,VINCHOS,HUAMANGA,AYACUCHO,-74.4564440104865,-13.3062942809575,129387.029721166,2,>3500,15.4574999079125,2.06717202046202,134547.657683204,15.3638647900451,1.95822766208437,42.2727913608956,0.000174556334022968
050115,2677.80571428571,JESUS NAZARENO,HUAMANGA,AYACUCHO,-74.2085641616846,-13.1218887897463,167239.39425842,0,2500-3500,0,0.0671720204620204,172400.022220458,0.389628838771978,4.85192917689034e-24,4.2271000138919,2.78460043912077e-09
050116,2686.36190476191,ANDRES AVELINO CACERES DORREGARAY,HUAMANGA,AYACUCHO,-74.200200785388,-13.1545934171523,249447.196875509,0,2500-3500,0,0.0671720204620204,254607.824837547,0.263825436256249,3.28533774812968e-24,2.86225349432228,1.97508676080815e-12
050201,3322.82248803828,CANGALLO,CANGALLO,AYACUCHO,-74.1100745792596,-13.5997319923584,46184.8743464328,2,2500-3500,43.3042208797192,2.06717202046202,51345.5023084711,40.260040851153,5.13141235937311,110.773189580832,0.0773553204726175
050202,4080.53109638812,CHUSCHI,CANGALLO,AYACUCHO,-74.4362359955362,-13.4931310532168,72965.46530837,2,>3500,27.4102274486637,2.06717202046202,78126.0932704084,26.4594315923,3.37243210449517,72.8016060095714,0.0118820935117919
050203,3644.28158080452,LOS MOROCHUCOS,CANGALLO,AYACUCHO,-74.225670019349,-13.4942188655985,65367.0273489729,1,>3500,15.2982327720264,1.06717202046202,70527.6553110113,15.1312561825007,0.467160249634166,54.2864337989007,0.00315194624360848
050204,3671.14523650899,MARIA PARADO DE BELLIDO,CANGALLO,AYACUCHO,-74.2756697096059,-13.568060007473,15931.5560344828,2,>3500,125.53701569835,2.06717202046202,21092.1839965211,98.0065421770916,12.4915914438906,269.659370612233,0.4918568290028
050205,4334.14101257221,PARAS,CANGALLO,AYACUCHO,-74.7195880089928,-13.4607675096058,33814.7474120083,1,>3500,29.5728957491748,1.06717202046202,38975.3753740466,27.3806733154042,0.845347010644675,98.2336886890484,0.0431701026237012
050206,3870.04144282425,TOTOS,CANGALLO,AYACUCHO,-74.5011849539612,-13.556166255308,23611.7307567392,0,>3500,0,0.0671720204620204,28772.3587187775,2.33460249535198,2.90720933269222e-23,25.3282027881663,0.00208903839234176
050301,4191.5450184741,SANCOS,HUANCA SANCOS,AYACUCHO,-74.5597719273895,-14.0010231810439,25443.2614236867,1,>3500,39.3031374141776,1.06717202046202,30603.889385725,34.8704704494128,1.07658594128146,125.104846732937,0.0861165507864308
050302,3777.36285971223,CARAPO,HUANCA SANCOS,AYACUCHO,-74.3034424127583,-13.8120578842725,14190.7080610022,0,>3500,0,0.0671720204620204,19351.3360230405,3.47118257788726,4.3225578684182e-23,37.6590089415728,0.00611406418363802
050303,4113.61687508589,SACSAMARCA,HUANCA SANCOS,AYACUCHO,-74.2225549152321,-13.9839569443418,10465.8588410104,1,>3500,95.5487758043809,1.06717202046202,15626.4868030487,68.2925109087101,2.10845326121392,245.01315870218,0.293546736341537
050304,4247.00898203593,SANTIAGO DE LUCANAMARCA,HUANCA SANCOS,AYACUCHO,-74.5329457413942,-13.8262877425112,16622.8697083725,2,>3500,120.316168933975,2.06717202046202,21783.4976704109,94.8962398848334,12.0951625459944,261.101552532818,0.474417108959552
050401,3543.89352594971,HUANTA,HUANTA,AYACUCHO,-74.2114470880381,-12.9120306399559,348712.855224752,0,>3500,0,0.0671720204620204,353873.48318679,0.189819310158834,2.36376201566495e-24,2.05935785230451,3.33066907387547e-16
050402,3318.29761336516,AYAHUANCO,HUANTA,AYACUCHO,-74.3053690459201,-12.5314861883133,8575.20544337138,0,2500-3500,0,0.0671720204620204,13735.8334054097,4.89027629263219,6.08971201979304e-23,53.0548176302176,0.0123163112116631
050403,3587.18403755869,HUAMANGUILLA,HUANTA,AYACUCHO,-74.1589412123461,-12.9926524654353,33233.7655703289,1,>3500,30.089879459606,1.06717202046202,38394.3935323672,27.7949961512577,0.858138754905161,99.7201554389765,0.0452927967749717
050404,3077.39296187683,IGUAIN,HUANTA,AYACUCHO,-74.218230680851,-12.9830838121455,22856.012565445,0,2500-3500,0,0.0671720204620204,28016.6405274834,2.3975758405483,2.98562812014321e-23,26.0114033161179,0.00226986019479247
050405,3027.04483188045,LURICOCHA,HUANTA,AYACUCHO,-74.2744294654978,-12.8608072111974,50119.013643008,0,2500-3500,0,0.0671720204620204,55279.6416050463,1.21513125830194,1.51316592080008e-23,13.1830112345833,0.000136325287845684
050406,3468.33672055427,SANTILLANA,HUANTA,AYACUCHO,-74.2685410710415,-12.7026143822916,30127.3372647428,0,2500-3500,0,0.0671720204620204,35287.9652267811,1.90353906864093,2.37041918549942e-23,20.6515771493107,0.00103765353137275
050407,2479.4481295035,SIVIA,HUANTA,AYACUCHO,-73.9964367122572,-12.6038135160773,93119.156556269,0,1500-2500,0,0.0671720204620204,98279.7845183073,0.683477490220868,8.51113687324139e-24,7.41507665991384,2.28855424910801e-06
050408,1904.40602533379,LLOCHEGUA,HUANTA,AYACUCHO,-74.0825261845729,-12.4444485251128,92350.4862369185,0,1500-2500,0,0.0671720204620204,97511.1141989568,0.688865274628756,8.57822931036647e-24,7.47352896446402,2.45748366145548e-06
050409,1198.11023362948,CANAYRE,HUANTA,AYACUCHO,-74.1021027341196,-12.3406254645723,35458.9723600283,0,500-1500,0,0.0671720204620204,40619.6003220667,1.65368491884272,2.05928342789126e-23,17.9408987421072,0.000595370449176347
050410,3799.21500172831,UCHURACCAY,HUANTA,AYACUCHO,-74.0931733934245,-12.7845535398001,29131.6585171406,0,>3500,0,0.0671720204620204,34292.2864791789,1.95880844815655,2.43924445929221e-23,21.2511970225589,0.00115286037836815
050411,2885.05962226886,PUCACOLPA,HUANTA,AYACUCHO,-74.3830436416533,-12.3394777605912,18074.3061557277,0,2500-3500,0,0.0671720204620204,23234.934117766,2.89099250815861,3.60006485780562e-23,31.3645019447609,0.00388226225971666
050412,3938.81886477462,CHACA,HUANTA,AYACUCHO,-74.1915610836384,-12.7835163271998,17474.3771300448,0,>3500,0,0.0671720204620204,22635.0050920832,2.9676167594729,3.6954827025886e-23,32.1958017397554,0.00415935488329799
050413,3895.98969072165,PUTIS,HUANTA,AYACUCHO,-74.1877057081165,-12.6069360080501,867,0,>3500,0,0.0671720204620204,6027.62796203834,11.144022306132,1.38773113267116e-22,120.901976849385,0.0383247035777844
050501,3646.58249740574,SAN MIGUEL,LA MAR,AYACUCHO,-73.9421170014392,-12.9961003237117,78166.4945924558,0,>3500,0,0.0671720204620204,83327.1225544941,0.806124325463073,1.00384205318136e-23,8.74567744549771,9.233275148679e-06
050502,2754.74820143885,ANCO,LA MAR,AYACUCHO,-73.6480755812586,-13.0718889270863,55425.5230120482,0,2500-3500,0,0.0671720204620204,60586.1509740865,1.10870255631111,1.38063350197928e-23,12.0283616735244,8.10776646510414e-05
050503,2343.89553626782,AYNA,LA MAR,AYACUCHO,-73.8908601979365,-12.7284493021357,79699.143438959,0,1500-2500,0,0.0671720204620204,84859.7714009973,0.791564947124415,9.85711703081671e-24,8.5877221242962,7.99511346838422e-06
050504,2887.84198516828,CHILCAS,LA MAR,AYACUCHO,-73.8660437183623,-13.1686117719726,12352.1745254134,0,2500-3500,0,0.0671720204620204,17512.8024874517,3.83559516017785,4.77634975046018e-23,41.6125367053748,0.00763803772283711
050505,2908.77505946313,CHUNGUI,LA MAR,AYACUCHO,-73.5703952866751,-13.2300039180076,35268.5114317425,0,2500-3500,0,0.0671720204620204,40429.1393937809,1.66147539792433,2.06898467405086e-23,18.0254179844146,0.000607172021125479
050506,3214.0099009901,LUIS CARRANZA,LA MAR,AYACUCHO,-73.8910099948127,-13.2393793466004,10956.0470242469,0,2500-3500,0,0.0671720204620204,16116.6749862852,4.16785847696139,5.19010713202193e-23,45.2172757062612,0.00908069563346303
050507,2122.12292660759,SANTA ROSA,LA MAR,AYACUCHO,-73.7892858242465,-12.7646161898116,101494.684635479,0,1500-2500,0,0.0671720204620204,106655.312597517,0.629804731017068,7.84276636143354e-24,6.8327785890342,1.05641128422818e-06
050508,3835.14077669903,TAMBO,LA MAR,AYACUCHO,-74.0230958431808,-12.9122971553862,72045.154822335,0,>3500,0,0.0671720204620204,77205.7827843733,0.870038720410671,1.08343270120601e-23,9.43908746263712,1.6453556813234e-05
050509,2626.33959156785,SAMUGARI,LA MAR,AYACUCHO,-73.7388942908982,-12.8500743966314,79294.0873974371,0,2500-3500,0,0.0671720204620204,84454.7153594754,0.795361397834419,9.90439307441387e-24,8.62890998117964,8.30500687687419e-06
050510,2711.05787037037,ANCHIHUAY,LA MAR,AYACUCHO,-73.7126998546249,-12.9564989761917,34365.1381801761,0,2500-3500,0,0.0671720204620204,39525.7661422144,1.69944891695038,2.11627193992481e-23,18.4373943240214,0.000666550454711756
050511,2657.91687857597,ORONCCOY,LA MAR,AYACUCHO,-73.3926313203686,-13.3463189056975,8504.52459016393,0,2500-3500,0,0.0671720204620204,13665.1525522023,4.91557047793038,6.12121009782052e-23,53.3292353333895,0.0124309492038168
050512,1149.76510067114,UNION PROGRESO,LA MAR,AYACUCHO,-73.5525224933242,-12.9273153728553,8478,0,500-1500,0,0.0671720204620204,13638.6279620383,4.92513034661452,6.13311471092412e-23,53.4329507595241,0.0124742889221057
050513,2194.84512578616,RIO MAGDALENA,LA MAR,AYACUCHO,-73.6774159441474,-12.8846548497104,9017,0,1500-2500,0,0.0671720204620204,14177.6279620383,4.73788849882918,5.8999481446946e-23,51.4015559072612,0.0116268859256471
050514,3233.75680421422,NINABAMBA,LA MAR,AYACUCHO,-73.9273100816452,-13.1109206495678,7542,0,2500-3500,0,0.0671720204620204,12702.6279620383,5.28804123546429,6.58503657989333e-23,57.3701865866599,0.0141227338325673
050515,3241.23425925926,PATIBAMBA,LA MAR,AYACUCHO,-73.9600787166593,-13.0642205550996,5900,0,2500-3500,0,0.0671720204620204,11060.6279620383,6.07307475602329,7.56261489654003e-23,65.8870489834976,0.0176796081794018
050601,4022.48106406742,PUQUIO,LUCANAS,AYACUCHO,-74.0163047938447,-14.6762914953159,116275.015440571,1,>3500,8.60029986847095,1.06717202046202,121435.643402609,8.78796365350414,0.271318338981983,31.5285922959142,4.52477230021842e-05
050602,4025.74393313866,AUCARA,LUCANAS,AYACUCHO,-74.153951919022,-14.1944741506244,21307.1649928264,0,>3500,0,0.0671720204620204,26467.7929548647,2.53787766046713,3.16034170032391e-23,27.5335437890797,0.00269470209337397
050603,4149.15110246433,CABANA,LUCANAS,AYACUCHO,-74.0774841703972,-14.3621371534758,15798.6600580271,0,>3500,0,0.0671720204620204,20959.2880200654,3.20488083362913,3.99094042272421e-23,34.7698898753331,0.00505400351368013
050604,4188.61880438895,CARMEN SALCEDO,LUCANAS,AYACUCHO,-73.9817816105793,-14.4658137442073,12246.8637751985,0,>3500,0,0.0671720204620204,17407.4917372369,3.85879950287903,4.80524541119649e-23,41.8642816164128,0.00773737418810672
050605,3498.9364851958,CHAVIÑA,LUCANAS,AYACUCHO,-73.8836793922521,-14.9826936685942,18366.0432525952,0,2500-3500,0,0.0671720204620204,23526.6712146335,2.85514341783463,3.55542307824534e-23,30.9755736234279,0.00375480449111054
050606,4332.89047330097,CHIPAO,LUCANAS,AYACUCHO,-73.7574214684495,-14.4771433876313,19533.4880439044,2,>3500,102.388267548771,2.06717202046202,24694.1160059427,83.7111164442798,10.6695435090895,230.326327938629,0.40563689519942
050607,2625.51361976973,HUAC-HUAS,LUCANAS,AYACUCHO,-74.9936560559995,-14.166397278213,12392.4572833436,0,2500-3500,0,0.0671720204620204,17553.0852453819,3.82679281294397,4.76538845573061e-23,41.5170396620043,0.00760041846850879
050608,3551.48875140607,LARAMATE,LUCANAS,AYACUCHO,-74.7661321167662,-14.249981509325,13404.259106933,0,>3500,0,0.0671720204620204,18564.8870689714,3.61822941407972,4.50567081178766e-23,39.2543263859155,0.00672015397002546
050609,3237.52642789524,LEONCIO PRADO,LUCANAS,AYACUCHO,-74.6156945936097,-14.6714777970628,8756.20829655781,0,2500-3500,0,0.0671720204620204,13916.8362585961,4.82667319021804,6.01050901487262e-23,52.3647848391496,0.0120282855286257
050610,2936.96047008547,LLAUTA,LUCANAS,AYACUCHO,-74.9404644524622,-14.2497671526271,7018.3417305586,0,2500-3500,0,0.0671720204620204,12178.9696925969,5.51541075784525,6.86817291627254e-23,59.8369283048663,0.0151561050350025
050611,4013.58903613585,LUCANAS,LUCANAS,AYACUCHO,-74.3044102102269,-14.48740111833,21613.4100358423,0,>3500,0,0.0671720204620204,26774.0379978806,2.5088490748888,3.12419328744583e-23,27.2186114168042,0.00260440692363706
050612,2624.17830882353,OCAÑA,LUCANAS,AYACUCHO,-74.8470660251957,-14.4274629352042,17943.1688089117,0,2500-3500,0,0.0671720204620204,23103.7967709501,2.90740180620357,3.62049885653312e-23,31.5425271243457,0.00394107531931753
050613,3063.80724957139,OTOCA,LUCANAS,AYACUCHO,-74.6601757547512,-14.4921590863756,14775.3959627329,1,2500-3500,67.6800813001722,1.06717202046202,19936.0239247713,53.5298324524992,1.65267242783881,192.049071845043,0.206629391281183
050614,2767.35829528158,SAISA,LUCANAS,AYACUCHO,-74.3744625565874,-14.9558659933496,6784.02927400468,0,2500-3500,0,0.0671720204620204,11944.657236043,5.62360385355628,7.00290248081733e-23,61.0107198492103,0.015647283684383
050615,3385.23065348237,SAN CRISTOBAL,LUCANAS,AYACUCHO,-74.2543702841248,-14.7917705326617,14582.0917480999,0,2500-3500,0,0.0671720204620204,19742.7197101382,3.40236914914648,4.23686660292523e-23,36.9124490963034,0.00583518311864273
050616,3448.86090225564,SAN JUAN,LUCANAS,AYACUCHO,-74.1864041309684,-14.6539885972399,7949.25296442688,0,2500-3500,0,0.0671720204620204,13109.8809264652,5.12377044755751,6.38047517441121e-23,55.5880057500686,0.0133760326855289
050617,2773.06761308951,SAN PEDRO,LUCANAS,AYACUCHO,-74.2077880618214,-14.9710914889524,21280.0712711242,1,2500-3500,46.9923238159894,1.06717202046202,26440.6992331625,40.3609606179987,1.24609855324403,144.803087742508,0.121274265382531
050618,4064.75920297197,SAN PEDRO DE PALCO,LUCANAS,AYACUCHO,-74.4942324378992,-14.2913011727941,7180.87460148778,0,>3500,0,0.0671720204620204,12341.5025635261,5.44277490656118,6.77772170448744e-23,59.0488988331782,0.0148261008397965
050619,2661.3363372093,SANCOS,LUCANAS,AYACUCHO,-74.1583070618611,-15.1470379569793,38942.7521730342,0,2500-3500,0,0.0671720204620204,44103.3801350725,1.5230583292323,1.89661811712883e-23,16.5237252584986,0.000416813553659301
050620,3560.74661508704,SANTA ANA DE HUAYCAHUACHO,LUCANAS,AYACUCHO,-73.925609793484,-14.2208737083099,6800.0756501182,0,>3500,0,0.0671720204620204,11960.7036121565,5.61605927545504,6.99350744765396e-23,60.9288683972052,0.0156130500980904
050621,2603.70267298257,SANTA LUCIA,LUCANAS,AYACUCHO,-74.545744329154,-14.9327410189837,11644.4714086471,0,2500-3500,0,0.0671720204620204,16805.0993706855,3.99712128921975,4.97749331591048e-23,43.3649406200052,0.00833421898264108
050701,4231.62283300763,CORACORA,PARINACOCHAS,AYACUCHO,-73.6993078494648,-14.8156858576619,107699.386732688,2,>3500,18.5702078783795,2.06717202046202,112860.014694726,18.3162480179849,2.33452871556485,50.3961042068257,0.000909647328070085
050702,3553.68857075804,CHUMPI,PARINACOCHAS,AYACUCHO,-73.6999161655231,-15.1058165692632,17190.8220640569,0,>3500,0,0.0671720204620204,22351.4500260953,3.00526455257253,3.74236435189396e-23,32.6042442647902,0.00429773363645014
050703,4443.14661044437,CORONEL CASTAÑEDA,PARINACOCHAS,AYACUCHO,-73.16423186828,-14.778304560968,15699.605626327,0,>3500,0,0.0671720204620204,20860.2335883653,3.2200991507346,4.00989132918685e-23,34.9349940515298,0.00511310832714684
050704,3986.70528817588,PACAPAUSA,PARINACOCHAS,AYACUCHO,-73.3630116351412,-14.9519814836662,4379.38063439065,0,>3500,0,0.0671720204620204,9540.00859642899,7.04108594694183,8.76804972923286e-23,76.389043988477,0.0219778886572233
050705,2938.92841963986,PULLO,PARINACOCHAS,AYACUCHO,-73.9844501615613,-15.3331612438505,58412.3781500573,0,2500-3500,0,0.0671720204620204,63573.0061120956,1.05661230402694,1.31576709843336e-23,11.463232288215,6.06686764731412e-05
050706,3626.023547026,PUYUSCA,PARINACOCHAS,AYACUCHO,-73.5976337721018,-15.2820601980889,16861.2901578459,0,>3500,0,0.0671720204620204,22021.9181198842,3.05023477502484,3.79836439929685e-23,33.0921281405116,0.0044648738042784
050707,3957.98468085106,SAN FRANCISCO DE RAVACAYCO,PARINACOCHAS,AYACUCHO,-73.3631775843327,-15.0058385359084,4094.31766917293,0,>3500,0,0.0671720204620204,9254.94563121127,7.25795948876137,9.03811574091881e-23,78.7419143625682,0.0229213722243181
050708,4060.51855231144,UPAHUACHO,PARINACOCHAS,AYACUCHO,-73.5296758333355,-14.883634107648,8546.64192139738,1,>3500,117.00501895328,1.06717202046202,13707.2698834357,77.8544545731622,2.40366734888757,279.318560412939,0.342990185931619
050801,3164.0020847811,PAUSA,PAUCAR DEL SARA SARA,AYACUCHO,-73.357932385643,-15.3207024504789,26989.0960854093,0,2500-3500,0,0.0671720204620204,32149.7240474476,2.08934982965595,2.60180366299098e-23,22.6674460797097,0.00144873756228725
050802,3871.15871332626,COLTA,PAUCAR DEL SARA SARA,AYACUCHO,-73.2505501749856,-15.1277464345566,3433.14254859611,0,>3500,0,0.0671720204620204,8593.77051063445,7.81636190760478,9.73347725393507e-23,84.8000461987274,0.0253125184683138
050803,3464.9274611399,CORCULLA,PAUCAR DEL SARA SARA,AYACUCHO,-73.2186544587073,-15.2618246773783,3516.21929824561,0,2500-3500,0,0.0671720204620204,8676.84726028395,7.74152390229146,9.64028376685531e-23,83.9881254633511,0.0249953538852115
050804,3836.14454460678,LAMPA,PAUCAR DEL SARA SARA,AYACUCHO,-73.4496902462688,-15.1484679077753,15678.7877892664,0,>3500,0,0.0671720204620204,20839.4157513047,3.22331591555367,4.01389706837445e-23,34.9698928712739,0.00512562620783563
050805,3903.58575581395,MARCABAMBA,PAUCAR DEL SARA SARA,AYACUCHO,-73.3791587193991,-15.0917247782209,4907.30817610063,0,>3500,0,0.0671720204620204,10067.936138139,6.67187589793721,8.30828370811064e-23,72.383468302151,0.0203541015571883
050806,4548.61645346273,OYOLO,PAUCAR DEL SARA SARA,AYACUCHO,-73.1185880315523,-15.0230138177451,13286.0440993789,1,>3500,75.2669487260508,1.06717202046202,18446.6720614172,57.8517369913081,1.78610629340115,207.55477618323,0.233336253168984
050807,3608.23647604328,PARARCA,PAUCAR DEL SARA SARA,AYACUCHO,-73.4523151602181,-15.2057227085903,3063.78640776699,0,>3500,0,0.0671720204620204,8224.41436980533,8.16739252689312,1.01706049853101e-22,88.6083924709052,0.0267861116946029
050808,3912.12100965108,SAN JAVIER DE ALPABAMBA,PAUCAR DEL SARA SARA,AYACUCHO,-73.2943868018335,-15.0482032678482,2144.77586206897,0,>3500,0,0.0671720204620204,7305.4038241073,9.1948401593294,1.14500542071019e-22,99.7552159838493,0.0309623825120333
050809,3568.36809815951,SAN JOSE DE USHUA,PAUCAR DEL SARA SARA,AYACUCHO,-73.1961351031026,-15.2235458641832,1988.06611570248,0,>3500,0,0.0671720204620204,7148.69407774082,9.39640439659835,1.1701056008433e-22,101.941995055042,0.0317574808598402
050810,3695.09836065574,SARA SARA,PAUCAR DEL SARA SARA,AYACUCHO,-73.4594941837965,-15.2600282055934,3778.04752475248,0,>3500,0,0.0671720204620204,8938.67548679081,7.51476217715749,9.35790430186314e-23,81.5279777635938,0.024028027264374
050901,3616.34111422347,QUEROBAMBA,SUCRE,AYACUCHO,-73.8048304997783,-13.9948021009724,20810.0462184874,0,>3500,0,0.0671720204620204,25970.6741805257,2.58645655461612,3.22083551660441e-23,28.0605782991002,0.00284848655392156
050902,2710.93946731235,BELEN,SUCRE,AYACUCHO,-73.7672570706679,-13.8043144473887,2493.69230769231,0,2500-3500,0,0.0671720204620204,7654.32026973064,8.77570027055899,1.09281120782972e-22,95.2079493204571,0.029283584140012
050903,3196.23557692308,CHALCOS,SUCRE,AYACUCHO,-73.7526060698751,-13.8509551836539,3703.6735966736,0,2500-3500,0,0.0671720204620204,8864.30155871193,7.57781309865333,9.43641969271554e-23,82.2120199201523,0.0242979347595284
050904,3121.60830860534,CHILCAYOC,SUCRE,AYACUCHO,-73.7217591169159,-13.8912372620111,3861.39436619718,0,2500-3500,0,0.0671720204620204,9022.02232823552,7.44533963874123,9.27145453065595e-23,80.7748096612823,0.0237300148439668
050905,4014.29390243902,HUACAÑA,SUCRE,AYACUCHO,-73.8646743977527,-14.2141234110645,2798.79178082192,0,>3500,0,0.0671720204620204,7959.41974286025,8.43931123525366,1.05092170652052e-22,91.5584502220488,0.0279113860469693
050906,3832.80321894929,MORCOLLA,SUCRE,AYACUCHO,-73.8344784922326,-14.1547505353547,9970.70643642072,2,>3500,200.587592539527,2.06717202046202,15131.3343984591,136.615315346711,17.4125386569172,375.889192027804,0.657307782556621
050907,3542.66666666667,PAICO,SUCRE,AYACUCHO,-73.666589594941,-14.0125884148436,4159.24264705882,2,>3500,480.856773627835,2.06717202046202,9319.87060909716,221.802652329126,28.270236379326,610.277255972578,0.830100132025793
050908,3950.16410399776,SAN PEDRO DE LARCAY,SUCRE,AYACUCHO,-73.5895830773847,-14.2834885686174,6524.20386007238,0,>3500,0,0.0671720204620204,11684.8318221107,5.74865102764369,7.15861991548018e-23,62.3673620140665,0.0162142168618109
050909,3705.09305210918,SAN SALVADOR DE QUIJE,SUCRE,AYACUCHO,-73.7177609327981,-13.9832617884556,7528.06211812627,0,>3500,0,0.0671720204620204,12688.6900801646,5.2938498802982,6.59226990826725e-23,57.4332048240561,0.0141491419260067
050910,3721.06025824964,SANTIAGO DE PAUCARAY,SUCRE,AYACUCHO,-73.6533795639942,-14.0874756365269,4541.97627118644,0,>3500,0,0.0671720204620204,9702.60423322478,6.92309186764541,8.62111529854673e-23,75.1089211520744,0.0214612862211817
050911,4045.73560340511,SORAS,SUCRE,AYACUCHO,-73.6909874773553,-14.2095424237477,8151.31213872832,2,>3500,245.359270502923,2.06717202046202,13311.9401007667,155.287058446347,19.7923776060813,427.263420529644,0.711575099419852
051001,3961.61815509004,HUANCAPI,VICTOR FAJARDO,AYACUCHO,-74.0898399474027,-13.8046491303474,15026.8320332813,0,>3500,0,0.0671720204620204,20187.4599953197,3.32741318014222,4.14352621925648e-23,36.0992485677752,0.00553518878170245
051002,3468.593323217,ALCAMENCA,VICTOR FAJARDO,AYACUCHO,-74.2104503577033,-13.6655378229998,11199.7150610583,0,2500-3500,0,0.0671720204620204,16360.3430230967,4.10578313469286,5.11280660024729e-23,44.5438176506598,0.00880816995960554
051003,4008.44183724413,APONGO,VICTOR FAJARDO,AYACUCHO,-74.0068554410149,-14.0649529352015,4524.52657807309,0,>3500,0,0.0671720204620204,9685.15454011142,6.93556516665015,8.63664791763209e-23,75.244244508945,0.0215160033426943
051004,3521.10947109471,ASQUIPATA,VICTOR FAJARDO,AYACUCHO,-73.9378083314385,-14.0758172284473,3855.00826446281,0,>3500,0,0.0671720204620204,9015.63622650115,7.45061344251785,9.27802183776228e-23,80.8320253850662,0.0237526841999473
051005,3854.52730883813,CANARIA,VICTOR FAJARDO,AYACUCHO,-73.9945559901295,-13.9615545028376,32216.0061804697,0,>3500,0,0.0671720204620204,37376.6341425081,1.79716611736385,2.23795619134327e-23,19.4975324301409,0.000833400519923755
051006,3328.78085991678,CAYARA,VICTOR FAJARDO,AYACUCHO,-73.9886809311775,-13.7928451502634,9105.22107081174,0,2500-3500,0,0.0671720204620204,14265.8490328501,4.70858904418117,5.86346242681969e-23,51.0836848648097,0.0114946170221517
051007,3020.87225274725,COLCA,VICTOR FAJARDO,AYACUCHO,-74.0379366833919,-13.7148592937088,8160.24639076035,0,2500-3500,0,0.0671720204620204,13320.8743527987,5.04261347138281,6.27941286550941e-23,54.7075302282957,0.0130073786256929
051008,3688.50546780073,HUAMANQUIQUIA,VICTOR FAJARDO,AYACUCHO,-74.275718030076,-13.716076348712,8857.15035587189,0,>3500,0,0.0671720204620204,14017.7783179102,4.79191630361254,5.96722732331442e-23,51.9877058828895,0.0118710487739117
051009,4034.24932249323,HUANCARAYLLA,VICTOR FAJARDO,AYACUCHO,-74.1698680892555,-13.7490737330219,9930.18550272798,0,>3500,0,0.0671720204620204,15090.8134647663,4.45118618813042,5.54292649538715e-23,48.2911102191102,0.0103380271885806
051010,3726.53707865169,HUALLA,VICTOR FAJARDO,AYACUCHO,-73.9791959459298,-13.8780311537202,15886.2483091787,0,>3500,0,0.0671720204620204,21046.8762712171,3.19154346689833,3.97433180643492e-23,34.6251922105741,0.00500236359217443
051011,3990.39754288363,SARHUA,VICTOR FAJARDO,AYACUCHO,-74.4098362665521,-13.6902818886862,20993.3848177377,0,>3500,0,0.0671720204620204,26154.012779776,2.56832559606158,3.19825758651765e-23,27.8638747506685,0.00279070347778021
051012,4122.87072912998,VILCANCHOS,VICTOR FAJARDO,AYACUCHO,-74.6431764832297,-13.6523860280732,19205.6869636289,2,>3500,104.135822050392,2.06717202046202,24366.3149256673,84.8372856859237,10.813081335757,233.424917911896,0.413001061456551
051101,3454.2934347478,VILCAS HUAMAN,VILCAS HUAMAN,AYACUCHO,-73.8963159748845,-13.6557042621273,52254.7352543899,1,2500-3500,19.1370216523294,1.06717202046202,57415.3632164283,18.5868722355599,0.573848447792751,66.684153448626,0.00937075197310488
051102,3236.50665301945,ACCOMARCA,VILCAS HUAMAN,AYACUCHO,-73.8674047748769,-13.806238082376,6847.30326944758,0,2500-3500,0,0.0671720204620204,12007.9312314859,5.5939711151817,6.96600173487565e-23,60.6892329972882,0.0155128085816878
051103,3134.2859450727,CARHUANCA,VILCAS HUAMAN,AYACUCHO,-73.7820677793661,-13.7394384847154,6522.68817204301,0,2500-3500,0,0.0671720204620204,11683.3161340813,5.74939680576418,7.15954861024357e-23,62.3754529929412,0.0162175951135969
051104,3306.08652246256,CONCEPCION,VILCAS HUAMAN,AYACUCHO,-73.8804094532296,-13.5420999063895,12557.1954933009,2,2500-3500,159.271232264161,2.06717202046202,17717.8234553392,116.671894020881,14.8706157846105,321.016013940772,0.582563397617026
051105,3474.23068611561,HUAMBALPA,VILCAS HUAMAN,AYACUCHO,-73.887911466319,-13.7443122691019,10306.6825633383,1,2500-3500,97.0244299127908,1.06717202046202,15467.3105253766,68.9953187861039,2.1301516515847,247.53462373121,0.297366728378195
051106,3152.80298507463,INDEPENDENCIA,VILCAS HUAMAN,AYACUCHO,-73.8584716029788,-13.875655077044,8812.93094405594,0,2500-3500,0,0.0671720204620204,13973.5589060943,4.80708035178674,5.98611065033099e-23,52.152221293119,0.0119396345949006
051107,2994.18065153011,SAURAMA,VILCAS HUAMAN,AYACUCHO,-73.7503514905268,-13.701022025441,8370.83720930233,0,2500-3500,0,0.0671720204620204,13531.4651713407,4.96413504461359,6.18168607254456e-23,53.8561144041181,0.0126511832581813
051108,3663.89113840027,VISCHONGO,VILCAS HUAMAN,AYACUCHO,-74.0136963726068,-13.5536932824907,31347.4663303909,0,>3500,0,0.0671720204620204,36508.0942924293,1.83992130413528,2.29119792232334e-23,19.961385288582,0.000912697037126819
060101,3396.30151586926,CAJAMARCA,CAJAMARCA,CAJAMARCA,-78.5611115655215,-7.07746147533964,1947400.80559425,0,2500-3500,0,0.0671720204620204,1952561.43355629,0.0344020010370054,4.28397633760735e-25,0.373228787478278,0
060102,2834.9987400252,ASUNCION,CAJAMARCA,CAJAMARCA,-78.5271893137227,-7.33823571536753,61879.4447585105,0,2500-3500,0,0.0671720204620204,67040.0727205488,1.0019681920994,1.24772045131089e-23,10.8703959698971,4.34165030501754e-05
060103,3228.98039215686,CHETILLA,CAJAMARCA,CAJAMARCA,-78.6540277674665,-7.14250442210827,30773.006443299,0,2500-3500,0,0.0671720204620204,35933.6344053373,1.8693355563289,2.32782659408295e-23,20.2805017745386,0.00096944356995432
060104,2746.86635271192,COSPAN,CAJAMARCA,CAJAMARCA,-78.5168652967319,-7.45303167791169,57127.2680697868,0,2500-3500,0,0.0671720204620204,62287.8960318251,1.07841209514766,1.34291371389491e-23,11.6997391588041,6.87163419118564e-05
060105,3607.98072835483,ENCAÑADA,CAJAMARCA,CAJAMARCA,-78.4029544548555,-6.98521232875401,158427.009059577,1,>3500,6.31205503364612,1.06717202046202,163587.637021615,6.52354933350504,0.201407133577282,23.4045491501721,1.33633393595289e-06
060106,3188.75828519307,JESUS,CAJAMARCA,CAJAMARCA,-78.3666507282733,-7.29830618661759,132749.153794819,2,2500-3500,15.0660094081749,2.06717202046202,137909.781756857,14.9893067346489,1.91048772456497,41.2422163887333,0.000134833601000972
060107,2835.84724689165,LLACANORA,CAJAMARCA,CAJAMARCA,-78.4118419964557,-7.18959879657358,52613.2341733251,0,2500-3500,0,0.0671720204620204,57773.8621353635,1.16267145694081,1.44783932905184e-23,12.6138725954586,0.000106702710241269
060108,3217.89875439157,LOS BAÑOS DEL INCA,CAJAMARCA,CAJAMARCA,-78.4559781525531,-7.09012078283445,426281.669818633,0,2500-3500,0,0.0671720204620204,431442.297780671,0.155691782673029,1.93878231738237e-24,1.68910684017711,0
060109,2523.79956521739,MAGDALENA,CAJAMARCA,CAJAMARCA,-78.6223886361745,-7.22472728780385,70184.0326516778,0,2500-3500,0,0.0671720204620204,75344.6606137161,0.891529936094663,1.11019505708107e-23,9.67224658505392,1.96308450961524e-05
060110,2758.77674418605,MATARA,CAJAMARCA,CAJAMARCA,-78.2594783904802,-7.27201845144061,30177.0213438735,0,2500-3500,0,0.0671720204620204,35337.6493059119,1.90086272803615,2.36708642011466e-23,20.6225414150891,0.00103223060450519
060111,3210.79418472064,NAMORA,CAJAMARCA,CAJAMARCA,-78.284073903941,-7.1843648563781,82485.6881888228,0,2500-3500,0,0.0671720204620204,87646.3161508611,0.766398673806217,9.54372909944333e-24,8.31469214369146,6.15758251076848e-06
060112,2920.25280199253,SAN JUAN,CAJAMARCA,CAJAMARCA,-78.4819804206268,-7.27390932344534,36123.0315789474,0,2500-3500,0,0.0671720204620204,41283.6595409857,1.62708493406049,2.02615927756489e-23,17.6523143642237,0.000556052344095614
060201,3152.10702498821,CAJABAMBA,CAJABAMBA,CAJAMARCA,-78.0321458718817,-7.63145126182423,272878.677739878,0,2500-3500,0,0.0671720204620204,278039.305701917,0.241591814842305,3.00846923709685e-24,2.6210399802406,2.55018228756398e-13
060202,3089.5896619842,CACHACHI,CAJABAMBA,CAJAMARCA,-78.2533318781724,-7.56768531514619,203926.055614428,0,2500-3500,0,0.0671720204620204,209086.683576466,0.321263981584244,4.00060244679367e-24,3.48540674067628,1.07753472811112e-10
060203,2538.68,CONDEBAMBA,CAJABAMBA,CAJAMARCA,-78.0911369715353,-7.53012271633795,122282.02423562,0,2500-3500,0,0.0671720204620204,127442.652197659,0.527076448141075,6.56352236463697e-24,5.71827503395642,1.58181023279802e-07
060204,2551.72626043922,SITACOCHA,CAJABAMBA,CAJAMARCA,-77.9063215882759,-7.47438762618608,63719.1344942571,0,2500-3500,0,0.0671720204620204,68879.7624562955,0.975206912257303,1.21439544516247e-23,10.5800616949784,3.63834352092862e-05
060301,2165.20685053381,CELENDIN,CELENDIN,CAJAMARCA,-78.1172738616785,-6.77494051202524,233212.988143667,0,1500-2500,0,0.0671720204620204,238373.616105705,0.281793017026823,3.50908255524829e-24,3.05718455015551,8.19189160949918e-12
060302,2122.76106970627,CHUMUCH,CELENDIN,CAJAMARCA,-78.1870595172165,-6.57057884057481,21377.2474377745,0,1500-2500,0,0.0671720204620204,26537.8753998129,2.53117551612644,3.15199572424657e-23,27.4608319371415,0.002673747054729
060303,2285.11819484241,CORTEGANA,CELENDIN,CAJAMARCA,-78.2855189707436,-6.4876948057281,58248.2496624359,0,1500-2500,0,0.0671720204620204,63408.8776244742,1.05934725512463,1.31917284967859e-23,11.4929038901926,6.1640483825065e-05
060304,3272.19512195122,HUASMIN,CELENDIN,CAJAMARCA,-78.3256335925485,-6.82829836606791,85967.1425603036,0,2500-3500,0,0.0671720204620204,91127.770522342,0.737119102958321,9.17911952759674e-24,7.99703682144175,4.44819849254596e-06
060305,2191.0818815331,JORGE CHAVEZ,CELENDIN,CAJAMARCA,-78.0694936083191,-6.93951638605367,3652.07692307692,0,1500-2500,0,0.0671720204620204,8812.70488511526,7.62217972094749,9.4916680952382e-23,82.6933553118217,0.0244874255023293
060306,2929.00179533214,JOSE GALVEZ,CELENDIN,CAJAMARCA,-78.1587736310021,-6.91989560964932,21861.0032585083,0,2500-3500,0,0.0671720204620204,27021.6312205467,2.48586104642507,3.09556699623651e-23,26.9692133082231,0.00253377023657064
060307,2964.1365970558,MIGUEL IGLESIAS,CELENDIN,CAJAMARCA,-78.2653452262382,-6.65103242877292,30975.9318807914,0,2500-3500,0,0.0671720204620204,36136.5598428297,1.85883827221447,2.31475464611488e-23,20.1666162881208,0.000948988098002146
060308,2742.28740409207,OXAMARCA,CELENDIN,CAJAMARCA,-78.0613368962516,-7.05929223071283,46217.2085461355,0,2500-3500,0,0.0671720204620204,51377.8365081739,1.30741239856088,1.62808081219011e-23,14.1841732905029,0.000200589451379463
060309,3458.39330091842,SOROCHUCO,CELENDIN,CAJAMARCA,-78.2971840560778,-6.93421458835658,59212.9285435377,0,2500-3500,0,0.0671720204620204,64373.556505576,1.0434722595481,1.29940420153037e-23,11.3206753810462,5.61476900841074e-05
060310,3306.41372212693,SUCRE,CELENDIN,CAJAMARCA,-78.1713082397419,-7.01875086040359,43287.072846476,2,2500-3500,46.2031703343235,2.06717202046202,48447.7008085144,42.6681139860971,5.43833743907214,117.3988644749,0.0938677629681406
060311,1978.19314079422,UTCO,CELENDIN,CAJAMARCA,-78.0576116846093,-6.88132431153639,8593.20510483136,0,1500-2500,0,0.0671720204620204,13753.8330668697,4.8838763808923,6.08174240476194e-23,52.9853847127522,0.012287313604387
060312,2970.98563829787,LA LIBERTAD DE PALLAN,CELENDIN,CAJAMARCA,-78.2860914866478,-6.70880014720211,54588.266196372,0,2500-3500,0,0.0671720204620204,59748.8941584104,1.12423872287794,1.39998021668865e-23,12.1969142121852,8.79705472542902e-05
060401,2903.69391891892,CHOTA,CHOTA,CAJAMARCA,-78.6427537102514,-6.55997669173306,410994.35890023,0,2500-3500,0,0.0671720204620204,416154.986862269,0.161411066988491,2.01000282182086e-24,1.75115560146886,0
060402,2247.15964391691,ANGUIA,CHOTA,CAJAMARCA,-78.5758041579892,-6.33796678358166,25426.3240121581,0,1500-2500,0,0.0671720204620204,30586.9519741964,2.19610049797337,2.73473701666529e-23,23.8255886672804,0.00171444738686333
060403,2465.10387811634,CHADIN,CHOTA,CAJAMARCA,-78.4127931530857,-6.43986389244614,28890.2136822022,0,1500-2500,0,0.0671720204620204,34050.8416442406,1.97269780182899,2.45654044809628e-23,21.4018832173661,0.00118276857066768
060404,2726.05204460967,CHIGUIRIP,CHOTA,CAJAMARCA,-78.7080365457695,-6.42508011120367,28713.2119330454,0,2500-3500,0,0.0671720204620204,33873.8398950837,1.983005784702,2.46937666499801e-23,21.5137149664816,0.001205210701684
060405,1672.68241143567,CHIMBAN,CHOTA,CAJAMARCA,-78.4481437012333,-6.28458974185713,17311.2167985928,1,1500-2500,57.7660144653315,1.06717202046202,22471.8447606311,47.4892930166383,1.466177673091,170.377418134379,0.167928356915351
060406,1912.9430682312,CHOROPAMPA,CHOTA,CAJAMARCA,-78.3690445233496,-6.37006174068098,18219.6171644931,0,1500-2500,0,0.0671720204620204,23380.2451265314,2.87302464531456,3.57769002583627e-23,31.1695678287004,0.00381820109021891
060407,2219.08875286917,COCHABAMBA,CHOTA,CAJAMARCA,-78.8522610882874,-6.48302687487003,46365.4409221902,0,1500-2500,0,0.0671720204620204,51526.0688842285,1.30365117923019,1.62339708039325e-23,14.1433676603674,0.000197653787442298
060408,2802.72555948174,CONCHAN,CHOTA,CAJAMARCA,-78.6024537806307,-6.47060765128467,47354.1217841631,0,2500-3500,0,0.0671720204620204,52514.7497462014,1.27910769425078,1.59283382659267e-23,13.877094337211,0.000179168938950758
060409,2201.59933652783,HUAMBOS,CHOTA,CAJAMARCA,-78.9704027077904,-6.44369278517541,68333.3003464203,0,1500-2500,0,0.0671720204620204,73493.9283084587,0.913980542448284,1.1381521129164e-23,9.91581417806984,2.34092442842337e-05
060410,2722.82252050708,LAJAS,CHOTA,CAJAMARCA,-78.7275684172846,-6.57449023096131,92255.3506549097,0,2500-3500,0,0.0671720204620204,97415.978616948,0.68953801435542,8.58660673314282e-24,7.48082754666571,2.47924885155015e-06
060411,1613.58902349486,LLAMA,CHOTA,CAJAMARCA,-79.1728932320846,-6.53901204895533,58808.2149382053,0,1500-2500,0,0.0671720204620204,63968.8429002436,1.05007402692545,1.30762518123459e-23,11.3922982389961,5.8388653713326e-05
060412,2297.08411614005,MIRACOSTA,CHOTA,CAJAMARCA,-79.3026327705201,-6.357817371574,26253.1875187519,0,1500-2500,0,0.0671720204620204,31413.8154807902,2.13829550578142,2.66275422168788e-23,23.1984598231533,0.00156799084967008
060413,2846.9248395967,PACCHA,CHOTA,CAJAMARCA,-78.3980789326497,-6.53392588216287,36770.205957994,0,2500-3500,0,0.0671720204620204,41930.8339200323,1.60197196626536,1.99488686417076e-23,17.3798626975292,0.000520320967323462
060414,1337.54639844257,PION,CHOTA,CAJAMARCA,-78.4781833865031,-6.18419440287664,9666.46153846154,0,500-1500,0,0.0671720204620204,14827.0895004999,4.53035779272498,5.641516481571e-23,49.1500463593003,0.0106925916589511
060415,2551.50829562594,QUEROCOTO,CHOTA,CAJAMARCA,-79.0929475375511,-6.35221718599812,70416.0136522622,0,2500-3500,0,0.0671720204620204,75576.6416143006,0.888793402660408,1.10678733540034e-23,9.64255781623894,1.92030666731347e-05
060416,1736.65963179165,SAN JUAN DE LICUPIS,CHOTA,CAJAMARCA,-79.2455139556915,-6.4843578091976,7770.0495951417,0,1500-2500,0,0.0671720204620204,12930.67755718,5.19477963664183,6.46890075333689e-23,56.3583874936552,0.0136987577662888
060417,2551.98193608152,TACABAMBA,CHOTA,CAJAMARCA,-78.5557122628627,-6.39835532909113,132552.09768546,0,2500-3500,0,0.0671720204620204,137712.725647498,0.48776915964876,6.07404068124462e-24,5.29182857209901,6.24266069948476e-08
060418,1194.50789692436,TOCMOCHE,CHOTA,CAJAMARCA,-79.3759869259189,-6.45683309601988,7005.0404494382,0,500-1500,0,0.0671720204620204,12165.6684114765,5.52144100842444,6.87568220352688e-23,59.9023507525153,0.0151834942416244
060419,2894.65547073791,CHALAMARCA,CHOTA,CAJAMARCA,-78.4952388966217,-6.51760765579816,77024.2078201971,0,2500-3500,0,0.0671720204620204,82184.8357822354,0.817328644909697,1.01779445069937e-23,8.86723358861521,1.02809446914653e-05
060501,2598.74177925057,CONTUMAZA,CONTUMAZA,CAJAMARCA,-78.7367992488659,-7.33474795640711,64060.1184810751,0,2500-3500,0,0.0671720204620204,69220.7464431134,0.970403006520932,1.20841328776396e-23,10.5279439152243,3.52130385387062e-05
060502,1680.44474761255,CHILETE,CONTUMAZA,CAJAMARCA,-78.8216641642435,-7.25634417912518,21695.1900826446,0,1500-2500,0,0.0671720204620204,26855.818044683,2.50120924822543,3.11467964415104e-23,27.1357266090557,0.00258084564504468
060503,1911.84013501074,CUPISNIQUE,CONTUMAZA,CAJAMARCA,-79.0665678097745,-7.37346412596415,11089.0572438162,0,1500-2500,0,0.0671720204620204,16249.6852058546,4.1337428763124,5.14762401432005e-23,44.847154088899,0.00893076951774718
060504,2816.54723707665,GUZMANGO,CONTUMAZA,CAJAMARCA,-78.9176894648387,-7.36430400050047,22734.0003503854,0,2500-3500,0,0.0671720204620204,27894.6283124238,2.40806293275122,2.99868737643453e-23,26.1251782300498,0.0023005833473142
060505,1186.30478124423,SAN BENITO,CONTUMAZA,CAJAMARCA,-78.9623216521005,-7.50278686234968,28839.054368932,0,500-1500,0,0.0671720204620204,33999.6823309704,1.97566611970469,2.46023680387754e-23,21.4340866255459,0.00118920965651015
060506,2620.94222833563,SANTA CRUZ DE TOLED,CONTUMAZA,CAJAMARCA,-78.8633983020775,-7.32766196233354,8313.02371916509,0,2500-3500,0,0.0671720204620204,13473.6516812034,4.98543542993096,6.20821079318025e-23,54.0872031996876,0.0127478265143118
060507,2122.68849449204,TANTARICA,CONTUMAZA,CAJAMARCA,-78.9498514244312,-7.27530948863411,21152.0851305335,0,1500-2500,0,0.0671720204620204,26312.7130925718,2.55283521032969,3.17896788128672e-23,27.6958188902532,0.00274169925745837
060508,890.062644246621,YONAN,CONTUMAZA,CAJAMARCA,-79.1691290905151,-7.27762464213585,55406.2047936463,0,500-1500,0,0.0671720204620204,60566.8327556846,1.10905618480959,1.38107386477044e-23,12.0321982042996,8.12303216085608e-05
060601,2448.76855713094,CUTERVO,CUTERVO,CAJAMARCA,-78.8330100715401,-6.38019533148584,410481.00940902,0,1500-2500,0,0.0671720204620204,415641.637371059,0.161610422109981,2.01248533038867e-24,1.75331841374804,0
060602,1686.69091440257,CALLAYUC,CUTERVO,CAJAMARCA,-78.9309540646256,-6.12740592630722,76930.1819682278,0,1500-2500,0,0.0671720204620204,82090.8099302661,0.818264803564262,1.01896022053936e-23,8.87739001408462,1.03723704725223e-05
060603,1045.87772774506,CHOROS,CUTERVO,CAJAMARCA,-78.7734390402928,-5.92461707072573,26266.0680169287,0,500-1500,0,0.0671720204620204,31426.695978967,2.13741910721308,2.66166286926189e-23,23.1889517374272,0.00156581681148549
060604,1206.79855465221,CUJILLO,CUTERVO,CAJAMARCA,-78.5588573760377,-6.116751209283,20495.1699421965,0,500-1500,0,0.0671720204620204,25655.7979042349,2.61820040494366,3.26036516591796e-23,28.4049686953128,0.00295074142174645
060605,1969.4661971831,LA RAMADA,CUTERVO,CAJAMARCA,-78.5696997079997,-6.23089848270215,31694.5022321429,0,1500-2500,0,0.0671720204620204,36855.1301941812,1.82259620595848,2.2696235056037e-23,19.7734245540156,0.000880107651117235
060606,1631.76367498672,PIMPINGOS,CUTERVO,CAJAMARCA,-78.7682934106399,-6.07089431384055,40772.8629373318,0,1500-2500,0,0.0671720204620204,45933.4908993701,1.4623756903036,1.82105187637601e-23,15.8653767012743,0.000346223595602102
060607,2107.21447299423,QUEROCOTILLO,CUTERVO,CAJAMARCA,-79.0916404477856,-6.19678642179788,106729.843983585,0,1500-2500,0,0.0671720204620204,111890.471945623,0.600337269956863,7.47581705003885e-24,6.51308483779766,6.53250588400489e-07
060608,2413.3335755814,SAN ANDRES DE CUTERVO,CUTERVO,CAJAMARCA,-78.7422817728984,-6.22406735391185,34015.0006891799,0,1500-2500,0,0.0671720204620204,39175.6286512182,1.71463797199159,2.13518640723069e-23,18.6021810348256,0.000691160627190435
060609,1634.21722365039,SAN JUAN DE CUTERVO,CUTERVO,CAJAMARCA,-78.6000928622187,-6.17421798576051,14794.1922257721,0,1500-2500,0,0.0671720204620204,19954.8201878104,3.36620524914842,4.19183280047269e-23,36.5201053912892,0.00568993676580643
060610,1957.10970996217,SAN LUIS DE LUCMA,CUTERVO,CAJAMARCA,-78.5787551728616,-6.2791017672809,23810.1737854581,0,1500-2500,0,0.0671720204620204,28970.8017474964,2.31861102939014,2.88729564752301e-23,25.1547106868052,0.00204414012041354
060611,1548.73673184358,SANTA CRUZ,CUTERVO,CAJAMARCA,-78.8414483822407,-6.10633815696717,21267.4260965721,0,1500-2500,0,0.0671720204620204,26428.0540586104,2.54169377408759,3.16509379030673e-23,27.5749449697236,0.00270666226749039
060612,2183.85233160622,SANTO DOMINGO DE LA CAPILLA,CUTERVO,CAJAMARCA,-78.8427236057824,-6.25794874731291,40072.1140142518,0,1500-2500,0,0.0671720204620204,45232.7419762901,1.48503092068198,1.84926374427277e-23,16.1111642691274,0.000371667665964082
060613,1623.97730829421,SANTO TOMAS,CUTERVO,CAJAMARCA,-78.6771058185776,-6.1180778170495,60748.159921671,0,1500-2500,0,0.0671720204620204,65908.7878837094,1.0191663755149,1.26913682494643e-23,11.0569798007647,4.84139437116893e-05
060614,2414.17121300058,SOCOTA,CUTERVO,CAJAMARCA,-78.6967210636814,-6.28736369471595,72967.0562560621,0,1500-2500,0,0.0671720204620204,78127.6842181004,0.859772321863575,1.07064826799793e-23,9.32770686366034,1.50781457709526e-05
060615,1079.63515406162,TORIBIO CASANOVA,CUTERVO,CAJAMARCA,-78.6924244566019,-5.98798685067113,8767.51018600531,0,500-1500,0,0.0671720204620204,13928.1381480436,4.82275662030645,6.00563182973221e-23,52.3222938038867,0.0120105613906004
060701,3098.24107850912,BAMBAMARCA,HUALGAYOC,CAJAMARCA,-78.4795024711325,-6.69306164534352,514037.627011079,0,2500-3500,0,0.0671720204620204,519198.254973118,0.129376437263832,1.61108534147769e-24,1.40361052708237,0
060702,3281.43197278912,CHUGUR,HUALGAYOC,CAJAMARCA,-78.7076829428959,-6.68551818413312,23419.4315684316,0,2500-3500,0,0.0671720204620204,28580.0595304699,2.35031072592437,2.92677031346348e-23,25.4986220566169,0.00213354747653582
060703,3521.86365422397,HUALGAYOC,HUALGAYOC,CAJAMARCA,-78.6002560745174,-6.75273082456149,129321.000061357,0,>3500,0,0.0671720204620204,134481.628023396,0.499488453919777,6.2199774809572e-24,5.41897169921443,8.35949163224825e-08
060801,1471.93696321504,JAEN,JAEN,CAJAMARCA,-78.8525539275119,-5.7701779092583,846487.176512299,0,500-1500,0,0.0671720204620204,851647.804474338,0.0788730037336044,9.82181476325509e-25,0.855696606618825,0
060802,728.080566253773,BELLAVISTA,JAEN,CAJAMARCA,-78.742632067669,-5.56466561744453,130878.625329492,0,500-1500,0,0.0671720204620204,136039.25329153,0.493769399910419,6.14875984445044e-24,5.35692543652351,7.26144873119949e-08
060803,2402.00156188989,CHONTALI,JAEN,CAJAMARCA,-79.133359888041,-5.63393586655417,83260.1951995373,0,1500-2500,0,0.0671720204620204,88420.8231615756,0.759685536282259,9.46013244390924e-24,8.24186102623563,5.72727430636633e-06
060804,1696.24973814155,COLASAY,JAEN,CAJAMARCA,-78.9794583852034,-5.90105014054791,84069.1737945296,0,1500-2500,0,0.0671720204620204,89229.8017565679,0.752798046613121,9.37436463425083e-24,8.16713835486496,5.31022305760853e-06
060805,1638.85608465608,HUABAL,JAEN,CAJAMARCA,-78.9058548806029,-5.60492611499977,71449.7581861146,0,1500-2500,0,0.0671720204620204,76610.3861481529,0.876800442333235,1.09185286743024e-23,9.51244567432106,1.74088205823209e-05
060806,1359.83287292818,LAS PIRIAS,JAEN,CAJAMARCA,-78.8495904005154,-5.63634186301103,37087.2650941355,0,500-1500,0,0.0671720204620204,42247.8930561738,1.58994959518352,1.97991577188427e-23,17.2494314770703,0.000503692777119147
060807,2035.34992792993,POMAHUACA,JAEN,CAJAMARCA,-79.1950114381744,-5.87540417908685,73905.3908370427,0,1500-2500,0,0.0671720204620204,79066.018799081,0.84956877154413,1.05794209777223e-23,9.21700810780589,1.37977146604795e-05
060808,1615.37484737485,PUCARA,JAEN,CAJAMARCA,-79.1236563999912,-6.03998757153772,55039.0036374218,0,1500-2500,0,0.0671720204620204,60199.6315994601,1.11582112177947,1.38949803459509e-23,12.10559129617,8.41884911214619e-05
060809,2417.31676101403,SALLIQUE,JAEN,CAJAMARCA,-79.3124285529017,-5.62568610995033,60110.0047770701,0,1500-2500,0,0.0671720204620204,65270.6327391084,1.02913083025427,1.28154525673349e-23,11.1650845983973,5.14875659562986e-05
060810,2131.5079086116,SAN FELIPE,JAEN,CAJAMARCA,-79.3102127689632,-5.78647775144321,37471.7238511125,0,1500-2500,0,0.0671720204620204,42632.3518131508,1.57561142196476,1.96206088177841e-23,17.0938760197195,0.000484265750882007
060811,1776.27368609224,SAN JOSE DEL ALTO,JAEN,CAJAMARCA,-79.055065394124,-5.51736451899534,64203.5760773967,0,1500-2500,0,0.0671720204620204,69364.204039435,0.968396039314914,1.2059140726713e-23,10.5061702417684,3.47321429352565e-05
060812,1071.09391304348,SANTA ROSA,JAEN,CAJAMARCA,-78.5875409869214,-5.42628290321874,82031.1736521242,0,500-1500,0,0.0671720204620204,87191.8016141625,0.770393766598231,9.59347877234498e-24,8.35803507705811,6.42518688998006e-06
060901,1292.70266159696,SAN IGNACIO,SAN IGNACIO,CAJAMARCA,-79.0078970339431,-5.14039949728733,322098.659064446,0,500-1500,0,0.0671720204620204,327259.287026484,0.205256269645861,2.55599376723048e-24,2.22683408909366,3.5527136788005e-15
060902,1192.53844208397,CHIRINOS,SAN IGNACIO,CAJAMARCA,-78.8824609491306,-5.30755008947001,127742.743675902,0,500-1500,0,0.0671720204620204,132903.37163794,0.505419987726215,6.29384106361673e-24,5.48332316435397,9.642612519567e-08
060903,1426.56059250423,HUARANGO,SAN IGNACIO,CAJAMARCA,-78.7147025740413,-5.09751923239481,147163.621549611,0,500-1500,0,0.0671720204620204,152324.249511649,0.440980478665567,5.49139549736638e-24,4.78421616163833,1.67581510890358e-08
060904,1474.17691622103,LA COIPA,SAN IGNACIO,CAJAMARCA,-78.9734882604081,-5.38963561619789,169455.067516166,0,500-1500,0,0.0671720204620204,174615.695478204,0.384684894894829,4.79036375061939e-24,4.1734629543312,2.28590946171892e-09
060905,1992.7950948239,NAMBALLE,SAN IGNACIO,CAJAMARCA,-79.1809789004982,-5.10727888742517,78880.0009027081,0,1500-2500,0,0.0671720204620204,84040.6288647465,0.799280316787323,9.95319417771359e-24,8.67142650129265,8.63438575704478e-06
060906,1621.68281675184,SAN JOSE DE LOURDES,SAN IGNACIO,CAJAMARCA,-78.8318563316089,-4.91603720649558,158559.769954953,0,1500-2500,0,0.0671720204620204,163720.397916991,0.410284981692249,5.10915382903045e-24,4.45119939601266,6.04068972620553e-09
060907,2248.0178425656,TABACONAS,SAN IGNACIO,CAJAMARCA,-79.2151241584516,-5.32433853353868,159331.628640777,0,1500-2500,0,0.0671720204620204,164492.256602815,0.408359772364329,5.08517978404139e-24,4.43031271728928,5.638174815914e-09
061001,2811.24183976261,PEDRO GALVEZ,SAN MARCOS,CAJAMARCA,-78.1712438828427,-7.32916073957927,174440.884572439,0,2500-3500,0,0.0671720204620204,179601.512534477,0.374005872857701,4.65738114397789e-24,4.05760578538095,1.46694911773437e-09
061002,2688.99078947368,CHANCAY,SAN MARCOS,CAJAMARCA,-78.1173096177872,-7.40943981526771,24492.0391839378,0,2500-3500,0,0.0671720204620204,29652.6671459762,2.26529438756188,2.82090205845612e-23,24.5762761486349,0.00189751200007815
061003,2213.10518731989,EDUARDO VILLANUEVA,SAN MARCOS,CAJAMARCA,-78.143401013934,-7.44124583079969,24626.7425210084,0,1500-2500,0,0.0671720204620204,29787.3704830467,2.25505035767594,2.80814548026002e-23,24.4651382282242,0.00186988834449897
061004,3396.01702472639,GREGORIO PITA,SAN MARCOS,CAJAMARCA,-78.1612429819362,-7.22207280512923,40776.8168054504,0,2500-3500,0,0.0671720204620204,45937.4447674888,1.46224982260136,1.82089513716266e-23,15.8640111571643,0.000346085247935224
061005,2541.39762219287,ICHOCAN,SAN MARCOS,CAJAMARCA,-78.0597957821512,-7.40608201540509,15722.0322093609,0,2500-3500,0,0.0671720204620204,20882.6601713992,3.21664097919952,4.0055849735735e-23,34.8974761999508,0.00509966057709477
061006,2743.41318864775,JOSE MANUEL QUIROZ,SAN MARCOS,CAJAMARCA,-78.0209726098279,-7.35601633881857,28878.2967302452,0,2500-3500,0,0.0671720204620204,34038.9246922836,1.97338843894936,2.45740047745282e-23,21.4093759691612,0.00118426566659835
061007,2665.08192177395,JOSE SABOGAL,SAN MARCOS,CAJAMARCA,-77.9681920913775,-7.22678554604729,105218.109935287,0,2500-3500,0,0.0671720204620204,110378.737897326,0.608559417706912,7.57820494999743e-24,6.60228727203737,7.50377912805966e-07
061101,2246.69393939394,SAN MIGUEL,SAN MIGUEL,CAJAMARCA,-78.9223570996406,-7.07748007884111,111512.610503282,0,1500-2500,0,0.0671720204620204,116673.238465321,0.575727744816017,7.16936213403052e-24,6.24609504209205,4.21723471366597e-07
061102,1518.71746031746,BOLIVAR,SAN MIGUEL,CAJAMARCA,-79.1624867379741,-6.97591162137952,10318.3959580838,0,1500-2500,0,0.0671720204620204,15479.0239201222,4.33955143480974,5.403911139517e-23,47.0799799834737,0.00984026230787671
061103,3188.63312981152,CALQUIS,SAN MIGUEL,CAJAMARCA,-78.9531156843528,-6.91373886781414,34181.0020954598,0,2500-3500,0,0.0671720204620204,39341.6300574982,1.70740308329492,2.126177020844e-23,18.5236894164778,0.000679377121746705
061104,3475.40169039146,CATILLUC,SAN MIGUEL,CAJAMARCA,-78.7338440094163,-6.80427772711905,22244.4290718039,0,2500-3500,0,0.0671720204620204,27405.0570338422,2.45108121391867,3.05225673084728e-23,26.5918854108983,0.00242838930943046
061105,2681.57307692308,EL PRADO,SAN MIGUEL,CAJAMARCA,-79.0033184194706,-7.03803878668351,13115.2148809524,0,2500-3500,0,0.0671720204620204,18275.8428429907,3.67545404275473,4.57693089776592e-23,39.8751588413094,0.006959435644186
061106,1086.28155339806,LA FLORIDA,SAN MIGUEL,CAJAMARCA,-79.1488356485092,-6.86888067380276,17148.2412220702,0,500-1500,0,0.0671720204620204,22308.8691841086,3.01100068800751,3.74950738652336e-23,32.6664758446018,0.00431894251807718
061107,3464.45772409409,LLAPA,SAN MIGUEL,CAJAMARCA,-78.748694092083,-6.89137250942688,36082.676883229,0,2500-3500,0,0.0671720204620204,41243.3048452674,1.62867696257683,2.02814178215393e-23,17.6695863500058,0.000558362997495565
061108,695.611417125689,NANCHOC,SAN MIGUEL,CAJAMARCA,-79.2477749137168,-7.0085103908841,10942.0007283321,0,500-1500,0,0.0671720204620204,16102.6286903705,4.17149409289863,5.1946344537411e-23,45.2567186597841,0.00909669393377477
061109,2269.91121495327,NIEPOS,SAN MIGUEL,CAJAMARCA,-79.1314385654998,-6.92671566463642,25685.6746055374,0,1500-2500,0,0.0671720204620204,30846.3025675757,2.17763604940544,2.71174380162907e-23,23.6252670713635,0.00166701410314907
061110,1076.20607122008,SAN GREGORIO,SAN MIGUEL,CAJAMARCA,-79.160971358222,-7.11797979584554,18081.0737025731,0,500-1500,0,0.0671720204620204,23241.7016646114,2.89015070545797,3.59901658655926e-23,31.3553691910901,0.00387925303913617
061111,3342.81678880746,SAN SILVESTRE DE COCHAN,SAN MIGUEL,CAJAMARCA,-78.7252636345514,-6.93143328447812,29257.9206559111,0,2500-3500,0,0.0671720204620204,34418.5486179495,1.95162269064971,2.43029625447878e-23,21.1732384306006,0.00113753700723973
061112,3107.66890005584,TONGOD,SAN MIGUEL,CAJAMARCA,-78.8335474649756,-6.78816204068652,19636.7443267776,0,2500-3500,0,0.0671720204620204,24797.3722888159,2.70883622989022,3.37323119629594e-23,29.3882806547104,0.00325006974987241
061113,1754.27801268499,UNION AGUA BLANCA,SAN MIGUEL,CAJAMARCA,-79.0541952128584,-7.11889809098699,24751.4084462654,0,1500-2500,0,0.0671720204620204,29912.0364083037,2.24565186887019,2.79644182860039e-23,24.3631736193246,0.0018447025904158
061201,2769.40610961366,SAN PABLO,SAN PABLO,CAJAMARCA,-78.7857853227869,-7.08601349015852,106499.118897228,0,2500-3500,0,0.0671720204620204,111659.746859267,0.601577760575461,7.4912645016315e-24,6.52654297382176,6.67211662030987e-07
061202,1798.27218614719,SAN BERNARDINO,SAN PABLO,CAJAMARCA,-78.7856528082305,-7.17498213165156,36178,0,1500-2500,0,0.0671720204620204,41338.6279620383,1.62492138161201,2.02346507164225e-23,17.628841890744,0.00055292087669967
061203,1456.4570230608,SAN LUIS,SAN PABLO,CAJAMARCA,-78.8730841758411,-7.15904621828961,7202.944386149,0,500-1500,0,0.0671720204620204,12363.5723481873,5.4330591976411,6.76562302828779e-23,58.9434926896276,0.0147819483043492
061204,3392.38321039691,TUMBADEN,SAN PABLO,CAJAMARCA,-78.676199623162,-6.98753485501369,29107.0271960838,0,2500-3500,0,0.0671720204620204,34267.6551581221,1.96021642426559,2.44099776902804e-23,21.2664722158655,0.00115587482945267
061301,1914.68593615186,SANTA CRUZ,SANTA CRUZ,CAJAMARCA,-78.9419157391564,-6.62755639358241,77534.0229615267,0,1500-2500,0,0.0671720204620204,82694.650923565,0.812289787934503,1.01151971568408e-23,8.81256681277548,9.79924614308292e-06
061302,2307.60416666667,ANDABAMBA,SANTA CRUZ,CAJAMARCA,-78.80972234487,-6.66400907691015,10337.5837676843,0,1500-2500,0,0.0671720204620204,15498.2117297226,4.33417878355586,5.39722074065996e-23,47.0216918591617,0.00981637760079757
061303,2167.88958034147,CATACHE,SANTA CRUZ,CAJAMARCA,-79.0769115825211,-6.74935561143992,78682.1965083232,0,1500-2500,0,0.0671720204620204,83842.8244703615,0.801166001817671,9.97667603867134e-24,8.69188437921336,8.79636287121066e-06
061304,2011.89433170049,CHANCAYBAÑOS,SANTA CRUZ,CAJAMARCA,-78.877939538108,-6.55596280698177,27485.2079885877,0,1500-2500,0,0.0671720204620204,32645.8359506261,2.05759841970695,2.56226459991122e-23,22.322973668839,0.00137376503499942
061305,2093.11127819549,LA ESPERANZA,SANTA CRUZ,CAJAMARCA,-78.859380252086,-6.62091599407585,18578.5123379339,0,1500-2500,0,0.0671720204620204,23739.1402999723,2.82958942966013,3.52360147561435e-23,30.6983373076874,0.00366483066166634
061306,2748.08837209302,NINABAMBA,SANTA CRUZ,CAJAMARCA,-78.7686903086639,-6.69573072522067,15703.9816158684,0,2500-3500,0,0.0671720204620204,20864.6095779068,3.2194237908553,4.009050324113e-23,34.9276670431796,0.00511048128462111
061307,2645.71525808281,PULAN,SANTA CRUZ,CAJAMARCA,-78.921162873191,-6.74656299682469,30702.0338213024,0,2500-3500,0,0.0671720204620204,35862.6617833407,1.87303499299162,2.33243338980642e-23,20.3206371218544,0.000976706202525546
061308,2103.85352112676,SAUCEPAMPA,SANTA CRUZ,CAJAMARCA,-78.90846913603,-6.68286040400036,11007.1095700416,0,1500-2500,0,0.0671720204620204,16167.7375320799,4.15469513459988,5.17371522297575e-23,45.0744660393624,0.00902280476393713
061309,1891.27516462841,SEXI,SANTA CRUZ,CAJAMARCA,-79.0363543469026,-6.58558329513167,3468.03611738149,0,1500-2500,0,0.0671720204620204,8628.66407941982,7.78475321831475,9.69411591654205e-23,84.4571221704186,0.0251786876268969
061310,2312.07708333333,UTICYACU,SANTA CRUZ,CAJAMARCA,-78.790537859714,-6.61470029135702,9891.52647975078,0,1500-2500,0,0.0671720204620204,15052.1544417891,4.46261833957347,5.55716260514637e-23,48.4151381213467,0.0103891510300584
061311,2476.38933333333,YAUYUCAN,SANTA CRUZ,CAJAMARCA,-78.8494398925445,-6.68285967466617,22693.4452078324,0,1500-2500,0,0.0671720204620204,27854.0731698707,2.41156903883915,3.00305342348559e-23,26.1632161256524,0.00231089313559674
070101,19.9929701230228,CALLAO,CALLAO,CALLAO,-77.1216293308723,-12.0165317597475,4118689.07388809,0,lowland (<500 m),0,0.0671720204620204,4123849.70185013,0.0162886684332565,2.02837823486318e-25,0.176716463744087,0
070102,36.5769230769231,BELLAVISTA,CALLAO,CALLAO,-77.1099459542989,-12.0599999955101,644830.611287887,0,lowland (<500 m),0,0.0671720204620204,649991.239249926,0.103342962805984,1.28689841862062e-24,1.12117224405059,0
070103,58.9090909090909,CARMEN DE LA LEGUA REYNOSO,CALLAO,CALLAO,-77.0904943441139,-12.0428211819432,371331.994517329,0,lowland (<500 m),0,0.0671720204620204,376492.622479368,0.178415236983034,2.221750568177e-24,1.9356345723959,0
070104,25.3947368421053,LA PERLA,CALLAO,CALLAO,-77.1161377305105,-12.0702892079229,514104.667253905,0,lowland (<500 m),0,0.0671720204620204,519265.295215944,0.129359733995098,1.61087734076302e-24,1.40342931260215,0
070105,1.14285714285714,LA PUNTA,CALLAO,CALLAO,-77.1628314264967,-12.0716645854395,31230.0645975271,0,lowland (<500 m),0,0.0671720204620204,36390.6925595655,1.84585716119777,2.29858966420828e-23,20.0257836569122,0.000924005307876063
070106,140.378285714286,VENTANILLA,CALLAO,CALLAO,-77.1308773508828,-11.8791513219173,2988144.22496394,0,lowland (<500 m),0,0.0671720204620204,2993304.85292598,0.0224407548721138,2.79447880856614e-25,0.243460713869722,0
070107,152.575757575758,MI PERU,CALLAO,CALLAO,-77.1205558594703,-11.8543384851934,422246.287091465,0,lowland (<500 m),0,0.0671720204620204,427406.915053503,0.157161754047923,1.9570874228913e-24,1.7050546227869,0
080101,3861.38326446281,CUSCO,CUSCO,CUSCO,-71.9813950950205,-13.4903001998472,945400.29058487,2,>3500,2.11550601360901,2.06717202046202,950560.918546909,2.17468652469117,0.277178390151654,5.98352504333326,0
080102,3956.12233752048,CCORCA,CUSCO,CUSCO,-72.0871078102997,-13.5895655361159,19251.0103820598,0,>3500,0,0.0671720204620204,24411.6383440981,2.75163917780472,3.42653240277178e-23,29.852651675845,0.0033950710261258
080103,3766.12048192771,POROY,CUSCO,CUSCO,-72.0311376427432,-13.5034550990874,98794.2859520056,1,>3500,10.1220428931062,1.06717202046202,103954.913914044,10.265719822965,0.316942372617878,36.8303406436245,0.000194615103458973
080104,3716.98983364141,SAN JERONIMO,CUSCO,CUSCO,-71.8674555968301,-13.5573914300187,564192.302251337,1,>3500,1.77244530988748,1.06717202046202,569352.930213375,1.87435940667255,0.0578687055300772,6.72464246315203,0
080105,3602.96296296296,SAN SEBASTIAN,CUSCO,CUSCO,-71.9257607183558,-13.533212312779,1074273.05264877,1,>3500,0.930862035061164,1.06717202046202,1079433.68061081,0.988640654475552,0.0305231508456922,3.54694777437962,0
080106,3779.09940652819,SANTIAGO,CUSCO,CUSCO,-71.9785598456994,-13.573103214319,830927.464541016,1,>3500,1.20347448203842,1.06717202046202,836088.092503054,1.27638705781248,0.0394069923452283,4.57929603993124,0
080107,3629.60869565217,SAYLLA,CUSCO,CUSCO,-71.8317555009143,-13.5530026811731,66794.6294468969,0,>3500,0,0.0671720204620204,71955.2574089353,0.933524844199627,1.1624900362098e-23,10.1278511475739,2.71082706343462e-05
080108,3315.69230769231,WANCHAQ,CUSCO,CUSCO,-71.9506768245465,-13.5316823115254,491105.443346144,1,2500-3500,2.03622259445244,1.06717202046202,496266.071308182,2.15040294342287,0.0663912343923746,7.71500433414734,0
080201,3988.57934038581,ACOMAYO,ACOMAYO,CUSCO,-71.6724799363206,-13.8931454027494,36944.4925181702,2,>3500,54.1352679026882,2.06717202046202,42105.1204802085,49.0955018507474,6.25755115147469,135.083452949928,0.142091916267768
080202,3828.88346281909,ACOPIA,ACOMAYO,CUSCO,-71.5013101145219,-14.0495317289639,24377.7029900332,0,>3500,0,0.0671720204620204,29538.3309520716,2.27406282944736,2.8318211318887e-23,24.6714053514237,0.00192129840018995
080203,3706.88640714742,ACOS,ACOMAYO,CUSCO,-71.730255027991,-13.939289943234,18809.0511195606,0,>3500,0,0.0671720204620204,23969.679081599,2.80237462643323,3.48971171061746e-23,30.4030827380793,0.00356983434692704
080204,3868.54368932039,MOSOC LLACTA,ACOMAYO,CUSCO,-71.4843818979201,-14.106545972262,8561.14758497317,0,>3500,0,0.0671720204620204,13721.7755470115,4.89528634482364,6.09595088508907e-23,53.1091719017208,0.012339013748221
080205,4018.89271653543,POMACANCHI,ACOMAYO,CUSCO,-71.6238960423124,-14.053632116848,60814.2088500196,2,>3500,32.8870511977294,2.06717202046202,65974.8368120579,31.3327341202944,3.99356721251875,86.210217958429,0.0282530397067874
080206,3834.0202020202,RONDOCAN,ACOMAYO,CUSCO,-71.7654024451331,-13.7876253561309,15330.0665993946,0,>3500,0,0.0671720204620204,20490.6945614329,3.27817196535885,4.08220763527642e-23,35.565028512733,0.00534039026023214
080207,4020.14489795918,SANGARARA,ACOMAYO,CUSCO,-71.5707719052743,-13.9539357409395,27244.1164483261,3,>3500,110.115518177662,3.06717202046202,32404.7444103644,94.6519429877376,19.9920150843941,226.235444788584,0.504650563893377
080301,3632.87359022556,ANTA,ANTA,CUSCO,-72.1599744836775,-13.4879032170589,203686.290144728,0,>3500,0,0.0671720204620204,208846.918106766,0.321632806799097,4.0051953147825e-24,3.48940814128036,1.10057629676419e-10
080302,3867.01769285209,ANCAHUASI,ANTA,CUSCO,-72.3222302726773,-13.4616221283666,62163.1704059136,1,>3500,16.0866956023992,1.06717202046202,67323.798367952,15.8513340948098,0.489391832604746,56.8698585618643,0.00411416794997255
080303,3701.32056451613,CACHIMAYO,ANTA,CUSCO,-72.0553875720702,-13.4635012123388,21934.624766878,0,>3500,0,0.0671720204620204,27095.2527289164,2.47910662188929,3.08715591722564e-23,26.8959342662019,0.00251316346978292
080304,3551.51268922529,CHINCHAYPUJIO,ANTA,CUSCO,-72.2715519774203,-13.6129288136314,34653.1318077803,1,>3500,28.8574206091087,1.06717202046202,39813.7597698187,26.8041005579936,0.827545985400275,96.1651176168318,0.0402804000834234
080305,4073.66933226709,HUAROCONDO,ANTA,CUSCO,-72.2767163359036,-13.3696565622558,37060.1596781025,0,>3500,0,0.0671720204620204,42220.7876401408,1.59097033041036,1.98118686235194e-23,17.2605054774064,0.000505092550007524
080306,3583.64061956143,LIMATAMBO,ANTA,CUSCO,-72.4455343004001,-13.4750885915992,62014.0294865277,0,>3500,0,0.0671720204620204,67174.6574485661,0.999960744324633,1.24522063778062e-23,10.8486170827302,4.28580094571363e-05
080307,3361.74904580153,MOLLEPATA,ANTA,CUSCO,-72.6231659535624,-13.4635804354648,27951.8768115942,0,2500-3500,0,0.0671720204620204,33112.5047736325,2.02859979700205,2.52615349888622e-23,22.0083663650648,0.0013069634084294
080308,3641.75844155844,PUCYURA,ANTA,CUSCO,-72.0936341467516,-13.4846805499436,25321.1800562676,0,>3500,0,0.0671720204620204,30481.8080183059,2.2036757275579,2.7441702191866e-23,23.9077726585447,0.00173408213318704
080309,3565.86251808973,ZURITE,ANTA,CUSCO,-72.246619665808,-13.4657206795039,30060.0265957447,1,>3500,33.2667703009139,1.06717202046202,35220.654557783,30.2996078256075,0.935465779239008,108.705955045541,0.0588606867002245
080401,4106.0729988726,CALCA,CALCA,CUSCO,-71.957772778057,-13.268716475583,187011.966510701,1,>3500,5.34725140138441,1.06717202046202,192172.594472739,5.55319567490881,0.171448572839444,19.9232096623227,1.22329631868645e-07
080402,3740.02889447236,COYA,CALCA,CUSCO,-71.915324178948,-13.4024156038142,29091.0024644031,0,>3500,0,0.0671720204620204,34251.6304264414,1.96113351760812,2.44213979741603e-23,21.2764218009454,0.0011578404202448
080403,3954.50875576037,LAMAY,CALCA,CUSCO,-71.8810855738404,-13.3220593505249,47615.6918918919,1,>3500,21.0014799799703,1.06717202046202,52776.3198539302,20.2206600122109,0.624289779059894,72.5456966614882,0.0137702306796418
080404,3984.68569704285,LARES,CALCA,CUSCO,-72.0260355533582,-13.0859998192441,51171.2597342398,0,>3500,0,0.0671720204620204,56331.8876962781,1.19243333055318,1.48490088316932e-23,12.9367604411242,0.000122917791211652
080405,3900.04827175209,PISAC,CALCA,CUSCO,-71.8083453635152,-13.389136773793,92624.8968052516,1,>3500,10.7962333507647,1.06717202046202,97785.5247672899,10.9133946256532,0.336938592287697,39.1540046458249,0.000325559083148241
080406,3741.33425034388,SAN SALVADOR,CALCA,CUSCO,-71.7742066073291,-13.4882117740734,49241.4802361817,1,>3500,20.3080816255645,1.06717202046202,54402.1081982201,19.6163725231688,0.605633093135945,70.3776933989879,0.0120329880483674
080407,3823.77022653722,TARAY,CALCA,CUSCO,-71.8838302925068,-13.4602186132947,38941.7700745033,1,>3500,25.6793668620302,1.06717202046202,44102.3980365416,24.1975962299783,0.747073141780298,86.8137575616768,0.0282519769338693
080408,2883.80210227525,YANATILE,CALCA,CUSCO,-72.1050994955147,-12.7956768916631,75597.9017829215,0,2500-3500,0,0.0671720204620204,80758.5297449598,0.831763786118365,1.03577009208763e-23,9.02384105585509,1.17599624482878e-05
080501,4076.98006644518,YANAOCA,CANAS,CUSCO,-71.442046924352,-14.2737768506156,74186.0154805418,8,>3500,107.837035702481,8.06717202046202,79346.6434425802,101.669984645285,44.0802980372778,182.91110898383,0.657655797583249
080502,4152.78210251955,CHECCA,CANAS,CUSCO,-71.4777278460516,-14.491603515921,43895.1042911461,13,>3500,296.160590342239,13.067172020462,49055.7322531845,266.374008097979,142.099651642271,429.045394031519,0.999667221970015
080503,4175.28409090909,KUNTURKANKI,CANAS,CUSCO,-71.2911802871341,-14.5523349589439,41440.0192159877,3,>3500,72.3937888243688,3.06717202046202,46600.647178026,65.8182279903681,13.9018700015698,157.317595546099,0.263377564873156
080504,4188.56776180698,LANGUI,CANAS,CUSCO,-71.2974071021749,-14.385336607896,16837.4780578898,0,>3500,0,0.0671720204620204,21998.1060199282,3.05353653633495,3.80247598202418e-23,33.1279490908392,0.00447722276233109
080505,4421.92093885114,LAYO,CANAS,CUSCO,-71.0919626113856,-14.5287933209062,44398.21875,2,>3500,45.0468522456208,2.06717202046202,49558.8467120383,41.7114633936767,5.31640590175212,114.766695326623,0.087180068184046
080506,3876.05898876405,PAMPAMARCA,CANAS,CUSCO,-71.4465579859627,-14.1418021735883,15123.0189174987,0,>3500,0,0.0671720204620204,20283.646879537,3.311634286524,4.12387724394794e-23,35.9280626729041,0.00547256516715566
080507,4122.55306603774,QUEHUE,CANAS,CUSCO,-71.4895074225532,-14.3656919238702,21287.5062869823,4,>3500,187.903643859219,4.06717202046202,26448.1342490206,153.779165750137,42.498437466471,335.303159716188,0.825060224069099
080508,3907.53969465649,TUPAC AMARU,CANAS,CUSCO,-71.5270572201992,-14.1510100409595,20968.1364323507,1,>3500,47.6914104038902,1.06717202046202,26128.7643943891,40.8428046712835,1.2609749379607,146.531800480205,0.12442094041929
080601,4280.05659609121,SICUANI,CANCHIS,CUSCO,-71.1036022533456,-14.2510434404953,516428.057405641,4,>3500,7.74551255037274,4.06717202046202,521588.685367679,7.79766151866386,2.15496311752717,17.0021766788196,1.66533453693773e-15
080602,4701.46026676686,CHECACUPE,CANCHIS,CUSCO,-71.0667612461494,-14.0059943612692,41659.3238297053,1,>3500,24.0042302195733,1.06717202046202,46819.9517917436,22.7931037863693,0.703711041988183,81.7748576090602,0.0225598847495556
080603,4173.25834175935,COMBAPATA,CANCHIS,CUSCO,-71.3341610181627,-14.0881479794066,40133.0017864232,1,>3500,24.9171493655452,1.06717202046202,45293.6297484615,23.5611945076729,0.727424965589637,84.5305380093311,0.0255991716069488
080604,4493.53847691385,MARANGANI,CANCHIS,CUSCO,-71.0956261203919,-14.3736382409987,83038.0646704295,3,>3500,36.1280096291589,3.06717202046202,88198.6926324678,34.7757084477795,7.34518981769416,83.120299702044,0.0235743846893611
080605,4819.01910828026,PITUMARCA,CANCHIS,CUSCO,-71.1581237602784,-13.8888047598521,66794.0783577571,3,>3500,44.9141611615874,3.06717202046202,71954.7063197954,42.6264267806234,9.00338799492417,101.884951518763,0.0644050851147864
080606,4484.33960678878,SAN PABLO,CANCHIS,CUSCO,-71.0875691534522,-14.1518026146947,35734.161461794,1,>3500,27.9844260811653,1.06717202046202,40894.7894238324,26.0955499587461,0.805670295052391,93.6230494147413,0.0368369341217677
080607,3850.51572327044,SAN PEDRO,CANCHIS,CUSCO,-71.3328205629049,-14.1660512400817,22425.0127614321,1,>3500,44.5930626947004,1.06717202046202,27585.6407234705,38.6857797199558,1.19437925663883,138.793038356922,0.110386500805299
080608,3777.62420382166,TINTA,CANCHIS,CUSCO,-71.3922979569478,-14.1587382501803,43711.0182515058,0,>3500,0,0.0671720204620204,48871.6462135441,1.374457904866,1.71157053775726e-23,14.9115528693015,0.000257608030562295
080701,4457.77573833839,SANTO TOMAS,CHUMBIVILCAS,CUSCO,-72.2086940647681,-14.6507980419781,182537.285782734,17,>3500,93.131657606843,17.067172020462,187697.913744772,90.9289383134521,53.0335465725962,138.873226722995,0.595556268158255
080702,3935.55103380374,CAPACMARCA,CHUMBIVILCAS,CUSCO,-71.9934912122383,-14.0438260926567,32965.1753246753,0,>3500,0,0.0671720204620204,38125.8032867137,1.7618519394037,2.19398052184643e-23,19.1144073960279,0.000770780009820227
080703,4000.72897322029,CHAMACA,CHUMBIVILCAS,CUSCO,-71.8815452845586,-14.3334759562531,52043.8527895695,6,>3500,115.287390890524,6.06717202046202,57204.4807516078,106.061132637612,39.193813189832,205.627083172321,0.660798284414729
080704,3863.13933151963,COLQUEMARCA,CHUMBIVILCAS,CUSCO,-72.0146213444604,-14.2377044015785,56901.3559767571,2,>3500,35.148547265147,2.06717202046202,62061.9839387954,33.3081846448969,4.24535163754585,91.6455565930413,0.0371495355745305
080705,4197.26679497755,LIVITACA,CHUMBIVILCAS,CUSCO,-71.6710143514395,-14.3813106189059,102427.309902393,13,>3500,126.919275849265,13.067172020462,107587.937864431,121.455734535294,64.7916727711406,195.627283056518,0.877141120420344
080706,4230.08075744918,LLUSCO,CHUMBIVILCAS,CUSCO,-72.2364557646517,-14.4623479120736,34588.9049753474,0,>3500,0,0.0671720204620204,39749.5329373857,1.68988200610636,2.10435855743415e-23,18.3336024971918,0.00065130136564151
080707,4024.8702556158,QUIÑOTA,CHUMBIVILCAS,CUSCO,-72.2052118725418,-14.37721774956,32093.0557482656,2,>3500,62.3187774853158,2.06717202046202,37253.6837103039,55.4890634852914,7.07245348386944,152.674970496036,0.193227269291271
080708,4157.05258302583,VELILLE,CHUMBIVILCAS,CUSCO,-71.8787418450479,-14.5415822164835,67804.5984803514,5,>3500,73.7413112393684,5.06717202046202,72965.2264423898,69.4463961468391,22.7654019138967,141.694211488066,0.278049662628819
080801,4156.45535396656,ESPINAR,ESPINAR,CUSCO,-71.352918155365,-14.9253064642211,313246.060153718,5,>3500,15.9618926972182,5.06717202046202,318406.688115756,15.9141507059672,5.21685871464988,32.4702671541999,6.81342093855619e-08
080802,4774.06121756826,CONDOROMA,ESPINAR,CUSCO,-71.0740280552032,-15.3007668558289,6958.59040178571,3,>3500,431.121797200499,3.06717202046202,12119.2183638241,253.083320094104,53.4552740622065,604.91539510688,0.923440198274127
080803,4278.37116738587,COPORAQUE,ESPINAR,CUSCO,-71.6353768028584,-14.7571719460736,77245.3200468933,15,>3500,194.186521473326,15.067172020462,82405.9480089316,182.840831086962,102.486617443073,286.070210092459,0.99510177538392
080804,4341.93932748538,OCORURO,ESPINAR,CUSCO,-71.1390168320145,-15.0878737730774,7887.46956521739,1,>3500,126.78337351815,1.06717202046202,13048.0975272557,81.7875570160969,2.52509739388298,293.429358803861,0.361782364414613
080805,4221.40925648168,PALLPATA,ESPINAR,CUSCO,-71.0911358907532,-14.9073209085175,40790.0095516569,4,>3500,98.0632278336281,4.06717202046202,45950.6375136953,88.5117648095705,24.4611269898449,192.992817121448,0.475187481379811
080806,4020.87968,PICHIGUA,ESPINAR,CUSCO,-71.3437508400329,-14.679345201995,22463.4143646409,4,>3500,178.067320268832,4.06717202046202,27624.0423266792,147.233050556615,40.6893519128905,321.029879603454,0.805749480377729
080807,4430.29725588522,SUYCKUTAMBO,ESPINAR,CUSCO,-71.6582286366044,-15.0011427199331,12319.1609756098,2,>3500,162.348718712234,2.06717202046202,17479.7889376481,118.260696844556,15.0731193656712,325.387513638055,0.589279352440986
080808,4146.45583211323,ALTO PICHIGUA,ESPINAR,CUSCO,-71.2226488588219,-14.737922926652,15792.6767177459,4,>3500,253.281952862701,4.06717202046202,20953.3046797843,194.10647067935,53.6432985948642,423.233619604192,0.904475119730176
080901,2179.72599954823,SANTA ANA,LA CONVENCION,CUSCO,-72.7433576065649,-12.8768030129351,239656.899109792,0,1500-2500,0,0.0671720204620204,244817.527071831,0.274375863793084,3.41671900665249e-24,2.97671553601325,4.65549820916067e-12
080902,1702.67971961202,ECHARATE,LA CONVENCION,CUSCO,-72.8331346827381,-12.3549736715444,177555.446819965,0,1500-2500,0,0.0671720204620204,182716.074782003,0.367630601424438,4.57799183189532e-24,3.98844019166092,1.112285485938e-09
080903,3031.74424808269,HUAYOPATA,LA CONVENCION,CUSCO,-72.4733054731304,-13.0509534050467,43840.0723981901,0,2500-3500,0,0.0671720204620204,49000.7003602284,1.37083796697202,1.70706273942752e-23,14.8722800075437,0.000254299606697095
080904,2097.464171123,MARANURA,LA CONVENCION,CUSCO,-72.6438203540292,-12.9375577302713,41457.3508245877,0,1500-2500,0,0.0671720204620204,46617.9787866261,1.4409037502349,1.79431352383719e-23,15.6324267008361,0.000323102520672691
080905,2954.80527445569,OCOBAMBA,LA CONVENCION,CUSCO,-72.3620916329135,-12.9162789327129,47695.2151037345,0,2500-3500,0,0.0671720204620204,52855.8430657728,1.27085325984552,1.58255483100911e-23,13.7875416236615,0.000173211427817011
080906,1871.28575285753,QUELLOUNO,LA CONVENCION,CUSCO,-72.4451047847277,-12.5071490298053,121075.012905775,0,1500-2500,0,0.0671720204620204,126235.640867813,0.532116128220549,6.62627996465666e-24,5.77295073968984,1.76503387128157e-07
080907,2173.47612037946,KIMBIRI,LA CONVENCION,CUSCO,-73.6687618516558,-12.5515301353479,129671.412897016,1,1500-2500,7.71179998473672,1.06717202046202,134832.040859055,7.91482509396693,0.244361183375144,28.396031585958,1.47807253517707e-05
080908,3597.43118536197,SANTA TERESA,LA CONVENCION,CUSCO,-72.7329605800778,-13.244354159798,55529.0012914335,0,>3500,0,0.0671720204620204,60689.6292534718,1.10681217348478,1.37827946586135e-23,12.0078528290132,8.02649270347233e-05
080909,3030.42879528411,VILCABAMBA,LA CONVENCION,CUSCO,-73.0531698111221,-13.048711536719,81712.0642919201,0,2500-3500,0,0.0671720204620204,86872.6922539584,0.77322365313203,9.62871848684842e-24,8.38873663766137,6.62007059459846e-06
080910,1766.19180470793,PICHARI,LA CONVENCION,CUSCO,-73.7891129173251,-12.3933684639295,197203.244074924,0,1500-2500,0,0.0671720204620204,202363.872036962,0.331936821458681,4.13350806884739e-24,3.60119683907786,1.95102822786453e-10
080911,2851.68863714384,INKAWASI,LA CONVENCION,CUSCO,-73.2090190584509,-13.3019365423833,40347.8748744728,0,2500-3500,0,0.0671720204620204,45508.5028365111,1.476032307706,1.83805804579642e-23,16.0135379302874,0.000361431993240124
080912,2449.34265031168,VILLA VIRGEN,LA CONVENCION,CUSCO,-73.3397757884845,-13.0543949934946,19177.4604651163,0,1500-2500,0,0.0671720204620204,24338.0884271546,2.75995465556263,3.43688741378189e-23,29.9428666513503,0.0034235025412247
080913,1551.56718403548,VILLA KINTIARINA,LA CONVENCION,CUSCO,-73.4779370999785,-12.9093974789118,18979.3336170213,0,1500-2500,0,0.0671720204620204,24139.9615790596,2.7826067677046,3.46509539863389e-23,30.1886203893226,0.00350137624187019
080914,577.850813398714,MEGANTONI,LA CONVENCION,CUSCO,-72.8589959602924,-11.7510565396783,59905.1530517675,1,500-1500,16.6930547550032,1.06717202046202,65065.7810138059,16.4014325784483,0.506375494888987,58.8434478365904,0.00496360911677884
080915,2106.24627269448,KUMPIRUSHIATO,LA CONVENCION,CUSCO,-73.3689936362362,-12.5772650346002,23461,0,1500-2500,0,0.0671720204620204,28621.6279620383,2.34689726772749,2.92251963800739e-23,25.4615893019652,0.00212384146130518
080916,1634.63180639585,CIELO PUNCO,LA CONVENCION,CUSCO,-73.5453243741622,-12.7970723471223,8990,0,1500-2500,0,0.0671720204620204,14150.6279620383,4.74692859159478,5.91120549668874e-23,51.4996322621211,0.0116677170986814
080917,1764.98636081835,MANITEA,LA CONVENCION,CUSCO,-73.5889505914383,-12.7244961871617,14405,0,1500-2500,0,0.0671720204620204,19565.6279620383,3.43316455737322,4.27521518619758e-23,37.2465498034105,0.00595959091413278
080918,1621.79117392558,UNION ASHANINKA,LA CONVENCION,CUSCO,-73.8453605825858,-12.3265334651491,23233,0,1500-2500,0,0.0671720204620204,28393.6279620383,2.3657427839735,2.94598738500881e-23,25.6660451174957,0.00217766208438508
081001,3745.5487593768,PARURO,PARURO,CUSCO,-71.8557012203678,-13.726680824658,27798.0103478011,0,>3500,0,0.0671720204620204,32958.6383098394,2.0380702573494,2.53794677451302e-23,22.1111117963117,0.00132860288034142
081002,3768.5167587477,ACCHA,PARURO,CUSCO,-71.8626509219082,-13.9884903171375,25013.636992765,0,>3500,0,0.0671720204620204,30174.2649548034,2.22613609851422,2.77213943458407e-23,24.1514461881549,0.00179289101675695
081003,3563.44120032441,CCAPI,PARURO,CUSCO,-72.0194345417051,-13.8606742398184,24981.6664566929,1,>3500,40.0293551966821,1.06717202046202,30142.2944187312,35.4044720563426,1.09307263088538,127.020685215444,0.0894518447591661
081004,3509.87649653434,COLCHA,PARURO,CUSCO,-71.8670093500842,-13.8709407996496,7591.64168377823,0,>3500,0,0.0671720204620204,12752.2696458166,5.26745609430055,6.55940253100272e-23,57.1468575056467,0.0140291469120214
081005,3601.10336421258,HUANOQUITE,PARURO,CUSCO,-72.0792063561039,-13.6988110786032,40632.1125879593,4,>3500,98.4443029227413,4.06717202046202,45792.7405499977,88.8169603219397,24.5454708756646,193.658271502927,0.477885040457473
081006,4055.32118591723,OMACHA,PARURO,CUSCO,-71.7863518539787,-14.1397049642331,46740.173824478,4,>3500,85.5794848992449,4.06717202046202,51900.8017865164,78.3643389015747,21.6567825697607,170.867167308357,0.379459444882511
081007,3470.76670792079,PACCARITAMBO,PARURO,CUSCO,-71.9371340975409,-13.7686669668273,16742.2082152975,0,2500-3500,0,0.0671720204620204,21902.8361773358,3.06681837539959,3.8190154514032e-23,33.272044333562,0.0045270033866307
081008,3660.11646136618,PILLPINTO,PARURO,CUSCO,-71.7691488772046,-13.9748209857689,8271.30740037951,0,>3500,0,0.0671720204620204,13431.9353624178,5.00091897776442,6.22749198338468e-23,54.2551848754491,0.0128180947180785
081009,3790.40802092415,YAURISQUE,PARURO,CUSCO,-71.9125877357072,-13.6509167197255,15459.9347826087,0,>3500,0,0.0671720204620204,20620.562744647,3.25752605754941,4.05649791553398e-23,35.3410401717694,0.00525927675430349
081101,3405.13204651914,PAUCARTAMBO,PAUCARTAMBO,CUSCO,-71.4640663666514,-13.3013515494311,107627.599939954,0,2500-3500,0,0.0671720204620204,112788.227901992,0.595558789348034,7.41631208741787e-24,6.4612428963448,6.01671279576443e-07
081102,3891.83017312448,CAICAY,PAUCARTAMBO,CUSCO,-71.6764541936684,-13.5643015328757,24449.9347753744,1,>3500,40.8999046086285,1.06717202046202,29610.5627374127,36.0402478644439,1.11270148269,129.301659174325,0.0934532409940382
081103,3621.93005437469,CHALLABAMBA,PAUCARTAMBO,CUSCO,-71.7693350005589,-13.1392609493049,75376.0422475708,0,>3500,0,0.0671720204620204,80536.6702096091,0.834055099213748,1.03862339444992e-23,9.04869961008287,1.20086696263622e-05
081104,3855.89921290075,COLQUEPATA,PAUCARTAMBO,CUSCO,-71.6542702614653,-13.4030260489066,71319.107099075,0,>3500,0,0.0671720204620204,76479.7350611134,0.878298289191831,1.09371809047139e-23,9.52869587925131,1.76258570687704e-05
081105,3835.53377563329,HUANCARANI,PAUCARTAMBO,CUSCO,-71.6311469940717,-13.5109992753896,62853.2584745763,1,>3500,15.9100741038668,1.06717202046202,68013.8864366146,15.690501989716,0.48442632508451,56.2928409421367,0.00388476236155266
081106,2026.938173859,KOSÑIPATA,PAUCARTAMBO,CUSCO,-71.4637486279709,-13.0449921873356,39163.0818833163,0,1500-2500,0,0.0671720204620204,44323.7098453546,1.51548732487383,1.88719017615275e-23,16.4415871068933,0.000407580867138768
081201,3725.91989987484,URCOS,QUISPICANCHI,CUSCO,-71.5991405767424,-13.687870098881,97400.3044893191,0,>3500,0,0.0671720204620204,102560.932451357,0.654947443012754,8.15586089083877e-24,7.10555295183861,1.54052708922769e-06
081202,3558.79402677652,ANDAHUAYLILLAS,QUISPICANCHI,CUSCO,-71.7003217874179,-13.6657653677735,55875.5102071006,1,>3500,17.8969283017468,1.06717202046202,61036.1381691389,17.4842651005336,0.539806712048231,62.728327936199,0.00693749820613532
081203,1838.07634028051,CAMANTI,QUISPICANCHI,CUSCO,-70.7489050240349,-13.3423075443395,20818.1408450704,0,1500-2500,0,0.0671720204620204,25978.7688071088,2.58565065037415,3.21983194861449e-23,28.05183500935,0.0028459084830097
081204,4278.77539175856,CCARHUAYO,QUISPICANCHI,CUSCO,-71.3439897759523,-13.5369771826976,25236.2681760204,0,>3500,0,0.0671720204620204,30396.8961380587,2.20983156164806,2.75183589175958e-23,23.9745575671004,0.00175011229552124
081205,3897.32431629013,CCATCA,QUISPICANCHI,CUSCO,-71.5057613693202,-13.6003695068169,120604.526697254,2,>3500,16.5831254826817,2.06717202046202,125765.154659292,16.4367628383407,2.09497571769926,45.2248087059388,0.00034172668715815
081206,4273.7354862119,CUSIPATA,QUISPICANCHI,CUSCO,-71.4379071511151,-13.885980877516,37263.0002139953,0,>3500,0,0.0671720204620204,42423.6281760336,1.58336340737513,1.97171419294244e-23,17.1779776425336,0.000494714460601009
081207,4134.3336038961,HUARO,QUISPICANCHI,CUSCO,-71.6723996078801,-13.7553131680028,39705.7076641594,1,>3500,25.1852959896407,1.06717202046202,44866.3356261977,23.7855845717628,0.734352752489241,85.3355826277308,0.0265208900678799
081208,3721.89753178758,LUCRE,QUISPICANCHI,CUSCO,-71.7678250816684,-13.6449826988687,41990.4144620811,0,>3500,0,0.0671720204620204,47151.0424241195,1.42461368844858,1.77402800638846e-23,15.4556951205448,0.000306202783517562
081209,4208.27072609049,MARCAPATA,QUISPICANCHI,CUSCO,-70.9127051755738,-13.6397832546205,39558.3937360179,0,>3500,0,0.0671720204620204,44719.0216980562,1.50209056261488,1.87050759642253e-23,16.2962450574973,0.000391541879657509
081210,4489.84665367122,OCONGATE,QUISPICANCHI,CUSCO,-71.2689447376069,-13.6876722013346,148047.855513308,5,>3500,33.7728633938271,5.06717202046202,153208.483475346,33.0737039197794,10.8419760317436,67.4815779928157,0.00443369663638449
081211,3667.53483146067,OROPESA,QUISPICANCHI,CUSCO,-71.7886520112293,-13.5740875748494,92984.3677401846,0,>3500,0,0.0671720204620204,98144.9957022229,0.684416153685755,8.52282576328074e-24,7.42526026017806,2.31730542721298e-06
081212,4019.66554054054,QUIQUIJANA,QUISPICANCHI,CUSCO,-71.5331644304143,-13.8056122553887,94811.8912173098,1,>3500,10.5472002209933,1.06717202046202,99972.5191793481,10.6746536870551,0.329567738531196,38.2974733703001,0.000271286320463915
081301,3964.44541963796,URUBAMBA,URUBAMBA,CUSCO,-72.1312667860253,-13.2449427948458,190493.737102747,0,>3500,0,0.0671720204620204,195654.365064786,0.343319815225069,4.27525702087458e-24,3.72469142756798,3.53174489653441e-10
081302,3843.94148020654,CHINCHERO,URUBAMBA,CUSCO,-72.0387777169895,-13.4093842056753,98551.6033380387,0,>3500,0,0.0671720204620204,103712.231300077,0.647676938582754,8.06532351509982e-24,7.02667493686949,1.38531009963305e-06
081303,3549.42807825086,HUAYLLABAMBA,URUBAMBA,CUSCO,-72.0498104689551,-13.3418913782481,50472.7293281654,0,>3500,0,0.0671720204620204,55633.3572902037,1.20740547998257,1.50354524452774e-23,13.0991939336256,0.000131658865077156
081304,3456.94945054945,MACHUPICCHU,URUBAMBA,CUSCO,-72.5001626747584,-13.2014598159691,45581.4062775525,0,2500-3500,0,0.0671720204620204,50742.0342395908,1.3237943939112,1.64848081170411e-23,14.3619022619803,0.000213698154858499
081305,3441.37173100872,MARAS,URUBAMBA,CUSCO,-72.1621894633064,-13.3370012542007,54092.5173131223,0,2500-3500,0,0.0671720204620204,59253.1452751607,1.13364480737834,1.41169332703531e-23,12.2989612271023,9.23311619265288e-05
081306,4054.56478658537,OLLANTAYTAMBO,URUBAMBA,CUSCO,-72.3163844314699,-13.2364705545818,94241.2661913761,0,>3500,0,0.0671720204620204,99401.8941534144,0.675761976510716,8.41505793256809e-24,7.33137072014266,2.06275375114195e-06
081307,3617.96268656716,YUCAY,URUBAMBA,CUSCO,-72.0732258921414,-13.2942384127436,27189.3223801066,0,>3500,0,0.0671720204620204,32349.9503421449,2.07641803933498,2.58570009864356e-23,22.5271485308482,0.00141797346583405
090101,4446.92665628784,HUANCAVELICA,HUANCAVELICA,HUANCAVELICA,-75.0086246759678,-12.8628460662902,342482.854220369,5,>3500,14.5992709952796,5.06717202046202,347643.482182407,14.5757716746241,4.77812123866578,29.7395198146644,8.24153245648773e-09
090102,4519.86665067754,ACOBAMBILLA,HUANCAVELICA,HUANCAVELICA,-75.3712701162617,-12.7040980244818,14948.9861864825,3,>3500,200.682505326865,3.06717202046202,20109.6141485208,152.522668899026,32.2152446224629,364.557057673751,0.773620968024603
090103,3855.49569175744,ACORIA,HUANCAVELICA,HUANCAVELICA,-74.8235148814105,-12.5995681789624,133977.157885971,2,>3500,14.9279178000045,2.06717202046202,139137.78584801,14.8570139151139,1.89362611700406,40.8782202956169,0.000122682217727266
090104,4035.53978494624,CONAYCA,HUANCAVELICA,HUANCAVELICA,-75.0398192925654,-12.5179576373551,6736.02389078498,0,>3500,0,0.0671720204620204,11896.6518528233,5.6462962262848,7.03116060095069e-23,61.256910376016,0.0157502326184473
090105,3900.8656,CUENCA,HUANCAVELICA,HUANCAVELICA,-75.0558007036799,-12.4599019908883,8449.29292035398,0,>3500,0,0.0671720204620204,13609.9208823923,4.9355188059119,6.14605114266432e-23,53.5456556008256,0.0125213925392937
090106,4556.87454164484,HUACHOCOLPA,HUANCAVELICA,HUANCAVELICA,-74.957001843787,-13.0458793598633,14269.5520338088,0,>3500,0,0.0671720204620204,19430.1799958471,3.45709717956176,4.30501775118278e-23,37.5061958499006,0.00605672060211648
090107,3839.88048780488,HUAYLLAHUARA,HUANCAVELICA,HUANCAVELICA,-75.1829665532964,-12.4014721035009,5281.53010279002,0,>3500,0,0.0671720204620204,10442.1580648284,6.43277185089465,8.01053472581899e-23,69.7894182216674,0.0192916862097036
090108,3380.73571428571,IZCUCHACA,HUANCAVELICA,HUANCAVELICA,-75.0135560061,-12.4963448187036,7303.05349344978,0,2500-3500,0,0.0671720204620204,12463.6814554881,5.38942050965548,6.71128110017334e-23,58.4700546885505,0.014583608731554
090109,4327.88873626374,LARIA,HUANCAVELICA,HUANCAVELICA,-75.0802484537665,-12.5532456429294,5671.37081659973,0,>3500,0,0.0671720204620204,10831.9987786381,6.20125812740039,7.7222377421017e-23,67.2777158875096,0.0182558251389984
090110,4261.70532212885,MANTA,HUANCAVELICA,HUANCAVELICA,-75.1604977613901,-12.6087599105916,7233.01247401247,0,>3500,0,0.0671720204620204,12393.6404360508,5.41987810672879,6.74920901751223e-23,58.8004904679385,0.0147220439333434
090111,3236.31666666667,MARISCAL CACERES,HUANCAVELICA,HUANCAVELICA,-74.9353060595032,-12.5479205602477,3928.63035019455,0,2500-3500,0,0.0671720204620204,9089.25831223289,7.3902642167861,9.20287078630174e-23,80.1772940419421,0.0234929780270615
090112,4037.05855018587,MOYA,HUANCAVELICA,HUANCAVELICA,-75.1317703004528,-12.4637752998406,7126.60351966874,0,>3500,0,0.0671720204620204,12287.2314817071,5.46681492588663,6.80765800785395e-23,59.3097100358214,0.0149353388365862
090113,4514.28607142857,NUEVO OCCORO,HUANCAVELICA,HUANCAVELICA,-75.1392157489072,-12.7077334161855,13552.0350480498,0,>3500,0,0.0671720204620204,18712.6630100881,3.5896558616915,4.47008903787257e-23,38.9443306882718,0.00660136327081984
090114,4140.81768558952,PALCA,HUANCAVELICA,HUANCAVELICA,-74.9791356577617,-12.6695795449673,15007.6927680798,1,>3500,66.632494111748,1.06717202046202,20168.3207301181,52.9132809192374,1.63363710355926,189.837068850029,0.202745216641711
090115,3760.12866817156,PILCHACA,HUANCAVELICA,HUANCAVELICA,-75.0889931954686,-12.4136133276036,4146.15340909091,0,>3500,0,0.0671720204620204,9306.78137112924,7.21753501918462,8.98777638102494e-23,78.3033475551214,0.0227461162310035
090116,4224.81129911098,VILCA,HUANCAVELICA,HUANCAVELICA,-75.2688636068224,-12.5330265942793,14472.848074922,0,>3500,0,0.0671720204620204,19633.4760369603,3.42130045314279,4.26044117879744e-23,37.1178356268231,0.00591158470953157
090117,4079.8746548868,YAULI,HUANCAVELICA,HUANCAVELICA,-74.8290191673901,-12.8171691942206,156901.041591672,2,>3500,12.7468879728977,2.06717202046202,162061.66955371,12.7554654111281,1.62576965836199,35.0959303146898,2.07953988301535e-05
090118,4610.18639308855,ASCENSION,HUANCAVELICA,HUANCAVELICA,-75.1865852839022,-12.8284460959068,151674.187273841,3,>3500,19.7792389985492,3.06717202046202,156834.815235879,19.556703757702,4.13069086786372,46.7440966721147,0.000215249729668354
090119,4086.87296564195,HUANDO,HUANCAVELICA,HUANCAVELICA,-75.013590829117,-12.6272753267041,51338.7621997281,0,>3500,0,0.0671720204620204,56499.3901617664,1.18889815039944,1.48049863107024e-23,12.8984071197323,0.00012091149243354
090201,3429.14112615823,ACOBAMBA,ACOBAMBA,HUANCAVELICA,-74.5663925120144,-12.8233089989575,75537.1418358889,2,2500-3500,26.4770409813119,2.06717202046202,80697.7697979273,25.6162224264482,3.2649594382059,70.4815644296205,0.00986542599318774
090202,3442.00216684724,ANDABAMBA,ACOBAMBA,HUANCAVELICA,-74.6549315034143,-12.6611858541356,24787.6145421357,0,2500-3500,0,0.0671720204620204,29948.242504174,2.24293697543882,2.79306105455571e-23,24.3337196238308,0.00183745555103976
090203,3648.72975609756,ANTA,ACOBAMBA,HUANCAVELICA,-74.6640041560552,-12.8178498451539,34900.506782535,2,>3500,57.3057581215654,2.06717202046202,40061.1347445733,51.6004360246446,6.57682182054515,141.975635428294,0.161922781779371
090204,3235.95514780836,CAJA,ACOBAMBA,HUANCAVELICA,-74.473422981384,-12.8728716662261,14114.9809220986,0,2500-3500,0,0.0671720204620204,19275.6088841369,3.48481964257432,4.33953968943813e-23,37.806958042337,0.00616970648044746
090205,2898.09907597536,MARCAS,ACOBAMBA,HUANCAVELICA,-74.3977840558264,-12.874422437179,11864.9885859226,1,2500-3500,84.281581289211,1.06717202046202,17025.616547961,62.6803744496306,1.93518495899347,224.878487087237,0.261977876581306
090206,4041.74307507025,PAUCARA,ACOBAMBA,HUANCAVELICA,-74.7273881414205,-12.7230537443866,70601.1751589143,0,>3500,0,0.0671720204620204,75761.8031209526,0.886621195575047,1.10408235212217e-23,9.61899144823177,1.88684197899303e-05
090207,3307.8115942029,POMACOCHA,ACOBAMBA,HUANCAVELICA,-74.5200152824861,-12.8615690111385,22462.972082072,0,2500-3500,0,0.0671720204620204,27623.6000441103,2.43168958263071,3.02810892342879e-23,26.3815047698115,0.00237042591073167
090208,3641.499543379,ROSARIO,ACOBAMBA,HUANCAVELICA,-74.60062395755,-12.7427671788319,38769.7319223986,0,>3500,0,0.0671720204620204,43930.3598844369,1.52905691277565,1.9040879703886e-23,16.588804149115,0.000424215212570522
090301,4278.46415215301,LIRCAY,ANGARAES,HUANCAVELICA,-74.7375680786858,-13.1037214336107,203752.017169877,4,>3500,19.6317074822627,4.06717202046202,208912.645131915,19.4682902889572,5.38026015025128,42.449048389076,2.87018672612271e-05
090302,3716.57511737089,ANCHONGA,ANGARAES,HUANCAVELICA,-74.7060355387621,-12.8873219656055,60963.2838966714,0,>3500,0,0.0671720204620204,66123.9118587097,1.01585067449655,1.26500788352528e-23,11.0210076179435,4.74204667428868e-05
090303,3518.81588447653,CALLANMARCA,ANGARAES,HUANCAVELICA,-74.624540797063,-12.878572377331,4731.51104100946,1,>3500,211.348973157347,1.06717202046202,9892.1390030478,107.880815274959,3.33069693531936,387.044186282993,0.466536562460883
090304,4140.93103448276,CCOCHACCASA,ANGARAES,HUANCAVELICA,-74.8051801372252,-12.9350587168496,24823.0310945274,0,>3500,0,0.0671720204620204,29983.6590565657,2.24028762918151,2.78976190440912e-23,24.3049767524449,0.0018303957196204
090305,2717.22392638037,CHINCHO,ANGARAES,HUANCAVELICA,-74.3431950945967,-12.9847652785425,7474.53380423814,0,2500-3500,0,0.0671720204620204,12635.1617662765,5.31627704532474,6.62019777333241e-23,57.6765181011072,0.0142511028561565
090306,3685.30967469371,CONGALLA,ANGARAES,HUANCAVELICA,-74.5404719074713,-12.981801617476,29419.3197598538,0,>3500,0,0.0671720204620204,34579.9477218922,1.94251364988312,2.41895304364044e-23,21.0744140559154,0.00111825975555579
090307,3942.81265406738,HUANCA-HUANCA,ANGARAES,HUANCAVELICA,-74.6264605863695,-12.9647937720587,10860.137737175,1,>3500,92.0798634603807,1.06717202046202,16020.7656992133,66.6117987428293,2.05656319303279,238.98326477747,0.284290776477857
090308,3908.46408839779,HUAYLLAY GRANDE,ANGARAES,HUANCAVELICA,-74.6710827061003,-12.9235690811288,8058.45149592022,0,>3500,0,0.0671720204620204,13219.0794579586,5.08144464035122,6.32776813671684e-23,55.1288112489797,0.0131837369097507
090309,3208.81058020478,JULCAMARCA,ANGARAES,HUANCAVELICA,-74.4309543003198,-13.0125165105623,15062.4111169376,0,2500-3500,0,0.0671720204620204,20223.0390789759,3.32155914843942,4.13623637199806e-23,36.0357379262883,0.00551193321565735
090310,3346.38701298701,SAN ANTONIO DE ANTAPARCO,ANGARAES,HUANCAVELICA,-74.4306672701371,-13.0655208961655,18746.6147938561,0,2500-3500,0,0.0671720204620204,23907.2427558944,2.80969332799613,3.49882546661198e-23,30.4824836458142,0.00359529643044676
090311,3940.57279084552,SANTO TOMAS DE PATA,ANGARAES,HUANCAVELICA,-74.4709875991495,-13.1435539915216,11688.2350260417,0,>3500,0,0.0671720204620204,16848.86298808,3.98673907607548,4.96456466231436e-23,43.2523035434872,0.00828915722905155
090312,4096.22653721683,SECCLLA,ANGARAES,HUANCAVELICA,-74.5415143560182,-13.0808395640054,25736.0027124774,1,>3500,38.8560729951733,1.06717202046202,30896.6306745157,34.5400775801178,1.06638543886212,123.919495668209,0.0840656603939578
090401,4453.3344804512,CASTROVIRREYNA,CASTROVIRREYNA,HUANCAVELICA,-75.2913806190118,-13.1535838531366,25044.1012816505,0,>3500,0,0.0671720204620204,30204.7292436889,2.22389083246147,2.76934347320051e-23,24.1270872002712,0.00178697250008353
090402,4055.23451717053,ARMA,CASTROVIRREYNA,HUANCAVELICA,-75.5111399952039,-13.110479226631,7600.14682539683,1,>3500,131.576405426587,1.06717202046202,12760.7747874352,83.6290929225399,2.58195271133899,300.036240338855,0.37028442988049
090403,4447.46532893066,AURAHUA,CASTROVIRREYNA,HUANCAVELICA,-75.4427836298048,-12.9566675794235,11726.1432274789,0,>3500,0,0.0671720204620204,16886.7711895173,3.97778946064707,4.95341997899064e-23,43.1552087811462,0.00825034610959052
090404,2878.10253025303,CAPILLAS,CASTROVIRREYNA,HUANCAVELICA,-75.6110360088285,-13.3424506996123,7156.08016877637,0,2500-3500,0,0.0671720204620204,12316.7081308147,5.45373160982562,6.79136575312071e-23,59.1677685776953,0.0148758901199711
090405,4442.73181928002,CHUPAMARCA,CASTROVIRREYNA,HUANCAVELICA,-75.5296321984447,-12.8940198041444,7354.20631578947,0,>3500,0,0.0671720204620204,12514.8342778278,5.36739192631797,6.68384957673742e-23,58.2310656413703,0.0144834747814631
090406,3850.44191096634,COCAS,CASTROVIRREYNA,HUANCAVELICA,-75.3630840117356,-13.2741633221675,5789.2599469496,0,>3500,0,0.0671720204620204,10949.8879089879,6.13449388891771,7.63909827078126e-23,66.5533877954024,0.0179559245760363
090407,3922.79386626446,HUACHOS,CASTROVIRREYNA,HUANCAVELICA,-75.4834005542259,-13.2147127443094,6847.89817792069,0,>3500,0,0.0671720204620204,12008.526139959,5.59369398701659,6.96565663561805e-23,60.686226421917,0.015511550755567
090408,3508.69585987261,HUAMATAMBO,CASTROVIRREYNA,HUANCAVELICA,-75.6836500958476,-13.1118314221124,3310.00236966825,0,>3500,0,0.0671720204620204,8470.63033170658,7.92999078363596,9.87497583003907e-23,86.032810757336,0.0257920757054143
090409,3511.56097560976,MOLLEPAMPA,CASTROVIRREYNA,HUANCAVELICA,-75.4319747307177,-13.2918693330402,9440.46867371847,0,>3500,0,0.0671720204620204,14601.0966357568,4.6004777680549,5.72883474971007e-23,49.9107809846565,0.0110075484705839
090410,2575.57612612613,SAN JUAN,CASTROVIRREYNA,HUANCAVELICA,-75.6884893391746,-13.2721290351111,6145.22295514512,0,2500-3500,0,0.0671720204620204,11305.8509171835,5.94135027553985,7.3985824157353e-23,64.457964434632,0.0170857245450313
090411,4716.956694532,SANTA ANA,CASTROVIRREYNA,HUANCAVELICA,-75.1311697958003,-13.0881461237425,6517.66704288939,2,>3500,306.858264903536,2.06717202046202,11678.2950049277,177.009744966176,22.561079766587,487.032144584405,0.760637669901086
090412,3414.65131056394,TANTARA,CASTROVIRREYNA,HUANCAVELICA,-75.6213615961187,-13.1265536066959,5448.05150214592,0,2500-3500,0,0.0671720204620204,10608.6794641843,6.3317984758422,7.88479565936535e-23,68.6939537369743,0.0188407154832113
090413,3132.37969201155,TICRAPO,CASTROVIRREYNA,HUANCAVELICA,-75.4097397373928,-13.4180589524035,12354.161209068,0,2500-3500,0,0.0671720204620204,17514.7891711063,3.83516009275362,4.77580797425692e-23,41.6078166401948,0.00763617752008794
090501,3352.63405088063,CHURCAMPA,CHURCAMPA,HUANCAVELICA,-74.3848799710598,-12.7104939212659,43529.1416696784,0,2500-3500,0,0.0671720204620204,48689.7696317167,1.37959207796835,1.71796396704063e-23,14.9672537339004,0.00026234597342123
090502,3608.95513577332,ANCO,CHURCAMPA,HUANCAVELICA,-74.5630558930949,-12.6435294469951,46111.3434531886,0,>3500,0,0.0671720204620204,51271.9714152269,1.3101119112044,1.63144243300847e-23,14.2134604191684,0.000202713431152191
090503,3278.17094483889,CHINCHIHUASI,CHURCAMPA,HUANCAVELICA,-74.5699463260149,-12.4522549970043,14686.7352793156,0,2500-3500,0,0.0671720204620204,19847.3632413539,3.38443044777157,4.2145280848446e-23,36.7178313542747,0.00576301886564101
090504,3471.13402061856,EL CARMEN,CHURCAMPA,HUANCAVELICA,-74.4974069294124,-12.7114255619378,19927.4755434783,0,2500-3500,0,0.0671720204620204,25088.1035055166,2.67744512642217,3.33414081189538e-23,29.0477172243338,0.00314519132955116
090505,2755.34184914842,LA MERCED,CHURCAMPA,HUANCAVELICA,-74.3297778798053,-12.794899829413,9448.02122241087,0,2500-3500,0,0.0671720204620204,14608.6491844492,4.59809935976315,5.72587299035425e-23,49.8849775309009,0.0109968522936928
090506,3611.43403441683,LOCROJA,CHURCAMPA,HUANCAVELICA,-74.4547170374069,-12.7173461759045,27174.0877192983,1,>3500,36.7997634485381,1.06717202046202,32334.7156813366,33.0039092033206,1.01895799505117,118.408181743896,0.0746744874163642
090507,3826.93829401089,PAUCARBAMBA,CHURCAMPA,HUANCAVELICA,-74.5261980541326,-12.5691439067512,33985.8945862676,1,>3500,29.4239716851256,1.06717202046202,39146.522548306,27.2609660064991,0.841651184228373,97.8042145712527,0.0425638966453878
090508,2705.24316109423,SAN MIGUEL DE MAYOCC,CHURCAMPA,HUANCAVELICA,-74.410004230592,-12.7878914296444,5897.74131274131,0,2500-3500,0,0.0671720204620204,11058.3692747796,6.07431518996356,7.56415957111951e-23,65.9005065046161,0.0176851926174707
090509,3281.66184573003,SAN PEDRO DE CORIS,CHURCAMPA,HUANCAVELICA,-74.4002381823265,-12.6073435361236,27746.9988901221,0,2500-3500,0,0.0671720204620204,32907.6268521604,2.0412295533736,2.5418809495619e-23,22.1453871346308,0.00133585993712781
090510,3332.79386712095,PACHAMARCA,CHURCAMPA,HUANCAVELICA,-74.4604847488017,-12.5053381970835,14579.3259067358,0,2500-3500,0,0.0671720204620204,19739.9538687741,3.40284586826099,4.23746024670893e-23,36.917621042461,0.00583710396627524
090511,3665.69045643154,COSME,CHURCAMPA,HUANCAVELICA,-74.6452424496295,-12.5705094646614,23460.8352365416,0,>3500,0,0.0671720204620204,28621.4631985799,2.34691077797005,2.92253646190068e-23,25.4617358751673,0.00212387983993101
090601,3164.91051454139,HUAYTARA,HUAYTARA,HUANCAVELICA,-75.3927027745262,-13.6535431970107,18846.0067368421,0,2500-3500,0,0.0671720204620204,24006.6346988804,2.79806067383335,3.48433967692686e-23,30.3562804809559,0.003554855334162
090602,3207.69926650367,AYAVI,HUAYTARA,HUANCAVELICA,-75.36824798083,-13.7145827925946,6574,0,2500-3500,0,0.0671720204620204,11734.6279620383,5.72425650641185,7.12824216169429e-23,62.1027048050083,0.0161036933083479
090603,3417.07489361702,CORDOVA,HUAYTARA,HUANCAVELICA,-75.1519698693533,-14.0115572690549,7183.5297679112,0,2500-3500,0,0.0671720204620204,12344.1577299495,5.44160419297356,6.77626385053817e-23,59.0361977111614,0.0148207807171076
090604,3436.8648018648,HUAYACUNDO ARMA,HUAYTARA,HUANCAVELICA,-75.3117436819168,-13.5548796794636,3922.01844262295,0,2500-3500,0,0.0671720204620204,9082.64640466129,7.39564411838681,9.20957021379473e-23,80.2356608255785,0.0235161561066668
090605,3791.87063095778,LARAMARCA,HUAYTARA,HUANCAVELICA,-75.0572697494765,-13.906009839422,6852.18946188341,0,>3500,0,0.0671720204620204,12012.8174239217,5.59169577723351,6.96316832587726e-23,60.6645477581188,0.0155024811963929
090606,2883.18825380178,OCOYO,HUAYTARA,HUANCAVELICA,-75.0348057984788,-14.023294219607,5734.99245283019,1,2500-3500,174.368145769138,1.06717202046202,10895.6204148685,97.9450439559846,3.02394134584964,351.39760245393,0.430393189714787
090607,4412.57168256021,PILPICHACA,HUAYTARA,HUANCAVELICA,-74.9462178986776,-13.4094670659734,22527.4211234443,7,>3500,310.732416357906,7.06717202046202,27688.0490854827,255.242686064417,103.168542058064,475.000951022883,0.99087470923672
090608,4014.56604257502,QUERCO,HUAYTARA,HUANCAVELICA,-74.8827255473159,-13.8828482105036,9809.86559594252,0,>3500,0,0.0671720204620204,14970.4935579809,4.48696098107003,5.58747575467914e-23,48.6792324849277,0.010498095223702
090609,3244.64069423929,QUITO-ARMA,HUAYTARA,HUANCAVELICA,-75.4060072479506,-13.5386368130657,5606.19645293315,0,2500-3500,0,0.0671720204620204,10766.8244149715,6.23879594141206,7.7689824378008e-23,67.6849652446935,0.0184242213379787
090610,4113.34315169367,SAN ANTONIO DE CUSICANCHA,HUAYTARA,HUANCAVELICA,-75.2376818210347,-13.4654163478982,11213.2226804124,1,>3500,89.1804281874143,1.06717202046202,16373.8506424507,65.175385055442,2.01221556130385,233.829840923714,0.276245471399353
090611,3791.51949189663,SAN FRANCISCO DE SANGAYAICO,HUAYTARA,HUANCAVELICA,-75.1672822900506,-13.7265351763888,8268.28472906404,0,>3500,0,0.0671720204620204,13428.9126911024,5.0020446187372,6.22889370978044e-23,54.2673970027308,0.0128232036858151
090612,3323.56415584416,SAN ISIDRO,HUAYTARA,HUANCAVELICA,-75.2344289923694,-13.9735600338744,9104.00086956522,0,2500-3500,0,0.0671720204620204,14264.6288316036,4.70899181850421,5.86396398940828e-23,51.0880545807472,0.0114964345827417
090613,3284.00508752264,SANTIAGO DE CHOCORVOS,HUAYTARA,HUANCAVELICA,-75.2293723371315,-13.8282204998502,12347.5861664713,1,2500-3500,80.9874890944602,1.06717202046202,17508.2141285096,60.9526484328452,1.88184339187135,218.679921488875,0.25188287974672
090614,3648.34017008504,SANTIAGO DE QUIRAHUARA,HUAYTARA,HUANCAVELICA,-74.8922777529275,-14.0554067665208,2743.06100795756,1,>3500,364.556237392833,1.06717202046202,7903.6889699959,135.022016239915,4.16865051070216,484.418719608963,0.546950860728566
090615,3964.34958791209,SANTO DOMINGO DE CAPILLAS,HUAYTARA,HUANCAVELICA,-75.1837766289577,-13.671219190584,5884.67994858612,0,>3500,0,0.0671720204620204,11045.3079106245,6.08149822581295,7.57310438673586e-23,65.9784355691957,0.0177175275648678
090616,4173.0532038835,TAMBO,HUAYTARA,HUANCAVELICA,-75.1762232527898,-13.589704390841,6587.86114649682,0,>3500,0,0.0671720204620204,11748.4891085352,5.71750289262477,7.11983209228406e-23,62.0294345588347,0.0160730880458843
090701,3632.9691943128,PAMPAS,TAYACAJA,HUANCAVELICA,-74.8516918072743,-12.4513601591688,90101.9348707324,0,>3500,0,0.0671720204620204,95262.5628327707,0.705125061352149,8.78070747872251e-24,7.64993208929677,3.02753260317257e-06
090702,3787.01771336554,ACOSTAMBO,TAYACAJA,HUANCAVELICA,-75.0117700248317,-12.4126757101506,26396.7170576311,0,>3500,0,0.0671720204620204,31557.3450196694,2.12857008155004,2.65064344730717e-23,23.092948277773,0.00154394409710057
090703,3902.04340704341,ACRAQUIA,TAYACAJA,HUANCAVELICA,-74.9392717915876,-12.3963774155877,27767.1834061135,0,>3500,0,0.0671720204620204,32927.8113681519,2.03997829406269,2.54032279447831e-23,22.131812168601,0.00133298344931831
090704,3721.81810115351,AHUAYCHA,TAYACAJA,HUANCAVELICA,-74.906158823538,-12.4441378364242,31225.6922132154,0,>3500,0,0.0671720204620204,36386.3201752538,1.84607896974709,2.2988658756344e-23,20.0281900673948,0.000924429278103989
090705,3145.51607629428,COLCABAMBA,TAYACAJA,HUANCAVELICA,-74.7004724232985,-12.3851277933923,94567.7295244386,0,2500-3500,0,0.0671720204620204,99728.3574864769,0.67354985236901,8.38751102484976e-24,7.30737129027599,2.00138326134081e-06
090706,3342.5160472973,DANIEL HERNANDEZ,TAYACAJA,HUANCAVELICA,-74.8336565905446,-12.3453347550842,80103.1369547819,0,2500-3500,0,0.0671720204620204,85263.7649168203,0.787814384311443,9.81041241521543e-24,8.54703210717944,7.69768477459909e-06
090707,2225.45943742356,HUACHOCOLPA,TAYACAJA,HUANCAVELICA,-74.5281741328011,-12.0577198005985,21928.8460843374,0,1500-2500,0,0.0671720204620204,27089.4740463757,2.47963546088143,3.08781446430443e-23,26.9016716631515,0.00251477443978665
090709,3431.9590504451,HUARIBAMBA,TAYACAJA,HUANCAVELICA,-74.9088843124855,-12.2621004943946,23911.0888252149,0,2500-3500,0,0.0671720204620204,29071.7167872532,2.31056256338713,2.8772731381132e-23,25.067392533302,0.00202170198959273
090710,3864.9305740988,ÑAHUIMPUQUIO,TAYACAJA,HUANCAVELICA,-75.0911032667098,-12.3291862666532,11572.3857236411,0,>3500,0,0.0671720204620204,16733.0136856795,4.01434085478027,4.9989363160795e-23,43.5517564266829,0.00840904547399779
090711,3961.59664193674,PAZOS,TAYACAJA,HUANCAVELICA,-75.0262526496336,-12.2215571705275,40691.3096437232,0,>3500,0,0.0671720204620204,45851.9376057615,1.46497670479208,1.82429084044395e-23,15.8935952192234,0.000349089947076275
090713,2574.15094339623,QUISHUAR,TAYACAJA,HUANCAVELICA,-74.7672026585138,-12.249779458335,5913.18774445893,0,2500-3500,0,0.0671720204620204,11073.8157064973,6.06584236566344,7.55360862125604e-23,65.8085844697133,0.0176470448014577
090714,3179.66837209302,SALCABAMBA,TAYACAJA,HUANCAVELICA,-74.7832227816735,-12.1949008098305,31463.4122249389,0,2500-3500,0,0.0671720204620204,36624.0401869772,1.8340964055054,2.28394435359269e-23,19.898190713055,0.000901670835764534
090715,2562.98111782477,SALCAHUASI,TAYACAJA,HUANCAVELICA,-74.7514424191655,-12.1065044109395,21420.7920369712,0,2500-3500,0,0.0671720204620204,26581.4199990095,2.52702904752731,3.14683225327748e-23,27.4158467211389,0.0026608148506353
090716,3931.63420647149,SAN MARCOS DE ROCCHAC,TAYACAJA,HUANCAVELICA,-74.9488856794526,-12.0792441982385,13955.7632,0,>3500,0,0.0671720204620204,19116.3911620383,3.51384421320127,4.37568310261963e-23,38.1218468562325,0.0062885318516227
090717,2918.25072780204,SURCUBAMBA,TAYACAJA,HUANCAVELICA,-74.6513085465712,-12.1640395599202,35602.0048981191,0,2500-3500,0,0.0671720204620204,40762.6328601575,1.64788228210048,2.05205758121079e-23,17.8779456867558,0.000586664447090435
090718,2502.30830039526,TINTAY PUNCU,TAYACAJA,HUANCAVELICA,-74.4899237069776,-12.1610254599948,18650.5848871443,1,2500-3500,53.6176214339152,1.06717202046202,23811.2128491826,44.8180454822424,1.38370595693262,160.793778766474,0.150476693697627
090719,3657.86537023186,QUICHUAS,TAYACAJA,HUANCAVELICA,-74.7274015953342,-12.4678274851592,33861.0083701465,0,>3500,0,0.0671720204620204,39021.6363321848,1.72140450211252,2.14361256095779e-23,18.6755914108602,0.000702281841117203
090720,3039.03647058824,ANDAYMARCA,TAYACAJA,HUANCAVELICA,-74.632739761194,-12.2985424263585,21267.1509433962,0,2500-3500,0,0.0671720204620204,26427.7789054346,2.54172023696654,3.16512674372333e-23,27.5752320666344,0.00270674527783865
090721,3067.67243035543,ROBLE,TAYACAJA,HUANCAVELICA,-74.4577804048516,-12.2359466649291,9474.94590417311,0,2500-3500,0,0.0671720204620204,14635.5738662114,4.58964035684981,5.71533925184248e-23,49.7932054448171,0.0109588176664935
090722,3861.28738461539,PICHOS,TAYACAJA,HUANCAVELICA,-74.9332842740814,-12.1815805856564,14764.0785498489,0,>3500,0,0.0671720204620204,19924.7065118873,3.37129284298089,4.19816822601094e-23,36.5753009153877,0.00571031372176489
090723,3479.52467532468,SANTIAGO DE TUCUMA,TAYACAJA,HUANCAVELICA,-74.8869536944433,-12.3175690955884,12442.5197775031,0,2500-3500,0,0.0671720204620204,17603.1477395414,3.8159096007093,4.75183592323684e-23,41.398967224827,0.00755395480451082
090724,2500.07886754297,LAMBRAS,TAYACAJA,HUANCAVELICA,-74.6407639962671,-12.0589605560205,7828,0,2500-3500,0,0.0671720204620204,12988.6279620383,5.17160247089554,6.44003893523419e-23,56.1069374265685,0.0135934088575906
090725,3393.33679354095,COCHABAMBA,TAYACAJA,HUANCAVELICA,-74.5367388838834,-12.21472803961,3821,0,2500-3500,0,0.0671720204620204,8981.62796203834,7.47882463467971,9.3131523755316e-23,81.1380898210435,0.0238738650060202
100101,2611.48008385744,HUANUCO,HUANUCO,HUANUCO,-76.2967023924686,-9.89657062208678,762297.883227176,0,2500-3500,0,0.0671720204620204,767458.511189215,0.0875252791944858,1.08992562557138e-24,0.949565514875619,0
100102,2830.24450366422,AMARILIS,HUANUCO,HUANUCO,-76.1882246302191,-9.95023916337234,710572.92446179,0,2500-3500,0,0.0671720204620204,715733.552423829,0.0938505959858143,1.16869286772329e-24,1.01818914853879,0
100103,2395.91579995574,CHINCHAO,HUANUCO,HUANUCO,-76.1107543774876,-9.61535707615288,104471.219876338,0,1500-2500,0,0.0671720204620204,109631.847838377,0.61270535694197,7.62983306767885e-24,6.64726674494637,8.03611977628904e-07
100104,3388.50652514355,CHURUBAMBA,HUANUCO,HUANUCO,-76.2657611040979,-9.68524482348868,120136.095522388,1,2500-3500,8.32389296199196,1.06717202046202,125296.723484426,8.51715823674083,0.262957531090584,30.5570232369945,3.27777922699557e-05
100105,3924.37489288775,MARGOS,HUANUCO,HUANUCO,-76.5331918827305,-10.0632297828782,32532.4628942486,1,>3500,30.7385273365451,1.06717202046202,37693.0908562869,28.3121388089622,0.874104943710366,101.575509040387,0.0479939602815427
100106,3426.74769703173,QUISQUI (KICHKI),HUANUCO,HUANUCO,-76.4208091388675,-9.86923888719827,25789.6957151129,0,2500-3500,0,0.0671720204620204,30950.3236771513,2.17031722067609,2.70262988727805e-23,23.5458647839944,0.00164838097308484
100107,3142.5827294686,SAN FRANCISCO DE CAYRAN,HUANUCO,HUANUCO,-76.3305288992959,-9.99675259331817,38498.0524482688,0,2500-3500,0,0.0671720204620204,43658.6804103071,1.53857193645647,1.91593673937636e-23,16.6920330498815,0.000436112865546456
100108,3897.00263939294,SAN PEDRO DE CHAULAN,HUANUCO,HUANUCO,-76.4218207602889,-10.0785168851363,23132.5914118413,0,>3500,0,0.0671720204620204,28293.2193738796,2.37413846668979,2.95644227280908e-23,25.7571302400408,0.00220182248285605
100109,3346.5036453202,SANTA MARIA DEL VALLE,HUANUCO,HUANUCO,-76.3126786231579,-9.79337669172561,174751.540466962,0,2500-3500,0,0.0671720204620204,179912.168429,0.373360073688005,4.64933920374644e-24,4.05059948243942,1.42699096983279e-09
100110,3407.64595375723,YARUMAYO,HUANUCO,HUANUCO,-76.4401421051768,-9.95581921426226,12658.0025188917,0,2500-3500,0,0.0671720204620204,17818.63048093,3.76976336839746,4.69437142659869e-23,40.8983247676073,0.00735755614515088
100111,2877.25115740741,PILLCO MARCA,HUANUCO,HUANUCO,-76.2812399085613,-10.0403797060743,412535.676453101,0,2500-3500,0,0.0671720204620204,417696.304415139,0.160815453122275,2.00258582387799e-24,1.74469376104121,0
100112,3898.63316582915,YACUS,HUANUCO,HUANUCO,-76.5112451193117,-9.94605404769357,40143.6632692308,0,>3500,0,0.0671720204620204,45304.2912312691,1.48268560519181,1.84634319437415e-23,16.0857198405982,0.000368983484254848
100113,2378.4062923378,SAN PABLO DE PILLAO,HUANUCO,HUANUCO,-75.9384528994791,-9.70773013725364,64829.1295318127,0,1500-2500,0,0.0671720204620204,69989.7574938511,0.959740723032535,1.19513587110438e-23,10.4122683435085,3.27119738047221e-05
100201,3348.11525318422,AMBO,AMBO,HUANUCO,-76.1411777182508,-10.1501370706603,186433.985623846,1,2500-3500,5.36382889983174,1.06717202046202,191594.613585884,5.56994792540788,0.17196577943688,19.9833117402157,1.28390786446886e-07
100202,3686.01865460712,CAYNA,AMBO,HUANUCO,-76.3706030965638,-10.2152087955646,18679.3310539019,0,>3500,0,0.0671720204620204,23839.9590159402,2.81762315183122,3.50870023454608e-23,30.5685146453396,0.00362295515866506
100203,3786.25528700906,COLPAS,AMBO,HUANUCO,-76.4643611212841,-10.2443938779255,12724.8823529412,0,>3500,0,0.0671720204620204,17885.5103149795,3.75566697729403,4.67681762039196e-23,40.745392414815,0.00729776487761946
100204,3130.92209856916,CONCHAMARCA,AMBO,HUANUCO,-76.2095850367947,-10.0486852566905,34594.718067505,0,2500-3500,0,0.0671720204620204,39755.3460295433,1.68963490877687,2.10405085466085e-23,18.3309217276466,0.00065091008775231
100205,3093.55701425356,HUACAR,AMBO,HUANUCO,-76.269608433378,-10.1952977657456,63852.0123609394,0,2500-3500,0,0.0671720204620204,69012.6403229778,0.973329235740825,1.21205723182494e-23,10.5596907017688,3.59227107125104e-05
100206,3567.09274495138,SAN FRANCISCO,AMBO,HUANUCO,-76.2873327845803,-10.3323861506402,10721.5466939332,0,>3500,0,0.0671720204620204,15882.1746559715,4.22939691302062,5.26673907085815e-23,45.8849088433277,0.00935201565162258
100207,3755.07063347501,SAN RAFAEL,AMBO,HUANUCO,-76.1263396448146,-10.3289291372214,68793.0833610834,0,>3500,0,0.0671720204620204,73953.7113231217,0.90829816732969,1.13107602437048e-23,9.85416584624087,2.24066138483359e-05
100208,2984.89439655172,TOMAY KICHWA,AMBO,HUANUCO,-76.1791461430289,-10.0648746493388,26271.0493755446,0,2500-3500,0,0.0671720204620204,31431.6773375829,2.13708036451821,2.66124104330828e-23,23.1852767033751,0.00156497688488144
100301,3861.87086614173,LA UNION,DOS DE MAYO,HUANUCO,-76.7946956195958,-9.90788750141231,56501.5804988662,0,>3500,0,0.0671720204620204,61662.2084609046,1.08935476264379,1.35654028421368e-23,11.8184566286676,7.3020723640238e-05
100307,4055.49852681202,CHUQUIS,DOS DE MAYO,HUANUCO,-76.6323295861846,-9.64827991144103,24354.4227467811,0,>3500,0,0.0671720204620204,29515.0507088195,2.27585651553526,2.83405475450542e-23,24.6908651288647,0.0019261802273286
100311,3717.95517002082,MARIAS,DOS DE MAYO,HUANUCO,-76.4234795251509,-9.54692372691253,43421.096779839,0,>3500,0,0.0671720204620204,48581.7247418773,1.38266026615803,1.72178468828001e-23,15.000540639408,0.000265202951832855
100313,3917.52414021164,PACHAS,DOS DE MAYO,HUANUCO,-76.8307312558309,-9.69197426105741,37382.5833172427,1,>3500,26.7504252318151,1.06717202046202,42543.211279281,25.0844256550455,0.77445298722079,89.9954370134139,0.0321423193903229
100316,3949.36803874092,QUIVILLA,DOS DE MAYO,HUANUCO,-76.6872710807359,-9.57602544946057,8506.32525951557,0,>3500,0,0.0671720204620204,13666.9532215539,4.91492283416062,6.12040360677314e-23,53.3222090183027,0.0124280133509048
100317,3785.07728337237,RIPAN,DOS DE MAYO,HUANUCO,-76.8436914180611,-9.81053155418771,41839.1803762449,0,>3500,0,0.0671720204620204,46999.8083382833,1.42919775286203,1.77973640208793e-23,15.50542783234,0.000310902660579093
100321,3599.60055096419,SHUNQUI,DOS DE MAYO,HUANUCO,-76.8097727111888,-9.75051549186244,12220.5825183374,2,>3500,163.658319642204,2.06717202046202,17381.2104803757,118.931418660165,15.1586073617477,327.232966182706,0.592071501060987
100322,3708.83088235294,SILLAPATA,DOS DE MAYO,HUANUCO,-76.7668628945674,-9.79382302583035,12944.6697247706,0,>3500,0,0.0671720204620204,18105.297686809,3.7100754499585,4.62004388095433e-23,40.2507679757186,0.00710505961258723
100323,3491.07281553398,YANAS,DOS DE MAYO,HUANUCO,-76.7315344537518,-9.71465895956285,17174.9801499779,0,2500-3500,0,0.0671720204620204,22335.6081120163,3.00739608812722,3.7450186881546e-23,32.6273693856136,0.00430561099235449
100401,3531.33912337662,HUACAYBAMBA,HUACAYBAMBA,HUANUCO,-76.8392894488206,-8.95864125030232,45830.6528532609,1,>3500,21.819457889936,1.06717202046202,50991.2808152992,20.9285196096081,0.646144135515006,75.0852857550531,0.0159669877380964
100402,3531.71179039301,CANCHABAMBA,HUACAYBAMBA,HUANUCO,-77.1077566796382,-8.84741540967074,21534.160130719,0,>3500,0,0.0671720204620204,26694.7880927573,2.5162971973636,3.13346820735742e-23,27.2994164175735,0.00262745876609849
100403,2622.86673648383,COCHABAMBA,HUACAYBAMBA,HUANUCO,-76.6264204437509,-9.09759403282726,11332.9686888454,0,2500-3500,0,0.0671720204620204,16493.5966508837,4.07261204962359,5.07149965900957e-23,44.183943123407,0.0086630523210105
100404,3630.42428035044,PINRA,HUACAYBAMBA,HUANUCO,-77.0007493139179,-8.91440669171327,50278.5689018764,1,>3500,19.8891898047377,1.06717202046202,55439.1968639147,19.2494134264171,0.594303650214854,69.061153617198,0.0110408707140881
100501,4066.58214747736,LLATA,HUAMALIES,HUANUCO,-76.9032564025937,-9.61397753067059,108940.497688195,0,>3500,0,0.0671720204620204,114101.125650234,0.588706027913607,7.33097673788173e-24,6.38689699308475,5.33531521629271e-07
100502,3315.68060836502,ARANCAY,HUAMALIES,HUANUCO,-76.7337577810968,-9.13741028948971,10317.666173205,0,2500-3500,0,0.0671720204620204,15478.2941352434,4.33975603998071,5.40416592810039e-23,47.0821997537654,0.0098411720390712
100503,3689.23648648649,CHAVIN DE PARIARCA,HUAMALIES,HUANUCO,-76.7550439829388,-9.43720822319705,30478.230296827,0,>3500,0,0.0671720204620204,35638.8582588654,1.88479720573851,2.3470805148476e-23,20.4482458733588,0.000999983051769848
100504,4085.85209264527,JACAS GRANDE,HUAMALIES,HUANUCO,-76.6684089657329,-9.51519897411935,46597.1940248406,0,>3500,0,0.0671720204620204,51757.8219868789,1.29781389330967,1.61612808614713e-23,14.0800386945921,0.00019315214788751
100505,2960.25934230194,JIRCAN,HUAMALIES,HUANUCO,-76.6443840702367,-9.21658845878169,9709.05381165919,0,2500-3500,0,0.0671720204620204,14869.6817736975,4.51738117091643,5.62535708993848e-23,49.0092624317037,0.0106343968703789
100506,3984.47279549719,MIRAFLORES,HUAMALIES,HUANUCO,-76.8710443162675,-9.44962918340522,24627.1825095057,1,>3500,40.6055381939861,1.06717202046202,29787.810471544,35.8257959738759,1.10608052554514,128.532269758142,0.0921000409679643
100507,2213.93949044586,MONZON,HUAMALIES,HUANUCO,-76.3878496621674,-9.33111512658036,94288.4385964912,0,1500-2500,0,0.0671720204620204,99449.0665585295,0.675441437376258,8.41106635642163e-24,7.3278931772996,2.05376996231799e-06
100508,3806.48565121413,PUNCHAO,HUAMALIES,HUANUCO,-76.8364920073365,-9.44146118121452,15548.3369890329,0,>3500,0,0.0671720204620204,20708.9649510712,3.24362036541791,4.0391815809448e-23,35.1901767203177,0.00520483603479527
100509,3981.76663628077,PUÑOS,HUAMALIES,HUANUCO,-76.8969009433957,-9.50308394578263,32657.4003334127,1,>3500,30.6209309311394,1.06717202046202,37818.0282954511,28.2186054789743,0.871217208993614,101.239939351715,0.0475012729516268
100510,3955.359375,SINGA,HUAMALIES,HUANUCO,-76.8357127811694,-9.36276239873133,23833.4410914928,0,>3500,0,0.0671720204620204,28994.0690535311,2.31675037877582,2.8849786360225e-23,25.1345244083396,0.00203894335655341
100511,3938.47594775406,TANTAMAYO,HUAMALIES,HUANUCO,-76.6700248526176,-9.37556759559462,13079.2051282051,0,>3500,0,0.0671720204620204,18239.8330902435,3.68271025999415,4.58596684393683e-23,39.953881853934,0.006989904325581
100601,852.128943758573,RUPA-RUPA,LEONCIO PRADO,HUANUCO,-76.1042938417277,-9.19037667214898,466280.915892275,0,500-1500,0,0.0671720204620204,471441.543854313,0.142482183290105,1.77428720233123e-24,1.54579532886534,0
100602,1570.36698612029,DANIEL ALOMIA ROBLES,LEONCIO PRADO,HUANUCO,-75.7659361403582,-9.39667687579796,54945.1683413427,0,1500-2500,0,0.0671720204620204,60105.796303381,1.11756310694185,1.39166727562502e-23,12.1244901680484,8.49619213324493e-05
100603,1297.32528987778,HERMILIO VALDIZAN,LEONCIO PRADO,HUANUCO,-75.8360285755868,-9.19749044131618,29261.0024298056,0,500-1500,0,0.0671720204620204,34421.630391844,1.95144796156827,2.43007866967912e-23,21.1713427872881,0.00113716567985434
100604,1282.50541860188,JOSE CRESPO Y CASTILLO,LEONCIO PRADO,HUANUCO,-76.177725415474,-8.93240384988363,189375.842118655,1,500-1500,5.2805045712929,1.06717202046202,194536.470080693,5.48571699702046,0.169365245743062,19.6811162937457,1.00376644773803e-07
100605,737.539759036145,LUYANDO,LEONCIO PRADO,HUANUCO,-75.9532322658702,-9.24065345762121,75578.8405135824,0,500-1500,0,0.0671720204620204,80739.4684756207,0.831960151958432,1.03601462048336e-23,9.02597143729166,1.1781123910648e-05
100606,1407.42261264491,MARIANO DAMASO BERAUN,LEONCIO PRADO,HUANUCO,-76.0310323373729,-9.39440815637331,89446.7418945843,0,500-1500,0,0.0671720204620204,94607.3698566226,0.710008327721397,8.84151730648106e-24,7.70291085596699,3.21753106757861e-06
100607,1338.77309048179,PUCAYACU,LEONCIO PRADO,HUANUCO,-76.0647460354626,-8.5646993241562,31353.0255102041,0,500-1500,0,0.0671720204620204,36513.6534722424,1.83964117732246,2.29084908894112e-23,19.9583461807529,0.000912165169399626
100608,743.317909168809,CASTILLO GRANDE,LEONCIO PRADO,HUANUCO,-76.0384987431241,-9.20771542458576,112788.871116226,0,500-1500,0,0.0671720204620204,117949.499078264,0.569498141042967,7.09178677692351e-24,6.1785098030769,3.75330229340776e-07
100609,1013.01846670397,PUEBLO NUEVO,LEONCIO PRADO,HUANUCO,-76.0014408853827,-9.08226294376077,34899.0442138507,0,500-1500,0,0.0671720204620204,40059.672175889,1.67679905534648,2.08806675759927e-23,18.1916650022334,0.000630763414246172
100610,1200.56469088591,SANTO DOMINGO DE ANDA,LEONCIO PRADO,HUANUCO,-75.9829596919281,-8.98489405687984,21062.2314814815,0,500-1500,0,0.0671720204620204,26222.8594435198,2.56158259959022,3.1898607385271e-23,27.7907196922093,0.00276933044381944
100701,3489.36163963734,HUACRACHUCO,MARAÑON,HUANUCO,-77.173060160875,-8.60480875413941,120820.08558975,1,2500-3500,8.27676950499391,1.06717202046202,125980.713551789,8.47091582810668,0.26152984954844,30.3911192681011,3.09580216767413e-05
100702,2648.14208472234,CHOLON,MARAÑON,HUANUCO,-76.7409932752304,-8.65815779518132,44873.8809856694,0,2500-3500,0,0.0671720204620204,50034.5089477077,1.34251383444621,1.6717915604652e-23,14.5649902767048,0.000229324820792631
100703,3509.97396335583,SAN BUENAVENTURA,MARAÑON,HUANUCO,-77.1480305150122,-8.76878654466633,16539.5404394577,0,>3500,0,0.0671720204620204,21700.168401496,3.09546079178766,3.85468297955843e-23,33.582787139699,0.00463492124382747
100704,1318.93439226519,LA MORADA,MARAÑON,HUANUCO,-76.3634131100624,-8.88042771065103,28891.2881405564,0,500-1500,0,0.0671720204620204,34051.9161025947,1.97263555623826,2.45646293555929e-23,21.4012079122776,0.00118263368688487
100705,2180.82898351648,SANTA ROSA DE ALTO YANAJANCA,MARAÑON,HUANUCO,-76.5085329004215,-8.78966286058282,21224.25625,0,1500-2500,0,0.0671720204620204,26384.8842120383,2.54585238738219,3.17027238469493e-23,27.6200619440491,0.00271971946755256
100801,3337.98177991915,PANAO,PACHITEA,HUANUCO,-75.8967146877148,-10.1483180106644,144022.649554426,0,2500-3500,0,0.0671720204620204,149183.277516464,0.450265080512172,5.60701381437118e-24,4.88494520602443,2.22178964115471e-08
100802,2219.89386030326,CHAGLLA,PACHITEA,HUANUCO,-75.7975891530995,-9.73706806531536,80702.3948469291,0,1500-2500,0,0.0671720204620204,85863.0228089674,0.782316045539979,9.74194327829585e-24,8.48738039358839,7.27698446922886e-06
100803,3466.71584084084,MOLINO,PACHITEA,HUANUCO,-76.0580753177471,-9.99638795476255,84701.6862194016,0,2500-3500,0,0.0671720204620204,89862.3141814399,0.747499339115551,9.3083814447408e-24,8.1096524495424,5.00563534588938e-06
100804,2762.15476190476,UMARI,PACHITEA,HUANUCO,-76.0278940726888,-9.86812777705948,85057.4459121742,0,2500-3500,0,0.0671720204620204,90218.0738742125,0.744551702086609,9.27167541920972e-24,8.07767340875768,4.84214222795654e-06
100901,409.238347972342,PUERTO INCA,PUERTO INCA,HUANUCO,-74.9668390575848,-9.28894049070306,85204.3287958115,0,lowland (<500 m),0,0.0671720204620204,90364.9567578498,0.743341477405015,9.25660486010602e-24,8.06454362918463,4.77622496053431e-06
100902,859.6167566819,CODO DEL POZUZO,PUERTO INCA,HUANUCO,-75.4664792221936,-9.63430110654012,66171.1096094234,0,500-1500,0,0.0671720204620204,71331.7375714618,0.941684904208676,1.17265151023412e-23,10.2163799892437,2.8771518839843e-05
100903,184.270943396226,HONORIA,PUERTO INCA,HUANUCO,-74.6968243131007,-8.71386088773311,37925.7413509061,0,lowland (<500 m),0,0.0671720204620204,43086.3693129444,1.55900860372192,1.94138589824667e-23,16.9137513311924,0.000462319267460876
100904,281.127009398593,TOURNAVISTA,PUERTO INCA,HUANUCO,-74.8663963504437,-9.00130502121054,52393.0095015576,0,lowland (<500 m),0,0.0671720204620204,57553.637463596,1.16712033196005,1.45337937751905e-23,12.6621386317071,0.000109029982198749
100905,332.62030676172,YUYAPICHIS,PUERTO INCA,HUANUCO,-74.9984480037495,-9.64737308859184,53858.6302207637,0,lowland (<500 m),0,0.0671720204620204,59019.2581828021,1.13813732212571,1.4172877187259e-23,12.3477007126365,9.44644886721191e-05
101001,4250.78410647876,JESUS,LAURICOCHA,HUANUCO,-76.7555414955097,-10.2185137940607,30622.958863859,1,>3500,32.6552376746388,1.06717202046202,35783.5868258973,29.8229471979507,0.920749426867389,106.995838892875,0.0561890141767275
101002,4181.85754060325,BAÑOS,LAURICOCHA,HUANUCO,-76.7838617028656,-10.10736793757,12456.446509009,0,>3500,0,0.0671720204620204,17617.0744710473,3.8128930301347,4.7480794798403e-23,41.3662403210434,0.00754108578775048
101003,3803.85612535613,JIVIA,LAURICOCHA,HUANUCO,-76.6563181709804,-10.0354757030339,7982.60357142857,1,>3500,125.272411569981,1.06717202046202,13143.2315334669,81.1955581657872,2.50682010564212,291.305443511651,0.359009456221191
101004,4457.16889185581,QUEROPALCA,LAURICOCHA,HUANUCO,-76.8658574598292,-10.1875119955554,7203.37037037037,0,>3500,0,0.0671720204620204,12363.9983324087,5.4328720092066,6.7653899282355e-23,58.9414618742584,0.0147810976135597
101005,3904.51058337636,RONDOS,LAURICOCHA,HUANUCO,-76.7204382643113,-9.96848976513927,26014.387294511,1,>3500,38.4402672520755,1.06717202046202,31175.0152565494,34.2316438878992,1.05686290095023,122.812927580799,0.0821603980379668
101006,3817.128125,SAN FRANCISCO DE ASIS,LAURICOCHA,HUANUCO,-76.6275100750847,-9.97837033492594,8957.46291768541,1,>3500,111.638754096947,1.06717202046202,14118.0908797237,75.5889751350646,2.3337232591783,271.190695941165,0.331764067347922
101007,4237.69138080764,SAN MIGUEL DE CAURI,LAURICOCHA,HUANUCO,-76.63756987087,-10.2989171889573,40016.2384401114,2,>3500,49.9797101867337,2.06717202046202,45176.8664021498,45.7573130916325,5.83207659421398,125.898618348364,0.116433368411937
101101,4001.7508650519,CHAVINILLO,YAROWILCA,HUANUCO,-76.551283583328,-9.80806824063673,35719.0728462838,0,>3500,0,0.0671720204620204,40879.7008083221,1.64316321141826,2.04618106631959e-23,17.8267482861496,0.000579637229370822
101102,3757.40361445783,CAHUAC,YAROWILCA,HUANUCO,-76.6493215280767,-9.86463192805872,7551.15503875969,0,>3500,0,0.0671720204620204,12711.783000798,5.28423278290728,6.58029402999934e-23,57.3288685212226,0.0141054192953619
101103,3635.36898395722,CHACABAMBA,YAROWILCA,HUANUCO,-76.6321376802165,-9.90056667577563,7265.29364278507,0,>3500,0,0.0671720204620204,12425.9216048234,5.40579786339116,6.73167531962609e-23,58.6477333029512,0.0146580489739825
101104,4036.8920758386,APARICIO POMARES,YAROWILCA,HUANUCO,-76.5768677518986,-9.71624556631606,36733.4875437513,0,>3500,0,0.0671720204620204,41894.1155057896,1.60337602670565,1.99663529784365e-23,17.3950954095773,0.000522283092373232
101105,3901.41509433962,JACAS CHICO,YAROWILCA,HUANUCO,-76.5090849778065,-9.87516812519457,7825.95291902072,0,>3500,0,0.0671720204620204,12986.5808810591,5.17241767307597,6.44105408166348e-23,56.1157815900526,0.0135971140796726
101106,3796.95382395382,OBAS,YAROWILCA,HUANUCO,-76.6813146214457,-9.82692454621999,28740.3276131045,0,>3500,0,0.0671720204620204,33900.9555751429,1.98141967748168,2.46740153401844e-23,21.4965072210945,0.00120174390288075
101107,3825.07926829268,PAMPAMARCA,YAROWILCA,HUANUCO,-76.707750455287,-9.76588114754957,7728.7244611059,0,>3500,0,0.0671720204620204,12889.3524231442,5.21143485388806,6.48964098775052e-23,56.5390806612215,0.0137744676257442
101108,3888.91336270191,CHORAS,YAROWILCA,HUANUCO,-76.5718246937856,-9.91181684658409,14548.1755454084,0,>3500,0,0.0671720204620204,19708.8035074468,3.40822416929775,4.24415768106842e-23,36.9759704615103,0.00585878579350352
110101,549.66135734072,ICA,ICA,ICA,-75.9066183497219,-14.2138261922808,1368017.08340113,0,500-1500,0,0.0671720204620204,1373177.71136317,0.0489172085347481,6.09151088738256e-25,0.530704897328708,0
110102,613.013993541443,LA TINGUIÑA,ICA,ICA,-75.6733415960507,-14.0107810957547,375447.621786122,0,500-1500,0,0.0671720204620204,380608.24974816,0.176485981337679,2.19772613563016e-24,1.91470399500079,0
110103,712.118955512573,LOS AQUIJES,ICA,ICA,-75.6406081922788,-14.0740337355169,205422.142320585,0,500-1500,0,0.0671720204620204,210582.770282623,0.318981559468844,3.97218013983458e-24,3.46064464507236,9.4429131181073e-11
110104,487.950153422256,OCUCAJE,ICA,ICA,-75.7807405545186,-14.4840733704293,41772.5620248099,0,lowland (<500 m),0,0.0671720204620204,46933.1899868483,1.43122639822359,1.78226261232697e-23,15.527436693037,0.000312996479654215
110105,433.012738853503,PACHACUTEC,ICA,ICA,-75.6516631468269,-14.1604117538302,67187.6696406444,0,lowland (<500 m),0,0.0671720204620204,72348.2976026827,0.928453366393097,1.15617467946746e-23,10.0728304669333,2.61103486978165e-05
110106,440.252577319588,PARCONA,ICA,ICA,-75.7004465788775,-14.0568662273551,484761.822781394,0,lowland (<500 m),0,0.0671720204620204,489922.450743433,0.137107455190286,1.70735735143119e-24,1.48748467276243,0
110107,443.467236467237,PUEBLO NUEVO,ICA,ICA,-75.6758090923107,-14.1245151929747,61531.4653739612,0,lowland (<500 m),0,0.0671720204620204,66692.0933359996,1.00719616227373,1.25423068322923e-23,10.9271144429604,4.48951196372338e-05
110108,474.156542681295,SALAS,ICA,ICA,-75.8757690545413,-13.9217691494763,242115.162660092,1,lowland (<500 m),4.13026589914119,1.06717202046202,247275.79062213,4.31571573495765,0.133242793313126,15.4835007559784,1.21427090604698e-09
110109,1277.79243902439,SAN JOSE DE LOS MOLINOS,ICA,ICA,-75.6124042998341,-13.8820522843409,64678.8681346819,0,500-1500,0,0.0671720204620204,69839.4960967202,0.961805628852109,1.19770723538663e-23,10.4346705954725,3.31860599496192e-05
110110,461.564516129032,SAN JUAN BAUTISTA,ICA,ICA,-75.733134469217,-13.9735426185077,125396.632821724,0,lowland (<500 m),0,0.0671720204620204,130557.260783762,0.514502372819198,6.40694123702095e-24,5.58185835049092,1.19254048192019e-07
110111,583.577775666603,SANTIAGO,ICA,ICA,-75.5152334621754,-14.5106061215118,249815.997620779,0,500-1500,0,0.0671720204620204,254976.625582817,0.263443836502585,3.28058580270251e-24,2.85811350219773,1.91235915991683e-12
110112,512.393566698203,SUBTANJALLA,ICA,ICA,-75.8932302698467,-14.0481653335352,259888.835054513,0,500-1500,0,0.0671720204620204,265049.463016551,0.253432018678815,3.15591168677731e-24,2.74949486042745,7.92588217279899e-13
110113,399.64,TATE,ICA,ICA,-75.703258207355,-14.151553372671,41891.3795476893,0,lowland (<500 m),0,0.0671720204620204,47052.0075097276,1.42761221076769,1.77776197484252e-23,15.488226218029,0.000309272129298877
110114,1686.12232820441,YAUCA DEL ROSARIO,ICA,ICA,-75.4341590018617,-14.1006694354521,10178.1804330393,0,1500-2500,0,0.0671720204620204,15338.8083950776,4.37922025830745,5.45330951637948e-23,47.5103487541396,0.010016824182382
110201,782.000391083301,CHINCHA ALTA,CHINCHA,ICA,-76.0345410952896,-13.3245252013023,620498.849111094,0,500-1500,0,0.0671720204620204,625659.477073132,0.107361948349691,1.336945620677e-24,1.16477439090702,0
110202,890.119767723204,ALTO LARAN,CHINCHA,ICA,-75.9389807469343,-13.3821992249026,71784.2519967589,0,500-1500,0,0.0671720204620204,76944.8799587972,0.87298882652088,1.08710637843077e-23,9.47109329059059,1.68654320367168e-05
110203,2683.96538860104,CHAVIN,CHINCHA,ICA,-75.9426565865146,-13.1202522724118,22105.0158859471,0,2500-3500,0,0.0671720204620204,27265.6438479854,2.46361394715363,3.06786336156807e-23,26.7278535722863,0.0024661540219123
110204,42.5180288461539,CHINCHA BAJA,CHINCHA,ICA,-76.1508093715323,-13.4967399016925,117008.339976391,0,lowland (<500 m),0,0.0671720204620204,122168.967938429,0.549828828020173,6.84685081672747e-24,5.96511658091719,2.55482820565867e-07
110205,1137.29743589744,EL CARMEN,CHINCHA,ICA,-75.9153647444016,-13.5122124199022,111575.848672245,0,500-1500,0,0.0671720204620204,116736.476634283,0.57541586313642,7.16547836653081e-24,6.24271142434879,4.19294233777734e-07
110206,228.260049627792,GROCIO PRADO,CHINCHA,ICA,-76.1674267296185,-13.311574821443,234413.26270167,0,lowland (<500 m),0,0.0671720204620204,239573.890663708,0.280381222995248,3.49150191446424e-24,3.04186793604324,7.37310212883813e-12
110207,810.05752396832,PUEBLO NUEVO,CHINCHA,ICA,-76.0888753454381,-13.2584377382375,593132.040497266,0,500-1500,0,0.0671720204620204,598292.668459305,0.112272845721139,1.39809952888447e-24,1.21805292750739,0
110208,2840.39069674586,SAN JUAN DE YANAC,CHINCHA,ICA,-75.8143195308548,-13.224708965455,14080.692918597,0,2500-3500,0,0.0671720204620204,19241.3208806353,3.49102958568833,4.34727274232935e-23,37.8743299820174,0.00619508441412098
110209,3985.16526845638,SAN PEDRO DE HUACARPANA,CHINCHA,ICA,-75.7271669662286,-13.0784402312795,8727.18334892423,0,>3500,0,0.0671720204620204,13887.8113109626,4.83676073630098,6.02307072855822e-23,52.4742250600576,0.0120739426573315
110210,64.3555555555556,SUNAMPE,CHINCHA,ICA,-76.1628427125926,-13.4268898431698,266462.657713328,0,lowland (<500 m),0,0.0671720204620204,271623.285675366,0.24729846078919,3.07953235978341e-24,2.6829516273286,4.46420678201775e-13
110211,11.4929577464789,TAMBO DE MORA,CHINCHA,ICA,-76.1832809788624,-13.4603181361865,53027.3459856295,0,lowland (<500 m),0,0.0671720204620204,58187.9739476678,1.15439696392303,1.43753535508948e-23,12.5241022651601,0.000102463070468906
110301,729.244037119411,NASCA,NASCA,ICA,-75.0368333715815,-14.8570548431729,241261.977063753,0,500-1500,0,0.0671720204620204,246422.605025792,0.272588711798538,3.39446414755836e-24,2.95732664723185,4.04465350101191e-12
110302,434.21889041724,CHANGUILLO,NASCA,ICA,-75.3343661916111,-14.8016265390061,17621.2900232019,0,lowland (<500 m),0,0.0671720204620204,22781.9179852402,2.94847960147778,3.67165178300577e-23,31.9881818903572,0.00408956971471075
110303,958.099914113942,EL INGENIO,NASCA,ICA,-75.0070858871389,-14.6777565957723,29110.2727530479,0,500-1500,0,0.0671720204620204,34270.9007150863,1.96003078589793,2.44076659922674e-23,21.264458217238,0.00115547715645525
110304,758.970305480683,MARCONA,NASCA,ICA,-75.0693275995221,-15.1424329522598,147018.336844503,0,500-1500,0,0.0671720204620204,152178.964806541,0.44140148112726,5.49663811270735e-24,4.7887836354354,1.69780510761441e-08
110305,1122.89795249795,VISTA ALEGRE,NASCA,ICA,-74.8280056630166,-14.9284777946526,197869.4603375,0,500-1500,0,0.0671720204620204,203030.088299538,0.330847614876269,4.11994451124852e-24,3.58937999006289,1.83948078991136e-10
110401,818.847389558233,PALPA,PALPA,ICA,-75.131569660441,-14.4897315777357,70036.7971824427,0,500-1500,0,0.0671720204620204,75197.425144481,0.893275538796163,1.1123688029222e-23,9.69118470376972,1.99073543561967e-05
110402,595.164829899377,LLIPATA,PALPA,ICA,-75.1587257515428,-14.5946600931649,14233.7072748268,0,500-1500,0,0.0671720204620204,19394.3352368651,3.46348661305692,4.31297431797508e-23,37.5755150884386,0.00608271662713167
110403,1208.27458100559,RIO GRANDE,PALPA,ICA,-75.1475428490923,-14.345665410343,23672.2679425837,0,500-1500,0,0.0671720204620204,28832.8959046221,2.32970079329605,2.90110539251762e-23,25.2750240119391,0.00207523166681201
110404,804.593684941013,SANTA CRUZ,PALPA,ICA,-75.2576659919003,-14.4711623270631,8315.00866217517,0,500-1500,0,0.0671720204620204,13475.6366242135,4.98470108204931,6.20729633214493e-23,54.0792362279653,0.0127444942042442
110405,2280.92967320261,TIBILLO,PALPA,ICA,-75.1609269779288,-14.1503817930681,2895.01092896175,0,1500-2500,0,0.0671720204620204,8055.63889100008,8.33850938093393,1.03836915882924e-22,90.4648465731549,0.0274959070770653
110501,27.8475177304965,PISCO,PISCO,ICA,-76.1917789688554,-13.7018101275669,635462.575910269,0,lowland (<500 m),0,0.0671720204620204,640623.203872307,0.104854179580123,1.30571714051543e-24,1.13756749976906,0
110502,2205.22327721222,HUANCANO,PISCO,ICA,-75.6159016332829,-13.5551760242658,11688.2198100407,0,1500-2500,0,0.0671720204620204,16848.847772079,3.98674267645376,4.9645691457557e-23,43.2523426041459,0.00828917284866682
110503,1025.09718595881,HUMAY,PISCO,ICA,-75.8179788516674,-13.7440999225749,46880.4653243848,0,500-1500,0,0.0671720204620204,52041.0932864231,1.29074960228679,1.60733113984408e-23,14.0033978977376,0.000187792410377141
110504,324.29799803085,INDEPENDENCIA,PISCO,ICA,-76.0130031539318,-13.6468570971818,116884.620812147,0,lowland (<500 m),0,0.0671720204620204,122045.248774186,0.550386198042871,6.85379157574309e-24,5.97116351224321,2.583769596054e-07
110505,253.186148253127,PARACAS,PISCO,ICA,-76.1578251440391,-14.0469780176235,74293.156279509,0,lowland (<500 m),0,0.0671720204620204,79453.7842415473,0.845422544731297,1.05277892789225e-23,9.17202551495325,1.33012912389985e-05
110506,170.095760787282,SAN ANDRES,PISCO,ICA,-76.1067771491745,-13.8043240361348,128656.416338458,0,lowland (<500 m),0,0.0671720204620204,133817.044300496,0.501969093796308,6.25086813328221e-24,5.44588426782613,8.87743608624092e-08
110507,78.3525641025641,SAN CLEMENTE,PISCO,ICA,-76.1439867589757,-13.6421138462836,234031.34486332,0,lowland (<500 m),0,0.0671720204620204,239191.972825358,0.280828907711986,3.49707679579498e-24,3.0467248867718,7.6243455993108e-12
110508,140.090047393365,TUPAC AMARU INCA,PISCO,ICA,-76.1103370395392,-13.726174608787,156561.88316904,0,lowland (<500 m),0,0.0671720204620204,161722.511131078,0.415353558340289,5.17227126921132e-24,4.50618860186013,7.22173454370534e-09
120101,4291.8390625,HUANCAYO,HUANCAYO,JUNIN,-75.0712680540565,-11.9933251097214,996000.201215373,0,>3500,0,0.0671720204620204,1001160.82917741,0.0670941356317459,8.35502821854565e-25,0.727907160452762,0
120104,3724.33783783784,CARHUACALLANGA,HUANCAYO,JUNIN,-75.2025811062671,-12.3554291793411,3712.07520325203,0,>3500,0,0.0671720204620204,8872.70316529037,7.57063762989327,9.4274843001649e-23,82.13417295125,0.0242672544818602
120105,4012.16244725738,CHACAPAMPA,HUANCAYO,JUNIN,-75.2571277681146,-12.4104140296862,7451.3744813278,0,>3500,0,0.0671720204620204,12612.0024433661,5.32603928390076,6.63235439149447e-23,57.7824290468944,0.014295484387719
120106,3869.74630021142,CHICCHE,HUANCAYO,JUNIN,-75.2933788533142,-12.2907544045762,5447.7875862069,0,>3500,0,0.0671720204620204,10608.4155482452,6.33195599819159,7.88499181714603e-23,68.6956627037115,0.0188414200223077
120107,3578.14935064935,CHILCA,HUANCAYO,JUNIN,-75.1831525904035,-12.0790514642676,801768.131364573,2,>3500,2.49448677461911,2.06717202046202,806928.759326611,2.5617776000289,0.326515745161669,7.04858389987951,0
120108,4480.41346275054,CHONGOS ALTO,HUANCAYO,JUNIN,-75.437227260492,-12.4856391816546,12056.0785714286,0,>3500,0,0.0671720204620204,17216.7065334669,3.90156040189494,4.85849425546051e-23,42.3281964472397,0.00792104557614803
120111,3840.35181236674,CHUPURO,HUANCAYO,JUNIN,-75.2411353031238,-12.2098256837919,16580.0171755725,0,>3500,0,0.0671720204620204,21740.6451376109,3.0896976624587,3.8475063302556e-23,33.5202627019718,0.00461314568032456
120112,3731.10088070456,COLCA,HUANCAYO,JUNIN,-75.1912410940417,-12.3142279237276,8172.27602674308,0,>3500,0,0.0671720204620204,13332.9039887814,5.03806376454374,6.27374725425015e-23,54.6581702633012,0.0129867197350136
120113,3824.17051792829,CULLHUAS,HUANCAYO,JUNIN,-75.1547063109625,-12.2517910587279,10362.4330125833,0,>3500,0,0.0671720204620204,15523.0609746216,4.32724065001347,5.3885808944223e-23,46.946419750234,0.00978554365787287
120114,4067.43466666667,EL TAMBO,HUANCAYO,JUNIN,-75.1610787938477,-11.9719521385233,1404663.63088761,0,>3500,0,0.0671720204620204,1409824.25884965,0.0476456693381269,5.93316998666561e-25,0.516909913947494,0
120116,3399.19926199262,HUACRAPUQUIO,HUANCAYO,JUNIN,-75.2093512467943,-12.1866997930403,11200,0,2500-3500,0,0.0671720204620204,16360.6279620383,4.10571162781038,5.11271755490594e-23,44.5430418694191,0.0088078567364569
120117,3481.09271523179,HUALHUAS,HUANCAYO,JUNIN,-75.2441195326083,-11.9679754002257,47310.4611158798,0,2500-3500,0,0.0671720204620204,52471.0890779182,1.28017202696654,1.59415920768453e-23,13.8886413285778,0.000179946545573628
120119,3229.76258992806,HUANCAN,HUANCAYO,JUNIN,-75.2040982610564,-12.1105173696573,240189.138597538,0,2500-3500,0,0.0671720204620204,245349.766559576,0.273780657727708,3.40930708692919e-24,2.97025811983443,4.4433345891548e-12
120120,3820.35363790186,HUASICANCHA,HUANCAYO,JUNIN,-75.2860879828588,-12.3712217390922,6650.14152046784,1,>3500,150.372739726244,1.06717202046202,11810.7694825062,90.3558419324575,2.7896334028029,324.169809317155,0.399803409608344
120121,3229.96855345912,HUAYUCACHI,HUANCAYO,JUNIN,-75.2220663286758,-12.1344098773255,86602.7917795423,0,2500-3500,0,0.0671720204620204,91763.4197415807,0.732013046714984,9.1155353654388e-24,7.94164099785444,4.19230415271699e-06
120122,4114.90343698854,INGENIO,HUANCAYO,JUNIN,-75.2229484207321,-11.8537327811592,19380.1169093851,0,>3500,0,0.0671720204620204,24540.7448714234,2.73716306550414,3.4085057413315e-23,29.6955997114684,0.00334577723671758
120124,3623.28466707392,PARIAHUANCA,HUANCAYO,JUNIN,-74.87700539508,-11.9521803912499,40935.3075916231,0,>3500,0,0.0671720204620204,46095.9355536614,1.45722219660395,1.81463438774168e-23,15.8094662266851,0.000340586294131362
120125,3212.22,PILCOMAYO,HUANCAYO,JUNIN,-75.2542689199705,-12.0474743632422,193817.429855803,0,2500-3500,0,0.0671720204620204,198978.057817841,0.337585064396973,4.2038439166682e-24,3.66247486941608,2.63188804083825e-10
120126,3958.1461477363,PUCARA,HUANCAYO,JUNIN,-75.1005141966313,-12.1801971572228,38471.7536965769,0,>3500,0,0.0671720204620204,43632.3816586152,1.53949928719413,1.91709154098587e-23,16.702093917882,0.000437282742266842
120127,4149.34492753623,QUICHUAY,HUANCAYO,JUNIN,-75.2486655047149,-11.8456023147925,15283,1,>3500,65.4321795459007,1.06717202046202,20443.6279620383,52.2007161568214,1.61163748050908,187.280599027843,0.198235142454054
120128,4364.88981173865,QUILCAS,HUANCAYO,JUNIN,-75.166152124993,-11.8822464177839,32629.0554187192,0,>3500,0,0.0671720204620204,37789.6833807576,1.77752271129703,2.21349485646634e-23,19.2844202736597,0.000798245369264539
120129,3481.94932432432,SAN AGUSTIN,HUANCAYO,JUNIN,-75.2344761244357,-11.9890110440787,151148.687503495,0,2500-3500,0,0.0671720204620204,156309.315465533,0.429737794334031,5.35139377596744e-24,4.66224379623591,1.17233871499423e-08
120130,3373.92372881356,SAN JERONIMO DE TUNAN,HUANCAYO,JUNIN,-75.2863741108605,-11.9374085672572,104072.860006264,0,2500-3500,0,0.0671720204620204,109233.487968302,0.614939811145761,7.65765804485448e-24,6.67150843461609,8.33544985034962e-07
120132,3554.11333333333,SAÑO,HUANCAYO,JUNIN,-75.2468830955492,-11.9506179308562,50829.2092043429,0,>3500,0,0.0671720204620204,55989.8371663812,1.19971808923841,1.49397237113281e-23,13.0157931011208,0.000127121276992659
120133,3850.11574406902,SAPALLANGA,HUANCAYO,JUNIN,-75.1397379712076,-12.1138572882339,203138.128549581,0,>3500,0,0.0671720204620204,208298.756511619,0.32247921968883,4.01573543652588e-24,3.49859091109079,1.15512599485612e-10
120134,3265.78361344538,SICAYA,HUANCAYO,JUNIN,-75.2875089405578,-12.01905665156,179348.861142272,0,2500-3500,0,0.0671720204620204,184509.48910431,0.364057267667385,4.53349419571095e-24,3.94967294018722,9.48532141720193e-10
120135,3041.3482566953,SANTO DOMINGO DE ACOBAMBA,HUANCAYO,JUNIN,-74.6936310358359,-11.8547591185415,50411.2734076676,0,2500-3500,0,0.0671720204620204,55571.901369706,1.20874072699334,1.50520798693415e-23,13.1136800858199,0.00013245773022319
120136,3202.21917808219,VIQUES,HUANCAYO,JUNIN,-75.2276759394127,-12.1605324537246,23474.2183708839,0,2500-3500,0,0.0671720204620204,28634.8463329222,2.34581389685304,2.92117054927677e-23,25.4498357647968,0.00212076488504653
120201,3336.45893719807,CONCEPCION,CONCEPCION,JUNIN,-75.313514905197,-11.912461480337,134763.153207865,0,2500-3500,0,0.0671720204620204,139923.781169903,0.480061501343052,5.97805956152866e-24,5.20820785594818,5.1133506651091e-08
120202,3792.88713318284,ACO,CONCEPCION,JUNIN,-75.3970791313374,-11.9553368151192,13002.3169562612,0,>3500,0,0.0671720204620204,18162.9449182996,3.69830006995964,4.60538035913559e-23,40.1230163721319,0.00705545974530564
120203,3811.41972275838,ANDAMARCA,CONCEPCION,JUNIN,-74.8571725960132,-11.696338858443,26333.4194649972,0,>3500,0,0.0671720204620204,31494.0474270355,2.13284813956169,2.65597078256105e-23,23.1393611129663,0.00155450057098461
120204,3829.35638730675,CHAMBARA,CONCEPCION,JUNIN,-75.43648228364,-12.0056061962135,21222.1788617886,0,>3500,0,0.0671720204620204,26382.806823827,2.54605284837835,3.17052201266373e-23,27.6222367540102,0.00272034949468558
120205,3679.96795398521,COCHAS,CONCEPCION,JUNIN,-75.1413673022259,-11.6200631347673,15630.180952381,0,>3500,0,0.0671720204620204,20790.8089144193,3.2308517065651,4.0232811592427e-23,35.051648991764,0.00515498475690812
120206,4143.65713484721,COMAS,CONCEPCION,JUNIN,-75.048961454081,-11.6654688888677,42140.90805841,0,>3500,0,0.0671720204620204,47301.5360204483,1.42008116677188,1.76838379528813e-23,15.4065215981152,0.000301598575593198
120207,3981.72401433692,HEROINAS TOLEDO,CONCEPCION,JUNIN,-75.2817774890491,-11.8387398731342,7441.97761953204,0,>3500,0,0.0671720204620204,12602.6055815704,5.33001053054064,6.63729966389818e-23,57.825513272332,0.0143135384773961
120208,3599.10152284264,MANZANARES,CONCEPCION,JUNIN,-75.3644869787375,-12.0018817834272,12203,0,>3500,0,0.0671720204620204,17363.6279620383,3.86854755290063,4.81738436078418e-23,41.9700386299635,0.00777917586410382
120209,3004.47798742138,MARISCAL CASTILLA,CONCEPCION,JUNIN,-75.1053444703226,-11.5890518666023,11660.0061141304,0,2500-3500,0,0.0671720204620204,16820.6340761688,3.99342974574239,4.97289634933017e-23,43.3248909061965,0.00831819198859485
120210,3296.34831460674,MATAHUASI,CONCEPCION,JUNIN,-75.3574342429242,-11.8818464579855,50723.6358242463,0,2500-3500,0,0.0671720204620204,55884.2637862847,1.20198452857683,1.49679469896367e-23,13.0403817988905,0.00012844817129698
120211,3367.75800711744,MITO,CONCEPCION,JUNIN,-75.3517507927375,-11.9288010550372,11606,0,2500-3500,0,0.0671720204620204,16766.6279620383,4.00629277479681,4.98891428736809e-23,43.4644424611225,0.00837405940464064
120212,3333.8961038961,NUEVE DE JULIO,CONCEPCION,JUNIN,-75.3146270890902,-11.8898986244293,20639.0261254019,0,2500-3500,0,0.0671720204620204,25799.6540874403,2.6036015922679,3.24218570944016e-23,28.2465855492936,0.00290354448160945
120213,3382.54296875,ORCOTUNA,CONCEPCION,JUNIN,-75.3282262244105,-11.9753310329527,42098.1034616881,0,2500-3500,0,0.0671720204620204,47258.7314237264,1.42136740531077,1.76998550893821e-23,15.4204760552923,0.000302900834047493
120214,4139.65662650602,SAN JOSE DE QUERO,CONCEPCION,JUNIN,-75.5726828618033,-12.0762529832094,45210.5239002425,0,>3500,0,0.0671720204620204,50371.1518622808,1.3335414811572,1.66061856237668e-23,14.4676488303372,0.000221748185446957
120215,3498.1043956044,SANTA ROSA DE OCOPA,CONCEPCION,JUNIN,-75.3068457263346,-11.8699310457887,16656.0042857143,0,2500-3500,0,0.0671720204620204,21816.6322477526,3.07893627665379,3.83410550450173e-23,33.4035119649658,0.00457256716231935
120301,2042.98363023592,CHANCHAMAYO,CHANCHAMAYO,JUNIN,-75.3564540757531,-11.0327782817586,233451.609198178,0,1500-2500,0,0.0671720204620204,238612.237160217,0.281511213596801,3.50557334302319e-24,3.05412725263433,8.02213850903399e-12
120302,1479.21649976156,PERENE,CHANCHAMAYO,JUNIN,-75.0759417183788,-10.9402322736834,481548.871182315,0,500-1500,0,0.0671720204620204,486709.499144354,0.138012552826913,1.71862825644151e-24,1.49730411591355,0
120303,1377.46616111032,PICHANAQUI,CHANCHAMAYO,JUNIN,-74.8687131342068,-11.0249780897527,339416.238445451,0,500-1500,0,0.0671720204620204,344576.866407489,0.19494059819612,2.42753585471054e-24,2.11491892627887,7.7715611723761e-16
120304,1400.45185185185,SAN LUIS DE SHUARO,CHANCHAMAYO,JUNIN,-75.2727585472896,-10.8432819089899,30870.0443266683,0,500-1500,0,0.0671720204620204,36030.6722887066,1.86430105782608,2.32155728654046e-23,20.2258822839529,0.000959604952852522
120305,2334.29490117445,SAN RAMON,CHANCHAMAYO,JUNIN,-75.4050920784384,-11.1568171020065,235599.377269302,0,1500-2500,0,0.0671720204620204,240760.00523134,0.278999912786496,3.47430087943484e-24,3.02688204223464,6.6445737800791e-12
120306,2640.24070317782,VITOC,CHANCHAMAYO,JUNIN,-75.2366068729624,-11.265041269629,13526.8962795941,0,2500-3500,0,0.0671720204620204,18687.5242416325,3.5944847264665,4.47610227600118e-23,38.9967192497085,0.00662140555565938
120401,3386.42727272727,JAUJA,JAUJA,JUNIN,-75.4911382176043,-11.7740855673469,159868.415271436,0,2500-3500,0,0.0671720204620204,165029.043233474,0.407031508793207,5.06863932262267e-24,4.4159023287317,5.37422661928133e-09
120402,3789.39867354458,ACOLLA,JAUJA,JUNIN,-75.5675712945874,-11.6626542138677,47955.983405138,0,>3500,0,0.0671720204620204,53116.6113671764,1.26461419004469,1.57478550754253e-23,13.7198536873043,0.000168794182882182
120403,4097.37964527027,APATA,JAUJA,JUNIN,-75.2725033548841,-11.6806400471641,36384.1461621622,1,>3500,27.4844982081771,1.06717202046202,41544.7741242005,25.6872745840824,0.793065259247897,92.1582791517122,0.0349093420107707
120404,3391.14285714286,ATAURA,JAUJA,JUNIN,-75.4470944669449,-11.7954643207602,11085.0726744186,0,2500-3500,0,0.0671720204620204,16245.7006364569,4.13475675596778,5.14888656775355e-23,44.8581537128458,0.00893521993642399
120405,4393.8018161393,CANCHAYLLO,JAUJA,JUNIN,-75.8000091515856,-11.9149684346941,13439.0146799765,1,>3500,74.4102171039334,1.06717202046202,18599.6426420148,57.375942161995,1.77141667156436,205.847766256769,0.230443404951032
120406,4006.80108254398,CURICACA,JAUJA,JUNIN,-75.6691652547829,-11.7684412838164,11492.3272481406,0,>3500,0,0.0671720204620204,16652.955210179,4.03363965219591,5.02296852030622e-23,43.7611299090998,0.00849303620188102
120407,3481.76119402985,EL MANTARO,JAUJA,JUNIN,-75.391569844828,-11.8178317362605,21978.0525739321,0,2500-3500,0,0.0671720204620204,27138.6805359704,2.4751395106696,3.08221579453466e-23,26.8528949061157,0.00250109195555603
120408,3677.80630630631,HUAMALI,JAUJA,JUNIN,-75.4040884555064,-11.7896278084359,13117.2872403561,0,>3500,0,0.0671720204620204,18277.9152023944,3.67503731788956,4.57641196299239e-23,39.8706377753408,0.00695768667889196
120409,3540.68944099379,HUARIPAMPA,JAUJA,JUNIN,-75.4806020053106,-11.821277440523,8785.01469237833,0,>3500,0,0.0671720204620204,13945.6426544167,4.81670311842865,5.99809358834437e-23,52.2566191019001,0.011983169646024
120410,3410.57352941177,HUERTAS,JAUJA,JUNIN,-75.466739582449,-11.7643836865209,17879.493877551,0,2500-3500,0,0.0671720204620204,23040.1218395894,2.91543685965237,3.63050466369796e-23,31.6296997644719,0.00396998025402673
120411,3941.94808743169,JANJAILLO,JAUJA,JUNIN,-75.6187199808617,-11.7656305161831,4405.39335664336,0,>3500,0,0.0671720204620204,9566.02131868169,7.02193923934067,8.74420691781668e-23,76.1813205349926,0.0218942146597283
120412,3682.7023255814,JULCAN,JAUJA,JUNIN,-75.4288850083519,-11.7542554298412,6014.046875,0,>3500,0,0.0671720204620204,11174.6748370383,6.01109396394958,7.48543210524125e-23,65.2146167070224,0.0174003736653718
120413,3655.2375,LEONOR ORDOÑEZ,JAUJA,JUNIN,-75.4313801556618,-11.8691442907188,12849.0024645718,0,>3500,0,0.0671720204620204,18009.6304266101,3.72978339204398,4.64458558056835e-23,40.4645802862393,0.00718823222326903
120414,4010.07491856678,LLOCLLAPAMPA,JAUJA,JUNIN,-75.6250506117183,-11.8348417986464,9339.12060301508,0,>3500,0,0.0671720204620204,14499.7485650534,4.63263346675646,5.76887726125134e-23,50.2596395415756,0.0111522439607146
120415,3602.41538461538,MARCO,JAUJA,JUNIN,-75.5677477095009,-11.76045029096,11385.0731052985,1,>3500,87.8343064424078,1.06717202046202,16545.7010673368,64.4984468242779,1.99131586670855,231.401188468901,0.272411072237464
120416,3607.60365853659,MASMA,JAUJA,JUNIN,-75.4220185570195,-11.7808253454842,14002.5657458564,0,>3500,0,0.0671720204620204,19163.1937078947,3.50526230052914,4.36499630833132e-23,38.0287413168943,0.00625334201169947
120417,3968.64751958225,MASMA CHICCHE,JAUJA,JUNIN,-75.364663323061,-11.7749631214519,5858.19047619048,0,>3500,0,0.0671720204620204,11018.8184382288,6.09611827607332,7.59131028973048e-23,66.1370491226829,0.017783324285037
120418,3920.3610639502,MOLINOS,JAUJA,JUNIN,-75.3392544590426,-11.5941974552096,12788.1200244948,0,>3500,0,0.0671720204620204,17948.7479865331,3.74243487692954,4.66034008910028e-23,40.6018367893873,0.00724172835843651
120419,3000.73337759651,MONOBAMBA,JAUJA,JUNIN,-75.2310886347454,-11.4085855112489,15488.3916532905,0,2500-3500,0,0.0671720204620204,20649.0196153289,3.25303678883403,4.0509075660281e-23,35.2923359025758,0.00524168427893668
120420,3489.12030075188,MUQUI,JAUJA,JUNIN,-75.4376547961553,-11.8384181500504,8407,0,2500-3500,0,0.0671720204620204,13567.6279620383,4.95090377256547,6.16520957273003e-23,53.7125677651305,0.0125911652285812
120421,3643.7264957265,MUQUIYAUYO,JAUJA,JUNIN,-75.4593635394258,-11.835044054765,18933.0004189359,0,>3500,0,0.0671720204620204,24093.6283809742,2.78795785341586,3.471758942578e-23,30.2466745481361,0.00351986193501641
120422,3687.42440318302,PACA,JAUJA,JUNIN,-75.5284533648877,-11.6831669755961,6885.69213732004,0,>3500,0,0.0671720204620204,12046.3200993584,5.57614440824947,6.94380268006108e-23,60.4958302877804,0.0154318896343516
120423,4053.79603960396,PACCHA,JAUJA,JUNIN,-75.5334240243383,-11.880049517929,11112.3260273973,1,>3500,89.9901602539843,1.06717202046202,16272.9539894356,65.5794898181872,2.02469183422961,235.279648275199,0.278521373717063
120424,3400.58914728682,PANCAN,JAUJA,JUNIN,-75.4990280634873,-11.7475124633988,10024.0633802817,0,2500-3500,0,0.0671720204620204,15184.69134232,4.42366716238813,5.50865789136403e-23,47.9925551263605,0.0102150727257933
120425,3801.31758530184,PARCO,JAUJA,JUNIN,-75.5406023951532,-11.8206157956794,9078.44830508475,0,>3500,0,0.0671720204620204,14239.0762671231,4.71744228360623,5.87448709604382e-23,51.1797340397491,0.0115345728475735
120426,4150.34130229632,POMACANCHA,JAUJA,JUNIN,-75.6891857292844,-11.6328837183403,10846.7433751743,1,>3500,92.1935704949714,1.06717202046202,16007.3713372127,66.6675369728659,2.05828404721331,239.183236921121,0.284600464474993
120427,4260.90639711991,RICRAN,JAUJA,JUNIN,-75.4575204508973,-11.5600289793749,9713.51014040562,0,>3500,0,0.0671720204620204,14874.138102444,4.51602775228928,5.62367171897203e-23,48.9945791348624,0.0106283290858742
120428,3438.03971119134,SAN LORENZO,JAUJA,JUNIN,-75.3785239162986,-11.8386666950296,22543.8674132948,0,2500-3500,0,0.0671720204620204,27704.4953753331,2.42458920662483,3.01926704159622e-23,26.304472485426,0.00234934600206094
120429,3479.88659793814,SAN PEDRO DE CHUNAN,JAUJA,JUNIN,-75.4893062189652,-11.71892294117,5310.57388809182,0,2500-3500,0,0.0671720204620204,10471.2018501302,6.41492938665731,7.98831604891263e-23,69.5958445604794,0.0192120931875891
120430,3378.78431372549,SAUSA,JAUJA,JUNIN,-75.4832911061476,-11.7926533534251,26937.6937669377,0,2500-3500,0,0.0671720204620204,32098.321728976,2.09269571877281,2.60597019673112e-23,22.7037457745088,0.00145674825147091
120431,3924.67114351497,SINCOS,JAUJA,JUNIN,-75.5131110328493,-11.9420710096153,33484.0680480339,0,>3500,0,0.0671720204620204,38644.6960100722,1.73819507972098,2.16452135550495e-23,18.8577531088127,0.000730297219829978
120432,3712.6875,TUNAN MARCA,JAUJA,JUNIN,-75.5947391613474,-11.7068198166442,7857.7084548105,0,>3500,0,0.0671720204620204,13018.3364168488,5.1598006312914,6.42534246407543e-23,55.9788987615871,0.013539769254849
120433,3944.24026590693,YAULI,JAUJA,JUNIN,-75.4713486397697,-11.6788466982374,8281.38904109589,0,>3500,0,0.0671720204620204,13442.0170031342,4.99716824092382,6.22282130511326e-23,54.2144929702992,0.0128010716875533
120434,3509.17117117117,YAUYOS,JAUJA,JUNIN,-75.5142769967589,-11.7958384602161,80387.3593890386,0,>3500,0,0.0671720204620204,85547.987351077,0.785196970050924,9.77781855317316e-24,8.51863566739876,7.49516646991744e-06
120501,4299.01960984578,JUNIN,JUNIN,JUNIN,-76.0119041495937,-11.1887803845389,88306.4696809448,0,>3500,0,0.0671720204620204,93467.0976429831,0.718670228946209,8.94938132243138e-24,7.79688419455028,3.57738756084913e-06
120502,4298.98609904431,CARHUAMAYO,JUNIN,JUNIN,-76.0209825116019,-10.913931638638,51282.4457381699,0,>3500,0,0.0671720204620204,56443.0737002082,1.19008438163375,1.48197580867198e-23,12.9112765933648,0.000121582269165033
120503,4224.19478527607,ONDORES,JUNIN,JUNIN,-76.1820113487173,-11.0914053779357,8811.41283607979,0,>3500,0,0.0671720204620204,13972.0407981181,4.80760265680499,5.98676106085123e-23,52.1578878027051,0.0119419973561907
120504,3501.91141129349,ULCUMAYO,JUNIN,JUNIN,-75.6839059201647,-10.9044857366906,31267.0494398441,0,>3500,0,0.0671720204620204,36427.6774018825,1.84398307146942,2.29625591738868e-23,20.0054515769211,0.000920427173969229
120601,1109.67484729494,SATIPO,SATIPO,JUNIN,-74.6118197693569,-11.1796160328562,341819.296749893,0,500-1500,0,0.0671720204620204,346979.924711932,0.193590509646308,2.41072361348408e-24,2.10027175758968,6.66133814775094e-16
120602,1046.58683729433,COVIRIALI,SATIPO,JUNIN,-74.6514738434242,-11.317464517148,52571.1138048178,0,500-1500,0,0.0671720204620204,57731.7417668561,1.1635197277312,1.44889565481325e-23,12.6230755217131,0.000107143864783499
120603,2147.0666092449,LLAYLLA,SATIPO,JUNIN,-74.6489730939484,-11.4629357020383,60522.7750681199,0,1500-2500,0,0.0671720204620204,65683.4030301582,1.02266352477472,1.27349171833244e-23,11.0949205233544,4.94775562985828e-05
120604,932.999365973934,MAZAMARI,SATIPO,JUNIN,-74.3096993040012,-11.3648590190597,346285.837013172,0,500-1500,0,0.0671720204620204,351446.46497521,0.191130163926271,2.38008567810459e-24,2.07357936115382,4.44089209850063e-16
120605,2835.71428571429,PAMPA HERMOSA,SATIPO,JUNIN,-74.8418665522024,-11.4137498189348,28744.2833986928,0,2500-3500,0,0.0671720204620204,33904.9113607311,1.98118849942842,2.46711365503462e-23,21.4939991604611,0.00120123902276459
120606,1561.42511349484,PANGOA,SATIPO,JUNIN,-74.3223458022117,-11.7692902858034,523983.124360279,0,1500-2500,0,0.0671720204620204,529143.752322317,0.126944748316907,1.58080426015965e-24,1.37722902920936,0
120607,979.926154965442,RIO NEGRO,SATIPO,JUNIN,-74.6909494508703,-11.1031662894304,275999.478856127,0,500-1500,0,0.0671720204620204,281160.106818165,0.238910211061566,2.97507604252319e-24,2.5919471455969,1.94289029309402e-13
120608,1279.53787944606,RIO TAMBO,SATIPO,JUNIN,-73.8146583990512,-11.5304558323758,236718.350946895,0,500-1500,0,0.0671720204620204,241878.978908933,0.277709211296574,3.45822816716501e-24,3.01287916631001,6.02351502010379e-12
120609,1354.00873998543,VIZCATÁN DEL ENE,SATIPO,JUNIN,-74.1865898636407,-12.2023440908894,46883.1344802072,0,500-1500,0,0.0671720204620204,52043.7624422455,1.29068340392498,1.60724870504173e-23,14.0026797088658,0.000187742640205713
120701,3994.74730968513,TARMA,TARMA,JUNIN,-75.7587753652553,-11.4555567606892,401086.013323085,1,>3500,2.49323079534682,1.06717202046202,406246.641285123,2.62690669167411,0.0811027432915565,9.42455765030125,1.99840144432528e-15
120702,3530.56575682382,ACOBAMBA,TARMA,JUNIN,-75.6568334085258,-11.3491338089991,73697.8669833729,0,>3500,0,0.0671720204620204,78858.4949454112,0.851804494982048,1.06072617602837e-23,9.24126356745119,1.40710624779716e-05
120703,4023.50673854447,HUARICOLCA,TARMA,JUNIN,-75.6169728415001,-11.5256469418083,14150.974616605,0,>3500,0,0.0671720204620204,19311.6025786433,3.47832450406296,4.33145149141086e-23,37.7364920055361,0.00614318974755834
120704,3543.63890051626,HUASAHUASI,TARMA,JUNIN,-75.6256862799576,-11.1275952882511,76472.6978438515,0,>3500,0,0.0671720204620204,81633.3258058898,0.822850469448519,1.02467061050161e-23,8.9271401003055,1.08290936617905e-05
120705,4049.99882560188,LA UNION,TARMA,JUNIN,-75.8226339388062,-11.3609938395497,28949.0533333333,0,>3500,0,0.0671720204620204,34109.6812953717,1.9692948720437,2.45230288335026e-23,21.3649646859042,0.0011754057550184
120706,3585.77190679357,PALCA,TARMA,JUNIN,-75.5051659325744,-11.3171389027913,46820.2425667731,0,>3500,0,0.0671720204620204,51980.8705288114,1.29224500818602,1.60919332323292e-23,14.0196216205948,0.000188918955484119
120707,4011.39325250395,PALCAMAYO,TARMA,JUNIN,-75.7778306859124,-11.2701883135685,24531.7808177067,0,>3500,0,0.0671720204620204,29692.4087797451,2.26226241731666,2.81712643831911e-23,24.543382173163,0.00188931746942322
120708,4070.16698456737,SAN PEDRO DE CAJAS,TARMA,JUNIN,-75.7857270552913,-11.1233923527936,26197.9176504463,0,>3500,0,0.0671720204620204,31358.5456124846,2.14206428104489,2.66744736265754e-23,23.2393474279282,0.00157735581863672
120709,3886.98268041237,TAPO,TARMA,JUNIN,-75.528419094275,-11.4295589201261,35193.2258346062,0,>3500,0,0.0671720204620204,40353.8537966445,1.66457510602385,2.07284464607328e-23,18.0590468507784,0.000611903719320073
120801,4167.49543218552,LA OROYA,YAULI,JUNIN,-75.8566992901501,-11.6052664440499,107946.882917466,1,>3500,9.26381543378678,1.06717202046202,113107.510879505,9.4350234760174,0.291295571841415,33.8500499326846,9.06814948071766e-05
120802,4207.6102661597,CHACAPALPA,YAULI,JUNIN,-75.8212401880373,-11.7246216340385,5252.47437774524,0,>3500,0,0.0671720204620204,10413.1023397836,6.45072124235134,8.03288655593265e-23,69.9841519408527,0.019371713901561
120803,4545.08318014706,HUAY-HUAY,YAULI,JUNIN,-75.9653277678846,-11.7171361420993,17481.0351452671,0,>3500,0,0.0671720204620204,22641.6631073054,2.96674410107034,3.69439600767707e-23,32.1863342312486,0.00415616442904998
120804,4497.66870857602,MARCAPOMACOCHA,YAULI,JUNIN,-76.2576955780407,-11.4048771631306,6186.0306372549,0,>3500,0,0.0671720204620204,11346.6585992932,5.91998251064013,7.37197378935933e-23,64.2261446350783,0.0169892352137422
120805,4619.87959866221,MOROCOCHA,YAULI,JUNIN,-76.1233225183229,-11.5445359835796,42036.003030303,0,>3500,0,0.0671720204620204,47196.6309923414,1.42323761356866,1.77231442228094e-23,15.4407660250436,0.000304800446467191
120806,4237.54765174403,PACCHA,YAULI,JUNIN,-75.9922702300208,-11.440116578731,13058.1537537538,0,>3500,0,0.0671720204620204,18218.7817157921,3.68696554522059,4.59126582093536e-23,40.0000476262021,0.00700778517004963
120807,4497.86065038527,SANTA BARBARA DE CARHUACAYAN,YAULI,JUNIN,-76.3648555882927,-11.1980470736102,7860.75875118259,0,>3500,0,0.0671720204620204,13021.3867132209,5.1585919335165,6.42383730957543e-23,55.9657855474904,0.0135342758760337
120808,4264.52074139453,SANTA ROSA DE SACCO,YAULI,JUNIN,-75.9864521312214,-11.5576029254338,68047.7538531278,0,>3500,0,0.0671720204620204,73208.3818151662,0.917545488597383,1.14259143170229e-23,9.95449043202443,2.40547358564269e-05
120809,4690.10818593172,SUITUCANCHA,YAULI,JUNIN,-75.9781782906695,-11.8333154280758,5616.23310344828,0,>3500,0,0.0671720204620204,10776.8610654866,6.23298565823975,7.76174706925401e-23,67.6219292328937,0.0183981668368007
120810,4650.11264864865,YAULI,YAULI,JUNIN,-76.0981383021587,-11.709610318795,43368.1133889695,0,>3500,0,0.0671720204620204,48528.7413510079,1.38416984640434,1.72366452255126e-23,15.0169181403657,0.000266615649203383
120901,3256.7264957265,CHUPACA,CHUPACA,JUNIN,-75.2860692787837,-12.0709234204192,171820.056781311,1,2500-3500,5.8200423089883,1.06717202046202,176980.684743349,6.02987846956064,0.186165609591713,21.6334053435556,4.35993447234218e-07
120902,3864.12406947891,AHUAC,CHUPACA,JUNIN,-75.351556591363,-12.0819989916249,53621.0250222091,0,>3500,0,0.0671720204620204,58781.6529842474,1.14273786210166,1.4230166309412e-23,12.3976121685172,9.66833279157919e-05
120903,3995.90659340659,CHONGOS BAJO,CHUPACA,JUNIN,-75.2844311538283,-12.194828819327,38309.1646712876,0,>3500,0,0.0671720204620204,43469.7926333259,1.54525743954259,1.92426199260658e-23,16.7645643601338,0.000444587815396802
120904,3388.25461254613,HUACHAC,CHUPACA,JUNIN,-75.3426522640763,-12.0355893887731,24118.9081797608,0,2500-3500,0,0.0671720204620204,29279.5361417991,2.29416272637347,2.85685092091963e-23,24.8894699968524,0.00197631359271799
120905,3205.376,HUAMANCACA CHICO,CHUPACA,JUNIN,-75.2487674059772,-12.0796253183108,88313.5869967833,0,2500-3500,0,0.0671720204620204,93474.2149588217,0.718615507941006,8.94869989843163e-24,7.7962905240135,3.57501976389063e-06
120906,3699.38926174497,SAN JUAN DE ISCOS,CHUPACA,JUNIN,-75.3015947935024,-12.119346034145,18529.0017204301,0,>3500,0,0.0671720204620204,23689.6296824684,2.835503186938,3.53096569731108e-23,30.7624959145046,0.00368558643740191
120907,4169.07767624021,SAN JUAN DE JARPA,CHUPACA,JUNIN,-75.4510127924419,-12.1234927722374,20539.1552238806,0,>3500,0,0.0671720204620204,25699.7831859189,2.61371934448164,3.25478503789982e-23,28.3563534778126,0.00293622378063652
120908,3185.68421052632,TRES DE DICIEMBRE,CHUPACA,JUNIN,-75.2458531005961,-12.1140153590582,25295.0974393083,0,2500-3500,0,0.0671720204620204,30455.7254013466,2.20556297959826,2.74652035663218e-23,23.9282475370244,0.00173898956859098
120909,4349.37120149603,YANACANCHA,CHUPACA,JUNIN,-75.4738022315811,-12.2536858602033,20871.8866322009,0,>3500,0,0.0671720204620204,26032.5145942392,2.58031240965423,3.21318440014661e-23,27.9939202063995,0.00282885420606349
130101,37.2588235294118,TRUJILLO,TRUJILLO,LA LIBERTAD,-79.023792332039,-8.11248790504784,2761485.83395188,0,lowland (<500 m),0,0.0671720204620204,2766646.46191392,0.0242792208497619,3.02341737342662e-25,0.263406310258711,0
130102,282.177339901478,EL PORVENIR,TRUJILLO,LA LIBERTAD,-78.9852717858207,-8.0526872319169,1603844.20204964,0,lowland (<500 m),0,0.0671720204620204,1609004.83001168,0.041747556756267,5.1986960033048e-25,0.452921037109486,0
130103,104.452380952381,FLORENCIA DE MORA,TRUJILLO,LA LIBERTAD,-79.0231258304871,-8.07959992966742,356761.024977258,0,lowland (<500 m),0,0.0671720204620204,361921.652939296,0.185598236293662,2.3111982693345e-24,2.01356324056492,2.22044604925031e-16
130104,403.176186416596,HUANCHACO,TRUJILLO,LA LIBERTAD,-79.0585291599964,-8.00094316550439,704010.649446807,0,lowland (<500 m),0,0.0671720204620204,709171.277408845,0.0947190369968903,1.17950729894796e-24,1.02761090238421,0
130105,124.334710743802,LA ESPERANZA,TRUJILLO,LA LIBERTAD,-79.0554399344245,-8.06340306740001,1805756.62807913,0,lowland (<500 m),0,0.0671720204620204,1810917.25604117,0.0370928159406159,4.6190553164013e-25,0.402421553989816,0
130106,773.313147845063,LAREDO,TRUJILLO,LA LIBERTAD,-78.8553889178599,-8.10520488665113,364937.068432043,0,500-1500,0,0.0671720204620204,370097.696394081,0.181498077714311,2.26014024420543e-24,1.96908044395685,1.11022302462516e-16
130107,41.2614379084967,MOCHE,TRUJILLO,LA LIBERTAD,-79.0001112581065,-8.15917594960509,344192.006873348,0,lowland (<500 m),0,0.0671720204620204,349352.634835386,0.192275694424551,2.39435062026118e-24,2.08600727075223,5.55111512312578e-16
130108,1146.97311827957,POROTO,TRUJILLO,LA LIBERTAD,-78.75400739843,-8.0352700848406,31438.2964102564,0,500-1500,0,0.0671720204620204,36598.9243722947,1.83535504428292,2.28551169810113e-23,19.911845739235,0.000904047431141808
130109,302.871406491499,SALAVERRY,TRUJILLO,LA LIBERTAD,-78.8994069781394,-8.2535897900019,183006.657596268,0,lowland (<500 m),0,0.0671720204620204,188167.285558307,0.356980334082601,4.44536729871033e-24,3.87289498363544,6.85634327091123e-10
130110,1363.81283175629,SIMBAL,TRUJILLO,LA LIBERTAD,-78.827084965207,-7.91836623985992,36181.4518072289,0,500-1500,0,0.0671720204620204,41342.0797692673,1.62478571075552,2.02329612485968e-23,17.6273699917922,0.000552724843982166
130111,10.4926470588235,VICTOR LARCO HERRERA,TRUJILLO,LA LIBERTAD,-79.0458231098047,-8.13935005186649,629526.757678644,0,lowland (<500 m),0,0.0671720204620204,634687.385640683,0.105834812510436,1.31792866351615e-24,1.14820642856708,0
130112,265.318407960199,ALTO TRUJILLO,TRUJILLO,LA LIBERTAD,-79.0056127408733,-8.04763869596782,170303,0,lowland (<500 m),0,0.0671720204620204,175463.627962038,0.382825895270746,4.7672141948926e-24,4.15329458752972,2.11970718755339e-09
130201,516.882388419783,ASCOPE,ASCOPE,LA LIBERTAD,-79.0820670106342,-7.66089673874765,54882.0071376548,0,500-1500,0,0.0671720204620204,60042.6350996931,1.11873871542263,1.39313122503556e-23,12.1372443949714,8.54866044770475e-05
130202,646.9435,CHICAMA,ASCOPE,LA LIBERTAD,-79.0081981748475,-7.80496663617738,128363.05763815,0,500-1500,0,0.0671720204620204,133523.685600188,0.503071946824134,6.26460162590661e-24,5.45784916771376,9.11621786947592e-08
130203,105.423529411765,CHOCOPE,ASCOPE,LA LIBERTAD,-79.2265474963138,-7.79050089993686,78473.0009154715,0,lowland (<500 m),0,0.0671720204620204,83633.6288775098,0.80316998513123,1.00016310320946e-23,8.71362568029179,8.97101673080769e-06
130204,34.7445500279486,MAGDALENA DE CAO,ASCOPE,LA LIBERTAD,-79.2999173061127,-7.85520491298116,21328.0301675978,0,lowland (<500 m),0,0.0671720204620204,26488.6581296361,2.53587856860393,3.15785229215563e-23,27.5118555555564,0.00268844497929233
130205,99.2015334063527,PAIJAN,ASCOPE,LA LIBERTAD,-79.3021674963574,-7.72873611585526,232358.401641076,0,lowland (<500 m),0,0.0671720204620204,237519.029603115,0.282806900037704,3.52170813136825e-24,3.06818421050634,8.8298257594488e-12
130206,69.7664930555556,RAZURI,ASCOPE,LA LIBERTAD,-79.3715519073288,-7.68683573230547,75420.4936708861,0,lowland (<500 m),0,0.0671720204620204,80581.1216329244,0.833595004646532,1.03805045270828e-23,9.04370802435323,1.19584157243224e-05
130207,48.8270627062706,SANTIAGO DE CAO,ASCOPE,LA LIBERTAD,-79.2177404623482,-7.92475108615873,160099.31283208,0,lowland (<500 m),0,0.0671720204620204,165259.940794119,0.406462813306363,5.06155753105385e-24,4.40973252695851,5.26453936000593e-09
130208,610.197004765146,CASA GRANDE,ASCOPE,LA LIBERTAD,-79.1949359696368,-7.57666949292501,238724.236754689,0,500-1500,0,0.0671720204620204,243884.864716727,0.27542512955874,3.42978519343358e-24,2.988099065391,5.05206987355678e-12
130301,2935.24291646312,BOLIVAR,BOLIVAR,LA LIBERTAD,-77.7339123707127,-7.26462361984916,40299.2734718338,0,2500-3500,0,0.0671720204620204,45459.9014338721,1.47761034105478,1.84002312262984e-23,16.0306580818952,0.000363214622415065
130302,2618.05634573304,BAMBAMARCA,BOLIVAR,LA LIBERTAD,-77.6883389823668,-7.46463503346196,25147.101663006,0,2500-3500,0,0.0671720204620204,30307.7296250443,2.21633297158999,2.75993189940819e-23,24.045091642921,0.00176711456012391
130303,3187.72031076582,CONDORMARCA,BOLIVAR,LA LIBERTAD,-77.5975545435488,-7.56156006120782,17109,0,2500-3500,0,0.0671720204620204,22269.6279620383,3.01630636023756,3.75611437844344e-23,32.7240373106062,0.00433858884329785
130304,2126.94966761633,LONGOTEA,BOLIVAR,LA LIBERTAD,-77.910122663626,-7.05648833146045,18796.0515551768,0,1500-2500,0,0.0671720204620204,23956.6795172152,2.80389527328906,3.49160532580026e-23,30.4195803011592,0.00357511958335877
130305,3348.12190166599,UCHUMARCA,BOLIVAR,LA LIBERTAD,-77.8058890345757,-7.02609923256784,19021.3223684211,0,2500-3500,0,0.0671720204620204,24181.9503304594,2.77777513989064,3.45907871977708e-23,30.1362018515575,0.00348471435703124
130306,2372.52068345324,UCUNCHA,BOLIVAR,LA LIBERTAD,-77.8505972135046,-7.1532330248909,7211.00110375276,0,1500-2500,0,0.0671720204620204,12371.6290657911,5.42952105214327,6.76121708353609e-23,58.9051071970903,0.014765868816548
130401,372.077138413686,CHEPEN,CHEPEN,LA LIBERTAD,-79.3538423356183,-7.22852568387673,391979.388619357,0,lowland (<500 m),0,0.0671720204620204,397140.016581395,0.169139390787766,2.10624128262971e-24,1.83500051844738,0
130402,248.64475695506,PACANGA,CHEPEN,LA LIBERTAD,-79.4476285862114,-7.07965169682096,199041.449406984,0,lowland (<500 m),0,0.0671720204620204,204202.077369022,0.328948761577146,4.0962986698532e-24,3.56877924902843,1.658538861804e-10
130403,60.1492686170213,PUEBLO NUEVO,CHEPEN,LA LIBERTAD,-79.5862934021233,-7.19224481833039,102237.395931511,0,lowland (<500 m),0,0.0671720204620204,107398.02389355,0.625449314864487,7.78852969154326e-24,6.78552649204594,9.86662653468251e-07
130501,3302.25128003151,JULCAN,JULCAN,LA LIBERTAD,-78.4619574865444,-8.07476336684768,102253.02536005,1,2500-3500,9.7796617408515,1.06717202046202,107413.653322088,9.93516175510779,0.306736769881646,35.6443968957303,0.000145835888231138
130502,3551.89622641509,CALAMARCA,JULCAN,LA LIBERTAD,-78.3807742184792,-8.12034056591363,40259.3655893168,0,>3500,0,0.0671720204620204,45419.9935513552,1.4789086305367,1.841639842952e-23,16.0447432802711,0.0003646851715432
130503,3192.93826687117,CARABAMBA,JULCAN,LA LIBERTAD,-78.5820171659894,-8.14657459819518,55404.0070707071,0,2500-3500,0,0.0671720204620204,60564.6350327454,1.10909642938825,1.38112398011765e-23,12.0326348194627,8.12477070937234e-05
130504,3059.27257866776,HUASO,JULCAN,LA LIBERTAD,-78.4405219073936,-8.26159010919962,49980.0039987204,0,2500-3500,0,0.0671720204620204,55140.6319607588,1.21819460665275,1.51698061513561e-23,13.2162456324709,0.000138205236108746
130601,2952.74314381271,OTUZCO,OTUZCO,LA LIBERTAD,-78.5821059193932,-7.84871974370019,215410.49801513,0,2500-3500,0,0.0671720204620204,220571.125977168,0.30453677998168,3.79230370340753e-24,3.30393261173494,3.91605636806958e-11
130602,3372.8266897747,AGALLPAMPA,OTUZCO,LA LIBERTAD,-78.4640005843889,-7.94555276473275,83539.5875989956,0,2500-3500,0,0.0671720204620204,88700.2155610339,0.75729264057763,9.43033444301399e-24,8.2159003979152,5.57962141389812e-06
130604,2458.84931506849,CHARAT,OTUZCO,LA LIBERTAD,-78.473825904599,-7.80865915413921,20483.3679173048,0,1500-2500,0,0.0671720204620204,25643.9958793431,2.61940536794928,3.2618656696236e-23,28.4180413907371,0.00295464985401872
130605,2672.62524916944,HUARANCHAL,OTUZCO,LA LIBERTAD,-78.4517334366925,-7.69045453339736,32759.8028639618,1,2500-3500,30.5252142130585,1.06717202046202,37920.4308260001,28.1424023202372,0.868864523517327,100.966545148209,0.0471012086566949
130606,2824.93695652174,LA CUESTA,OTUZCO,LA LIBERTAD,-78.6849830650101,-7.90847366546738,5290.0015015015,0,2500-3500,0,0.0671720204620204,10450.6294635398,6.42755737311041,8.00404129556282e-23,69.732846128124,0.0192684293901785
130608,3332.03846153846,MACHE,OTUZCO,LA LIBERTAD,-78.5338036835664,-8.03421764093915,22892.0884588804,0,2500-3500,0,0.0671720204620204,28052.7164209188,2.39449254946058,2.98178859172522e-23,25.9779525586205,0.00226086007197701
130610,3076.27868852459,PARANDAY,OTUZCO,LA LIBERTAD,-78.698908822472,-7.88841116379518,4322.0889292196,0,2500-3500,0,0.0671720204620204,9482.71689125794,7.0836260569949,8.82102363173072e-23,76.8505634703589,0.0221635785465807
130611,2801.1069297843,SALPO,OTUZCO,LA LIBERTAD,-78.6362721381121,-8.03289531528108,52447.1199877564,0,2500-3500,0,0.0671720204620204,57607.7479497947,1.16602406538372,1.45201423016392e-23,12.6502451885148,0.000108453390979091
130613,2336.49554543655,SINSICAP,OTUZCO,LA LIBERTAD,-78.7792046982819,-7.75448726352355,60206.1521653284,0,1500-2500,0,0.0671720204620204,65366.7801273668,1.0276170912983,1.27966024374785e-23,11.1486619794197,5.10120616636911e-05
130614,2979.74231950845,USQUIL,OTUZCO,LA LIBERTAD,-78.3616468631541,-7.80063039906139,183307.378403958,0,2500-3500,0,0.0671720204620204,188468.006365996,0.356410733881142,4.43827424100615e-24,3.86671536657453,6.67590205338797e-10
130701,231.530448507168,SAN PEDRO DE LLOC,PACASMAYO,LA LIBERTAD,-79.4049698977701,-7.483566907829,155512.846444107,0,lowland (<500 m),0,0.0671720204620204,160673.474406145,0.418065400715897,5.20604101579067e-24,4.5356094963189,7.9320500168123e-09
130702,105.766219839142,GUADALUPE,PACASMAYO,LA LIBERTAD,-79.4878840125129,-7.2881388003028,354048.915050106,0,lowland (<500 m),0,0.0671720204620204,359209.543012144,0.186999543215781,2.32864831734079e-24,2.02876607957608,2.22044604925031e-16
130703,41.2472324723247,JEQUETEPEQUE,PACASMAYO,LA LIBERTAD,-79.5470901857936,-7.35019736206985,37139.8892841263,0,lowland (<500 m),0,0.0671720204620204,42300.5172461646,1.58797160968784,1.97745264683218e-23,17.2279722274351,0.000500986633462208
130704,36.6020671834625,PACASMAYO,PACASMAYO,LA LIBERTAD,-79.547854488698,-7.39986322234062,258535.039881084,0,lowland (<500 m),0,0.0671720204620204,263695.667843123,0.254733120993031,3.17211391734208e-24,2.76361057534176,8.92175222588776e-13
130705,300.056338028169,SAN JOSE,PACASMAYO,LA LIBERTAD,-79.3856736663514,-7.36981307397118,101774.761424945,0,lowland (<500 m),0,0.0671720204620204,106935.389386983,0.628155195834516,7.82222520255588e-24,6.81488271095942,1.0295433889862e-06
130801,3717.9824794266,TAYABAMBA,PATAZ,LA LIBERTAD,-77.2563686747991,-8.31424378538794,110756.073823084,0,>3500,0,0.0671720204620204,115916.701785122,0.579485263362123,7.21615336725654e-24,6.28686052225647,4.51908171217319e-07
130802,3671.57126122608,BULDIBUYO,PATAZ,LA LIBERTAD,-77.3827529081261,-8.12440624851143,33916.4001428231,0,>3500,0,0.0671720204620204,39077.0281048615,1.7189644074715,2.14057398547133e-23,18.6491187192508,0.000698260198400247
130803,3093.3341080767,CHILLIA,PATAZ,LA LIBERTAD,-77.5209013861147,-8.16082832192596,104585.865772846,0,2500-3500,0,0.0671720204620204,109746.493734885,0.61206529863531,7.62186261666505e-24,6.6403227248746,7.95199873282471e-07
130804,3430.71819262782,HUANCASPATA,PATAZ,LA LIBERTAD,-77.2619406243037,-8.44320882796138,49126.0025948751,0,2500-3500,0,0.0671720204620204,54286.6305569135,1.23735843932325,1.54084475187871e-23,13.4241548765685,0.000150352190028569
130805,3544.13211186114,HUAYLILLAS,PATAZ,LA LIBERTAD,-77.2937081557353,-8.19040422061791,8836.9793814433,0,>3500,0,0.0671720204620204,13997.6073434816,4.79882159955722,5.97582627789248e-23,52.0626217353086,0.0119022779790459
130806,2763.255547602,HUAYO,PATAZ,LA LIBERTAD,-77.5922431814103,-8.03494327926375,30049.1275362319,0,2500-3500,0,0.0671720204620204,35209.7554982702,1.90776730799282,2.37568448309469e-23,20.6974494997236,0.00104625049828966
130807,2977.99781420765,ONGON,PATAZ,LA LIBERTAD,-77.0924825324776,-8.20579273788951,10835.3494584838,0,2500-3500,0,0.0671720204620204,15995.9774205221,4.19930703176924,5.22926905882493e-23,45.5584624286921,0.00921921335492104
130808,3202.63161290323,PARCOY,PATAZ,LA LIBERTAD,-77.509859094616,-7.99323943039241,170106.371223438,0,2500-3500,0,0.0671720204620204,175266.999185476,0.383255380500557,4.77256244355954e-24,4.1579540912426,2.15713469309264e-09
130809,2882.30818472794,PATAZ,PATAZ,LA LIBERTAD,-77.5895485101237,-7.73244671078547,86939.014882656,0,2500-3500,0,0.0671720204620204,92099.6428446943,0.7293407269265,9.08225778159107e-24,7.91264888564163,4.06301890432115e-06
130810,3337.37032744132,PIAS,PATAZ,LA LIBERTAD,-77.48745493833,-7.89367726435828,15291.7313034188,0,2500-3500,0,0.0671720204620204,20452.3592654571,3.28431647372194,4.08985920426666e-23,35.6316905479889,0.00536459569960635
130811,2849.19339298004,SANTIAGO DE CHALLAS,PATAZ,LA LIBERTAD,-77.3714752661478,-8.42706570240662,18252.4394849785,1,2500-3500,54.7871971208552,1.06717202046202,23413.0674470169,45.5801881952034,1.40723624257113,163.528119486997,0.15546791456441
130812,2768.35665294925,TAURIJA,PATAZ,LA LIBERTAD,-77.433158464242,-8.27943910597979,24224.0211012199,0,2500-3500,0,0.0671720204620204,29384.6490632583,2.28595619152758,2.84663157319747e-23,24.8004369476808,0.00195376955705806
130813,3099.68048229088,URPAY,PATAZ,LA LIBERTAD,-77.3730410512455,-8.33536115939271,19299.5551500406,0,2500-3500,0,0.0671720204620204,24460.1831120789,2.74617815223344,3.41973195407077e-23,29.793404774766,0.00337644505554169
130901,3356.62918918919,HUAMACHUCO,SANCHEZ CARRION,LA LIBERTAD,-78.0460669942086,-7.8267294958118,644365.15929135,4,2500-3500,6.20766027200952,4.06717202046202,649525.787253388,6.26175603844866,1.73050000715113,13.6532577402273,0
130902,3321.99978466839,CHUGAY,SANCHEZ CARRION,LA LIBERTAD,-77.7981062019906,-7.82232054331078,155174.546853001,0,2500-3500,0,0.0671720204620204,160335.174815039,0.418947498822446,5.21702551466282e-24,4.54517941657994,8.17575829259454e-09
130903,2574.87623931624,COCHORCO,SANCHEZ CARRION,LA LIBERTAD,-77.6960871973349,-7.82158220234616,80684.7781463611,0,2500-3500,0,0.0671720204620204,85845.4061083994,0.782476587939958,9.74394246387216e-24,8.48912212498415,7.28901376922941e-06
130904,3268.10146252285,CURGOS,SANCHEZ CARRION,LA LIBERTAD,-77.9534942286123,-7.84774008308095,70502.5601280293,0,2500-3500,0,0.0671720204620204,75663.1880900676,0.887776766451613,1.1055213493149e-23,9.63152828632563,1.90459060528392e-05
130905,3218.27376861398,MARCABAL,SANCHEZ CARRION,LA LIBERTAD,-77.9416777383054,-7.68491499462298,90109.0873828159,1,2500-3500,11.0976598370333,1.06717202046202,95269.7153448542,11.2015871633405,0.345836207675664,40.1879535083516,0.000401536467582342
130906,3231.39707057257,SANAGORAN,SANCHEZ CARRION,LA LIBERTAD,-78.1756321411336,-7.79263978794247,119418.581816947,0,2500-3500,0,0.0671720204620204,124579.209778986,0.539191254954895,6.71438436149947e-24,5.84970909364357,2.05176123202477e-07
130907,3652.653393907,SARIN,SANCHEZ CARRION,LA LIBERTAD,-77.8800942666543,-7.93983207322115,79397.7337260079,0,>3500,0,0.0671720204620204,84558.3616880463,0.794386493790315,9.89225289148705e-24,8.61833320531427,8.22457181637315e-06
130908,2446.30948081264,SARTIMBAMBA,SANCHEZ CARRION,LA LIBERTAD,-77.766156764559,-7.61268942050968,115273.201771031,0,1500-2500,0,0.0671720204620204,120433.829733069,0.55775043117786,6.94549612647833e-24,6.0510583939602,2.9923003530552e-07
131001,3146.22223143924,SANTIAGO DE CHUCO,SANTIAGO DE CHUCO,LA LIBERTAD,-78.2446054288573,-8.34911060580608,163193.511881919,1,2500-3500,6.12769459072347,1.06717202046202,168354.139843957,6.33885226375278,0.195704822535061,22.7419111557435,8.97044897363308e-07
131002,3150.54489544895,ANGASMARCA,SANTIAGO DE CHUCO,LA LIBERTAD,-78.0326544157821,-8.14569194156111,39719.7104795737,0,2500-3500,0,0.0671720204620204,44880.338441612,1.49669148661633,1.86378429163632e-23,16.2376702499948,0.000385185472252081
131003,3683.1015936255,CACHICADAN,SANTIAGO DE CHUCO,LA LIBERTAD,-78.0643531477745,-8.01727971179073,46101.3937788412,0,>3500,0,0.0671720204620204,51262.0217408796,1.31036619666628,1.63175908694395e-23,14.2162191730708,0.000202914235971519
131004,3402.12661498708,MOLLEBAMBA,SANTIAGO DE CHUCO,LA LIBERTAD,-77.9808086800065,-8.12796307603127,14744.0048543689,0,2500-3500,0,0.0671720204620204,19904.6328164073,3.37469277035098,4.20240205194081e-23,36.6121868735181,0.00572394160117307
131005,3373.21168831169,MOLLEPATA,SANTIAGO DE CHUCO,LA LIBERTAD,-77.9420459889642,-8.1426243531324,19457.1038961039,0,2500-3500,0,0.0671720204620204,24617.7318581422,2.72860314057745,3.39784632771245e-23,29.6027327181253,0.00331675058896763
131006,3791.28749595076,QUIRUVILCA,SANTIAGO DE CHUCO,LA LIBERTAD,-78.2511136123403,-8.01473204509727,109579.014278429,0,>3500,0,0.0671720204620204,114739.642240468,0.585429927707491,7.29018046051538e-24,6.35135444117707,5.03257259421019e-07
131007,2834.86958845537,SANTA CRUZ DE CHUCA,SANTIAGO DE CHUCO,LA LIBERTAD,-78.0956752929625,-8.18829070418831,24354.0081645983,0,2500-3500,0,0.0671720204620204,29514.6361266366,2.27588848372751,2.8340945635209e-23,24.6912119531561,0.00192626728362033
131008,3623.15817923186,SITABAMBA,SANTIAGO DE CHUCO,LA LIBERTAD,-77.8004591943091,-8.02629015758284,29410.0067897882,0,>3500,0,0.0671720204620204,34570.6347518265,1.94303694289187,2.41960468447514e-23,21.0800912842527,0.00111936271603708
131101,1738.03446284174,CASCAS,GRAN CHIMU,LA LIBERTAD,-78.7639550082911,-7.50150946180978,114761.188681878,0,1500-2500,0,0.0671720204620204,119921.816643917,0.560131778702735,6.9751503214108e-24,6.07689373558227,3.13526713147105e-07
131102,1900.17373674361,LUCMA,GRAN CHIMU,LA LIBERTAD,-78.5765862007494,-7.62997919156079,38911.5482562855,0,1500-2500,0,0.0671720204620204,44072.1762183238,1.52413668272846,1.8979609578712e-23,16.5354243619146,0.000418138493955555
131103,1814.15340909091,MARMOT,GRAN CHIMU,LA LIBERTAD,-78.7015160423055,-7.66252497263524,20533.1268101761,0,1500-2500,0,0.0671720204620204,25693.7547722145,2.61433259006041,3.25554869392836e-23,28.3630066054473,0.00293820895893482
131104,2631.21795855718,SAYAPULLO,GRAN CHIMU,LA LIBERTAD,-78.4317229181035,-7.56789872593199,52085.1433534743,0,2500-3500,0,0.0671720204620204,57245.7713155127,1.17339707227978,1.46119561093469e-23,12.7302352571426,0.000112370729911326
131201,628.134512104437,VIRU,VIRU,LA LIBERTAD,-78.7352394983037,-8.35328604550066,469026.799808696,0,500-1500,0,0.0671720204620204,474187.427770734,0.141657109674568,1.76401281206555e-24,1.5368440697576,0
131202,920.99662596401,CHAO,VIRU,LA LIBERTAD,-78.5064121420592,-8.55988865027025,315809.931033564,0,500-1500,0,0.0671720204620204,320970.558995602,0.209277824957587,2.60607296982477e-24,2.27046411547375,6.10622663543836e-15
131203,142.334453781513,GUADALUPITO,VIRU,LA LIBERTAD,-78.6497522913427,-8.80171414689948,61534.7899416136,0,lowland (<500 m),0,0.0671720204620204,66695.4179036519,1.00714595654917,1.25416816357062e-23,10.9265697588973,4.48807532418272e-05
140101,31.0884615384615,CHICLAYO,CHICLAYO,LAMBAYEQUE,-79.8258256563965,-6.78283647856649,2312664.42278433,0,lowland (<500 m),0,0.0671720204620204,2317825.05074637,0.0289806257984787,3.60886900259633e-25,0.314412054563132,0
140102,342.386743084974,CHONGOYAPE,CHICLAYO,LAMBAYEQUE,-79.464572751731,-6.62685714839836,157266.962810555,0,lowland (<500 m),0,0.0671720204620204,162427.590772593,0.413550555927807,5.14981902969358e-24,4.48662775121347,6.78055400715749e-09
140103,22.2127429805616,ETEN,CHICLAYO,LAMBAYEQUE,-79.8158852537578,-6.93046642071751,105544.963477047,0,lowland (<500 m),0,0.0671720204620204,110705.591439085,0.606762671955744,7.55583062277612e-24,6.58279430017815,7.28213416345547e-07
140104,24.7891156462585,ETEN PUERTO,CHICLAYO,LAMBAYEQUE,-79.8471851542646,-6.95019563354349,19519.2791081751,0,lowland (<500 m),0,0.0671720204620204,24679.9070702134,2.72172906773589,3.38928625431308e-23,29.5281556064936,0.00329350649532423
140105,28.0670731707317,JOSE LEONARDO ORTIZ,CHICLAYO,LAMBAYEQUE,-79.842587612397,-6.73982984074212,1327084.31786827,0,lowland (<500 m),0,0.0671720204620204,1332244.94583031,0.050420172861047,6.27867045415331e-25,0.547010621885959,0
140106,19.7017543859649,LA VICTORIA,CHICLAYO,LAMBAYEQUE,-79.8611465141052,-6.82375626906035,788864.240858645,0,lowland (<500 m),0,0.0671720204620204,794024.868820683,0.0845968723395111,1.05345906753569e-24,0.917795103074585,0
140107,44.3676746611053,LAGUNAS,CHICLAYO,LAMBAYEQUE,-79.6714075978826,-7.01446677968593,86888.3934181002,0,lowland (<500 m),0,0.0671720204620204,92049.0213801385,0.729741820769798,9.08725248097499e-24,7.91700036998227,4.08222326719887e-06
140108,14.1228406909789,MONSEFU,CHICLAYO,LAMBAYEQUE,-79.8574830315942,-6.86573045553789,283556.837072527,0,lowland (<500 m),0,0.0671720204620204,288717.465034565,0.232656588523242,2.89720158705273e-24,2.52410132596522,1.00586206031039e-13
140109,403.361122926414,NUEVA ARICA,CHICLAYO,LAMBAYEQUE,-79.3708110662203,-6.9312931024528,20316.1144101346,0,lowland (<500 m),0,0.0671720204620204,25476.7423721729,2.63660162986102,3.28327965046906e-23,28.6046043751278,0.00301064003486318
140110,708.257390983001,OYOTUN,CHICLAYO,LAMBAYEQUE,-79.2768426736402,-6.77963790263943,67031.9142857143,0,500-1500,0,0.0671720204620204,72192.5422477526,0.930456503824139,1.15866912545807e-23,10.094562590996,2.65012672231446e-05
140111,41.7332185886403,PICSI,CHICLAYO,LAMBAYEQUE,-79.7725779970706,-6.71639276696009,115773.339633326,0,lowland (<500 m),0,0.0671720204620204,120933.967595365,0.555443783063271,6.91677214053502e-24,6.02603346945011,2.85898581364741e-07
140112,15.1199460916442,PIMENTEL,CHICLAYO,LAMBAYEQUE,-79.9035355619967,-6.79943130829601,412489.104959905,0,lowland (<500 m),0,0.0671720204620204,417649.732921943,0.160833385411441,2.00280912920951e-24,1.74488830921691,0
140113,76.7007874015748,REQUE,CHICLAYO,LAMBAYEQUE,-79.7941922169126,-6.86348223456612,141895.867776237,0,lowland (<500 m),0,0.0671720204620204,147056.495738275,0.456776969455129,5.68810438266326e-24,4.95559296897748,2.68981544815361e-08
140114,5.57142857142857,SANTA ROSA,CHICLAYO,LAMBAYEQUE,-79.9038815474957,-6.88146274044918,111622.446144791,0,lowland (<500 m),0,0.0671720204620204,116783.074106829,0.57518626715181,7.16261927771147e-24,6.24022052764618,4.17513254857838e-07
140115,122.924771167048,SAÑA,CHICLAYO,LAMBAYEQUE,-79.6380015265218,-6.88714202837173,100337.540080321,0,lowland (<500 m),0,0.0671720204620204,105498.16804236,0.636712671968384,7.9287888446757e-24,6.907723137244,1.17512287178823e-06
140116,185.491543917076,CAYALTI,CHICLAYO,LAMBAYEQUE,-79.5066816345145,-6.88869986224448,122082.093486987,0,lowland (<500 m),0,0.0671720204620204,127242.721449025,0.527904619589029,6.57383533126555e-24,5.72725990158116,1.61078097749012e-07
140117,263.872922776149,PATAPO,CHICLAYO,LAMBAYEQUE,-79.5857530207653,-6.7089308183734,201051.712431029,0,lowland (<500 m),0,0.0671720204620204,206212.340393067,0.325742001346679,4.05636586206994e-24,3.53398896949604,1.38873579302867e-10
140118,48.3850641773629,POMALCA,CHICLAYO,LAMBAYEQUE,-79.7590373473757,-6.78175339492792,216870.64720222,0,lowland (<500 m),0,0.0671720204620204,222031.275164259,0.302534048017905,3.76736429266175e-24,3.28220488660407,3.44376749339403e-11
140119,298.435633367662,PUCALA,CHICLAYO,LAMBAYEQUE,-79.5137281737242,-6.79463311783163,72353.0159380188,0,lowland (<500 m),0,0.0671720204620204,77513.6439000572,0.866583185647022,1.07912962908375e-23,9.40159821750459,1.59806454275158e-05
140120,80.3764367816092,TUMAN,CHICLAYO,LAMBAYEQUE,-79.6944527046858,-6.77372729475056,238775.864512644,0,lowland (<500 m),0,0.0671720204620204,243936.492474682,0.275366837411553,3.42905929909113e-24,2.9874666513814,5.02931030155196e-12
140201,40.6443452380952,FERREÑAFE,FERREÑAFE,LAMBAYEQUE,-79.7911643244528,-6.62050027711991,302211.358989503,0,lowland (<500 m),0,0.0671720204620204,307371.986951542,0.218536572340961,2.72136932907896e-24,2.3709126636773,1.98729921407903e-14
140202,2735.95420560748,CAÑARIS,FERREÑAFE,LAMBAYEQUE,-79.3047265325181,-6.06024187323083,97328.0208130081,0,2500-3500,0,0.0671720204620204,102488.648775046,0.655409367426212,8.16161309477274e-24,7.11056438964875,1.55083834096903e-06
140203,2577.58526490066,INCAHUASI,FERREÑAFE,LAMBAYEQUE,-79.3871145725318,-6.23119725567204,120916.090449251,0,2500-3500,0,0.0671720204620204,126076.71841129,0.532786872219268,6.63463253524119e-24,5.78022767015331,1.79069880479332e-07
140204,195.208833619211,MANUEL ANTONIO MESONES MURO,FERREÑAFE,LAMBAYEQUE,-79.682829865024,-6.63533209916446,33457.149988001,0,lowland (<500 m),0,0.0671720204620204,38617.7779500393,1.73940666780265,2.16603010921588e-23,18.8708976799718,0.000732341850401386
140205,298.894762684124,PITIPO,FERREÑAFE,LAMBAYEQUE,-79.6347471283325,-6.4862370218021,175705.576914254,0,lowland (<500 m),0,0.0671720204620204,180866.204876293,0.371390666973767,4.62481478217618e-24,4.02923330437275,1.31097510625011e-09
140206,29.3218390804598,PUEBLO NUEVO,FERREÑAFE,LAMBAYEQUE,-79.8244316675163,-6.62989753927653,126343.437807764,0,lowland (<500 m),0,0.0671720204620204,131504.065769802,0.510798050758409,6.3608124434132e-24,5.54167000128152,1.0945093709136e-07
140301,15.8213495575221,LAMBAYEQUE,LAMBAYEQUE,LAMBAYEQUE,-79.9328965257078,-6.67396004112737,648066.542690477,0,lowland (<500 m),0,0.0671720204620204,653227.170652515,0.102831026448152,1.28052343118616e-24,1.11561822450696,0
140302,601.71178529755,CHOCHOPE,LAMBAYEQUE,LAMBAYEQUE,-79.6135901865266,-6.15523317118413,12755.751137102,0,500-1500,0,0.0671720204620204,17916.3790991403,3.74919620143801,4.66875976043685e-23,40.6751906895088,0.00727035101993234
140303,51.3185185185185,ILLIMO,LAMBAYEQUE,LAMBAYEQUE,-79.8533672434823,-6.46959470164837,76141.4073760068,0,lowland (<500 m),0,0.0671720204620204,81302.0353380451,0.826203429996879,1.02884595007987e-23,8.96351651336882,1.11725040047306e-05
140304,131.098442204477,JAYANCA,LAMBAYEQUE,LAMBAYEQUE,-79.8083015260003,-6.33418359922892,159949.131494253,0,lowland (<500 m),0,0.0671720204620204,165109.759456291,0.406832525728454,5.06616144716399e-24,4.41374355291204,5.33562416471511e-09
140305,32.6340611353712,MOCHUMI,LAMBAYEQUE,LAMBAYEQUE,-79.8875140933594,-6.56281967579058,160734.20779751,0,lowland (<500 m),0,0.0671720204620204,165894.835759548,0.404907242316941,5.04218647963453e-24,4.39285607045257,4.97437968594028e-09
140306,7.17444045788485,MORROPE,LAMBAYEQUE,LAMBAYEQUE,-80.1790247319974,-6.50616648914184,447369.079484169,0,lowland (<500 m),0,0.0671720204620204,452529.707446208,0.148436708920387,1.84843709516555e-24,1.6103962332897,0
140307,239.441438522598,MOTUPE,LAMBAYEQUE,LAMBAYEQUE,-79.7078718585965,-6.16903933946619,273565.721309986,0,lowland (<500 m),0,0.0671720204620204,278726.349272024,0.240996305650542,3.00105354263305e-24,2.61457927543059,2.40141240226421e-13
140308,110.764352607476,OLMOS,LAMBAYEQUE,LAMBAYEQUE,-80.0805528791045,-6.04557052892559,442376.055429654,0,lowland (<500 m),0,0.0671720204620204,447536.683391692,0.15009276994447,1.86905951835883e-24,1.62836291049966,0
140309,49.4514170040486,PACORA,LAMBAYEQUE,LAMBAYEQUE,-79.8799235098404,-6.43408442588765,71703.9588010647,0,lowland (<500 m),0,0.0671720204620204,76864.586763103,0.873900755741325,1.08824197609492e-23,9.4809868498881,1.69942796517386e-05
140310,1355.49074697174,SALAS,LAMBAYEQUE,LAMBAYEQUE,-79.531358152768,-6.13672828250403,109152.653453631,0,500-1500,0,0.0671720204620204,114313.281415669,0.587613439402264,7.31737106615264e-24,6.3750434533775,5.23274234720539e-07
140311,10.1921568627451,SAN JOSE,LAMBAYEQUE,LAMBAYEQUE,-79.9369144382182,-6.76605940288794,143880.215680577,0,lowland (<500 m),0,0.0671720204620204,149040.843642615,0.450695385374309,5.61237226966966e-24,4.88961360196362,2.25040456269809e-08
140312,44.1775568181818,TUCUME,LAMBAYEQUE,LAMBAYEQUE,-79.8762748001827,-6.50330929700606,195668.662722141,0,lowland (<500 m),0,0.0671720204620204,200829.290684179,0.334473224663498,4.16509312490381e-24,3.62871438643423,2.23446372515923e-10
150101,125.358024691358,LIMA,LIMA,LIMA,-77.0490377415898,-12.0510560238495,2147903.96331676,0,lowland (<500 m),0,0.0671720204620204,2153064.5912788,0.0311983303864209,3.88503299574104e-25,0.338472026930796,0
150102,634.286447931526,ANCON,LIMA,LIMA,-77.0958820562177,-11.7025586940214,668644.422384326,0,500-1500,0,0.0671720204620204,673805.050346365,0.0996905862125715,1.241416486086e-24,1.08154745344882,0
150103,584.810810810811,ATE,LIMA,LIMA,-76.877320448103,-12.0326670680907,5409351.2277531,0,500-1500,0,0.0671720204620204,5414511.85571514,0.0124059236089988,1.54487185585358e-25,0.134592398307125,0
150104,65.3548387096774,BARRANCO,LIMA,LIMA,-77.0208786360659,-12.1440728720269,288674.1620926,0,lowland (<500 m),0,0.0671720204620204,293834.790054639,0.228604721889909,2.84674492680884e-24,2.48014245075456,6.43929354282591e-14
150105,120.675675675676,BREÑA,LIMA,LIMA,-77.0506366010293,-12.0591440501468,748275.497444467,0,lowland (<500 m),0,0.0671720204620204,753436.125406506,0.0891542337789798,1.11021050053404e-24,0.967238113157734,0
150106,799.793632745878,CARABAYLLO,LIMA,LIMA,-76.9729175438393,-11.8073849163592,3203364.18008874,0,500-1500,0,0.0671720204620204,3208524.80805078,0.0209354842117703,2.60703204104615e-25,0.227129967795321,0
150107,1065.82194616977,CHACLACAYO,LIMA,LIMA,-76.7669691931394,-11.991641259339,355889.536369228,0,500-1500,0,0.0671720204620204,361050.164331266,0.186046225976481,2.3167769483149e-24,2.0184234998836,2.22044604925031e-16
150108,41.8968824940048,CHORRILLOS,LIMA,LIMA,-77.0059872012484,-12.1926457831731,2861235.80428749,0,lowland (<500 m),0,0.0671720204620204,2866396.43224953,0.0234343092624157,2.91820310860325e-25,0.254239828142384,0
150109,862.039246467818,CIENEGUILLA,LIMA,LIMA,-76.7774572333511,-12.0765467531442,310470.104746794,0,500-1500,0,0.0671720204620204,315630.732708832,0.21281837761973,2.65016239302535e-24,2.30887572344019,9.65894031423886e-15
150110,273.030797101449,COMAS,LIMA,LIMA,-77.0389195061211,-11.9290750392838,4601290.14080704,1,lowland (<500 m),0.21733035070564,1.06717202046202,4606450.76876908,0.23166903849212,0.00715251691922642,0.831159407366463,0
150111,241.328859060403,EL AGUSTINO,LIMA,LIMA,-76.9875412536692,-12.0401247364637,1788737.06384548,0,lowland (<500 m),0,0.0671720204620204,1793897.69180752,0.0374447332023368,4.6628785004186e-25,0.406239519483844,0
150112,220.356756756757,INDEPENDENCIA,LIMA,LIMA,-77.0460081774677,-11.9874769214072,1798934.73101453,0,lowland (<500 m),0,0.0671720204620204,1804095.35897657,0.0372330764711495,4.63652153277807e-25,0.403943246512463,0
150113,107.02,JESUS MARIA,LIMA,LIMA,-77.0482418365944,-12.0780893545022,655781.294972442,0,lowland (<500 m),0,0.0671720204620204,660941.922934481,0.101630745654303,1.26557670028582e-24,1.10259632659934,0
150114,398.976234003656,LA MOLINA,LIMA,LIMA,-76.9258986542608,-12.0879991477269,1289073.19173742,0,lowland (<500 m),0,0.0671720204620204,1294233.81969946,0.051900993035106,6.46307247713728e-25,0.563076103584041,0
150115,155.742857142857,LA VICTORIA,LIMA,LIMA,-77.0173715219094,-12.0723183234529,1513380.51532027,0,lowland (<500 m),0,0.0671720204620204,1518541.14328231,0.0442345739258856,5.50839667142607e-25,0.479902793247914,0
150116,115.4,LINCE,LIMA,LIMA,-77.035691321374,-12.0857699152345,484355.016212656,0,lowland (<500 m),0,0.0671720204620204,489515.644174694,0.137221396826387,1.70877623189806e-24,1.48872083046848,0
150117,75.0194174757282,LOS OLIVOS,LIMA,LIMA,-77.0743779170296,-11.9725167660265,2829440.49006302,1,lowland (<500 m),0.353426765295823,1.06717202046202,2834601.11802506,0.376480490914908,0.0116234050892353,1.35069970398532,0
150118,985.922522522523,LURIGANCHO,LIMA,LIMA,-76.8015436632041,-11.9586072285681,2290355.81886676,0,500-1500,0,0.0671720204620204,2295516.4468288,0.0292622693053744,3.64394121010787e-25,0.317467617071451,0
150119,460.836081017428,LURIN,LIMA,LIMA,-76.8015470954401,-12.2343519546404,869934.145423308,0,lowland (<500 m),0,0.0671720204620204,875094.773385347,0.0767597093537219,9.55865265509527e-25,0.832769385084829,0
150120,60.325,MAGDALENA DEL MAR,LIMA,LIMA,-77.0670148255661,-12.0945781125729,525944.925645202,0,lowland (<500 m),0,0.0671720204620204,531105.55360724,0.126475838947252,1.57496507469505e-24,1.37214181130929,0
150121,86.2745098039216,PUEBLO LIBRE,LIMA,LIMA,-77.0657890938624,-12.0750804695093,758454.62098645,0,lowland (<500 m),0,0.0671720204620204,763615.248948488,0.087965792399402,1.09541120225116e-24,0.954344661564272,0
150122,82.5145631067961,MIRAFLORES,LIMA,LIMA,-77.0290887011616,-12.1207934427994,880391.010408957,0,lowland (<500 m),0,0.0671720204620204,885551.638370995,0.0758533071945819,9.44578115677935e-25,0.822935789112907,0
150123,600.623501199041,PACHACAMAC,LIMA,LIMA,-76.8098699098488,-12.1600050322581,1139988.26344479,1,500-1500,0.877202013447247,1.06717202046202,1145148.89140683,0.931906783886406,0.0287715574004772,3.34340356940773,0
150124,86.2789317507418,PUCUSANA,LIMA,LIMA,-76.775986302254,-12.4662339026423,134213.285990519,0,lowland (<500 m),0,0.0671720204620204,139373.913952557,0.481955471845941,6.00164459895069e-24,5.22875562331649,5.3734067750888e-08
150125,222.415944540728,PUENTE PIEDRA,LIMA,LIMA,-77.0866638076721,-11.8721319989839,3149344.28599921,0,lowland (<500 m),0,0.0671720204620204,3154504.91396125,0.0212939977251992,2.65167663618437e-25,0.231019496307564,0
150126,558.020245842372,PUNTA HERMOSA,LIMA,LIMA,-76.7437317546889,-12.2692449784668,171163.776920765,0,500-1500,0,0.0671720204620204,176324.404882804,0.380957023542301,4.74394170485904e-24,4.13301911784383,1.96338190150414e-09
150127,580.399317406143,PUNTA NEGRA,LIMA,LIMA,-76.709418454181,-12.3036233016865,66977.541043369,0,500-1500,0,0.0671720204620204,72138.1690054073,0.931157823772674,1.15954245781492e-23,10.1021712412528,2.66391299968971e-05
150128,193.325925925926,RIMAC,LIMA,LIMA,-77.0325881002727,-12.0235971146538,1450972.80788473,0,lowland (<500 m),0,0.0671720204620204,1456133.43584677,0.0461304017945021,5.74447833773942e-25,0.500470711256815,0
150129,317.474295190713,SAN BARTOLO,LIMA,LIMA,-76.7241427648332,-12.369382476476,70787.3085761668,0,lowland (<500 m),0,0.0671720204620204,75947.9365382051,0.884448261846191,1.101376463977e-23,9.5954171968381,1.85379778079309e-05
150130,159.862068965517,SAN BORJA,LIMA,LIMA,-76.9952627088409,-12.0975354834127,1022455.16293746,0,lowland (<500 m),0,0.0671720204620204,1027615.7908995,0.0653668628459115,8.13993620296354e-25,0.709167903779648,0
150131,101.927272727273,SAN ISIDRO,LIMA,LIMA,-77.0367722163413,-12.0990013128017,544298.465309968,0,lowland (<500 m),0,0.0671720204620204,549459.093272006,0.122251176265032,1.52235663791971e-24,1.32630826433934,0
150132,653.230914826498,SAN JUAN DE LURIGANCHO,LIMA,LIMA,-76.9714572087428,-11.9459415912646,9487416.45482609,2,500-1500,0.210805545379283,2.06717202046202,9492577.08278813,0.217767209308229,0.0277558920876861,0.59917396632493,0
150133,156.259842519685,SAN JUAN DE MIRAFLORES,LIMA,LIMA,-76.9665231884739,-12.1578188098437,3318075.3697355,1,lowland (<500 m),0.301379531375659,1.06717202046202,3323235.99769753,0.321124356260403,0.00991434766716292,1.15209840459286,0
150134,186.974358974359,SAN LUIS,LIMA,LIMA,-76.9972983715051,-12.0741047832397,447590.387803477,0,lowland (<500 m),0,0.0671720204620204,452751.015765515,0.148364151869313,1.8475335643227e-24,1.60960905872488,0
150135,61.6577017114915,SAN MARTIN DE PORRES,LIMA,LIMA,-77.0885072717166,-11.9927635948381,5985517.47867862,0,lowland (<500 m),0,0.0671720204620204,5990678.10664066,0.011212757431844,1.39629050838294e-25,0.12164768718173,0
150136,51.0366972477064,SAN MIGUEL,LIMA,LIMA,-77.0900897759096,-12.0765986295787,1396520.76915443,0,lowland (<500 m),0,0.0671720204620204,1401681.39711647,0.0479224598401651,5.96763786427337e-25,0.519912825997583,0
150137,276.235294117647,SANTA ANITA,LIMA,LIMA,-76.9632526362655,-12.0432357126623,1779828.21442562,0,lowland (<500 m),0,0.0671720204620204,1784988.84238766,0.0376316192386777,4.68615084892682e-25,0.408267054122456,0
150138,93.1136363636364,SANTA MARIA DEL MAR,LIMA,LIMA,-76.767308854082,-12.4087113522897,9272.37522603978,0,lowland (<500 m),0,0.0671720204620204,14433.0031880781,4.65405706537261,5.79555541565267e-23,50.492065083518,0.0112487314249702
150139,140.737373737374,SANTA ROSA,LIMA,LIMA,-77.1633215197421,-11.8048864432969,303874.658770117,0,lowland (<500 m),0,0.0671720204620204,309035.286732156,0.217360357687047,2.70672228648427e-24,2.35815186035594,1.72084568816899e-14
150140,140.760925449872,SANTIAGO DE SURCO,LIMA,LIMA,-76.9845167018135,-12.1272245853834,3255261.86638024,0,lowland (<500 m),0,0.0671720204620204,3260422.49434228,0.0206022442117799,2.565534679507e-25,0.223514632716357,0
150141,117.288461538462,SURQUILLO,LIMA,LIMA,-77.0129897827914,-12.113401422067,806211.419419097,0,lowland (<500 m),0,0.0671720204620204,811372.047381136,0.0827881866017339,1.03093605530024e-24,0.898172593787591,0
150142,108.301047120419,VILLA EL SALVADOR,LIMA,LIMA,-76.9454420369504,-12.2191743995405,3405268.82612223,0,lowland (<500 m),0,0.0671720204620204,3410429.45408427,0.0196960592108353,2.4526902232393e-25,0.213683392703028,0
150143,347.269333333333,VILLA MARIA DEL TRIUNFO,LIMA,LIMA,-76.9189982133711,-12.1703016950779,3520958.72924787,0,lowland (<500 m),0,0.0671720204620204,3526119.3572099,0.0190498430873228,2.37221889893669e-25,0.206672566211627,0
150201,287.771444382955,BARRANCA,BARRANCA,LIMA,-77.6826858372194,-10.7149285053094,582414.266193234,0,lowland (<500 m),0,0.0671720204620204,587574.894155272,0.114320780431898,1.42360183566137e-24,1.2402710591826,0
150202,533.994170984456,PARAMONGA,BARRANCA,LIMA,-77.7421291780535,-10.4864170319274,174410.10910165,0,500-1500,0,0.0671720204620204,179570.737063688,0.374069971312735,4.6581793425023e-24,4.05830119227387,1.47096823610582e-09
150203,422.505681818182,PATIVILCA,BARRANCA,LIMA,-77.6859486022353,-10.6233575112121,143823.420520312,0,lowland (<500 m),0,0.0671720204620204,148984.048482351,0.450867197839491,5.61451179793302e-24,4.89147760278104,2.26191768648576e-08
150204,528.897672826831,SUPE,BARRANCA,LIMA,-77.5623045508007,-10.8096149788252,206759.045888488,0,500-1500,0,0.0671720204620204,211919.673850526,0.316969251799618,3.94712148574735e-24,3.4388130327016,8.39258662566067e-11
150205,91.7441860465116,SUPE PUERTO,BARRANCA,LIMA,-77.7256796137143,-10.7852477724357,108400.66312137,0,lowland (<500 m),0,0.0671720204620204,113561.291083408,0.591504550724807,7.36582588950678e-24,6.41725828731386,5.6055424457746e-07
150301,4379.2274560413,CAJATAMBO,CAJATAMBO,LIMA,-76.943836762407,-10.4551354503045,15648.0558882236,0,>3500,0,0.0671720204620204,20808.6838502619,3.22807636203166,4.01982510728306e-23,35.0215391596663,0.00514416691166053
150302,3994.92903504976,COPA,CAJATAMBO,LIMA,-77.0233570153145,-10.36447952328,6721.04215456675,0,>3500,0,0.0671720204620204,11881.6701166051,5.65341570695057,7.04002627323394e-23,61.3341499276776,0.0157825259946163
150303,4193.76792802329,GORGOR,CAJATAMBO,LIMA,-76.9919098169744,-10.6216441554567,12859.8296969697,0,>3500,0,0.0671720204620204,18020.457659008,3.72754242611827,4.64179497400194e-23,40.4402679506186,0.00717876481050572
150304,3070.22419928826,HUANCAPON,CAJATAMBO,LIMA,-77.1089327856446,-10.521691438216,7489.234375,0,2500-3500,0,0.0671720204620204,12649.8623370383,5.31009893011588,6.61250435476141e-23,57.6094914637374,0.0142230153737672
150305,2808.5357480315,MANAS,CAJATAMBO,LIMA,-77.2208086769386,-10.6123689145293,7721.01639344262,0,2500-3500,0,0.0671720204620204,12881.644355481,5.21455325177019,6.4935242335896e-23,56.5729122938399,0.0137886434150372
150401,3883.39222148978,CANTA,CANTA,LIMA,-76.5822949136694,-11.4753060745645,18110.7699694457,0,>3500,0,0.0671720204620204,23271.397931484,2.88646262935253,3.59442393779153e-23,31.3153570949483,0.00386607829962882
150402,3083.28110599078,ARAHUAY,CANTA,LIMA,-76.675098640046,-11.6407144342551,4675.04194630873,0,2500-3500,0,0.0671720204620204,9835.66990834706,6.82943013419093,8.50448119652845e-23,74.0927809812533,0.0210496284981596
150403,2293.76400648532,HUAMANTANGA,CANTA,LIMA,-76.8437864082465,-11.5503437971655,5168.10287443268,0,1500-2500,0,0.0671720204620204,10328.730836471,6.50341474916107,8.09850417395308e-23,70.5558260604314,0.0196063998699361
150404,4485.36862106406,HUAROS,CANTA,LIMA,-76.5024087852478,-11.4013147317614,6079.08311688312,0,>3500,0,0.0671720204620204,11239.7110789215,5.97631202353523,7.44211921493849e-23,64.8372659409136,0.0172435111709077
150405,3872.45637119114,LACHAQUI,CANTA,LIMA,-76.6115967485106,-11.5556355870509,6980.01805869075,0,>3500,0,0.0671720204620204,12140.6460207291,5.53282093451453,6.8898532786458e-23,60.0258120596534,0.0152351777911508
150406,3758.38994229184,SAN BUENAVENTURA,CANTA,LIMA,-76.6629342988068,-11.4404952280982,4750.13846153846,0,>3500,0,0.0671720204620204,9910.7664235768,6.77768172421301,8.44004047878772e-23,73.531360257813,0.0208215993003592
150407,1633.71209171534,SANTA ROSA DE QUIVES,CANTA,LIMA,-76.8431242113729,-11.6710431181259,46782.0015272357,0,1500-2500,0,0.0671720204620204,51942.629489274,1.29319638074717,1.61037803848708e-23,14.0299431023904,0.000189637902506812
150501,361.355823020851,SAN VICENTE DE CAÑETE,CAÑETE,LIMA,-76.2575788557079,-13.1719332254702,482450.950175971,0,lowland (<500 m),0,0.0671720204620204,487611.57813801,0.137757230290804,1.71544880271738e-24,1.49453411074829,0
150502,294.707706766917,ASIA,CAÑETE,LIMA,-76.5112023485033,-12.7966971273389,85258.789930725,0,lowland (<500 m),0,0.0671720204620204,90419.4178927633,0.74289375034117,9.25102945143966e-24,8.05968621903049,4.75201536009884e-06
150503,1441.58585349462,CALANGO,CAÑETE,LIMA,-76.4545948995442,-12.487060587665,19236.2834381551,0,500-1500,0,0.0671720204620204,24396.9114001935,2.75330017641035,3.42860079371092e-23,29.8706719210893,0.00340074343340957
150504,177.826086956522,CERRO AZUL,CAÑETE,LIMA,-76.4648906222911,-12.9661285778843,71940.225836981,0,lowland (<500 m),0,0.0671720204620204,77100.8537990193,0.871222783565009,1.08490717896385e-23,9.45193341467682,1.66179629154106e-05
150505,703.870814272644,CHILCA,CAÑETE,LIMA,-76.6299238779737,-12.4298159363981,191903.589294404,0,500-1500,0,0.0671720204620204,197064.217256442,0.340863609828306,4.24467064367891e-24,3.69804394967722,3.11744741132713e-10
150506,1211.9324304431,COAYLLO,CAÑETE,LIMA,-76.4067156053325,-12.6587152901945,8497.03481624758,0,500-1500,0,0.0671720204620204,13657.6627782859,4.9182661449817,6.12456692984013e-23,53.3584807410601,0.0124431693456174
150507,103.857385398981,IMPERIAL,CAÑETE,LIMA,-76.3696222931587,-13.0330900075152,310273.240252099,0,lowland (<500 m),0,0.0671720204620204,315433.868214137,0.212951199065345,2.65181637800584e-24,2.3103167090109,9.88098491916389e-15
150508,1448.2930141147,LUNAHUANA,CAÑETE,LIMA,-76.1173871910048,-13.0193290410029,32418.0789666098,0,500-1500,0,0.0671720204620204,37578.7069286481,1.78750217748477,2.22592198155253e-23,19.3926879311406,0.000816004391579583
150509,239.341627437794,MALA,CAÑETE,LIMA,-76.6016729496938,-12.6534876935918,271563.583177061,0,lowland (<500 m),0,0.0671720204620204,276724.2111391,0.242739947420991,3.02276658216768e-24,2.63349611992116,2.8599345114344e-13
150510,888.418021493524,NUEVO IMPERIAL,CAÑETE,LIMA,-76.2585592112137,-12.9604713777154,228736.041883856,0,500-1500,0,0.0671720204620204,233896.669845894,0.287186732954674,3.57624885578364e-24,3.11570120602064,1.21351817483628e-11
150511,1982.81028106509,PACARAN,CAÑETE,LIMA,-76.0704476187531,-12.8978963235887,13576.038163387,0,1500-2500,0,0.0671720204620204,18736.6661254253,3.58505723549555,4.46436250882917e-23,38.8944399950725,0.00658228923924165
150512,744.324409448819,QUILMANA,CAÑETE,LIMA,-76.3452673197123,-12.8695539286569,130086.27471149,0,500-1500,0,0.0671720204620204,135246.902673529,0.496662172176811,6.18478265581533e-24,5.38830924714181,7.80058665439398e-08
150513,70.5615212527964,SAN ANTONIO,CAÑETE,LIMA,-76.674185865499,-12.6131631375269,37128.4429426102,0,lowland (<500 m),0,0.0671720204620204,42289.0709046486,1.58840142441239,1.97798788200862e-23,17.2326353058505,0.000501573964838409
150514,32.2636579572447,SAN LUIS,CAÑETE,LIMA,-76.4237208578261,-13.0520004668398,105193.967414694,0,lowland (<500 m),0,0.0671720204620204,110354.595376732,0.608692553606002,7.57986285077122e-24,6.60373166912735,7.52041772522638e-07
150515,376.975609756098,SANTA CRUZ DE FLORES,CAÑETE,LIMA,-76.6462003651707,-12.5498870423647,25608.5269403464,0,lowland (<500 m),0,0.0671720204620204,30769.1549023847,2.18309604781555,2.71854297123758e-23,23.6845028287268,0.00168097714088422
150516,1770.93442622951,ZUÑIGA,CAÑETE,LIMA,-76.0140624313109,-12.8298633683136,10613.0740740741,0,1500-2500,0,0.0671720204620204,15773.7020361124,4.25848163660226,5.30295739068076e-23,46.2004502592133,0.00948062172557151
150601,657.962962962963,HUARAL,HUARAL,LIMA,-77.1710903934235,-11.3870825915249,847457.399620093,0,500-1500,0,0.0671720204620204,852618.027582131,0.0787832514549428,9.81063818554326e-25,0.854722880291038,0
150602,4332.27190721649,ATAVILLOS ALTO,HUARAL,LIMA,-76.5951697516947,-11.2775024689388,5284.42814814815,0,>3500,0,0.0671720204620204,10445.0561101865,6.4309870385963,8.00831215346194e-23,69.7700547163506,0.0192837262644818
150603,3454.29240060393,ATAVILLOS BAJO,HUARAL,LIMA,-76.7610603486606,-11.3464555766345,6696.04046242775,0,2500-3500,0,0.0671720204620204,11856.6684244661,5.66533684313983,7.05487130079418e-23,61.463482846437,0.0158365929668879
150604,839.927911275416,AUCALLAMA,HUARAL,LIMA,-77.0499235562589,-11.517739908464,171237.431525802,0,500-1500,0,0.0671720204620204,176398.059487841,0.380797955811133,4.74196088288399e-24,4.13129338519337,1.95055527285604e-09
150605,128.208929593589,CHANCAY,HUARAL,LIMA,-77.2918490017553,-11.5011216820797,488719.527318187,0,lowland (<500 m),0,0.0671720204620204,493880.155280225,0.136008745732874,1.69367545742625e-24,1.47556472664826,0
150606,2766.31689480593,IHUARI,HUARAL,LIMA,-76.9608722034655,-11.1872770780592,15990.6671539961,0,2500-3500,0,0.0671720204620204,21151.2951160344,3.17578758622201,3.95471148844152e-23,34.4542559840985,0.00494155431616672
150607,2649.36927710843,LAMPIAN,HUARAL,LIMA,-76.8638250592428,-11.2473260798905,2491.44444444444,0,2500-3500,0,0.0671720204620204,7652.07240648278,8.77827820932702,1.09313223068738e-22,95.2359174889236,0.0292940147560142
150608,4306.42410196987,PACARAOS,HUARAL,LIMA,-76.6648282764429,-11.1271311991019,9699.86103781882,0,>3500,0,0.0671720204620204,14860.4889998572,4.5201756458126,5.62883696435578e-23,49.0395798099287,0.0106469263907396
150609,3178.87685774947,SAN MIGUEL DE ACOS,HUARAL,LIMA,-76.7675072030684,-11.2929715364151,5064.03894080997,0,2500-3500,0,0.0671720204620204,10224.6669028483,6.56960477052882,8.18092859020146e-23,71.2739244463849,0.0199006581432296
150610,4468.14591039868,SANTA CRUZ DE ANDAMARCA,HUARAL,LIMA,-76.5655175828463,-11.147014694065,6106.45812182741,0,>3500,0,0.0671720204620204,11267.0860838657,5.96179171455958,7.42403751672579e-23,64.6797344849102,0.0171779927814075
150611,2403.88122892469,SUMBILCA,HUARAL,LIMA,-76.8554311611357,-11.3944015579381,5469.12320916905,0,1500-2500,0,0.0671720204620204,10629.7511712074,6.31924674247954,7.86916536836461e-23,68.5577794423843,0.0187845663377627
150612,3844.75182481752,VEINTISIETE DE NOVIEMBRE,HUARAL,LIMA,-76.772815541721,-11.1488464898967,3076.2040302267,0,>3500,0,0.0671720204620204,8236.83199226504,8.15507958947076,1.01552720596158e-22,88.4748088837325,0.0267348201475444
150701,3854.89406571849,MATUCANA,HUAROCHIRI,LIMA,-76.3794319768234,-11.8161391892165,32034.3559280256,0,>3500,0,0.0671720204620204,37194.983890064,1.80594299114522,2.24888576475882e-23,19.5927531109306,0.000849368778798487
150702,1976.8606870229,ANTIOQUIA,HUAROCHIRI,LIMA,-76.5891278536569,-12.0615564772397,9705.08025682183,0,1500-2500,0,0.0671720204620204,14865.7082188602,4.51858865202258,5.62686072935797e-23,49.0223624461089,0.0106398106520161
150703,3182.71001757469,CALLAHUANCA,HUAROCHIRI,LIMA,-76.5753009634628,-11.8137064328814,5496.84818941504,0,2500-3500,0,0.0671720204620204,10657.4761514534,6.30280748532194,7.84869406246724e-23,68.3794292350991,0.0187109972956789
150704,4571.0960949464,CARAMPOMA,HUAROCHIRI,LIMA,-76.3830379227776,-11.6397018496025,2519.44720496894,0,>3500,0,0.0671720204620204,7680.07516700728,8.74627122799314,1.08914649885378e-22,94.8886723731166,0.0291644189749881
150705,4646.22754716981,CHICLA,HUAROCHIRI,LIMA,-76.2438005327242,-11.6644889128127,25881.1160220995,0,>3500,0,0.0671720204620204,31041.7439841378,2.16392547069343,2.69467043583446e-23,23.4765204137839,0.00163218667171683
150706,3139.56916996047,CUENCA,HUAROCHIRI,LIMA,-76.4569197096768,-12.1565297044126,3709.10652173913,0,2500-3500,0,0.0671720204620204,8869.73448377747,7.57317150641616,9.43063965937055e-23,82.1616630865257,0.0242780896917688
150707,3651.05286839145,HUACHUPAMPA,HUAROCHIRI,LIMA,-76.5957986625917,-11.6968531284421,4215.80110497238,0,>3500,0,0.0671720204620204,9376.42906701071,7.16392349176438,8.92101557991798e-23,77.7217137904927,0.0225132570674004
150708,4546.15889268108,HUANZA,HUAROCHIRI,LIMA,-76.4436480528334,-11.5611392823093,6065.44897959184,0,>3500,0,0.0671720204620204,11226.0769416302,5.98357029007376,7.45115771303913e-23,64.9160111864723,0.0172762545254362
150709,4237.60382916053,HUAROCHIRI,HUAROCHIRI,LIMA,-76.2725580539375,-12.0694367605979,9895.48751950078,0,>3500,0,0.0671720204620204,15056.1154815391,4.46144429115083,5.55570059842869e-23,48.4024008195616,0.0103838995630566
150710,3454.28617710583,LAHUAYTAMBO,HUAROCHIRI,LIMA,-76.3918800209197,-12.0932841028552,4672.53114754098,0,2500-3500,0,0.0671720204620204,9833.15910957932,6.83117396082632,8.50665273068859e-23,74.1116998313516,0.0210573054583778
150711,3557.08700696056,LANGA,HUAROCHIRI,LIMA,-76.3756831329497,-12.1592790601541,6673.2966396292,0,>3500,0,0.0671720204620204,11833.9246016675,5.67622515125329,7.0684301790305e-23,61.5816105690223,0.0158859685905811
150712,4330.37717309146,SAN PEDRO DE LARAOS,HUAROCHIRI,LIMA,-76.5316934232982,-11.5851675653729,4632.91074380165,0,>3500,0,0.0671720204620204,9793.53870583999,6.85880992352284,8.54106695273677e-23,74.4115235781424,0.0211789057632416
150713,3253.95595175669,MARIATANA,HUAROCHIRI,LIMA,-76.365318866835,-12.2616345685365,11184.0007067138,0,2500-3500,0,0.0671720204620204,16344.6286687521,4.10973059243865,5.11772224906622e-23,44.5866437893631,0.008825463689078
150714,1615.66836734694,RICARDO PALMA,HUAROCHIRI,LIMA,-76.622914510548,-11.9378194389887,53002.7243267914,0,1500-2500,0,0.0671720204620204,58163.3522888298,1.15488564222459,1.43814389128432e-23,12.5294039570518,0.000102710262197436
150715,3662.90524379025,SAN ANDRES DE TUPICOCHA,HUAROCHIRI,LIMA,-76.4580370709353,-11.9880588672702,10325.0480841473,0,>3500,0,0.0671720204620204,15485.6760461856,4.33768730933552,5.40158980087939e-23,47.059756006104,0.00983197435112149
150716,2164.61824114357,SAN ANTONIO,HUAROCHIRI,LIMA,-76.7735309047159,-11.8166432607303,47358.0326775021,0,1500-2500,0,0.0671720204620204,52518.6606395405,1.27901244327331,1.59271521345351e-23,13.8760609552635,0.000179099453492482
150717,2423.57581967213,SAN BARTOLOME,HUAROCHIRI,LIMA,-76.5014103130073,-11.9140798420219,8722.88088888889,0,1500-2500,0,0.0671720204620204,13883.5088509272,4.8382596347417,6.02493726110254e-23,52.4904866736475,0.0120807276185477
150718,4203.96521508232,SAN DAMIAN,HUAROCHIRI,LIMA,-76.3329774102465,-11.9644648591048,9001.58326143227,0,>3500,0,0.0671720204620204,14162.2112234706,4.74304608242943,5.90637072635749e-23,51.4575107533578,0.0116501798927792
150719,4374.96948682386,SAN JUAN DE IRIS,HUAROCHIRI,LIMA,-76.4690936801146,-11.7189693086339,5165.87405159332,0,>3500,0,0.0671720204620204,10326.5020136317,6.50481841511762,8.10025211638738e-23,70.5710544927084,0.0196126463661978
150720,4462.8883216337,SAN JUAN DE TANTARANCHE,HUAROCHIRI,LIMA,-76.1569892270713,-11.9929117843395,2762.2268907563,0,>3500,0,0.0671720204620204,7922.85485279464,8.47825963116397,1.05577183155505e-22,91.9810030428626,0.0280713930380061
150721,4207.27297721917,SAN LORENZO DE QUINTI,HUAROCHIRI,LIMA,-76.1188231901077,-12.1089174168547,9083.17510729614,0,>3500,0,0.0671720204620204,14243.8030693345,4.71587680165526,5.87253764908354e-23,51.1627500587954,0.0115275069142731
150722,4468.93692928435,SAN MATEO,HUAROCHIRI,LIMA,-76.2190037445811,-11.8197852914813,31468.3417122947,0,>3500,0,0.0671720204620204,36628.969674333,1.83384957478315,2.28363698281725e-23,19.8955128359431,0.000901205147428419
150723,3261.64674983585,SAN MATEO DE OTAO,HUAROCHIRI,LIMA,-76.5304238561912,-11.8405925939426,10664.8382886149,0,2500-3500,0,0.0671720204620204,15825.4662506533,4.24455238146601,5.28561171379992e-23,46.0493311717106,0.00941900086213609
150724,3766.02047413793,SAN PEDRO DE CASTA,HUAROCHIRI,LIMA,-76.5551202411366,-11.7650426614318,7069.48144104804,0,>3500,0,0.0671720204620204,12230.1094030864,5.49234828962928,6.83945392750855e-23,59.5867225962146,0.0150513441217111
150725,4023.62753950339,SAN PEDRO DE HUANCAYRE,HUAROCHIRI,LIMA,-76.1966354534121,-12.0867070483906,1577.12254901961,0,>3500,0,0.0671720204620204,6737.75051105795,9.96950248480976,1.24147175906138e-22,108.159560839636,0.0339750090163521
150726,3124.07244995234,SANGALLAYA,HUAROCHIRI,LIMA,-76.2627049053644,-12.2191428186062,5032.0140625,0,2500-3500,0,0.0671720204620204,10192.6420245383,6.59024620901104,8.20663274442693e-23,71.4978642994254,0.0199922976175616
150727,1766.29301075269,SANTA CRUZ DE COCACHACRA,HUAROCHIRI,LIMA,-76.5607696980171,-11.9259693932077,20994.2995796714,0,1500-2500,0,0.0671720204620204,26154.9275417097,2.56823576952756,3.1981457282726e-23,27.8629002187412,0.00279041833991311
150728,1938.78396946565,SANTA EULALIA,HUAROCHIRI,LIMA,-76.6489915847797,-11.8583446948093,106196.296555928,0,1500-2500,0,0.0671720204620204,111356.924517966,0.60321368206593,7.51163613335088e-24,6.54429115636617,6.85992634252841e-07
150729,4392.90951492537,SANTIAGO DE ANCHUCAYA,HUAROCHIRI,LIMA,-76.1996003768938,-12.0319170508256,2284.65551839465,0,>3500,0,0.0671720204620204,7445.28348043299,9.02209037957463,1.1234934171497e-22,97.8810462003633,0.0302746264579188
150730,2760.19322990127,SANTIAGO DE TUNA,HUAROCHIRI,LIMA,-76.5284591438042,-11.9780604461424,3019.64160401002,0,2500-3500,0,0.0671720204620204,8180.26956604836,8.21146783974127,1.02254906290583e-22,89.0865674338774,0.0269694760064135
150731,1896.08103553922,SANTO DOMINGO DE LOS OLLEROS,HUAROCHIRI,LIMA,-76.5362161469993,-12.2613110836671,26639.3496672716,0,1500-2500,0,0.0671720204620204,31799.97762931,2.11232917346797,2.63041913946823e-23,22.9167499681312,0.00150417430307181
150732,3218.48338870432,SURCO,HUAROCHIRI,LIMA,-76.4453600860804,-11.8771088181067,10935.6378454997,0,2500-3500,0,0.0671720204620204,16096.265807538,4.17314309201848,5.19668790208632e-23,45.2746087220915,0.00910395156446808
150801,201.234772840739,HUACHO,HUAURA,LIMA,-77.4927891051109,-11.2716480167024,558512.957909928,0,lowland (<500 m),0,0.0671720204620204,563673.585871967,0.119168295527117,1.48396646370082e-24,1.29286195874467,0
150802,2783.96048028742,AMBAR,HUAURA,LIMA,-77.2677464510692,-10.7823066469456,16419.9188419554,0,2500-3500,0,0.0671720204620204,21580.5468039937,3.11261902082988,3.87604959923066e-23,33.7689375038541,0.00469993327569618
150803,21.6470588235294,CALETA DE CARQUIN,HUAURA,LIMA,-77.620022417743,-11.0879808466906,69641.9601603304,0,lowland (<500 m),0,0.0671720204620204,74802.5881223687,0.897990592947592,1.11824031615003e-23,9.74233852886087,2.06685338796087e-05
150804,3534.08426666667,CHECRAS,HUAURA,LIMA,-76.8554902312467,-10.9216956764242,6934.45945945946,0,>3500,0,0.0671720204620204,12095.0874214978,5.55366142642582,6.91580530803967e-23,60.251911451899,0.0153298146406783
150805,46.7164179104478,HUALMAY,HUAURA,LIMA,-77.6069513514359,-11.0927776312695,229424.219223804,0,lowland (<500 m),0,0.0671720204620204,234584.847185843,0.286344242894791,3.56575758384476e-24,3.10656099515981,1.14236398118805e-11
150806,650.465804066544,HUAURA,HUAURA,LIMA,-77.4452161945056,-11.0035872871892,294299.356260677,0,500-1500,0,0.0671720204620204,299459.984222716,0.224310505580148,2.79327035990852e-24,2.43355431349075,3.94129173741931e-14
150807,3776.25776303889,LEONCIO PRADO,HUAURA,LIMA,-76.9185324725059,-11.0508159628538,15581.0046559752,0,>3500,0,0.0671720204620204,20741.6326180135,3.23851172658817,4.03281994871287e-23,35.1347528781395,0.00518487499381048
150808,3149.7047832586,PACCHO,HUAURA,LIMA,-76.9718329412196,-10.9658651571057,11980.667535854,0,2500-3500,0,0.0671720204620204,17141.2954978923,3.91872484027125,4.87986860742723e-23,42.5144141767272,0.0079949893543424
150809,4472.97908745247,SANTA LEONOR,HUAURA,LIMA,-76.6712153863365,-10.9627526577195,6243.00130548303,0,>3500,0,0.0671720204620204,11403.6292675214,5.89040724546639,7.33514461304296e-23,63.9052813123818,0.0168556183622668
150810,317.879106438896,SANTA MARIA,HUAURA,LIMA,-77.4732815973807,-11.1161424773673,312645.023712097,0,lowland (<500 m),0,0.0671720204620204,317805.651674136,0.211361944346086,2.6320258733651e-24,2.2930748162726,7.99360577730113e-15
150811,1193.98701035113,SAYAN,HUAURA,LIMA,-77.2338025058163,-11.145839555106,197436.760313771,0,500-1500,0,0.0671720204620204,202597.388275809,0.331554227000077,4.12874373666277e-24,3.59704605535666,1.91117788261863e-10
150812,186.125172413793,VEGUETA,HUAURA,LIMA,-77.604118182828,-10.9501866901488,224783.742717015,0,lowland (<500 m),0,0.0671720204620204,229944.370679053,0.292122917658969,3.63771765943989e-24,3.16925408598163,1.71721525887847e-11
150901,4450.30113867426,OYON,OYON,LIMA,-76.7577451083583,-10.6693669170737,95187.0482695047,1,>3500,10.5056309464359,1.06717202046202,100347.676231543,10.6347457214616,0.32833562568186,38.1542954935851,0.00026293017708523
150902,3769.27884057971,ANDAJES,OYON,LIMA,-76.9271491047685,-10.7775966875642,3885.5164410058,0,>3500,0,0.0671720204620204,9046.14440304414,7.42548620375949,9.24673165317259e-23,80.5594188920783,0.023644630675006
150903,4091.78431372549,CAUJUL,OYON,LIMA,-76.9866874100176,-10.75639391405,4139.80621572212,0,>3500,0,0.0671720204620204,9300.43417776046,7.22246071292506,8.99391019731302e-23,78.3567866181648,0.0227674860983144
150904,3441.2073463783,COCHAMARCA,OYON,LIMA,-77.1279199433949,-10.8835380141988,8150.64136622391,0,2500-3500,0,0.0671720204620204,13311.2693282622,5.04625207450367,6.28394390707729e-23,54.7470055899019,0.0130239011559158
150905,3357.61143298571,NAVAN,OYON,LIMA,-77.0466427006633,-10.8571564203161,6562.17142857143,0,2500-3500,0,0.0671720204620204,11722.7993906098,5.73003241152678,7.13543472029401e-23,62.1653678477864,0.0161298655693096
150906,3850.74216027875,PACHANGARA,OYON,LIMA,-76.7975575560565,-10.8378601995298,18797.2039636664,0,>3500,0,0.0671720204620204,23957.8319257047,2.80376040162259,3.49143737422466e-23,30.4181170726544,0.00357465070706886
151001,3982.93833067517,YAUYOS,YAUYOS,LIMA,-75.9551027251412,-12.4725618451352,10306.6127124908,0,>3500,0,0.0671720204620204,15467.2406745291,4.34285738972413,5.40802794441194e-23,47.1158464303944,0.00985496272011299
151002,4441.79874213837,ALIS,YAUYOS,LIMA,-75.7039652100333,-12.2887869435348,11811.0027045301,0,>3500,0,0.0671720204620204,16971.6306665684,3.9579002030924,4.92865249274903e-23,42.9394293713094,0.00816420414714725
151003,3466.84055252387,ALLAUCA,YAUYOS,LIMA,-76.0383797718419,-12.6400316500752,8463.58775877588,0,2500-3500,0,0.0671720204620204,13624.2157208142,4.93034034681345,6.13960256537977e-23,53.489474275552,0.0124979112793736
151004,4322.58868335147,AYAVIRI,YAUYOS,LIMA,-76.042283544554,-12.3654577194643,4103.42213883677,0,>3500,0,0.0671720204620204,9264.05010087511,7.25082655324534,9.02923331372061e-23,78.664528838658,0.0228904686108602
151005,3791.86803185438,AZANGARO,YAUYOS,LIMA,-75.8255657029822,-13.0090797177533,3256.34042553192,0,>3500,0,0.0671720204620204,8416.96838757025,7.98054802738912,9.93793322478487e-23,86.5813084672204,0.0260046644184649
151006,3638.40135192226,CACRA,YAUYOS,LIMA,-75.7479253096339,-12.7662287704288,4176.00191204589,0,>3500,0,0.0671720204620204,9336.62987408423,7.19446110298004,8.95904313642966e-23,78.0530176467493,0.0226459558850951
151007,4160.84408992023,CARANIA,YAUYOS,LIMA,-75.8816423891024,-12.3558620551804,1215.30625,0,>3500,0,0.0671720204620204,6375.93421203834,10.5352436565599,1.3119217828952e-22,114.297311121422,0.0361023365171379
151008,2887.6776119403,CATAHUASI,YAUYOS,LIMA,-75.882005536876,-12.7427829902394,8538.0009310987,0,2500-3500,0,0.0671720204620204,13698.628893137,4.90355793897543,6.10625124918198e-23,53.1989107820977,0.0123764999585112
151009,2546.68794326241,CHOCOS,YAUYOS,LIMA,-75.9240629520504,-12.9223823286353,6106.45696202532,0,2500-3500,0,0.0671720204620204,11267.0849240637,5.96179232824969,7.42403828093537e-23,64.6797411428605,0.0171779955509032
151010,2950.37209302326,COCHAS,YAUYOS,LIMA,-76.1956989929781,-12.2858373794875,1696.11415525114,0,2500-3500,0,0.0671720204620204,6856.74211728948,9.79649216974985,1.2199273118334e-22,106.28256449743,0.0333122591937203
151011,4083.98567408544,COLONIA,YAUYOS,LIMA,-75.8459843219322,-12.5842664650755,8648.47571942446,0,>3500,0,0.0671720204620204,13809.1036814628,4.86432877987522,6.05740037299348e-23,52.7733119493724,0.0121987656245781
151012,4186.64645726808,HONGOS,YAUYOS,LIMA,-75.6728258711536,-12.7664939474073,2532.1498470948,0,>3500,0,0.0671720204620204,7692.77780913314,8.731829012697,1.0873480538004e-22,94.7319881587978,0.0291058770759438
151013,2982.67804878049,HUAMPARA,YAUYOS,LIMA,-76.1906035949175,-12.3542932273101,1082.24827586207,0,2500-3500,0,0.0671720204620204,6242.87623790041,10.7597873003184,1.33988351848107e-22,116.733394761027,0.0369299926794541
151014,4433.92074145094,HUANCAYA,YAUYOS,LIMA,-75.8348120170567,-12.0903577323814,4098.33272394881,0,>3500,0,0.0671720204620204,9258.96068598715,7.25481214794237,9.03419645332259e-23,78.7077687267841,0.0229077373790343
151015,3185.87830687831,HUANGASCAR,YAUYOS,LIMA,-75.8218513270781,-12.9415564781433,5157.00153846154,0,2500-3500,0,0.0671720204620204,10317.6295004999,6.51041215026824,8.10721782428277e-23,70.631741165716,0.019637536539783
151016,4532.65543328748,HUANTAN,YAUYOS,LIMA,-75.7040930114936,-12.513064617242,7529.03837953092,0,>3500,0,0.0671720204620204,12689.6663415693,5.2934426054983,6.59176274137198e-23,57.4287862822516,0.0141472903158095
151017,4317.69565217391,HUAÑEC,YAUYOS,LIMA,-76.0794940352752,-12.2748032794476,3534.00904977376,0,>3500,0,0.0671720204620204,8694.63701181209,7.72568427764884,9.62055916505306e-23,83.8162806949867,0.0249280918245538
151018,4546.92192906574,LARAOS,YAUYOS,LIMA,-75.6762019658437,-12.384493125896,4121.05494505495,0,>3500,0,0.0671720204620204,9281.68290709328,7.23705185087566,9.01208009668948e-23,78.5150865007609,0.022830764525641
151019,4296.86314089625,LINCHA,YAUYOS,LIMA,-75.6306789123397,-12.8109485523521,3271.01146788991,0,>3500,0,0.0671720204620204,8431.63942992825,7.96666188352317,9.92064123305498e-23,86.4306570957417,0.0259463225985264
151020,4155.22659889877,MADEAN,YAUYOS,LIMA,-75.6983281546847,-12.9611371993759,4241.65280289331,0,>3500,0,0.0671720204620204,9402.28076493165,7.14422618739026,8.8964871271217e-23,77.5080168889597,0.0224275799538602
151021,4539.6420131291,MIRAFLORES,YAUYOS,LIMA,-75.8892225681484,-12.2346338531305,1672.75111111111,0,>3500,0,0.0671720204620204,6833.37907314945,9.82998597662479,1.22409819352003e-22,106.64594024742,0.0334410134475472
151022,2716.85354141657,OMAS,YAUYOS,LIMA,-76.2507887887447,-12.4762977462315,4937.00161290323,0,2500-3500,0,0.0671720204620204,10097.6295749416,6.65225635021466,8.28385208330267e-23,72.1706149858721,0.0202672308164358
151023,3127.96534653465,PUTINZA,YAUYOS,LIMA,-75.9227637381968,-12.6665127854313,4151.095703125,0,2500-3500,0,0.0671720204620204,9311.72366516334,7.21370423752176,8.98300602537598e-23,78.2617872402553,0.0227294937052401
151024,3913.08986175115,QUINCHES,YAUYOS,LIMA,-76.0917323785657,-12.3115505481947,4421.42301184433,0,>3500,0,0.0671720204620204,9582.05097388267,7.01019235288018,8.72957887813284e-23,76.053878059028,0.0218428491957877
151025,2520.61304836895,QUINOCAY,YAUYOS,LIMA,-76.2843177473305,-12.3506362838914,3279.33723653396,0,2500-3500,0,0.0671720204620204,8439.96519857229,7.95880301418579,9.91085482259431e-23,86.3453958846108,0.0259132878384241
151026,4348.04577464789,SAN JOAQUIN,YAUYOS,LIMA,-76.1055215796992,-12.2458290835559,1239.30061349693,0,>3500,0,0.0671720204620204,6399.92857553527,10.4957453304707,1.30700317673158e-22,113.868792084467,0.0359557754353962
151027,3528.64695498676,SAN PEDRO DE PILAS,YAUYOS,LIMA,-76.1860934678057,-12.4929819500544,2115.29241877256,0,>3500,0,0.0671720204620204,7275.9203808109,9.23209943846775,1.14964520518126e-22,100.159443504224,0.0311099548442475
151028,4660.15838031779,TANTA,YAUYOS,LIMA,-75.9913264034132,-12.132023966342,4031.00199203187,0,>3500,0,0.0671720204620204,9191.62995407021,7.30795525904255,9.10037394986271e-23,79.2843206226289,0.0231377324477196
151029,2902.33754782898,TAURIPAMPA,YAUYOS,LIMA,-76.1814422248931,-12.683159340715,3910.05040322581,0,2500-3500,0,0.0671720204620204,9070.67836526414,7.40540208318414,9.22172150995043e-23,80.341525404957,0.023558182982364
151030,4498.95057610673,TOMAS,YAUYOS,LIMA,-75.7068299765504,-12.1639150587121,3816.7578125,0,>3500,0,0.0671720204620204,8977.38577453834,7.48235868982412,9.31755322669087e-23,81.176430937161,0.0238890354366478
151031,4185.15803897686,TUPE,YAUYOS,LIMA,-75.7360680961875,-12.6902962369342,3895.24151696607,0,>3500,0,0.0671720204620204,9055.8694790044,7.41751199238852,9.23680161079292e-23,80.472906330269,0.023610316015257
151032,3634.66722783389,VIÑAC,YAUYOS,LIMA,-75.7704298207224,-12.8875664648244,12967.0495716034,0,>3500,0,0.0671720204620204,18127.6775336418,3.70549511030086,4.61434012357975e-23,40.2010756739592,0.00708575791479116
151033,4470.81634372367,VITIS,YAUYOS,LIMA,-75.8574351935784,-12.1695323964374,2151.78397212544,0,>3500,0,0.0671720204620204,7312.41193416377,9.18602795723132,1.14390806404103e-22,99.6596120246337,0.0309274404521075
160101,107.308620689655,IQUITOS,MAYNAS,LORETO,-73.4326239482953,-3.78227475843856,1308337.52971344,1,lowland (<500 m),0.764328758664463,1.06717202046202,1313498.15767547,0.812465563218313,0.0250839461545288,2.91488409683697,0
160102,157.827232051433,ALTO NANAY,MAYNAS,LORETO,-74.2857396719124,-3.36157292737811,26304.2724448587,0,lowland (<500 m),0,0.0671720204620204,31464.900406897,2.13482387019717,2.65843109970446e-23,23.1607958995263,0.00155938715866877
160103,123.253962607218,FERNANDO LORES,MAYNAS,LORETO,-73.11481295319,-4.27908988744555,112690.485540439,0,lowland (<500 m),0,0.0671720204620204,117851.113502477,0.569973574841178,7.09770720910839e-24,6.18366780478272,3.78716202287244e-07
160104,122.733531889774,INDIANA,MAYNAS,LORETO,-72.8563696924981,-3.82909843764676,93255.0054421769,0,lowland (<500 m),0,0.0671720204620204,98415.6334042152,0.682534046050689,8.49938845053611e-24,7.4048411935725,2.25994123692619e-06
160105,120.59747175901,LAS AMAZONAS,MAYNAS,LORETO,-72.5289567224007,-3.5682393907024,67571.3940092166,0,lowland (<500 m),0,0.0671720204620204,72732.0219712549,0.923554971269299,1.15007485731467e-23,10.0196875677549,2.51720646022857e-05
160106,138.777025325563,MAZAN,MAYNAS,LORETO,-73.7524228465518,-2.99380602527678,112516.960182675,0,lowland (<500 m),0,0.0671720204620204,117677.588144713,0.570814048121179,7.10817336670207e-24,6.19278613551195,3.84763276906064e-07
160107,169.823937836634,NAPO,MAYNAS,LORETO,-74.4074498266219,-2.09913572750531,141149.28845158,0,lowland (<500 m),0,0.0671720204620204,146309.916413618,0.459107776892752,5.71712921729295e-24,4.98087999902127,2.87662315079373e-08
160108,123.189340101523,PUNCHANA,MAYNAS,LORETO,-73.4544582821071,-3.53866987425806,712306.296508717,1,lowland (<500 m),1.40389043997137,1.06717202046202,717466.924470755,1.4874163310723,0.0459222800904843,5.33640612611817,0
160110,186.396957936415,TORRES CAUSANA,MAYNAS,LORETO,-74.8929332397705,-1.38884927114906,40385.17839445,0,lowland (<500 m),0,0.0671720204620204,45545.8063564883,1.47482338848638,1.83655261553806e-23,16.0004223137274,0.000360069882266112
160112,97.4610703913705,BELEN,MAYNAS,LORETO,-73.2119570963363,-3.81158433969743,567323.748698045,0,lowland (<500 m),0,0.0671720204620204,572484.376660084,0.117334242121867,1.46112755563397e-24,1.27296423454323,0
160113,134.93499238192,SAN JUAN BAUTISTA,MAYNAS,LORETO,-73.6658577137977,-4.14906109034781,1225477.0848051,0,lowland (<500 m),0,0.0671720204620204,1230637.71276714,0.0545830992867764,6.79706699404765e-25,0.592174389556478,0
160201,163.62957292506,YURIMAGUAS,ALTO AMAZONAS,LORETO,-76.1615800720963,-5.84585225802835,832280.721619949,0,lowland (<500 m),0,0.0671720204620204,837441.349581988,0.0802110147720191,9.98843319983558e-25,0.870212745867902,0
160202,495.688547695445,BALSAPUERTO,ALTO AMAZONAS,LORETO,-76.5866281020676,-5.7376066880995,136031.815748596,0,lowland (<500 m),0,0.0671720204620204,141192.443710634,0.475747984075448,5.92434464568292e-24,5.16141032176338,4.56057257514075e-08
160205,162.924035669847,JEBEROS,ALTO AMAZONAS,LORETO,-76.2049620074362,-5.2968604420086,37261.5411255411,0,lowland (<500 m),0,0.0671720204620204,42422.1690875795,1.58341786633648,1.97178200902718e-23,17.1785684701452,0.000494788318942008
160206,143.656202554256,LAGUNAS,ALTO AMAZONAS,LORETO,-75.9763135246374,-4.62809392521759,109470.299897496,0,lowland (<500 m),0,0.0671720204620204,114630.927859534,0.585985141325308,7.29709436647825e-24,6.35737797757387,5.08286777889389e-07
160210,179.561646554462,SANTA CRUZ,ALTO AMAZONAS,LORETO,-75.7490339001883,-5.65826666569575,34183.146713615,0,lowland (<500 m),0,0.0671720204620204,39343.7746756534,1.70731001323032,2.12606112352918e-23,18.5226796953478,0.000679226262153221
160211,178.979213521434,TENIENTE CESAR LOPEZ ROJAS,ALTO AMAZONAS,LORETO,-75.8220441752992,-5.98771279347966,49749.2713916694,0,lowland (<500 m),0,0.0671720204620204,54909.8993537077,1.22331348723342,1.52335500110783e-23,13.271780587845,0.000141384447815529
160301,117.326285721913,NAUTA,LORETO,LORETO,-74.1143170002503,-4.44272802121646,268593.310019931,0,lowland (<500 m),0,0.0671720204620204,273753.93798197,0.245373713916929,3.05556407361372e-24,2.66206996580652,3.70592445619877e-13
160302,124.588302705358,PARINARI,LORETO,LORETO,-74.8633364664073,-5.03890410188475,49626.5855232101,0,lowland (<500 m),0,0.0671720204620204,54787.2134852484,1.22605287235692,1.52676627391025e-23,13.3015002947591,0.000143105315025371
160303,174.999752999928,TIGRE,LORETO,LORETO,-75.2653122002822,-2.94343732117222,60623.2119486025,0,lowland (<500 m),0,0.0671720204620204,65783.8399106408,1.02110215142906,1.27154738769313e-23,11.0779811168363,4.90006768085749e-05
160304,205.321390308966,TROMPETEROS,LORETO,LORETO,-75.8370790144252,-3.19625967238458,86547.0452895089,0,lowland (<500 m),0,0.0671720204620204,91707.6732515472,0.732458016656606,9.12107644050244e-24,7.94646849587112,4.21413825557604e-06
160305,140.414791033587,URARINAS,LORETO,LORETO,-75.484807784218,-4.27485437403358,110218.970492771,0,lowland (<500 m),0,0.0671720204620204,115379.598454809,0.582182824013985,7.24974526788292e-24,6.31612647368065,4.74650080350969e-07
160401,108.383541436173,RAMON CASTILLA,MARISCAL RAMON CASTILLA,LORETO,-70.8362415204655,-3.677481014604,191711.481007785,0,lowland (<500 m),0,0.0671720204620204,196872.108969823,0.341196225374497,4.24881260369999e-24,3.70165251003008,3.17089687840166e-10
160402,119.516056872953,PEBAS,MARISCAL RAMON CASTILLA,LORETO,-71.9647202365009,-3.43260666156173,100989.107195991,0,lowland (<500 m),0,0.0671720204620204,106149.735158029,0.632804409375292,7.88012044177683e-24,6.86532222843647,1.10671448416699e-06
160403,124.766740509516,YAVARI,MARISCAL RAMON CASTILLA,LORETO,-72.0327224289544,-4.47778961275681,80010.0194947285,0,lowland (<500 m),0,0.0671720204620204,85170.6474567668,0.788675705396244,9.82113818416823e-24,8.55637661663875,7.76523143608543e-06
160404,107.501377312552,SAN PABLO,MARISCAL RAMON CASTILLA,LORETO,-71.3389969641722,-3.86671464144839,101458.445051033,0,lowland (<500 m),0,0.0671720204620204,106619.073013071,0.630018800236478,7.84543210017815e-24,6.83510103519398,1.05993903387613e-06
160501,120.49257186392,REQUENA,REQUENA,LORETO,-73.8823779512303,-5.32817713606168,223755.93222286,0,lowland (<500 m),0,0.0671720204620204,228916.560184899,0.293434517833768,3.65405061666292e-24,3.18348369263648,1.87954096730891e-11
160502,219.48358022488,ALTO TAPICHE,REQUENA,LORETO,-74.1894898317645,-6.81807090485863,12907.2182587666,0,lowland (<500 m),0,0.0671720204620204,18067.846220805,3.71776578354272,4.62962041897829e-23,40.3342007352216,0.00713749121780971
160503,109.753041910771,CAPELO,REQUENA,LORETO,-74.1269118388791,-5.36636382938464,18957.4403341289,0,lowland (<500 m),0,0.0671720204620204,24118.0682961672,2.78513269127342,3.46824085426822e-23,30.2160242426577,0.00351009797576707
160504,139.545500387898,EMILIO SAN MARTIN,REQUENA,LORETO,-74.4538466006956,-6.20106890543055,54618.0285506191,0,lowland (<500 m),0,0.0671720204620204,59778.6565126574,1.12367899147746,1.39928320023531e-23,12.1908416621701,8.77155488507864e-05
160505,157.367318435754,MAQUIA,REQUENA,LORETO,-74.7294144444951,-6.38483261621688,69307.8393355019,0,lowland (<500 m),0,0.0671720204620204,74468.4672975402,0.902019645357186,1.12325757231694e-23,9.78604989157786,2.13357019563931e-05
160506,129.07002781043,PUINAHUA,REQUENA,LORETO,-74.8860772692449,-5.6447588423397,36595.3256959315,0,lowland (<500 m),0,0.0671720204620204,41755.9536579698,1.60868126764001,2.00324175268436e-23,17.4526521964364,0.000529735054666913
160507,134.631299089456,SAQUENA,REQUENA,LORETO,-73.4051006716276,-4.79792138780219,25649.0107655502,0,lowland (<500 m),0,0.0671720204620204,30809.6387275886,2.18022746244898,2.71497080931027e-23,23.653381422824,0.00167363458148329
160508,172.914174028015,SOPLIN,REQUENA,LORETO,-73.7506899605958,-6.32684733653072,5568.09302325581,0,lowland (<500 m),0,0.0671720204620204,10728.7209852941,6.26095324448208,7.79657425199645e-23,67.9253507777826,0.0185235428458584
160509,140.585679841557,TAPICHE,REQUENA,LORETO,-73.9935749459396,-5.99192889244141,7558.02606882169,0,lowland (<500 m),0,0.0671720204620204,12718.65403086,5.2813780687042,6.57673914140915e-23,57.2978976041685,0.0140924407857734
160510,128.540782209782,JENARO HERRERA,REQUENA,LORETO,-73.6983550436997,-4.99615198899397,40553.0237487733,0,lowland (<500 m),0,0.0671720204620204,45713.6517108116,1.46940832657509,1.82980940398194e-23,15.9416740743708,0.00035400637661942
160511,163.878884721996,YAQUERANA,REQUENA,LORETO,-73.3442883292125,-5.75130274338493,17983.0070360598,0,lowland (<500 m),0,0.0671720204620204,23143.6349980981,2.90239715876699,3.61426672161362e-23,31.4882314892604,0.00392310702540477
160601,341.911701685636,CONTAMANA,UCAYALI,LORETO,-75.3489125234489,-7.78098803089794,226918.271108558,0,lowland (<500 m),0,0.0671720204620204,232078.899070597,0.28943613887787,3.60426002216399e-24,3.14010510753665,1.42357237109536e-11
160602,186.399002138275,INAHUAYA,UCAYALI,LORETO,-75.2998278656054,-7.0408928978916,13856.3535067873,0,lowland (<500 m),0,0.0671720204620204,19016.9814688257,3.53221254236035,4.39855662308555e-23,38.3211256485525,0.00636400573451113
160603,176.780047103849,PADRE MARQUEZ,UCAYALI,LORETO,-74.914241176076,-7.87942498757301,27506.575474292,0,lowland (<500 m),0,0.0671720204620204,32667.2034363303,2.05625255289885,2.56058863299487e-23,22.3083723020071,0.00137062919560438
160604,541.044182303054,PAMPA HERMOSA,UCAYALI,LORETO,-75.7696227882708,-7.30251174662257,49421.7141266306,0,500-1500,0,0.0671720204620204,54582.342088669,1.23065478489178,1.53249689533134e-23,13.3514266415905,0.00014602694728838
160605,164.062347945008,SARAYACU,UCAYALI,LORETO,-75.1858035107991,-6.39051483315025,122211.040980919,0,lowland (<500 m),0,0.0671720204620204,127371.668942958,0.527370183805182,6.56718016533638e-24,5.72146178479791,1.59203547345221e-07
160606,207.395745487279,VARGAS GUERRA,UCAYALI,LORETO,-75.0943345050564,-6.93194742536959,60334.1521653284,0,lowland (<500 m),0,0.0671720204620204,65494.7801273668,1.02560876349828,1.27715933434895e-23,11.126873544821,5.03859595761824e-05
160701,495.452797245489,BARRANCA,DATEM DEL MARAÑON,LORETO,-77.1106383256629,-5.02105421324282,127407.551025641,0,lowland (<500 m),0,0.0671720204620204,132568.178987679,0.506697919326954,6.30975475634861e-24,5.49718749920214,9.93966805529212e-08
160702,372.794467892674,CAHUAPANAS,DATEM DEL MARAÑON,LORETO,-76.8556901118789,-5.24005856570751,63468.4845360825,0,lowland (<500 m),0,0.0671720204620204,68629.1124981208,0.978768601500707,1.21883070822297e-23,10.6187026146232,3.72689346387345e-05
160703,390.878373934381,MANSERICHE,DATEM DEL MARAÑON,LORETO,-77.5184873560258,-4.7275556027651,75642.2651675859,0,lowland (<500 m),0,0.0671720204620204,80802.8931296243,0.831307121073781,1.03520142102599e-23,9.01888667716385,1.17108600344862e-05
160704,226.558585047831,MORONA,DATEM DEL MARAÑON,LORETO,-77.373572913095,-3.67883781589285,36204.1217484009,0,lowland (<500 m),0,0.0671720204620204,41364.7497104392,1.62389524733588,2.02218725790303e-23,17.61770931589,0.000551439178200441
160705,161.653468784413,PASTAZA,DATEM DEL MARAÑON,LORETO,-76.6380463430973,-4.27642851778125,49130.0233160622,0,lowland (<500 m),0,0.0671720204620204,54290.6512781005,1.23726680157023,1.54073063817784e-23,13.4231606946484,0.000150292508911409
160706,218.984157778102,ANDOAS,DATEM DEL MARAÑON,LORETO,-76.6724646995929,-3.27426748295472,125658.949730228,0,lowland (<500 m),0,0.0671720204620204,130819.577692266,0.513470702527666,6.39409416131631e-24,5.570665715168,1.16452814280521e-07
160801,143.363681665196,PUTUMAYO,PUTUMAYO,LORETO,-72.784012820803,-2.46892340718953,35119.5524620341,0,lowland (<500 m),0,0.0671720204620204,40280.1804240724,1.66761965201816,2.07663592640734e-23,18.0920772610925,0.000616571177260439
160802,172.911401991846,ROSA PANDURO,PUTUMAYO,LORETO,-73.8661344625098,-1.55813076996333,4869.01463414634,0,lowland (<500 m),0,0.0671720204620204,10029.6425961847,6.69734936393176,8.34000503892513e-23,72.6598310293014,0.0204668076220998
160803,199.256926288863,TENIENTE MANUEL CLAVERO,PUTUMAYO,LORETO,-74.731671719717,-0.655310241037204,20399.7929889299,0,lowland (<500 m),0,0.0671720204620204,25560.4209509682,2.62797003972957,3.27253099435476e-23,28.5109598828989,0.00298248654883793
160804,121.988668398373,YAGUAS,PUTUMAYO,LORETO,-71.0132471402062,-2.80437046773862,12497.8487229863,0,lowland (<500 m),0,0.0671720204620204,17658.4766850246,3.80395328884661,4.73694709248256e-23,41.269252683675,0.00750297260804478
170101,346.463408688512,TAMBOPATA,TAMBOPATA,MADRE DE DIOS,-70.2884872894865,-12.0488012968345,811979.307776039,0,lowland (<500 m),0,0.0671720204620204,817139.935738077,0.0822038154350486,1.02365905926804e-24,0.891832725890238,0
170102,277.345232460771,INAMBARI,TAMBOPATA,MADRE DE DIOS,-69.9388848235763,-12.9767341500386,123787.928818723,0,lowland (<500 m),0,0.0671720204620204,128948.556780762,0.520921072239888,6.48687134459484e-24,5.65149509631261,1.37978939385164e-07
170103,299.190426055411,LAS PIEDRAS,TAMBOPATA,MADRE DE DIOS,-69.5403415965484,-12.0038918239855,154341.654466025,0,lowland (<500 m),0,0.0671720204620204,159502.282428064,0.421135167719718,5.24426788867575e-24,4.56891353044891,8.80829587046605e-09
170104,275.034625169326,LABERINTO,TAMBOPATA,MADRE DE DIOS,-69.9238699929507,-12.513299473239,52369.571585213,2,lowland (<500 m),38.1901157382146,2.06717202046202,57530.1995472514,35.9319459471749,4.57976762148216,98.8646850888776,0.0508185198796731
170201,858.552749702281,MANU,MANU,MADRE DE DIOS,-71.5183367121531,-12.3618897009468,18820.201414898,0,500-1500,0,0.0671720204620204,23980.8293769364,2.80107161458824,3.48808910968052e-23,30.3889463065836,0.00356530769201113
170202,482.561494257653,FITZCARRALD,MANU,MADRE DE DIOS,-71.6352484820702,-11.8504942823895,12368.3769633508,0,lowland (<500 m),0,0.0671720204620204,17529.0049253891,3.83204983670967,4.77193486720077e-23,41.5740733387286,0.00762288159190683
170203,414.52907644819,MADRE DE DIOS,MANU,MADRE DE DIOS,-70.6750771706996,-12.6294376352239,52905.2583210604,1,lowland (<500 m),18.9017128303468,1.06717202046202,58065.8862830987,18.378640003169,0.567419515489157,65.9370783107691,0.00887812819677691
170204,480.967470717848,HUEPETUHE,MANU,MADRE DE DIOS,-70.6521019523802,-13.0031862467863,84936.6746987952,4,lowland (<500 m),47.0939086582435,4.06717202046202,90097.3026608335,45.141995379958,12.4754498335881,98.4285069629464,0.0601594190405158
170301,370.403884920814,IÑAPARI,TAHUAMANU,MADRE DE DIOS,-70.6502539173664,-10.9653813434466,25467.8082508251,0,lowland (<500 m),0,0.0671720204620204,30628.4362128634,2.1931260216873,2.73103299200329e-23,23.7933184462418,0.00170676536353365
170302,325.044522312687,IBERIA,TAHUAMANU,MADRE DE DIOS,-69.6792577661948,-11.4351008244657,46459.529661017,0,lowland (<500 m),0,0.0671720204620204,51620.1576230553,1.30127499711506,1.62043809322734e-23,14.1175883584977,0.000195813331374417
170303,327.634210393415,TAHUAMANU,TAHUAMANU,MADRE DE DIOS,-69.532111485099,-11.6797810841982,28219.0178362573,0,lowland (<500 m),0,0.0671720204620204,33379.6457982957,2.01236468678916,2.50593641095704e-23,21.8322309567549,0.00127026880295178
180101,1663.15585545283,MOQUEGUA,MARISCAL NIETO,MOQUEGUA,-71.0648541463358,-17.2175909565717,477960.725219885,0,1500-2500,0,0.0671720204620204,483121.353181923,0.139037573105833,1.73139252156591e-24,1.50842460496389,0
180102,4466.90847769431,CARUMAS,MARISCAL NIETO,MOQUEGUA,-70.3713531008484,-16.7284705354153,18113.3906115418,0,>3500,0,0.0671720204620204,23274.0185735801,2.88613761519774,3.59401920757045e-23,31.3118310024173,0.00386491798231858
180103,3755.2556675063,CUCHUMBAYA,MARISCAL NIETO,MOQUEGUA,-70.6676291064024,-16.7686564476493,5822.91005291005,0,>3500,0,0.0671720204620204,10983.5380149484,6.1156997290491,7.61569447631137e-23,66.3494891474172,0.0178714144740783
180104,2074.62299465241,SAMEGUA,MARISCAL NIETO,MOQUEGUA,-70.8525988779184,-17.1566788168471,78176.3829764904,0,1500-2500,0,0.0671720204620204,83337.0109385287,0.806028674481354,1.00372294192911e-23,8.74463972388699,9.22469429487371e-06
180105,4072.67755956214,SAN CRISTOBAL,MARISCAL NIETO,MOQUEGUA,-70.6446408594026,-16.6633899747169,12681.2302158273,0,>3500,0,0.0671720204620204,17841.8581778657,3.76485564409165,4.68825998709988e-23,40.8450806557324,0.00733672855446821
180106,3560.1198705692,TORATA,MARISCAL NIETO,MOQUEGUA,-70.7383874111348,-16.9981242995836,53858.0479502738,0,>3500,0,0.0671720204620204,59018.6759123121,1.13814855083876,1.41730170150002e-23,12.3478225334268,9.44698620393147e-05
180107,1214.50159624413,SAN ANTONIO,MARISCAL NIETO,MOQUEGUA,-71.034641373064,-17.3163160572504,116768,0,500-1500,0,0.0671720204620204,121928.627962038,0.550912624744157,6.86034700700818e-24,5.97687473814562,2.61135256418577e-07
180201,3236.89928547125,OMATE,GENERAL SANCHEZ CERRO,MOQUEGUA,-70.9629890595255,-16.6466286704338,24854.7123202001,0,2500-3500,0,0.0671720204620204,30015.3402822385,2.23792300305085,2.78681730755845e-23,24.2793228219472,0.00182410481990081
180202,4433.61519756839,CHOJATA,GENERAL SANCHEZ CERRO,MOQUEGUA,-70.5712542944111,-16.4570339183485,4759.04968944099,0,>3500,0,0.0671720204620204,9919.67765147933,6.77159307207961,8.43245846585791e-23,73.4653042091931,0.0207947426490476
180203,3855.36531627576,COALAQUE,GENERAL SANCHEZ CERRO,MOQUEGUA,-71.0460871020738,-16.5757915417878,7707.78714859438,0,>3500,0,0.0671720204620204,12868.4151106327,5.21991402084306,6.50019983592879e-23,56.6310715078596,0.0138130129938207
180204,4452.95222735594,ICHUÑA,GENERAL SANCHEZ CERRO,MOQUEGUA,-70.4947746857378,-16.18819054699,24083.4892317583,0,>3500,0,0.0671720204620204,29244.1171937966,2.29694129649669,2.86031098960792e-23,24.9196148235122,0.00198397209145496
180205,2122.31652754591,LA CAPILLA,GENERAL SANCHEZ CERRO,MOQUEGUA,-71.2938478757888,-16.8259738420566,4324.22666666667,0,1500-2500,0,0.0671720204620204,9484.854628705,7.0820295188005,8.81903551137704e-23,76.8332425588859,0.0221566149976655
180206,4481.28118609407,LLOQUE,GENERAL SANCHEZ CERRO,MOQUEGUA,-70.6272457684437,-16.3035809078174,3919.93308550186,0,>3500,0,0.0671720204620204,9080.5610475402,7.3973425331705,9.21168519796002e-23,80.2540870005463,0.0235234722746087
180207,3810.72244519914,MATALAQUE,GENERAL SANCHEZ CERRO,MOQUEGUA,-70.8365752201427,-16.5286523718604,3201.80963302752,0,>3500,0,0.0671720204620204,8362.43759506586,8.03258854830251,1.00027376993705e-22,87.1458983147513,0.0262229841635782
180208,3357.06249085321,PUQUINA,GENERAL SANCHEZ CERRO,MOQUEGUA,-71.1572867565938,-16.628254906824,20038.8602024922,0,2500-3500,0,0.0671720204620204,25199.4881645306,2.66561050857248,3.31940352298646e-23,28.9193229467579,0.00310598001612472
180209,2919.11521352313,QUINISTAQUILLAS,GENERAL SANCHEZ CERRO,MOQUEGUA,-70.8798217999571,-16.7041951815618,3799.25341130604,0,2500-3500,0,0.0671720204620204,8959.88137334438,7.49697654054405,9.33575639066481e-23,81.3350206277394,0.02395176078448
180210,4348.83686189157,UBINAS,GENERAL SANCHEZ CERRO,MOQUEGUA,-70.8051082616658,-16.217401511309,12522.2074248674,0,>3500,0,0.0671720204620204,17682.8353869057,3.79871321494977,4.73042178816751e-23,41.2124028968063,0.00748064967356454
180211,4359.20549019608,YUNGA,GENERAL SANCHEZ CERRO,MOQUEGUA,-70.6600157138011,-16.2276068919858,6529.63615560641,0,>3500,0,0.0671720204620204,11690.2641176447,5.74597971320717,7.15529340902957e-23,62.3383808089603,0.0162021159406842
180301,477.664298949969,ILO,ILO,MOQUEGUA,-71.2135583983329,-17.7169981429498,568582.680421857,0,lowland (<500 m),0,0.0671720204620204,573743.308383896,0.11707678238763,1.45792148803293e-24,1.27017104282365,0
180302,909.103803028552,EL ALGARROBAL,ILO,MOQUEGUA,-71.1441807322515,-17.5842538683872,60344.1469244288,0,500-1500,0,0.0671720204620204,65504.7748864672,1.02545227547828,1.27696446458714e-23,11.1251757995678,5.03374016033176e-05
180303,594.214602346806,PACOCHA,ILO,MOQUEGUA,-71.3594882837271,-17.4393981932852,37159.0008497982,0,500-1500,0,0.0671720204620204,42319.6288118365,1.58725448090964,1.97655962822157e-23,17.2201920665059,0.000500007573910555
190101,4378.55681818182,CHAUPIMARCA,PASCO,PASCO,-76.2465890580233,-10.7011691263075,213958.521795203,1,>3500,4.67380308860604,1.06717202046202,219119.149757241,4.87028186100725,0.150364388953255,17.4731185990574,1.28271098187582e-08
190102,3656.67064003436,HUACHON,PASCO,PASCO,-75.7854990776024,-10.5742513588616,36643.003462454,0,>3500,0,0.0671720204620204,41803.6314244924,1.60684653875943,2.00095702072883e-23,17.432747143974,0.000527151106857859
190103,3779.68037518038,HUARIACA,PASCO,PASCO,-76.1541145193268,-10.4517718697401,54884.1004689498,0,>3500,0,0.0671720204620204,60044.7284309882,1.11869971298519,1.39308265648895e-23,12.1368212558517,8.54691621746673e-05
190104,4472.10517120895,HUAYLLAY,PASCO,PASCO,-76.4254779083855,-10.9519637619182,74959.1068335942,0,>3500,0,0.0671720204620204,80119.7347956325,0.838395441939008,1.04402829095932e-23,9.09578817481044,1.2490572420587e-05
190105,4238.22428051604,NINACACA,PASCO,PASCO,-76.0601652242988,-10.7920271832711,33054.1067279768,0,>3500,0,0.0671720204620204,38214.7346900151,1.75775184642513,2.18887480102417e-23,19.0699253111254,0.000763679206186918
190106,3795.27216748769,PALLANCHACRA,PASCO,PASCO,-76.2514608904574,-10.4221553023273,12026.047734139,0,>3500,0,0.0671720204620204,17186.6756961773,3.90837772524915,4.86698366045293e-23,42.4021578812448,0.00795039974295242
190107,3512.50409055251,PAUCARTAMBO,PASCO,PASCO,-75.7734115461023,-10.7589056902718,76250.5438212928,1,>3500,13.1146605635192,1.06717202046202,81411.1717833312,13.1084223096826,0.404707564569786,47.029109238504,0.00127411891894602
190108,4033.9393042191,SAN FRANCISCO DE ASIS DE YARUSYACAN,PASCO,PASCO,-76.2283119746288,-10.5527035723181,29472.6736462094,0,>3500,0,0.0671720204620204,34633.3016082477,1.93952113551957,2.41522655671033e-23,21.0419481389991,0.00111196283199955
190109,4363.77461706783,SIMON BOLIVAR,PASCO,PASCO,-76.4167957936405,-10.7265284342171,100934.687840573,0,>3500,0,0.0671720204620204,106095.315802611,0.633128993055574,7.88416238341972e-24,6.86884365073096,1.11227101384781e-06
190110,4163.86845386534,TICLACAYAN,PASCO,PASCO,-76.0337944758119,-10.5536882453939,21965.5379602476,0,>3500,0,0.0671720204620204,27126.165922286,2.47628141236259,3.0836377699097e-23,26.8652834466497,0.00250456424643608
190111,4307.52578268877,TINYAHUARCO,PASCO,PASCO,-76.2483900369259,-10.7605480637076,58337.5614230128,0,>3500,0,0.0671720204620204,63498.1893850511,1.05785725723125,1.31731740071459e-23,11.4767388390231,6.11097156291152e-05
190112,4115.43933054393,VICCO,PASCO,PASCO,-76.2332313166413,-10.86396402834,30621.5333871836,0,>3500,0,0.0671720204620204,35782.161349222,1.87724882816451,2.33768075031659e-23,20.3663532007104,0.000985012745573499
190113,4156.96208262592,YANACANCHA,PASCO,PASCO,-76.1942759928698,-10.6434234771738,249320.179700978,0,>3500,0,0.0671720204620204,254480.807663016,0.263957117548015,3.28697753512179e-24,2.86368211031489,1.99718019899819e-12
190201,4283.4846301633,YANAHUANCA,DANIEL ALCIDES CARRION,PASCO,-76.572461500071,-10.5628954127452,90145.0807305001,0,>3500,0,0.0671720204620204,95305.7086925384,0.704805844093989,8.77673236349872e-24,7.64646888754648,3.01542590153137e-06
190202,3866.73055555556,CHACAYAN,DANIEL ALCIDES CARRION,PASCO,-76.3925481950682,-10.4795501602138,14136.3183462532,0,>3500,0,0.0671720204620204,19296.9463082916,3.48096633471783,4.3347412826068e-23,37.7651533398282,0.00615397185124822
190203,4108,GOYLLARISQUIZGA,DANIEL ALCIDES CARRION,PASCO,-76.4039622917879,-10.4867468540293,11253.6302186879,0,>3500,0,0.0671720204620204,16414.2581807262,4.09229705798672,5.09601279995814e-23,44.3975066249885,0.00874912641015491
190204,3463.61659751037,PAUCAR,DANIEL ALCIDES CARRION,PASCO,-76.4172758144871,-10.3408712972216,13950.4958677686,0,2500-3500,0,0.0671720204620204,19111.1238298069,3.51481268502141,4.37688911105985e-23,38.1323538486237,0.0062925059531086
190205,4098.74069767442,SAN PEDRO DE PILLAO,DANIEL ALCIDES CARRION,PASCO,-76.5359227433373,-10.416198275579,10808.3449750535,0,>3500,0,0.0671720204620204,15968.9729370918,4.20640830982919,5.23811206395794e-23,45.635504499501,0.0092505316806416
190206,4037.88229784577,SANTA ANA DE TUSI,DANIEL ALCIDES CARRION,PASCO,-76.3232604192265,-10.4788212012815,191357.635071292,1,>3500,5.22581709178963,1.06717202046202,196518.26303333,5.43039615753689,0.167657278019073,19.4826416228986,8.50383652384323e-08
190207,3542.87644787645,TAPUC,DANIEL ALCIDES CARRION,PASCO,-76.4682465324051,-10.4189583762088,16960.0039335664,2,>3500,117.924500951423,2.06717202046202,22120.6318956048,93.4499534288962,11.910823632315,257.122178434216,0.466062969138847
190208,4067.43042071197,VILCABAMBA,DANIEL ALCIDES CARRION,PASCO,-76.4479940191456,-10.5357718518568,16718.1918465228,0,>3500,0,0.0671720204620204,21878.8198085611,3.07018482028616,3.82320758261684e-23,33.3085670387899,0.00453964747677316
190301,2100.99270395755,OXAPAMPA,OXAPAMPA,PASCO,-75.3708254285502,-10.6503909701202,138202.398624015,0,1500-2500,0,0.0671720204620204,143363.026586053,0.468544938409908,5.8346473133775e-24,5.08326416982855,3.75038808897443e-08
190302,2353.02822335025,CHONTABAMBA,OXAPAMPA,PASCO,-75.5063453887145,-10.623307244834,51130.4253682488,0,1500-2500,0,0.0671720204620204,56291.0533302871,1.19329833939844,1.4859780523203e-23,12.9461449592552,0.000123412038304238
190303,2704.95692428403,HUANCABAMBA,OXAPAMPA,PASCO,-75.6386866450048,-10.3904930942461,56357.6047809906,0,2500-3500,0,0.0671720204620204,61518.2327430289,1.09190426101166,1.35971509682675e-23,11.8461162460107,7.40495389878193e-05
190304,822.155974440895,PALCAZU,OXAPAMPA,PASCO,-75.2761747062405,-10.2342872352329,64151.3708925944,0,500-1500,0,0.0671720204620204,69311.9988546328,0.969125426650867,1.20682235649026e-23,10.5140833963174,3.49063663881433e-05
190305,1838.89050459856,POZUZO,OXAPAMPA,PASCO,-75.5862587982136,-10.1327028979993,35870.4362079766,0,1500-2500,0,0.0671720204620204,41031.064170015,1.63710159170351,2.03863271603681e-23,17.760985513401,0.000570680652552613
190306,921.33097798972,PUERTO BERMUDEZ,OXAPAMPA,PASCO,-74.6367696109199,-10.4139332585095,171877.870636255,1,500-1500,5.81808464520894,1.06717202046202,177038.498598293,6.02790934690129,0.186104815179008,21.626340718808,4.33890186668506e-07
190307,1437.68147427583,VILLA RICA,OXAPAMPA,PASCO,-75.1758821771044,-10.6341841235823,148486.019313075,0,500-1500,0,0.0671720204620204,153646.647275113,0.437185071417438,5.44413244768192e-24,4.74303962531762,1.48835741509146e-08
190308,609.370839056609,CONSTITUCION,OXAPAMPA,PASCO,-74.7845396418254,-9.82584497375445,136365.352937584,0,500-1500,0,0.0671720204620204,141525.980899622,0.474626779019905,5.91038262085075e-24,5.14924631993847,4.42549046297813e-08
200101,55.3407510431154,PIURA,PIURA,PIURA,-80.6585265031232,-5.08198677355407,1430578.4840907,0,lowland (<500 m),0,0.0671720204620204,1435739.11205274,0.0467856728970639,5.82607725098498e-25,0.507579775605008,0
200104,126.840770509978,CASTILLA,PIURA,PIURA,-80.5151847703687,-5.13094781965698,1481312.5767749,0,lowland (<500 m),0,0.0671720204620204,1486473.20473694,0.0451888538911858,5.62723024701957e-25,0.490255817596139,0
200105,159.557547094826,CATACAOS,PIURA,PIURA,-80.3651986843914,-5.47050132482839,648286.193233017,0,lowland (<500 m),0,0.0671720204620204,653446.821195055,0.102796460680875,1.28009299422132e-24,1.11524321901251,0
200107,54.7915622389307,CURA MORI,PIURA,PIURA,-80.5860497892576,-5.35759097947191,160475.270738608,0,lowland (<500 m),0,0.0671720204620204,165635.898700646,0.405540230040472,5.05006888283162e-24,4.39972338146417,5.09072872745264e-09
200108,29.6735985533454,EL TALLAN,PIURA,PIURA,-80.6113709500802,-5.4412946629986,44848.4469074008,0,lowland (<500 m),0,0.0671720204620204,50009.0748694391,1.34319662256079,1.67264181569405e-23,14.5723978742988,0.000229907955224262
200109,32.301906779661,LA ARENA,PIURA,PIURA,-80.7625770695947,-5.30898974754079,330263.628359456,0,lowland (<500 m),0,0.0671720204620204,335424.256321494,0.200259877442012,2.49377521793251e-24,2.17262801538293,1.77635683940025e-15
200110,63.5672531214529,LA UNION,PIURA,PIURA,-80.868007252638,-5.33287496915084,355435.13609481,0,lowland (<500 m),0,0.0671720204620204,360595.764056849,0.186280669817937,2.31969640601799e-24,2.02096699119342,2.22044604925031e-16
200111,371.324637208544,LAS LOMAS,PIURA,PIURA,-80.2278364411181,-4.69213324917732,233061.660653424,0,lowland (<500 m),0,0.0671720204620204,238222.288615462,0.281972022233609,3.51131165253061e-24,3.05912658533565,8.30135959972722e-12
200114,168.909427773053,TAMBO GRANDE,PIURA,PIURA,-80.3309402140658,-4.91945066795384,995757.389082653,0,lowland (<500 m),0,0.0671720204620204,1000918.01704469,0.0671104119599649,8.35705506009125e-25,0.728083743036992,0
200115,48.9181360201511,VEINTISEIS DE OCTUBRE,PIURA,PIURA,-80.6965433796916,-5.1613845768464,1513571.54899452,0,lowland (<500 m),0,0.0671720204620204,1518732.17695656,0.0442290098815374,5.50770379794165e-25,0.479842428691697,0
200201,2053.39397089397,AYABACA,AYABACA,PIURA,-79.6064957042659,-4.68661312186502,261724.388947258,0,1500-2500,0,0.0671720204620204,266885.016909296,0.251688990412113,3.13420628701786e-24,2.7305846718654,6.75126621274558e-13
200202,1820.54860551346,FRIAS,AYABACA,PIURA,-79.9710203342169,-4.92729972571031,170633.173150303,0,1500-2500,0,0.0671720204620204,175793.801112341,0.382106877699824,4.75826048822641e-24,4.14549393500715,2.05831984789739e-09
200203,1247.39631336406,JILILI,AYABACA,PIURA,-79.8316960938798,-4.53181844779149,21334.0627087199,0,500-1500,0,0.0671720204620204,26494.6906707582,2.53530117776227,3.15713328493843e-23,27.5055914175052,0.00268663882069342
200204,2158.58924321752,LAGUNAS,AYABACA,PIURA,-79.8538708609364,-4.7807380310842,46349.3146698434,0,1500-2500,0,0.0671720204620204,51509.9426318818,1.30405931418073,1.62390531840789e-23,14.1477955339831,0.000197971009270437
200205,1440.06456043956,MONTERO,AYABACA,PIURA,-79.8466698249767,-4.63834861599513,52864.1630239521,0,500-1500,0,0.0671720204620204,58024.7909859904,1.15764347136103,1.44157813185392e-23,12.5593237638549,0.000104112776004306
200206,2321.04919415292,PACAIPAMPA,AYABACA,PIURA,-79.6502924584379,-4.94645055545895,185826.086638429,1,1500-2500,5.38137576962351,1.06717202046202,190986.714600467,5.58767672764297,0.172513135953613,20.0469173944496,1.35089916253328e-07
200207,902.876294430451,PAIMAS,AYABACA,PIURA,-80.0053256006107,-4.63696392224033,83383.8202345188,0,500-1500,0,0.0671720204620204,88544.4481965572,0.758624869544697,9.44692428429982e-24,8.23035380722378,5.66145986424793e-06
200208,1669.10150622135,SAPILLICA,AYABACA,PIURA,-79.9892955298794,-4.78361582669968,88143.0759848211,0,1500-2500,0,0.0671720204620204,93303.7039468594,0.719928766175004,8.96505350296052e-24,7.81053811902386,3.63218341503657e-06
200209,1467.32,SICCHEZ,AYABACA,PIURA,-79.7775030702932,-4.57301653961044,13001.8569732938,0,500-1500,0,0.0671720204620204,18162.4849353321,3.69839373308155,4.60549699496661e-23,40.1240325273661,0.00705585398571051
200210,525.1707893626,SUYO,AYABACA,PIURA,-80.062730147455,-4.46136673895848,96178.146987751,0,500-1500,0,0.0671720204620204,101338.774949789,0.662846185927374,8.25422152895013e-24,7.19124675312229,1.72455631008983e-06
200301,2802.07798818978,HUANCABAMBA,HUANCABAMBA,PIURA,-79.4973360527553,-5.19688329348189,235296.048965751,0,2500-3500,0,0.0671720204620204,240456.676927789,0.279351862132706,3.47868359737493e-24,3.03070035581466,6.8237637762536e-12
200302,1572.97388276262,CANCHAQUE,HUANCABAMBA,PIURA,-79.6258280532016,-5.31206273612902,60633.7283439078,0,1500-2500,0,0.0671720204620204,65794.3563059462,1.020938941171,1.27134414693314e-23,11.0762104417336,4.89510158657724e-05
200303,2736.2595440813,EL CARMEN DE LA FRONTERA,HUANCABAMBA,PIURA,-79.3657146726576,-5.02407210246626,94089.0863406408,0,2500-3500,0,0.0671720204620204,99249.7143026791,0.676798124145403,8.4279607632624e-24,7.34261193035385,2.09200703416013e-06
200304,1601.97187279152,HUARMACA,HUANCABAMBA,PIURA,-79.5674840023975,-5.68990386798967,299225.025540171,0,1500-2500,0,0.0671720204620204,304385.653502209,0.220680638818389,2.74806873544687e-24,2.39417373301983,2.57571741713036e-14
200305,1631.8024691358,LALAQUIZ,HUANCABAMBA,PIURA,-79.6648816707319,-5.17202154130623,33195.7122674829,0,1500-2500,0,0.0671720204620204,38356.3402295213,1.75126250471417,2.18079382157578e-23,18.9995221640612,0.000752512922043036
200306,1543.73950670705,SAN MIGUEL DE EL FAIQUE,HUANCABAMBA,PIURA,-79.6050768285149,-5.42463416950831,75237.3112391931,0,1500-2500,0,0.0671720204620204,80397.9392012314,0.835494306562917,1.04041559549722e-23,9.06431363245565,1.21668901220673e-05
200307,2388.55009203261,SONDOR,HUANCABAMBA,PIURA,-79.3624151924239,-5.40351291201906,59109.3469850587,1,1500-2500,16.917798131872,1.06717202046202,64269.974947097,16.6045190050323,0.512645556316536,59.5720613581137,0.00530298443470778
200308,2396.10586383314,SONDORILLO,HUANCABAMBA,PIURA,-79.4602370967444,-5.39790918532046,89563.6809716599,0,1500-2500,0,0.0671720204620204,94724.3089336982,0.709131808066682,8.83060227436938e-24,7.6934014565696,3.18275811395097e-06
200401,202.713560786007,CHULUCANAS,MORROPON,PIURA,-80.1943933976059,-5.12168988024584,717228.339846043,0,lowland (<500 m),0,0.0671720204620204,722388.967808081,0.0929859444917023,1.15792562619839e-24,1.00880850732575,0
200402,324.992374727669,BUENOS AIRES,MORROPON,PIURA,-79.9250452543948,-5.26448384656617,82068.2606583383,0,lowland (<500 m),0,0.0671720204620204,87228.8886203766,0.770066219166858,9.58939992401306e-24,8.35448150090068,6.40291711118124e-06
200403,2031.52609223301,CHALACO,MORROPON,PIURA,-79.792808812054,-5.06634505418513,61394.8255578093,0,1500-2500,0,0.0671720204620204,66555.4535198477,1.00926395824181,1.25680564652532e-23,10.9495480502697,4.54896465859056e-05
200404,185.268577202168,LA MATANZA,MORROPON,PIURA,-80.0875093548003,-5.35771099814881,120940.375899886,0,lowland (<500 m),0,0.0671720204620204,126101.003861924,0.532684264239255,6.63335478933927e-24,5.77911447176916,1.78675269357775e-07
200405,229.757591623037,MORROPON,MORROPON,PIURA,-79.9983931931529,-5.1527208163043,128987.013257933,0,lowland (<500 m),0,0.0671720204620204,134147.641219971,0.500732028167933,6.23546333204891e-24,5.43246328966812,8.61587153844212e-08
200406,514.322036406689,SALITRAL,MORROPON,PIURA,-79.827709217779,-5.43704853546999,72907.5895563669,0,500-1500,0,0.0671720204620204,78068.2175184052,0.860427233991657,1.07146381011041e-23,9.33481203347897,1.51632407838775e-05
200407,500.73119827276,SAN JUAN DE BIGOTE,MORROPON,PIURA,-79.7412448372726,-5.29589035590235,53632,0,500-1500,0,0.0671720204620204,58792.6279620383,1.14252454415531,1.42275099260418e-23,12.3952978729512,9.65796760618032e-05
200408,975.538720538721,SANTA CATALINA DE MOSSA,MORROPON,PIURA,-79.8756162857884,-5.12578295978596,30369.1623798389,0,500-1500,0,0.0671720204620204,35529.7903418773,1.89058308016099,2.35428548792215e-23,20.5110170735828,0.00101153639146279
200409,1450.15691868759,SANTO DOMINGO,MORROPON,PIURA,-79.9106771474342,-5.05314666204117,47589.3361453602,0,500-1500,0,0.0671720204620204,52749.9641073985,1.27340409796789,1.58573131197764e-23,13.8152157760587,0.000175038632766911
200410,1397.76359143328,YAMANGO,MORROPON,PIURA,-79.7695319733162,-5.15651316290895,69759.4919254659,0,500-1500,0,0.0671720204620204,74920.1198875042,0.896581860291763,1.11648606430954e-23,9.7270551277456,2.04389148146245e-05
200501,95.6514741856573,PAITA,PAITA,PIURA,-81.0554186376021,-5.16718680627982,822713.652082703,0,lowland (<500 m),0,0.0671720204620204,827874.280044742,0.0811379482140575,1.01038613962349e-24,0.880269086610202,0
200502,75.0536723163842,AMOTAPE,PAITA,PIURA,-81.0067649661994,-4.83553318444394,20256.2907857998,0,lowland (<500 m),0,0.0671720204620204,25416.9187478381,2.64280738072288,3.29100748287647e-23,28.6719308328846,0.00303094245651414
200503,68.6086956521739,ARENAL,PAITA,PIURA,-81.0300370388434,-4.89957299863042,9993.23400809717,0,lowland (<500 m),0,0.0671720204620204,15153.8619701355,4.43266677460833,5.51986483416876e-23,48.090192306044,0.0102552656221887
200504,23.0545722713864,COLAN,PAITA,PIURA,-81.0709151256595,-4.93071988428641,135042.087095993,0,lowland (<500 m),0,0.0671720204620204,140202.715058032,0.479106416977853,5.96616618702254e-24,5.19784610463088,4.98630529088828e-08
200505,82.5700846660395,LA HUACA,PAITA,PIURA,-80.9131607840461,-5.06544574184542,113127.044130372,0,lowland (<500 m),0,0.0671720204620204,118287.67209241,0.567870000937572,7.07151204442084e-24,6.16084604111353,3.63922616264389e-07
200506,63.159217877095,TAMARINDO,PAITA,PIURA,-80.9626270014049,-4.83748337433218,42818.7567670606,0,lowland (<500 m),0,0.0671720204620204,47979.384729099,1.40001837958713,1.74340021788706e-23,15.1888595578651,0.000281727972562984
200507,31.6178489702517,VICHAYAL,PAITA,PIURA,-81.1072985233274,-4.83843616986889,49464.2230299025,0,lowland (<500 m),0,0.0671720204620204,54624.8509919409,1.22969709284755,1.53130431061751e-23,13.3410365994514,0.000145415752152211
200601,108.157397107898,SULLANA,SULLANA,PIURA,-80.5519457866393,-4.83537664257396,1514803.20602465,0,lowland (<500 m),0,0.0671720204620204,1519963.83398669,0.0441931702321074,5.50324079563138e-25,0.479453602795028,0
200602,59.7391304347826,BELLAVISTA,SULLANA,PIURA,-80.6742778477634,-4.88971907109247,311564.241909197,0,lowland (<500 m),0,0.0671720204620204,316724.869871235,0.212083189076151,2.6410073141653e-24,2.3008996313404,8.77076189453874e-15
200603,64.7827967323402,IGNACIO ESCUDERO,SULLANA,PIURA,-80.8856468804959,-4.82673198631858,173652.276119053,0,lowland (<500 m),0,0.0671720204620204,178812.904081092,0.375655329838824,4.67792132903699e-24,4.07550081504506,1.5734994418537e-09
200604,347.793981196371,LANCONES,SULLANA,PIURA,-80.5025922557022,-4.42745149339414,106379.236393789,0,lowland (<500 m),0,0.0671720204620204,111539.864355827,0.602224333425158,7.49931607626422e-24,6.53355767045087,6.74583993331979e-07
200605,368.789089912281,MARCAVELICA,SULLANA,PIURA,-80.7849445860136,-4.53700257735205,258497.838479735,0,lowland (<500 m),0,0.0671720204620204,263658.466441773,0.254769063055499,3.17256149289145e-24,2.76400051232188,8.95061802452801e-13
200606,74.6549309104676,MIGUEL CHECA,SULLANA,PIURA,-80.7884188224465,-5.04852292860748,81824.7099075563,0,lowland (<500 m),0,0.0671720204620204,86985.3378695946,0.772222332029363,9.61624934034278e-24,8.37787326199253,6.55060297849452e-06
200607,113.832384341637,QUERECOTILLO,SULLANA,PIURA,-80.6106155360941,-4.73232402116336,225318.668368998,0,lowland (<500 m),0,0.0671720204620204,230479.296331037,0.291444921653793,3.62927478182925e-24,3.16189847818851,1.63836721966959e-11
200608,67.4367816091954,SALITRAL,SULLANA,PIURA,-80.6832529923841,-4.83829891640048,61429.4441934627,0,lowland (<500 m),0,0.0671720204620204,66590.072155501,1.00873926529409,1.25615226238929e-23,10.9438556339342,4.5338265252548e-05
200701,292.183798612232,PARIÑAS,TALARA,PIURA,-81.0435211573061,-4.49884838584012,840301.106937142,0,lowland (<500 m),0,0.0671720204620204,845461.734899181,0.0794501012751695,9.89367896120965e-25,0.861957562644706,0
200702,252.471819038643,EL ALTO,TALARA,PIURA,-81.0802967963093,-4.29146425176768,71808.9300238555,0,lowland (<500 m),0,0.0671720204620204,76969.5579858938,0.872708928305538,1.08675782971403e-23,9.46805666282533,1.68260302442214e-05
200703,152.003830578965,LA BREA,TALARA,PIURA,-81.108222989659,-4.70385213769857,105560.731510397,0,lowland (<500 m),0,0.0671720204620204,110721.359472435,0.606676261762694,7.55475458297844e-24,6.58185683228077,7.27160997415766e-07
200704,127.62084592145,LOBITOS,TALARA,PIURA,-81.2026480389281,-4.4030325313087,11071.0114942529,0,lowland (<500 m),0,0.0671720204620204,16231.6394562912,4.13833862210297,5.15334695648243e-23,44.8970135324566,0.0089509451128208
200705,164.711256117455,LOS ORGANOS,TALARA,PIURA,-81.0648364329713,-4.19478619660745,93132.8139352135,0,lowland (<500 m),0,0.0671720204620204,98293.4418972519,0.683382524464213,8.50995429361773e-24,7.41404637233929,2.28566122206786e-06
200706,134.670944087993,MANCORA,TALARA,PIURA,-81.008961827523,-4.14781614793867,113040.347331013,0,lowland (<500 m),0,0.0671720204620204,118200.975293051,0.568286516210916,7.07669878217291e-24,6.16536483321138,3.66813458607673e-07
200801,42.1648181047038,SECHURA,SECHURA,PIURA,-80.6641912889579,-5.9159917672289,411365.720664822,0,lowland (<500 m),0,0.0671720204620204,416526.348626861,0.161267157968428,2.00821076665507e-24,1.74959432632653,0
200802,12.8255033557047,BELLAVISTA DE LA UNION,SECHURA,PIURA,-80.7428992277105,-5.4265170073055,41964.1153846154,0,lowland (<500 m),0,0.0671720204620204,47124.7433466537,1.42540872780775,1.77501804467097e-23,15.4643205367146,0.000307014784854731
200803,12.2947103274559,BERNAL,SECHURA,PIURA,-80.7020025599008,-5.45775175351134,61769.7511961723,0,lowland (<500 m),0,0.0671720204620204,66930.3791582106,1.00361033818796,1.24976536578513e-23,10.8882116833737,4.38771797225401e-05
200804,18.8747004450531,CRISTO NOS VALGA,SECHURA,PIURA,-80.6410300830112,-5.53519216464421,39951.1373488954,0,lowland (<500 m),0,0.0671720204620204,45111.7653109337,1.48901334272858,1.85422293306985e-23,16.1543697370326,0.0003762520872439
200805,24.5,VICE,SECHURA,PIURA,-80.8745465854183,-5.43862347660977,143007.538982855,0,lowland (<500 m),0,0.0671720204620204,148168.166944893,0.45334987836492,5.64542786183679e-24,4.91841231048031,2.43399072008543e-08
200806,9.60909090909091,RINCONADA LLICUAR,SECHURA,PIURA,-80.7743547099847,-5.48207913476095,25195.3493743985,0,lowland (<500 m),0,0.0671720204620204,30355.9773364368,2.21281033773183,2.75554527082859e-23,24.0068744368289,0.00175789309756669
210101,4087.23958333333,PUNO,PUNO,PUNO,-70.0636709009199,-15.9049947224141,1137358.25620397,2,>3500,1.75846087992993,2.06717202046202,1142518.884166,1.80931103118788,0.230608831762318,4.97821536270808,0
210102,4205.42268976149,ACORA,PUNO,PUNO,-69.9082422220979,-16.2871830662625,182198.252577752,9,>3500,49.3967415859783,9.06717202046202,187358.88053979,48.3946744042186,22.2060815755028,84.6104593287019,0.0265820083467059
210103,3914.325,AMANTANI,PUNO,PUNO,-69.7004394734367,-15.7047455107628,26649.8975386377,0,>3500,0,0.0671720204620204,31810.525500676,2.11162875824208,2.6295469337349e-23,22.9091511332492,0.00150247010312343
210104,3853.71304347826,ATUNCOLLA,PUNO,PUNO,-70.1570535782177,-15.6784578561154,36943.3174702567,0,>3500,0,0.0671720204620204,42103.9454322951,1.5953854151278,1.9866848327862e-23,17.3084049212188,0.000511172788957071
210105,3915.62057335582,CAPACHICA,PUNO,PUNO,-69.8244895333334,-15.6404120888516,55362.7154940924,0,>3500,0,0.0671720204620204,60523.3434561307,1.1098531017327,1.3820662411261e-23,12.0408439902413,8.15750586340425e-05
210106,3983.27630582892,CHUCUITO,PUNO,PUNO,-69.878554149922,-15.890916081245,57612.1210816629,2,>3500,34.7149169732022,2.06717202046202,62772.7490437012,32.9310417650005,4.19728224679921,90.6078696247574,0.035354900606234
210107,3848.63041556145,COATA,PUNO,PUNO,-69.9237561347059,-15.5615456062914,53851.1128544696,1,>3500,18.5697183770827,1.06717202046202,59011.7408165079,18.0840626915295,0.558324777498982,64.8802227837661,0.00820759940873717
210108,3822.70114942529,HUATA,PUNO,PUNO,-69.9978010230509,-15.6216178717672,22367.5820797907,0,>3500,0,0.0671720204620204,27528.210041829,2.44011580701951,3.03860184384297e-23,26.4729212402741,0.00239554229919703
210109,4326.50584484591,MAÑAZO,PUNO,PUNO,-70.4085778144495,-15.8807636878752,41795.0001864976,1,>3500,23.9263068677546,1.06717202046202,46955.6281485359,22.7272440501958,0.701677697867869,81.5385725204547,0.0223077966710864
210110,3869.81002506266,PAUCARCOLLA,PUNO,PUNO,-70.0671367641768,-15.7262831622195,34053.2177656923,1,>3500,29.3658005208387,1.06717202046202,39213.8457277306,27.2141637897901,0.840206219251405,97.6363021779673,0.0423277666199703
210111,4380.00983049046,PICHACANI,PUNO,PUNO,-70.1583904683892,-16.2398293108989,47886.294,7,>3500,146.179614567793,7.06717202046202,53046.9219620383,133.224921617874,53.8492253824937,247.928610391086,0.84341536917108
210112,3916.28688817435,PLATERIA,PUNO,PUNO,-69.8602354512459,-15.9809603716472,57254.501077296,0,>3500,0,0.0671720204620204,62415.1290393343,1.07621375611814,1.34017618930313e-23,11.6758892842118,6.78732056094145e-05
210113,4605.8441457741,SAN ANTONIO,PUNO,PUNO,-70.3023407585999,-16.0802682965514,21139.0728624535,1,>3500,47.3057643779716,1.06717202046202,26299.7008244919,40.5773444946646,1.25277915825269,145.579408548533,0.12268670479751
210114,4308.14128113879,TIQUILLACA,PUNO,PUNO,-70.2713866204522,-15.9236705708822,12587.5084643289,0,>3500,0,0.0671720204620204,17748.1364263672,3.78473654068983,4.7130170616972e-23,41.0607693571931,0.0074211716169803
210115,3964.84573991031,VILQUE,PUNO,PUNO,-70.2631502002562,-15.7802024713767,23385.0083111702,2,>3500,85.5248787337257,2.06717202046202,28545.6362732086,72.4163931984995,9.22995524157201,199.249545776546,0.326402414277791
210201,4038.199756691,AZANGARO,AZANGARO,PUNO,-70.1492191938996,-14.880957683512,253941.639259236,6,>3500,23.6274760511998,6.06717202046202,259102.267221274,23.4161286411309,8.65319225587915,45.3982539307339,2.02064321447315e-05
210202,3860.91166321601,ACHAYA,AZANGARO,PUNO,-70.1777053628568,-15.2406935475725,22084.3428571429,0,>3500,0,0.0671720204620204,27244.9708191812,2.46548329626874,3.07019120504649e-23,26.7481342211606,0.00247180715562501
210203,4061.18084551148,ARAPA,AZANGARO,PUNO,-70.084580630131,-15.0900321472463,56914.3243243243,3,>3500,52.7108076150496,3.06717202046202,62074.9522863627,49.4107833754365,10.4363533953173,118.100803865616,0.114685949899774
210204,4000.99130434783,ASILLO,AZANGARO,PUNO,-70.3538214152636,-14.7407816427158,116767.186398825,2,>3500,17.1280996115542,2.06717202046202,121927.814360864,16.9540644298266,2.16090927673087,46.648134317455,0.000457690949195899
210205,3840.83407407407,CAMINACA,AZANGARO,PUNO,-70.0943278104553,-15.3028206108772,23733.06664478,0,>3500,0,0.0671720204620204,28893.6946068184,2.32479858931467,2.89500082731058e-23,25.2218397903012,0.00206146283347697
210206,3975.27979274611,CHUPA,AZANGARO,PUNO,-69.9519749576442,-15.1062721608752,45092.2127246236,1,>3500,22.1767781968687,1.06717202046202,50252.8406866619,21.236053641546,0.65563889744345,76.1886261297286,0.0169749282126461
210207,3954.2816166884,JOSE DOMINGO CHOQUEHUANCA,AZANGARO,PUNO,-70.3227260735608,-15.0299920457334,38165.1869547154,0,>3500,0,0.0671720204620204,43325.8149167537,1.55039254520855,1.93065658318299e-23,16.8202753421554,0.00045116208807372
210208,4352.41353046595,MUÑANI,AZANGARO,PUNO,-69.9802933740054,-14.6857412521259,54954.3894570071,2,>3500,36.3938171229193,2.06717202046202,60115.0174190454,34.3869487062164,4.38284735588276,94.6137139359348,0.0425242857651308
210209,4330.75630725863,POTONI,AZANGARO,PUNO,-70.0922238975983,-14.416445072841,28524.9500523013,3,>3500,105.17108687305,3.06717202046202,33685.5780143396,91.0529728525471,19.2318546168976,217.633248324206,0.47868237390814
210210,3841.23690987125,SAMAN,AZANGARO,PUNO,-70.0168517594752,-15.269835479548,72306.8449103045,1,>3500,13.8299493117212,1.06717202046202,77467.4728723428,13.7757433009412,0.425310337869138,49.4232579051873,0.00176930428343369
210211,4380.02336289222,SAN ANTON,AZANGARO,PUNO,-70.2566929309405,-14.5226052814427,58596.2179128349,0,>3500,0,0.0671720204620204,63756.8458748732,1.05356561386129,1.31197314802808e-23,11.4301786156938,5.95986828497708e-05
210212,4231.45388349515,SAN JOSE,AZANGARO,PUNO,-70.1786490363767,-14.6911452084371,39272.1822532403,1,>3500,25.4633163380548,1.06717202046202,44432.8102152786,24.0176575663689,0.741517741092033,86.1681913091413,0.0274898556937959
210213,3893.00667779633,SAN JUAN DE SALINAS,AZANGARO,PUNO,-70.1261928191162,-15.0007946922833,22834.2150573937,0,>3500,0,0.0671720204620204,27994.843019432,2.39944265504166,2.98795280733443e-23,26.031656466772,0.00227531666726977
210214,3942.22591270931,SANTIAGO DE PUPUJA,AZANGARO,PUNO,-70.2503423764703,-15.0833983626445,35895.7951441578,0,>3500,0,0.0671720204620204,41056.4231061962,1.63609041850221,2.0373735328681e-23,17.7500152518908,0.000569194200467083
210215,4026.37800087298,TIRAPATA,AZANGARO,PUNO,-70.3837852417684,-14.9223705476873,23782.0404817665,0,>3500,0,0.0671720204620204,28942.6684438048,2.32086480182164,2.89010220164074e-23,25.1791619607574,0.00205044250136244
210301,4642.25280801797,MACUSANI,CARABAYA,PUNO,-70.4701468146134,-14.0561704770577,114163.491556822,1,>3500,8.75936769595272,1.06717202046202,119324.119518861,8.94347282649206,0.276119507054034,32.0865128229815,5.39706857427547e-05
210302,4607.4893660954,AJOYANI,CARABAYA,PUNO,-70.2268935503999,-14.1740276561789,19987.7931175748,1,>3500,50.0305358434356,1.06717202046202,25148.4210796131,42.4349511678543,1.31013064227376,152.243947200991,0.134846842241045
210303,1732.03305678545,AYAPATA,CARABAYA,PUNO,-70.2435103474955,-13.5009118781659,76686.1580095575,0,1500-2500,0,0.0671720204620204,81846.7859715958,0.820704437744591,1.02199822262816e-23,8.90385771013622,1.06135070131463e-05
210304,1747.24676167631,COASA,CARABAYA,PUNO,-69.8974552165273,-13.6431183732728,46335.8843106181,1,1500-2500,21.581545596419,1.06717202046202,51496.5122726564,20.7231902388206,0.639804825747373,74.3486252187579,0.0153119815514813
210305,4764.21347869177,CORANI,CARABAYA,PUNO,-70.7051414811554,-13.923617761195,38216.7385705087,1,>3500,26.1665447498884,1.06717202046202,43377.366532547,24.6020472372682,0.759560104610845,88.2648071353096,0.0299989157612385
210306,4494.31501643385,CRUCERO,CARABAYA,PUNO,-69.9289765799678,-14.3364009713798,81280.4629296563,5,>3500,61.5153976709904,5.06717202046202,86441.0908916946,58.6199453083127,19.2163551913143,119.604578333659,0.157334632518512
210307,3483.69997901951,ITUATA,CARABAYA,PUNO,-70.1160321897254,-13.8296190766613,69290.3096004771,1,2500-3500,14.4320324987134,1.06717202046202,74450.9375625154,14.3338963269056,0.442542674946688,51.4257444752526,0.00227421730010113
210308,3959.40441906653,OLLACHEA,CARABAYA,PUNO,-70.5412812968641,-13.7416051609755,52836.7501554726,0,>3500,0,0.0671720204620204,57997.378117511,1.15819063968582,1.442259503892e-23,12.5652600165219,0.000104392559952093
210309,1753.99657412877,SAN GABAN,CARABAYA,PUNO,-70.3948529046306,-13.5240370749584,66257.8709802402,1,1500-2500,15.0925465187106,1.06717202046202,71418.4989422786,14.9425154024103,0.461333093654534,53.6092881779454,0.0029268384967287
210310,4286.24387959866,USICAYOS,CARABAYA,PUNO,-69.9382994261728,-14.140770970701,67230.7963255185,0,>3500,0,0.0671720204620204,72391.4242875568,0.927900246791614,1.15548589648589e-23,10.0668296486097,2.60031472298916e-05
210401,4085.81352689624,JULI,CHUCUITO,PUNO,-69.5029175321952,-16.3287030454278,164318.135245902,1,>3500,6.08575552846619,1.06717202046202,169478.76320794,6.2967890505117,0.194406168876626,22.591000893341,8.16524447166955e-07
210402,3865.49252988048,DESAGUADERO,CHUCUITO,PUNO,-69.0802815908703,-16.6201479832502,104807.602452096,1,>3500,9.54129258378051,1.06717202046202,109968.230414134,9.70436658335875,0.299611232599862,34.8163726615791,0.000117840455127527
210403,4189.63878116344,HUACULLANI,CHUCUITO,PUNO,-69.3988596763489,-16.6041279512134,68673.6912870411,6,>3500,87.3697028301756,6.06717202046202,73834.3192490795,82.1727901356342,30.3661191029104,159.31331988934,0.424675113339389
210404,3938.88170903955,KELLUYO,CHUCUITO,PUNO,-69.2480044995929,-16.7215898165935,50646.9068100359,1,>3500,19.7445424209371,1.06717202046202,55807.5347720742,19.1223644767772,0.590381159027495,68.6053398823264,0.010708507598108
210405,4314.54012149787,PISACOMA,CHUCUITO,PUNO,-69.4476692555844,-16.9312120717609,64789.8034269396,0,>3500,0,0.0671720204620204,69950.4313889779,0.960280288887606,1.19580777601864e-23,10.4181221166549,3.28353815203242e-05
210406,4048.94209499024,POMATA,CHUCUITO,PUNO,-69.2882169282561,-16.3566584782918,112336.206720693,2,>3500,17.8036988997919,2.06717202046202,117496.834682731,17.593427312692,2.24240036640436,48.4073045601391,0.000640650720837743
210407,3945.73655378486,ZEPITA,CHUCUITO,PUNO,-69.1779341673924,-16.4945857130295,140140.939752891,3,>3500,21.4070207127901,3.06717202046202,145301.567714929,21.1090084484125,4.45856262424469,50.4543886224426,0.000490328292108822
210501,4024.0535784122,ILAVE,EL COLLAO,PUNO,-69.6779775072491,-16.2401221258307,387884.588637933,6,>3500,15.4685186670323,6.06717202046202,393045.216599972,15.4363207188882,5.70433537289872,29.9273213985251,1.98462213329975e-09
210502,4478.80314371257,CAPAZO,EL COLLAO,PUNO,-69.7019790359121,-17.1098205435233,8721.7578125,0,>3500,0,0.0671720204620204,13882.3857745383,4.83865104694184,6.02542467478578e-23,52.4947331214254,0.0120824994317398
210503,3826.42531356899,PILCUYO,EL COLLAO,PUNO,-69.5086137925448,-16.0958255333403,85658.3765259065,0,>3500,0,0.0671720204620204,90819.0044879448,0.739625157099544,9.21032665601411e-24,8.02422511050312,4.57813954579667e-06
210504,4495.11810161633,SANTA ROSA,EL COLLAO,PUNO,-69.855145000944,-16.8357138937129,25271.9170574443,1,>3500,39.569613881169,1.06717202046202,30432.5450194827,35.0668016683727,1.08264744339034,125.809224584464,0.0873399428755193
210505,4211.53587236233,CONDURIRI,EL COLLAO,PUNO,-69.6334775786838,-16.5526474412813,19019.0370808679,2,>3500,105.157794871324,2.06717202046202,24179.6650429062,85.4921694239303,10.8965506625662,235.226792895874,0.417237873751414
210601,3924.14986437613,HUANCANE,HUANCANE,PUNO,-69.8090275301149,-15.1831936708587,151541.736707939,1,>3500,6.5988421521608,1.06717202046202,156702.364669977,6.81018453492733,0.210256667987072,24.4329107547057,2.37641623845875e-06
210602,4479.6957387495,COJATA,HUANCANE,PUNO,-69.3932509031652,-15.0081323063496,31905.0894228387,3,>3500,94.0288854935006,3.06717202046202,37065.7173848771,82.7495658215275,17.4780412943595,197.786587773701,0.413836479354505
210603,3958.55848434926,HUATASANI,HUANCANE,PUNO,-69.7996121170438,-15.0189278929369,24831.3557422969,0,>3500,0,0.0671720204620204,29991.9837043353,2.23966580951132,2.78898757132585e-23,24.2982306041239,0.00182874048263104
210604,4207.14749262537,INCHUPALLA,HUANCANE,PUNO,-69.6445944401788,-15.0008620989401,20520.4876311844,2,>3500,97.4635708442258,2.06717202046202,25681.1155932228,80.4938559992911,10.2594820769173,221.474220646407,0.384054179425172
210605,3905.70840707965,PUSI,HUANCANE,PUNO,-69.9896766439045,-15.4409162722572,40349.6629494328,0,>3500,0,0.0671720204620204,45510.2909114711,1.47597431518701,1.83798582948004e-23,16.0129087669571,0.000361366581760003
210606,4107.36027515047,ROSASPATA,HUANCANE,PUNO,-69.4874141109406,-15.2095137885838,31886.5063840039,3,>3500,94.0836842980383,3.06717202046202,37047.1343460422,82.7910734420864,17.4868083724578,197.885798573848,0.414177380029325
210607,3831.11577551922,TARACO,HUANCANE,PUNO,-69.9275335285304,-15.3080929912733,107768.246699912,1,>3500,9.27917109744365,1.06717202046202,112928.87466195,9.44994824093105,0.291756356909006,33.9035955374035,9.20435643044781e-05
210608,4039.75730994152,VILQUE CHICO,HUANCANE,PUNO,-69.6094903023986,-15.1380090792581,59309.2117523884,8,>3500,134.886297821651,8.06717202046202,64469.8397144268,125.130945822048,54.2520922449861,225.11894880637,0.826466930850121
210701,4082.47765141497,LAMPA,LAMPA,PUNO,-70.4109007939875,-15.355953766034,93767.0980824707,2,>3500,21.3294432791441,2.06717202046202,98927.726044509,20.8957802136478,2.66330740307695,57.4935388566428,0.00258397932879306
210702,4160.6082123412,CABANILLA,LAMPA,PUNO,-70.3900842020786,-15.5693726149429,47675.1723035504,2,>3500,41.9505563035177,2.06717202046202,52835.8002655887,39.1244574714683,4.98667463764161,107.648697147559,0.0699671744717608
210703,3950.10292249047,CALAPUJA,LAMPA,PUNO,-70.2364728081475,-15.3110597781656,14131.3041978148,0,>3500,0,0.0671720204620204,19291.9321598532,3.48187106949331,4.33586792124791e-23,37.7749688462832,0.00615766538783913
210704,3888.30104712042,NICASIO,LAMPA,PUNO,-70.2912202256926,-15.2183540701766,18946.25499796,0,>3500,0,0.0671720204620204,24106.8829599984,2.78642496308967,3.46985008097472e-23,30.2300441551201,0.00351456298160713
210705,4645.87291335453,OCUVIRI,LAMPA,PUNO,-70.8500997595218,-15.1828912610201,18643.1834442596,0,>3500,0,0.0671720204620204,23803.8114062979,2.82190189274682,3.51402842019944e-23,30.6149348893872,0.00363790945058584
210706,4565.05239943543,PALCA,LAMPA,PUNO,-70.609390973556,-15.2993199167708,13404.7149171271,0,>3500,0,0.0671720204620204,18565.3428791654,3.61814058050082,4.50556019003936e-23,39.2533626266009,0.0067197839323393
210707,4697.06407108617,PARATIA,LAMPA,PUNO,-70.7047553104561,-15.4675467597192,19504.2456864216,1,>3500,51.2708881992897,1.06717202046202,24664.8736484599,43.2668756253148,1.33581535955939,155.228644006127,0.140303737178265
210708,4093.87774816789,PUCARA,LAMPA,PUNO,-70.4505299902099,-15.0794491042842,42720.3678474115,2,>3500,46.8160762834159,2.06717202046202,47880.9958094498,43.1731208909829,5.50270395779676,118.78836196253,0.0974603462928656
210709,4490.89797935427,SANTA LUCIA,LAMPA,PUNO,-70.7846245995537,-15.6014356741168,58875.0386053967,5,>3500,84.9256343339651,5.06717202046202,64035.6665674351,79.1304641941355,25.939961192568,161.452996134818,0.388294015004204
210710,4595.52091254753,VILAVILA,LAMPA,PUNO,-70.6503465381085,-15.1749604377339,8928.83416252073,1,>3500,111.996704362318,1.06717202046202,14089.4621245591,75.7425663966159,2.33846521392565,271.741735574077,0.332534594778416
210801,4184.85757340911,AYAVIRI,MELGAR,PUNO,-70.6057446787644,-14.9315001266785,207246.27135522,4,>3500,19.3007091217771,4.06717202046202,212406.899317259,19.1480221854147,5.29175080046707,41.7507294292205,2.24502539576399e-05
210802,4466.48011249498,ANTAUTA,MELGAR,PUNO,-70.3841349551779,-14.3546013110072,46184.0113815444,1,>3500,21.6525150173424,1.06717202046202,51344.6393435827,20.784487613611,0.64169731217174,74.5685419155919,0.01550600838019
210803,4246.43972491909,CUPI,MELGAR,PUNO,-70.894267026967,-14.8900958813326,15998.6251808973,0,>3500,0,0.0671720204620204,21159.2531429356,3.17459316773886,3.95322411550833e-23,34.4412976866516,0.00493695317578247
210804,4259.45691306013,LLALLI,MELGAR,PUNO,-70.927077780622,-14.9874625895499,19678.1058282209,1,>3500,50.8178992800148,1.06717202046202,24838.7337902592,42.9640266477885,1.32646524333399,154.142112209213,0.138316958612114
210805,4271.3455537232,MACARI,MELGAR,PUNO,-70.9322031842505,-14.7114159188936,57560.2521134442,2,>3500,34.7461994443361,2.06717202046202,62720.8800754826,32.9582751066988,4.20075331893981,90.6828005999649,0.0354829981301277
210806,4506.78389272459,NUÑOA,MELGAR,PUNO,-70.6706362623173,-14.3567487345825,65867.945460902,11,>3500,167.000806280339,11.067172020462,71028.5734229403,155.812956492346,77.9743452219472,260.142266184524,0.960706909784755
210807,4046.40211873759,ORURILLO,MELGAR,PUNO,-70.487635652189,-14.6862704547532,59584.7816431322,3,>3500,50.3484265154772,3.06717202046202,64745.4096051706,47.3728105075897,10.0059006964133,113.2296761986,0.0984219005126523
210808,4342.37154064066,SANTA ROSA,MELGAR,PUNO,-70.8120605183029,-14.5743260330657,50375.213639201,1,>3500,19.8510324375442,1.06717202046202,55535.8416012393,19.2159151584408,0.593269429457411,68.940971823635,0.0109526819118847
210809,4027.75330163761,UMACHIRI,MELGAR,PUNO,-70.7489731091448,-14.8785551263178,30868.0368663595,0,>3500,0,0.0671720204620204,36028.6648283978,1.86440493373697,2.32168664004633e-23,20.2270092381736,0.000959807426973103
210901,4026.34635326651,MOHO,MOHO,PUNO,-69.4476378211932,-15.3508096389163,87072.3510675843,6,>3500,68.908211693318,6.06717202046202,92232.9790296226,65.7809395759993,24.3086773927119,127.533455441815,0.223397205455773
210902,4043.66256157635,CONIMA,MOHO,PUNO,-69.4158868806942,-15.4538447049922,26120.068409851,0,>3500,0,0.0671720204620204,31280.6963718894,2.14739530295064,2.67408592175616e-23,23.2971839136536,0.00159064692801103
210903,4268.22371558639,HUAYRAPATA,MOHO,PUNO,-69.2956339451512,-15.2760869317346,19796.0898226677,1,>3500,50.515026399554,1.06717202046202,24956.717784706,42.7609122989724,1.32019431983942,153.413398511049,0.136984607313187
210904,3964.88305084746,TILALI,MOHO,PUNO,-69.3420775401867,-15.49167642414,20167.564282923,0,>3500,0,0.0671720204620204,25328.1922449614,2.65206532753569,3.30253612187576e-23,28.7723706956637,0.00306132496002032
211001,4361.60532319392,PUTINA,SAN ANTONIO DE PUTINA,PUNO,-69.8344790192144,-14.7090521242293,110435.536716086,1,>3500,9.05505627749935,1.06717202046202,115596.164678124,9.23189816403986,0.285024309871758,33.1212969019678,7.36732691026809e-05
211002,4748.8457697894,ANANEA,SAN ANTONIO DE PUTINA,PUNO,-69.5050116406865,-14.692514780106,91666.1331519499,3,>3500,32.7274632063629,3.06717202046202,96826.7611139882,31.6769040415513,6.69067240920392,75.7135907531671,0.0135170574670219
211003,4116.05405405405,PEDRO VILCA APAZA,SAN ANTONIO DE PUTINA,PUNO,-69.9142602789791,-15.0183813420094,15269.8986245543,1,>3500,65.4883195093374,1.06717202046202,20430.5265865926,52.2341906332628,1.61267096673006,187.400695464475,0.198447505664626
211004,4385.1985257162,QUILCAPUNCU,SAN ANTONIO DE PUTINA,PUNO,-69.6392981258261,-14.8469583140989,44358.1969971056,2,>3500,45.087495331032,2.06717202046202,49518.824959144,41.7451751362752,5.32070268955881,114.859451249742,0.087412998008986
211005,3934.00338028169,SINA,SAN ANTONIO DE PUTINA,PUNO,-69.2400249223871,-14.5114249473273,14794.5996696035,0,>3500,0,0.0671720204620204,19955.2276316419,3.36613651830809,4.19174721205203e-23,36.5193597274492,0.00568966161150197
211101,3889.47337016575,JULIACA,SAN ROMAN,PUNO,-70.2154631796683,-15.4598918737731,2012762.52603555,5,>3500,2.4841479982481,5.06717202046202,2017923.15399759,2.51108274882705,0.823164500793211,5.12346082472026,0
211102,3880.04210049796,CABANA,SAN ROMAN,PUNO,-70.2798155907762,-15.6428749753678,43834.7745750185,0,>3500,0,0.0671720204620204,48995.4025370568,1.3709861942907,1.70724732238975e-23,14.8738881320933,0.000254434557050431
211103,4314.66737681259,CABANILLAS,SAN ROMAN,PUNO,-70.6223980558195,-15.8533701640561,35349.4594007816,2,>3500,56.5779515133343,2.06717202046202,40510.0873628199,51.0285747336913,6.50393426170999,140.402191937988,0.157363715430165
211104,3836.94269521411,CARACOTO,SAN ROMAN,PUNO,-70.0878838179418,-15.5574606349632,59672.1872796311,0,>3500,0,0.0671720204620204,64832.8152416695,1.03608057449968,1.29019956142575e-23,11.2404826723409,5.37105775018087e-05
211105,3849.36502177068,SAN MIGUEL,SAN ROMAN,PUNO,-70.1264214503674,-15.4062247553873,586227.551792294,1,>3500,1.70582224759424,1.06717202046202,591388.179754333,1.80452037594889,0.0557125052362243,6.4740808526531,0
211201,3121.32055137845,SANDIA,SANDIA,PUNO,-69.4369437138009,-14.2919137047644,90907.0055700609,0,2500-3500,0,0.0671720204620204,96067.6335320992,0.699215937692231,8.70712296278737e-24,7.58582375279978,2.80950554143455e-06
211202,4415.02711050103,CUYOCUYO,SANDIA,PUNO,-69.5576639323244,-14.523808708505,44902.0512775018,0,>3500,0,0.0671720204620204,50062.6792395401,1.34175840131559,1.67085084261197e-23,14.5567945502103,0.000228680726748531
211203,1672.87781740633,LIMBANI,SANDIA,PUNO,-69.6073117087167,-13.7782191506041,25658.4582705634,0,1500-2500,0,0.0671720204620204,30819.0862326018,2.17955911979515,2.71413854257342e-23,23.6461305446544,0.00167192596914723
211204,3894.1707362535,PATAMBUCO,SANDIA,PUNO,-69.63122102149,-14.3100914963108,33399.015108593,0,>3500,0,0.0671720204620204,38559.6430706314,1.7420291038218,2.16929574886308e-23,18.8993486010277,0.000736777998890048
211205,2815.48862251117,PHARA,SANDIA,PUNO,-69.585025216318,-14.0678468822534,49302.8190067646,1,2500-3500,20.2828158743376,1.06717202046202,54463.4469688029,19.5942798308984,0.604951006499407,70.2984314089779,0.0119719096701235
211206,3854.36230344241,QUIACA,SANDIA,PUNO,-69.3561716161279,-14.467242124333,18374.0069204152,0,>3500,0,0.0671720204620204,23534.6348824536,2.85417729221289,3.55421999145448e-23,30.965092085044,0.00375138936538044
211207,1767.89496527778,SAN JUAN DEL ORO,SANDIA,PUNO,-69.1004574978549,-14.1939701163748,25679.9960485464,0,1500-2500,0,0.0671720204620204,30840.6240105848,2.17803700855619,2.71224310383895e-23,23.629617094419,0.00166803767974888
211208,2198.77264701888,YANAHUAYA,SANDIA,PUNO,-69.1270596436087,-14.3311340587268,16734.2046403712,0,1500-2500,0,0.0671720204620204,21894.8326024096,3.06793943949258,3.82041147835005e-23,33.2842068060782,0.00453121282219138
211209,1844.60858324716,ALTO INAMBARI,SANDIA,PUNO,-69.334448545968,-14.0319700269098,59342.0224823733,0,1500-2500,0,0.0671720204620204,64502.6504444116,1.04138388111523,1.2968036075182e-23,11.298018473692,5.54514675995543e-05
211210,679.807841577859,SAN PEDRO DE PUTINA PUNCO,SANDIA,PUNO,-69.1480480678999,-13.5483316025152,81007.1401125558,0,500-1500,0,0.0671720204620204,86167.7680745942,0.779549267237264,9.70748943135978e-24,8.45736349689588,7.07204378957993e-06
211301,3989.38457711443,YUNGUYO,YUNGUYO,PUNO,-69.0901890822296,-16.2828023648022,198578.2967924,2,>3500,10.0715940881035,2.06717202046202,203738.924754439,10.1461810645832,1.29319885957712,27.9166343308945,7.88973847698493e-07
211302,3818.00284697509,ANAPIA,YUNGUYO,PUNO,-68.8788271470424,-16.3253831646318,13909.851147174,0,>3500,0,0.0671720204620204,19070.4791092124,3.52230376999661,4.38621753086376e-23,38.2136249514059,0.00632326531228078
211303,4078.7361516035,COPANI,YUNGUYO,PUNO,-69.0730619585279,-16.3713337975685,39567.289669007,0,>3500,0,0.0671720204620204,44727.9176310454,1.50179181190847,1.87013557127326e-23,16.2930038982463,0.000391188543264365
211304,4063.42164179105,CUTURAPI,YUNGUYO,PUNO,-69.1805691020571,-16.2930847120247,10764.2642752562,0,>3500,0,0.0671720204620204,15924.8922372946,4.21805180600909,5.25261135487652e-23,45.7618252898689,0.00930191358817345
211305,3875.22258064516,OLLARAYA,YUNGUYO,PUNO,-68.9969548968437,-16.2359253782424,20399.1405904059,0,>3500,0,0.0671720204620204,25559.7685524442,2.62803711716696,3.27261452384315e-23,28.5116876088995,0.0029827049504767
211306,3913.62222222222,TINICACHI,YUNGUYO,PUNO,-68.9715155403903,-16.1979688786862,6947.74482006543,0,>3500,0,0.0671720204620204,12108.3727821038,5.54756792434578,6.90821725561914e-23,60.1858027859996,0.0153021458191964
211307,3858.48387096774,UNICACHI,YUNGUYO,PUNO,-68.9654280226614,-16.2246150833853,6726.04458598726,0,>3500,0,0.0671720204620204,11886.6725480256,5.65103650248848,7.03706352243146e-23,61.3083378362358,0.0157717344300488
220101,1127.14827805057,MOYOBAMBA,MOYOBAMBA,SAN MARTIN,-77.1700228507908,-5.76833828019753,684931.239049066,0,500-1500,0,0.0671720204620204,690091.867011104,0.0973377946808052,1.21211789023232e-24,1.05602191702302,0
220102,837.815217391304,CALZADA,MOYOBAMBA,SAN MARTIN,-77.0957557299297,-6.0145391821002,38351.2213998731,0,500-1500,0,0.0671720204620204,43511.8493619115,1.54376385851391,1.92240208167341e-23,16.7483604353756,0.000442686197747455
220103,837.033854166667,HABANA,MOYOBAMBA,SAN MARTIN,-77.1000938277512,-6.08890185303073,13357,0,500-1500,0,0.0671720204620204,18517.6279620383,3.62746354985233,4.51716979962432e-23,39.3545079216963,0.00675864322938125
220104,1211.86966658895,JEPELACIO,MOYOBAMBA,SAN MARTIN,-76.9218088248081,-6.17353395955844,126598.355026291,0,500-1500,0,0.0671720204620204,131758.98298833,0.509809797696829,6.34850602924032e-24,5.53094840135196,1.06952873668575e-07
220105,1455.12490350471,SORITOR,MOYOBAMBA,SAN MARTIN,-77.0541453750177,-6.27273475082823,182701.027236676,1,500-1500,5.47342297481761,1.06717202046202,187861.655198714,5.68062715796472,0.175382874309041,20.3803958129882,1.7545802233343e-07
220106,830.127272727273,YANTALO,MOYOBAMBA,SAN MARTIN,-77.066375431417,-5.96378296786268,23351.1242685026,0,500-1500,0,0.0671720204620204,28511.7522305409,2.35594150506358,2.93378215110883e-23,25.5597106214484,0.00214959944633764
220201,402.896013864818,BELLAVISTA,BELLAVISTA,SAN MARTIN,-76.6006137287481,-6.99101825767612,149552.900515238,1,lowland (<500 m),6.68659716096988,1.06717202046202,154713.528477276,6.89772918351328,0.212959509006632,24.7469948408244,2.80626776394399e-06
220202,990.516300421433,ALTO BIAVO,BELLAVISTA,SAN MARTIN,-76.2742389908782,-7.82197504189562,77224.4926971762,0,500-1500,0,0.0671720204620204,82385.1206592146,0.815341653013739,1.01532011025152e-23,8.84567662815644,1.00889092929934e-05
220203,546.506287545054,BAJO BIAVO,BELLAVISTA,SAN MARTIN,-76.3413915868062,-7.18416470883277,120727.807275437,0,500-1500,0,0.0671720204620204,125888.435237475,0.53358372701438,6.64455552513673e-24,5.78887278206571,1.82159172634755e-07
220204,458.62090813094,HUALLAGA,BELLAVISTA,SAN MARTIN,-76.5686894482314,-7.29428942229314,21887,0,lowland (<500 m),0,0.0671720204620204,27047.6279620383,2.48347176899568,3.09259170187487e-23,26.9432919347262,0.00252647317319288
220205,415.082516761217,SAN PABLO,BELLAVISTA,SAN MARTIN,-76.586524204306,-6.83887159098545,69109.0018458699,0,lowland (<500 m),0,0.0671720204620204,74269.6298079082,0.904434566804154,1.12626480039209e-23,9.81224947812336,2.17430709951172e-05
220206,241.377628259041,SAN RAFAEL,BELLAVISTA,SAN MARTIN,-76.4956701986586,-7.02649261142782,50139.6804638428,0,lowland (<500 m),0,0.0671720204620204,55300.3084258812,1.21467713967727,1.51260042071755e-23,13.1780844821111,0.000136048036871173
220301,698.76086322543,SAN JOSE DE SISA,EL DORADO,SAN MARTIN,-76.7202338999542,-6.61165120264779,136490.393903025,0,500-1500,0,0.0671720204620204,141651.021865063,0.474207807169994,5.90516529209941e-24,5.14470087633589,4.37589174895336e-08
220302,544.640469208211,AGUA BLANCA,EL DORADO,SAN MARTIN,-76.7056671172347,-6.72417301279506,18863.0269473684,0,500-1500,0,0.0671720204620204,24023.6549094068,2.79607831178587,3.48187110188822e-23,30.3347737499223,0.00354797947035201
220303,1266.48791436464,SAN MARTIN,EL DORADO,SAN MARTIN,-76.8373524409757,-6.42328079811242,105272.853647059,0,500-1500,0,0.0671720204620204,110433.481609097,0.608257744691869,7.57444830788598e-24,6.59901440853451,7.46618802893728e-07
220304,589.406148282098,SANTA ROSA,EL DORADO,SAN MARTIN,-76.5992141859005,-6.70534087677655,58627.5742519137,0,500-1500,0,0.0671720204620204,63788.2022139521,1.05304771306642,1.31132822195297e-23,11.4245598877165,5.94181102656632e-05
220305,669.312046444122,SHATOJA,EL DORADO,SAN MARTIN,-76.6990607845675,-6.52384533709536,25883.1352885525,0,500-1500,0,0.0671720204620204,31043.7632505909,2.16378471642744,2.69449515883698e-23,23.474993364704,0.0016318308794443
220401,820.666154109004,SAPOSOA,HUALLAGA,SAN MARTIN,-76.8737623185184,-6.8888406300342,118954.528556736,0,500-1500,0,0.0671720204620204,124115.156518775,0.541207233234721,6.73948872458176e-24,5.87158052862646,2.14019059474602e-07
220402,1396.96595216312,ALTO SAPOSOA,HUALLAGA,SAN MARTIN,-76.9631625137611,-6.60183882058845,43434.9423303256,0,500-1500,0,0.0671720204620204,48595.570292364,1.38226632711368,1.72129412799467e-23,14.9962667777885,0.000264835058930712
220403,499.125269978402,EL ESLABON,HUALLAGA,SAN MARTIN,-76.705811568262,-6.99155504997883,15672.42174549,0,lowland (<500 m),0,0.0671720204620204,20833.0497075283,3.22430087793372,4.01512361200632e-23,34.980578770458,0.00512946084889809
220404,626.247747747748,PISCOYACU,HUALLAGA,SAN MARTIN,-76.8341674441283,-7.01413654953265,37946.5722017753,0,500-1500,0,0.0671720204620204,43107.2001638136,1.55825523826082,1.94044775519928e-23,16.9055780369335,0.000461337392021588
220405,520.052807115064,SACANCHE,HUALLAGA,SAN MARTIN,-76.7628060202863,-7.08954707030655,18877.2375257732,0,500-1500,0,0.0671720204620204,24037.8654878115,2.79442534097215,3.47981270771367e-23,30.3168405985373,0.00354224964917116
220406,351.30608365019,TINGO DE SAPOSOA,HUALLAGA,SAN MARTIN,-76.6565086147214,-7.06444510633236,6600.04395604396,0,lowland (<500 m),0,0.0671720204620204,11760.6719180823,5.71158016564869,7.11245670089553e-23,61.9651786393761,0.0160462457116367
220501,664.681502086231,LAMAS,LAMAS,SAN MARTIN,-76.5260429430998,-6.39905770040424,123962.194727891,0,500-1500,0,0.0671720204620204,129122.82268993,0.520218030110174,6.47811657522896e-24,5.64386776203816,1.35815331869793e-07
220502,1238.84381646916,ALONSO DE ALVARADO,LAMAS,SAN MARTIN,-76.7729493863109,-6.3113062094251,115426.000619323,0,500-1500,0,0.0671720204620204,120586.628581361,0.557043689273547,6.936695284947e-24,6.04339092067215,2.95092020152765e-07
220503,296.213561632166,BARRANQUITA,LAMAS,SAN MARTIN,-76.0487054455743,-6.30625542472661,59975.9142857143,0,lowland (<500 m),0,0.0671720204620204,65136.5422477526,1.03124940538793,1.28418345377681e-23,11.1880691110558,5.21582697214917e-05
220504,374.80049522462,CAYNARACHI,LAMAS,SAN MARTIN,-76.3342621485254,-6.19531371558875,88583.3157504403,1,lowland (<500 m),11.2888075088229,1.06717202046202,93743.9437124786,11.3839036229918,0.351465020100478,40.8420505838314,0.00045599890161796
220505,614.920792079208,CUÑUMBUQUI,LAMAS,SAN MARTIN,-76.4683643421223,-6.61564966540974,24307.3177687245,0,500-1500,0,0.0671720204620204,29467.9457307629,2.27949450822751,2.83858503592516e-23,24.7303338679047,0.00193609834209818
220506,1115.58930292323,PINTO RECODO,LAMAS,SAN MARTIN,-76.7129632308922,-6.15773993515838,72632.00273045,0,500-1500,0,0.0671720204620204,77792.6306924883,0.863475368605918,1.07525955924351e-23,9.36788137688512,1.55639990133682e-05
220507,520.342318059299,RUMISAPA,LAMAS,SAN MARTIN,-76.4725714211944,-6.44375515007901,30695.2620134228,0,500-1500,0,0.0671720204620204,35855.8899754612,1.87338873774967,2.33287389737207e-23,20.3244749139347,0.000977402129553218
220508,982.042967670627,SAN ROQUE DE CUMBAZA,LAMAS,SAN MARTIN,-76.5385875348298,-6.20372875707591,13749.2594117647,0,500-1500,0,0.0671720204620204,18909.887373803,3.55221684477495,4.42346737118486e-23,38.5381531850182,0.00644643864096683
220509,496.802973977695,SHANAO,LAMAS,SAN MARTIN,-76.5778509040305,-6.40813257866686,15024.6602139582,0,lowland (<500 m),0,0.0671720204620204,20185.2881759966,3.32777119040085,4.14397203852001e-23,36.1031326364546,0.00553661183981868
220510,900.483582089552,TABALOSOS,LAMAS,SAN MARTIN,-76.6552517217477,-6.38863350311769,116928.552908587,0,500-1500,0,0.0671720204620204,122089.180870626,0.550188149212014,6.8513253340144e-24,5.96901487196724,2.57345505239037e-07
220511,709.55195473251,ZAPATERO,LAMAS,SAN MARTIN,-76.5306850731567,-6.55011785026405,46920.2480566592,0,500-1500,0,0.0671720204620204,52080.8760186975,1.28976364448833,1.606103356648e-23,13.9927011992163,0.000187052006425437
220601,492.601166532583,JUANJUI,MARISCAL CACERES,SAN MARTIN,-76.7680207228133,-7.24479363197157,273907.390535373,0,lowland (<500 m),0,0.0671720204620204,279068.018497411,0.240701248475893,2.99737928556562e-24,2.61137818746444,2.33146835171283e-13
220602,1016.09753196551,CAMPANILLA,MARISCAL CACERES,SAN MARTIN,-76.809121550075,-7.65205552672926,140221.052216263,0,500-1500,0,0.0671720204620204,145381.680178301,0.462039098596455,5.75363207305146e-24,5.01268203414141,3.1271713663017e-08
220603,2290.51367500876,HUICUNGO,MARISCAL CACERES,SAN MARTIN,-77.3216957362659,-7.2589781503125,76125.6818830243,0,1500-2500,0,0.0671720204620204,81286.3098450626,0.826363265721558,1.02904498863629e-23,8.96525057801388,1.11890763436762e-05
220604,1055.84125480026,PACHIZA,MARISCAL CACERES,SAN MARTIN,-77.0433636709823,-6.96922715793925,54657.3865829377,0,500-1500,0,0.0671720204620204,59818.014544976,1.1229396524272,1.39836252384983e-23,12.182820541045,8.73794951422591e-05
220605,413.030021726249,PAJARILLO,MARISCAL CACERES,SAN MARTIN,-76.635483981981,-7.31515303425495,46724.8020815265,0,lowland (<500 m),0,0.0671720204620204,51885.4300435648,1.29462202405609,1.61215334864846e-23,14.0454099679077,0.00019071852117436
220701,322.313611915598,PICOTA,PICOTA,SAN MARTIN,-76.3315769950375,-6.9644982021151,91963.9460670131,1,lowland (<500 m),10.8738265675476,1.06717202046202,97124.5740290514,10.9876622999944,0.339231521894235,39.420454908638,0.000344004244376417
220702,510.110147441457,BUENOS AIRES,PICOTA,SAN MARTIN,-76.3970302058353,-6.73971622378542,24181.0082372323,0,500-1500,0,0.0671720204620204,29341.6361992706,2.28930724946041,2.8508045435066e-23,24.8367927191865,0.00196296155996778
220703,345.378698224852,CASPISAPA,PICOTA,SAN MARTIN,-76.4220127837696,-6.92050532713626,17513.3367205543,0,lowland (<500 m),0,0.0671720204620204,22673.9646825926,2.96251764534105,3.68913293117266e-23,32.1404812314339,0.00414072352693318
220704,399.381201044386,PILLUANA,PICOTA,SAN MARTIN,-76.2689700968126,-6.78342166993405,7032,0,lowland (<500 m),0,0.0671720204620204,12192.6279620383,5.50923235508867,6.86047913962712e-23,59.7698985478789,0.0151280415552706
220705,378.559201773836,PUCACACA,PICOTA,SAN MARTIN,-76.3630488940905,-6.84023747373816,24172.1200132979,0,lowland (<500 m),0,0.0671720204620204,29332.7479753362,2.29000094087675,2.8516683762848e-23,24.8443186071696,0.00196486671888529
220706,310.341176470588,SAN CRISTOBAL,PICOTA,SAN MARTIN,-76.4288545797957,-6.97850849917413,9603.01325600663,0,lowland (<500 m),0,0.0671720204620204,14763.641218045,4.5498274761594,5.66576148494857e-23,49.3612737914777,0.0107799607047918
220707,315.282006920415,SAN HILARION,PICOTA,SAN MARTIN,-76.4868465075733,-6.93949011014539,30284.2989397466,0,lowland (<500 m),0,0.0671720204620204,35444.9269017849,1.89510957797004,2.3599221976837e-23,20.5601252428134,0.00102062239476242
220708,796.706797894255,SHAMBOYACU,PICOTA,SAN MARTIN,-76.0945583568705,-7.05175924948399,83803.4870732189,0,500-1500,0,0.0671720204620204,88964.1150352572,0.755046238985231,9.40236068864938e-24,8.19152909051309,5.44369185229154e-06
220709,463.083511777302,TINGO DE PONASA,PICOTA,SAN MARTIN,-76.2121165580682,-6.97033701319198,30974.0010264306,0,lowland (<500 m),0,0.0671720204620204,36134.6289884689,1.85893759926125,2.31487833505891e-23,20.1676938915193,0.000949180592589305
220710,818.509479824988,TRES UNIDOS,PICOTA,SAN MARTIN,-76.1286227294869,-6.81742852048945,32997.0348330914,0,500-1500,0,0.0671720204620204,38157.6627951298,1.76038089184524,2.19214867115694e-23,19.0984479378563,0.000768228284785066
220801,988.787721573714,RIOJA,RIOJA,SAN MARTIN,-77.2098959957018,-6.0786846718757,213542.44850511,0,500-1500,0,0.0671720204620204,218703.076467148,0.307137976964446,3.82469561663268e-24,3.33215310957243,4.61615190516795e-11
220802,1536.33754448399,AWAJUN,RIOJA,SAN MARTIN,-77.4364918364222,-5.85917578493855,63629.38170347,0,1500-2500,0,0.0671720204620204,68790.0096655084,0.976479299663491,1.21597991041916e-23,10.5938658806217,3.66980291879315e-05
220803,1388.27633668608,ELIAS SOPLIN VARGAS,RIOJA,SAN MARTIN,-77.2972950225994,-6.04638555046901,169963.823986195,0,500-1500,0,0.0671720204620204,175124.451948233,0.38356734148054,4.77644719856279e-24,4.16133856931916,2.18468199086885e-09
220804,1455.23348611486,NUEVA CAJAMARCA,RIOJA,SAN MARTIN,-77.3722431329616,-5.94435091092495,375743.819305961,0,500-1500,0,0.0671720204620204,380904.447267999,0.176348742955892,2.19601714788972e-24,1.91321508989976,0
220805,1937.10607700634,PARDO MIGUEL,RIOJA,SAN MARTIN,-77.634164461419,-5.74868128301441,137130.048878298,0,1500-2500,0,0.0671720204620204,142290.676840337,0.47207604850593,5.87861915118011e-24,5.12157333498941,4.13077004823847e-08
220806,818.003430531732,POSIC,RIOJA,SAN MARTIN,-77.1721680453408,-5.98281981617252,16820.2102412605,0,500-1500,0,0.0671720204620204,21980.8382032988,3.05593534881393,3.80546315009247e-23,33.1539739104988,0.00448620113262099
220807,823.03259452412,SAN FERNANDO,RIOJA,SAN MARTIN,-77.2748917326942,-5.85896597407128,29383.0043313481,0,500-1500,0,0.0671720204620204,34543.6322933865,1.94455579805604,2.42149606851891e-23,21.0965694091928,0.00112256714332959
220808,1123.01538461538,YORONGOS,RIOJA,SAN MARTIN,-77.1617171652599,-6.17529769719395,20513.5231180741,0,500-1500,0,0.0671720204620204,25674.1510801125,2.61632878346863,3.25803449273899e-23,28.384663393508,0.00294467448823366
220809,818.702312138728,YURACYACU,RIOJA,SAN MARTIN,-77.2327675950699,-5.93538670100026,30195.2675725111,0,500-1500,0,0.0671720204620204,35355.8955345495,1.8998817438065,2.36586483035224e-23,20.6118986750295,0.00103024651816319
220901,425.67786259542,TARAPOTO,SAN MARTIN,SAN MARTIN,-76.3696422644905,-6.49420427269439,665019.020174355,0,lowland (<500 m),0,0.0671720204620204,670179.648136394,0.100229872167574,1.24813204971833e-24,1.08739818994734,0
220902,557.986038394415,ALBERTO LEVEAU,SAN MARTIN,SAN MARTIN,-76.2601218562106,-6.68366536930236,7337.08901098901,0,500-1500,0,0.0671720204620204,12497.7169730273,5.37474329167411,6.69300400795813e-23,58.3108209200017,0.014516892235603
220903,375.334476843911,CACATACHI,SAN MARTIN,SAN MARTIN,-76.4384109703681,-6.46781118314378,30324.51453958,0,lowland (<500 m),0,0.0671720204620204,35485.1425016183,1.89296183491322,2.35724767871465e-23,20.5368242861031,0.00101630606291636
220904,576.300727032386,CHAZUTA,SAN MARTIN,SAN MARTIN,-75.9894917929074,-6.61796233420133,84892.3553060833,0,500-1500,0,0.0671720204620204,90052.9832681217,0.745916659551677,9.28867281850607e-24,8.09248189094739,4.91732914853493e-06
220905,186.129515418502,CHIPURANA,SAN MARTIN,SAN MARTIN,-75.6668532201909,-6.43403432940143,19323.0575296108,0,lowland (<500 m),0,0.0671720204620204,24483.6854916492,2.74354204087988,3.41644928494644e-23,29.7648054894196,0.0033674671130276
220906,189.184089656439,EL PORVENIR,SAN MARTIN,SAN MARTIN,-75.8647588320538,-6.2449896216733,20468.8416865553,0,lowland (<500 m),0,0.0671720204620204,25629.4696485936,2.62088999042968,3.26371442474965e-23,28.4341481238201,0.00295946808074454
220907,408.856010082445,HUIMBAYOC,SAN MARTIN,SAN MARTIN,-75.7136266506818,-6.63861364169609,44484.1816011752,0,lowland (<500 m),0,0.0671720204620204,49644.8095632135,1.35305223351676,1.68491470763502e-23,14.6793218210482,0.000238428865918405
220908,344.956908665105,JUAN GUERRA,SAN MARTIN,SAN MARTIN,-76.3506788477894,-6.62125661932063,33291.7743123772,0,lowland (<500 m),0,0.0671720204620204,38452.4022744155,1.74688748917811,2.17534574807185e-23,18.9520574325194,0.00074503489238309
220909,678.466823846413,LA BANDA DE SHILCAYO,SAN MARTIN,SAN MARTIN,-76.2722697669049,-6.47725821959809,397587.31177537,0,500-1500,0,0.0671720204620204,402747.939737408,0.166784268358558,2.07691366082062e-24,1.80944969401509,0
220910,320.373214285714,MORALES,SAN MARTIN,SAN MARTIN,-76.4169943992787,-6.50804675119447,349007.432040244,0,lowland (<500 m),0,0.0671720204620204,354168.060002282,0.189661429270577,2.36179597308293e-24,2.05764499576378,3.33066907387547e-16
220911,182.333787837469,PAPAPLAYA,SAN MARTIN,SAN MARTIN,-75.6382055594165,-6.24279279675104,16182.6266924565,0,lowland (<500 m),0,0.0671720204620204,21343.2546544948,3.14722480471713,3.91914312717918e-23,34.1443771402311,0.00483186412343273
220912,751.209677419355,SAN ANTONIO,SAN MARTIN,SAN MARTIN,-76.382087943752,-6.39933859427924,13905.3943990665,0,500-1500,0,0.0671720204620204,19066.0223611048,3.52312712058143,4.38724282425268e-23,38.2225575172793,0.00632664823539586
220913,777.517426273459,SAUCE,SAN MARTIN,SAN MARTIN,-76.204616656975,-6.7027581207015,54207.4384397163,0,500-1500,0,0.0671720204620204,59368.0664017546,1.13145036605125,1.40896065613358e-23,12.2751536388513,9.13010417235016e-05
220914,599.962207105064,SHAPAJA,SAN MARTIN,SAN MARTIN,-76.2132706578717,-6.5882947099211,16331.5094527363,0,500-1500,0,0.0671720204620204,21492.1374147747,3.12542299379881,3.89199399652524e-23,33.907848356771,0.00474862183302571
221001,969.370515445562,TOCACHE,TOCACHE,SAN MARTIN,-76.5522940665808,-8.27341931764811,243964.58179651,0,500-1500,0,0.0671720204620204,249125.209758549,0.269631566099325,3.35763971345449e-24,2.92524444647479,3.19189119579733e-12
221002,904.384723879787,NUEVO PROGRESO,TOCACHE,SAN MARTIN,-76.2125402461103,-8.52561265687375,100551.693652328,0,500-1500,0,0.0671720204620204,105712.321614366,0.63542281009645,7.91272658791278e-24,6.893729370371,1.15218079976831e-06
221003,1378.38521277439,POLVORA,TOCACHE,SAN MARTIN,-76.7989893576834,-8.01563715326948,88816.4431982634,0,500-1500,0,0.0671720204620204,93977.0711603017,0.714770311871514,8.90081684372954e-24,7.75457382663045,3.41167427875266e-06
221004,2926.15025775374,SHUNTE,TOCACHE,SAN MARTIN,-76.8766857412205,-8.42326296019031,11054.3254612546,0,2500-3500,0,0.0671720204620204,16214.9534232929,4.14259718844009,5.15865001934808e-23,44.9432149016354,0.00896964639779607
221005,991.354132539092,UCHIZA,TOCACHE,SAN MARTIN,-76.3978058699121,-8.37739088176871,143203.148823083,0,500-1500,0,0.0671720204620204,148363.776785121,0.452752160382836,5.63798466198031e-24,4.91192764240919,2.39157332826423e-08
221006,595.482678214524,SANTA LUCIA,TOCACHE,SAN MARTIN,-76.4321809100561,-8.299111431505,24807,0,500-1500,0,0.0671720204620204,29967.6279620383,2.24148606446633,2.791254279343e-23,24.3179786283457,0.00183358774509212
230101,1223.37526508144,TACNA,TACNA,TACNA,-70.1686620206804,-18.1130437316965,834906.412809697,1,500-1500,1.1977390335699,1.06717202046202,840067.040771736,1.27034149498551,0.0392203424990185,4.55760636379167,0
230102,1249.1451351976,ALTO DE LA ALIANZA,TACNA,TACNA,-70.2788584035987,-17.8333279262645,279202.06254424,0,500-1500,0,0.0671720204620204,284362.690506278,0.236219527753193,2.94156978335917e-24,2.56275580676774,1.46882506157908e-13
230103,1047.33385826772,CALANA,TACNA,TACNA,-70.1462200021315,-17.9542178226896,27438.7672131148,0,500-1500,0,0.0671720204620204,32599.3951751531,2.06052965403537,2.5659147766813e-23,22.3547747560209,0.00138060663903372
230104,1485.27277131783,CIUDAD NUEVA,TACNA,TACNA,-70.1903152396604,-17.8578198212542,259644.085144433,0,500-1500,0,0.0671720204620204,264804.713106472,0.253666257197666,3.15882858766059e-24,2.75203612418352,8.09685651859127e-13
230105,1409.68599121064,INCLAN,TACNA,TACNA,-70.4235292573944,-17.6811543546826,21019.6613889889,0,500-1500,0,0.0671720204620204,26180.2893510272,2.56574782506691,3.19504756686413e-23,27.8359084023825,0.00278252529674217
230106,2575.58093220339,PACHIA,TACNA,TACNA,-70.0235431872151,-17.784748482457,18170.4837849844,0,2500-3500,0,0.0671720204620204,23331.1117470228,2.87907499609795,3.58522434326227e-23,31.2352083443283,0.00383973276849936
230107,4277.13142721275,PALCA,TACNA,TACNA,-69.7638614572141,-17.6568359189659,18124.3604651163,0,>3500,0,0.0671720204620204,23284.9884271546,2.88477791913718,3.59232601950749e-23,31.2970796014312,0.00386006505533665
230108,1475.27596153846,POCOLLAY,TACNA,TACNA,-70.0741204087325,-18.0077354573601,154357.797505198,0,500-1500,0,0.0671720204620204,159518.425467236,0.421092549436034,5.24373717617837e-24,4.56845116285795,8.79558093025423e-09
230109,344.093296895164,SAMA,TACNA,TACNA,-70.6676932158799,-17.9569938726726,29774.6691919192,0,lowland (<500 m),0,0.0671720204620204,34935.2971539575,1.9227550911045,2.39434831260116e-23,20.8600526027158,0.00107701442105557
230110,500.364597701149,CORONEL GREGORIO ALBARRACIN LANCHIPA,TACNA,TACNA,-70.2409355031475,-18.1076662478091,1086981.72291111,0,500-1500,0,0.0671720204620204,1092142.35087314,0.0615048216089393,7.65900797857753e-25,0.667268452450764,0
230111,93.2951625693894,LA YARADA LOS PALOS,TACNA,TACNA,-70.4390740840529,-18.2002705047152,53720.9947209653,0,lowland (<500 m),0,0.0671720204620204,58881.6226830037,1.1407977124484,1.4206006217105e-23,12.3765634015623,9.57433583096412e-05
230201,4496.0005645819,CANDARAVE,CANDARAVE,TACNA,-70.2479346839025,-17.0418444529413,19124.1607438017,1,>3500,52.2898763191013,1.06717202046202,24284.78870584,43.9440521137986,1.35672241007727,157.658151257136,0.14474615493923
230202,3964.86094674556,CAIRANI,CANDARAVE,TACNA,-70.3408064004152,-17.1877947326584,7856.62688064193,0,>3500,0,0.0671720204620204,13017.2548426803,5.1602293474182,6.42587633120158e-23,55.9835499212683,0.0135417177236987
230203,4241.70591331813,CAMILACA,CANDARAVE,TACNA,-70.432736060345,-17.1650403462849,9037.31007751938,0,>3500,0,0.0671720204620204,14197.9380395577,4.73111097364057,5.89150829914483e-23,51.3280262452649,0.0115962803502789
230204,2884.91344667697,CURIBAYA,CANDARAVE,TACNA,-70.3338741674896,-17.3941302503241,4027.87305122494,0,2500-3500,0,0.0671720204620204,9188.50101326328,7.31044382158308,9.10347288094722e-23,79.3113191445628,0.0231484905110902
230205,3572.56178707224,HUANUARA,CANDARAVE,TACNA,-70.3304552680803,-17.3085331425808,3857.87673956262,0,>3500,0,0.0671720204620204,9018.50470160096,7.44824365951664,9.27507081921788e-23,80.8063155074582,0.0237424983427782
230206,3176.16144200627,QUILAHUANI,CANDARAVE,TACNA,-70.2568189121666,-17.33287393694,5519.0238764045,0,2500-3500,0,0.0671720204620204,10679.6518384428,6.28972006561354,7.83239669758698e-23,68.2374432563262,0.0186524048018646
230301,924.532924335378,LOCUMBA,JORGE BASADRE,TACNA,-70.7330459152573,-17.6042142986222,21593.0721374046,0,500-1500,0,0.0671720204620204,26753.7000994429,2.51075627716329,3.12656826830993e-23,27.2393027362311,0.00261030201624557
230302,2230.848803984,ILABAYA,JORGE BASADRE,TACNA,-70.5709958690125,-17.3837411405236,54273.9865158091,0,1500-2500,0,0.0671720204620204,59434.6144778474,1.1301834974812,1.40738306331533e-23,12.2614093272984,9.07098987165122e-05
230303,543.888101109741,ITE,JORGE BASADRE,TACNA,-70.9336976089581,-17.8051730258267,25645.0012410797,0,500-1500,0,0.0671720204620204,30805.6292031181,2.18051123121424,2.71532417790485e-23,23.6564600423516,0.00167436027490819
230401,4460.69029154805,TARATA,TARATA,TACNA,-69.7513278781956,-17.3770629983946,28660,1,>3500,34.8918353105373,1.06717202046202,33820.6279620383,31.553879533516,0.974189985419143,113.205907806632,0.0660659363959826
230402,2719.62716894977,HEROES ALBARRACIN,TARATA,TACNA,-70.2145480606007,-17.4994099257421,2435.82580645161,0,2500-3500,0,0.0671720204620204,7596.45376848995,8.84254976192307,1.10113577124324e-22,95.9332023247377,0.0295536440470112
230403,3466.76504967855,ESTIQUE,TARATA,TACNA,-70.0250505625717,-17.6236889659742,1827.09401709402,0,2500-3500,0,0.0671720204620204,6987.72197913235,9.61286391510971,1.1970606449512e-22,104.290373672473,0.0326025182948513
230404,3086.71035693388,ESTIQUE-PAMPA,TARATA,TACNA,-70.1138290142501,-17.6125053378837,2596.00301204819,0,2500-3500,0,0.0671720204620204,7756.63097408653,8.65994794472364,1.07839692348712e-22,93.95214736368,0.0288138989149415
230405,3222.37866963954,SITAJARA,TARATA,TACNA,-70.1533900850173,-17.3945675823307,2745.64655172414,0,2500-3500,0,0.0671720204620204,7906.27451376247,8.49603948675117,1.05798590278131e-22,92.173897460115,0.0281443378333195
230406,4477.60940892642,SUSAPAYA,TARATA,TACNA,-70.0466696825146,-17.2245405158769,4015.94901960784,1,>3500,249.007145040315,1.06717202046202,9176.57698164618,116.293038525851,3.59041471859302,417.224734090998,0.494075958133958
230407,4151.18947368421,TARUCACHI,TARATA,TACNA,-69.9580438708755,-17.5018867499858,2516.15217391304,0,>3500,0,0.0671720204620204,7676.78013595138,8.75002530650121,1.08961398280859e-22,94.9294005321606,0.0291796295526888
230408,4410.03671286166,TICACO,TARATA,TACNA,-69.9635627272217,-17.3347367813651,4742.3762541806,0,>3500,0,0.0671720204620204,9903.00421621894,6.78299423037783,8.44665598079849e-23,73.5889958654695,0.0208450277977313
240101,27.0847741215839,TUMBES,TUMBES,TUMBES,-80.4179761193774,-3.54971497519415,912534.866151878,0,lowland (<500 m),0,0.0671720204620204,917695.494113917,0.073196415251966,9.11492650092656e-25,0.794111054262843,0
240102,34.5470262793914,CORRALES,TUMBES,TUMBES,-80.5034790565536,-3.59876410681868,204640.746295856,0,lowland (<500 m),0,0.0671720204620204,209801.374257894,0.320169592309011,3.9869743507007e-24,3.47353366440421,1.0116829596285e-10
240103,146.845089903181,LA CRUZ,TUMBES,TUMBES,-80.5664796268424,-3.67115080308478,85407.8323749281,0,lowland (<500 m),0,0.0671720204620204,90568.4603369664,0.741671219893792,9.23580565238524e-24,8.04642293367568,4.68639384099134e-06
240104,430.862588762925,PAMPAS DE HOSPITAL,TUMBES,TUMBES,-80.3563629100688,-3.85174270876123,60380.4069705094,0,lowland (<500 m),0,0.0671720204620204,65541.0349325477,1.02488495232264,1.27625799435247e-23,11.1190208862748,5.01616375488956e-05
240105,366.568150315725,SAN JACINTO,TUMBES,TUMBES,-80.5109041364252,-3.9059086761812,71978.6114592659,0,lowland (<500 m),0,0.0671720204620204,77139.2394213042,0.870789250269285,1.08436731316405e-23,9.44722999332291,1.65576267170398e-05
240106,75.4045741324921,SAN JUAN DE LA VIRGEN,TUMBES,TUMBES,-80.3629212158446,-3.65859055829507,39341.6458765023,0,lowland (<500 m),0,0.0671720204620204,44502.2738385406,1.50940647899764,1.87961788411712e-23,16.3756157486932,0.000400253531786854
240201,141.926282051282,ZORRITOS,CONTRALMIRANTE VILLAR,TUMBES,-80.7042507329559,-3.81611033330106,111130.670599584,0,lowland (<500 m),0,0.0671720204620204,116291.298561623,0.577618629191125,7.19290874084389e-24,6.26660932792746,4.36699659878137e-07
240202,450.048924504429,CASITAS,CONTRALMIRANTE VILLAR,TUMBES,-80.659265010999,-4.03382647300917,21678.90331076,0,lowland (<500 m),0,0.0671720204620204,26839.5312727983,2.50272703272202,3.11656969492512e-23,27.1521931182773,0.0025855197199085
240203,145.745307536818,CANOAS DE PUNTA SAL,CONTRALMIRANTE VILLAR,TUMBES,-80.8907208215336,-4.04094417966855,62011.833630259,0,lowland (<500 m),0,0.0671720204620204,67172.4615922974,0.99999343287016,1.24526134383008e-23,10.8489717221652,4.2867062798102e-05
240301,6.63048683160415,ZARUMILLA,ZARUMILLA,TUMBES,-80.3021493739876,-3.4646456680713,205405.175997738,0,lowland (<500 m),0,0.0671720204620204,210565.803959776,0.319007261382537,3.97250019793229e-24,3.46092348623841,9.45705735944102e-11
240302,10.4075471698113,AGUAS VERDES,ZARUMILLA,TUMBES,-80.2424457469382,-3.49151535566895,154803.274734562,0,lowland (<500 m),0,0.0671720204620204,159963.902696601,0.419919865229994,5.22913409717503e-24,4.55572866151726,8.45188208309367e-09
240303,318.130032392411,MATAPALO,ZARUMILLA,TUMBES,-80.2285433405944,-3.76761998519277,34483.704585317,0,lowland (<500 m),0,0.0671720204620204,39644.3325473553,1.69436628506189,2.10994269334416e-23,18.3822526322663,0.000658424790907608
240304,46.4598214285714,PAPAYAL,ZARUMILLA,TUMBES,-80.2887587882227,-3.57206583402935,56910.7314961766,0,lowland (<500 m),0,0.0671720204620204,62071.3594582149,1.08217414679373,1.34759848214872e-23,11.7405538187647,7.01759076705555e-05
250101,224.911260907706,CALLERIA,CORONEL PORTILLO,UCAYALI,-74.1603123469389,-7.96490805107327,1384502.80810897,1,lowland (<500 m),0.722280947458571,1.06717202046202,1389663.43607101,0.767935597038684,0.0237091343169806,2.75512386067935,0
250102,190.081059173196,CAMPOVERDE,CORONEL PORTILLO,UCAYALI,-74.8454918929363,-8.52053716733937,158213.108150717,0,lowland (<500 m),0,0.0671720204620204,163373.736112756,0.411155563068352,5.11999491356845e-24,4.46064437077022,6.23073881378389e-09
250103,296.101671089783,IPARIA,CORONEL PORTILLO,UCAYALI,-74.1376228754254,-9.4430215770452,99160.2284521568,0,lowland (<500 m),0,0.0671720204620204,104320.856414195,0.643898284302046,8.01826908501264e-24,6.98568015421219,1.30973019696334e-06
250104,225.863984091849,MASISEA,CORONEL PORTILLO,UCAYALI,-73.6867492226137,-8.95586348871935,95786.2721789394,0,lowland (<500 m),0,0.0671720204620204,100946.900140978,0.665419347877063,8.28626433045299e-24,7.21916309768127,1.78814129980776e-06
250105,152.250440917108,YARINACOCHA,CORONEL PORTILLO,UCAYALI,-74.656696918057,-8.24846755799432,957018.648899459,2,lowland (<500 m),2.0898234347888,2.06717202046202,962179.276861498,2.14842708648316,0.273831448545982,5.91127370763154,0
250106,201.22187907786,NUEVA REQUENA,CORONEL PORTILLO,UCAYALI,-75.014762317063,-8.16314806196477,46079.7655536028,0,lowland (<500 m),0,0.0671720204620204,51240.3935156411,1.3109192934187,1.63244784147227e-23,14.2222197435039,0.000203351442864208
250107,155.377528401219,MANANTAY,CORONEL PORTILLO,UCAYALI,-74.5091697832863,-8.53842060931736,867627.319224105,0,lowland (<500 m),0,0.0671720204620204,872787.947186143,0.076962589456674,9.58391669597134e-25,0.834970440039359,0
250201,509.916393673498,RAIMONDI,ATALAYA,UCAYALI,-73.4362707870939,-10.5864623714352,320269.552899433,0,500-1500,0,0.0671720204620204,325430.180861471,0.206409928803174,2.57035993310053e-24,2.23935018686321,4.10782519111308e-15
250202,383.984275319839,SEPAHUA,ATALAYA,UCAYALI,-72.8138658831982,-11.0837991446772,66425.1515449957,0,lowland (<500 m),0,0.0671720204620204,71585.779507034,0.938343074903865,1.16849003205419e-23,10.1801243395199,2.8081690041315e-05
250203,326.611269308104,TAHUANIA,ATALAYA,UCAYALI,-73.8269311390833,-9.97145622982982,85622.8275259633,0,lowland (<500 m),0,0.0671720204620204,90783.4554880016,0.739914779636232,9.21393323719139e-24,8.02736723784851,4.5933442068824e-06
250204,325.213790443031,YURUA,ATALAYA,UCAYALI,-72.6986696615552,-9.82972638049554,19644.7812632471,0,lowland (<500 m),0,0.0671720204620204,24805.4092252855,2.70795856871204,3.37213827158039e-23,29.3787588708759,0.00324712044994246
250301,682.655180174548,PADRE ABAD,PADRE ABAD,UCAYALI,-75.6416331332569,-8.89423406883502,267860.850831573,0,500-1500,0,0.0671720204620204,273021.478793611,0.24603199996876,3.06376150918262e-24,2.66921173946889,3.95128374464093e-13
250302,273.209937118902,IRAZOLA,PADRE ABAD,UCAYALI,-75.2797352166233,-8.94993622465488,97600.5693205216,0,lowland (<500 m),0,0.0671720204620204,102761.19728256,0.653671057153209,8.13996644675086e-24,7.09170538680306,1.5123191174915e-06
250303,253.008635908202,CURIMANA,PADRE ABAD,UCAYALI,-75.2971053610395,-8.4173842033801,82846.5122921555,0,lowland (<500 m),0,0.0671720204620204,88007.1402541938,0.763256484280768,9.50460037096959e-24,8.28060239451237,5.95318694562863e-06
250304,219.591339260109,NESHUYA,PADRE ABAD,UCAYALI,-75.0490325534946,-8.64128976720168,85113.3432539683,0,lowland (<500 m),0,0.0671720204620204,90273.9712160066,0.74409067815674,9.26593442872343e-24,8.07267174033269,4.81694922538356e-06
250305,244.391000436872,ALEXANDER VON HUMBOLDT,PADRE ABAD,UCAYALI,-75.0479811310214,-8.82493344757888,49602.9743249959,0,lowland (<500 m),0,0.0671720204620204,54763.6022870342,1.22658148216674,1.52742453559529e-23,13.3072352052999,0.000143438954362751
250306,290.760994843797,HUIPOCA,PADRE ABAD,UCAYALI,-75.4143947123602,-8.79784002477944,18428,0,lowland (<500 m),0,0.0671720204620204,23588.6279620383,2.84764423645672,3.54608457623791e-23,30.8942146824249,0.00372832351749619
250307,1116.85386119257,BOQUERON,PADRE ABAD,UCAYALI,-75.7523448658088,-9.03580406337665,21651,0,500-1500,0,0.0671720204620204,26811.6279620383,2.5053316627072,3.11981316126091e-23,27.1804508609055,0.00259354862116246
250401,363.13037067832,PURUS,PURUS,UCAYALI,-71.5816597235366,-10.3735077001743,26361.2037986132,0,lowland (<500 m),0,0.0671720204620204,31521.8317606515,2.13096818015096,2.65362972640488e-23,23.1189653525389,0.00154985748334735
