UBIGEO,lon,lat,altitud,densidad,area_km2,person_years,deaths,estrato,n_cells,crude_rate,res_m1,res_m2a,res_m2b,dev_m1,dev_m2b,expected_m1,SMR_m1
010101,-77.8564888512503,-6.24774347494765,2420.69876688197,1.19,153.4,311016.456403486,0,1500-2500,,0,-0.903692662514289,-0.499157362238228,-0.451180429276321,-1.27801441954476,-0.638065482159888,0.816660428282165,0
010102,-77.7432050304132,-5.99613185418487,2848.6318537859,1.59,34.9,2224.01423487545,0,2500-3500,,0,-0.0957310162447436,-0.0567421211182804,-0.0521313896821721,-0.135384101513075,-0.0737249183138846,0.00916442747125136,0
010103,-77.9491661494218,-6.80772131890765,2323.20232690125,1.65,317.5,9457.33277870216,0,1500-2500,,0,-0.148867810326305,-0.0968288764545255,-0.0889372181818249,-0.210530876364246,-0.125776220152472,0.0221616249513488,0
010104,-77.6771662623311,-6.2979699185918,2540.67948717949,10.21,70.4,5598.11637931035,0,2500-3500,,0,-0.129637390061678,-0.18626295844491,-0.187715024086109,-0.183334955215877,-0.265469132923767,0.0168058529020038,0
010105,-77.7558666534351,-6.07820576804398,2651.19620253165,1.66,141.8,4731.37251655629,0,2500-3500,,0,-0.126415106497161,-0.0784834339857422,-0.0722085291038781,-0.178777958097124,-0.102118281177717,0.0159807791506884,0
010106,-77.8950696235844,-6.93489659548686,2769.87390029326,1.67,184,15457.1150895141,0,2500-3500,,0,-0.242769419274644,-0.148680614863319,-0.136897373940422,-0.343327805267642,-0.193602122879805,0.0589369909349481,0
010107,-77.5765846467152,-6.09998080298834,3385.00577124869,1.29,171.3,4287.1522556391,0,2500-3500,,0,-0.168762036430168,-0.0853105907183712,-0.0776969508593269,-0.238665560733246,-0.109880081660296,0.0284806249400573,0
010108,-77.8749799929596,-6.15614393972526,2198.24758220503,1.47,46.3,11482.6673835126,0,1500-2500,,0,-0.151950908244157,-0.0957498458646313,-0.0873851639308092,-0.214891035253797,-0.123581283981147,0.0230890785162242,0
010109,-77.7843962460659,-6.50359365102512,2914.37726285301,11.06,124.2,31036.806127451,0,2500-3500,,0,-0.369095517545212,-0.522422996551584,-0.529380525749093,-0.521979886723556,-0.748657119170566,0.136231501071968,0
010110,-77.7987085533978,-6.80888818916991,3361.56245572609,4.7,381.1,30478.0751625488,0,2500-3500,,0,-0.445662738390261,-0.405806917437449,-0.394443309913083,-0.630262288875839,-0.557827078466416,0.198615276389506,0
010111,-77.8645540621834,-6.31429889474838,2749.06714628297,3.04,74.9,6433.20685434517,0,2500-3500,,0,-0.15499255545507,-0.124878869454263,-0.118496467179589,-0.219192573991425,-0.167579310978673,0.0240226922464931,0
010112,-77.8238188668759,-6.42056617035342,2700.87826086957,3.14,135.6,7269,0,2500-3500,,0,-0.16076944344622,-0.132318010909362,-0.125737097511001,-0.227362327336818,-0.177819108593486,0.0258468139460072,0
010113,-77.7700022611895,-6.57890340379538,2896.15603644647,10.42,78.9,12343.7226277372,0,2500-3500,,0,-0.230756057901828,-0.318656097096667,-0.321910324580609,-0.326338346684517,-0.455249946889822,0.0532483582583919,0
010114,-77.607253656144,-6.21244135698993,2765.85574377978,3.9,340.6,18131.2508710801,0,2500-3500,,0,-0.262404307580619,-0.236151465581395,-0.226927289317061,-0.371095730605632,-0.320923650224751,0.0688560206368639,0
010115,-77.7183772124645,-6.62810730283448,2842.79441997063,7.55,123.1,3919.50894632207,0,2500-3500,,0,-0.126726254216177,-0.15228020654824,-0.151328514257289,-0.179217987421258,-0.214010837236428,0.0160595435076631,0
010116,-77.6709869731434,-6.00841337047257,3155.68776371308,1.19,106.9,3470.11421911422,0,2500-3500,,0,-0.137782119634374,-0.0689311396672516,-0.0624787167492552,-0.194853342239444,-0.0883582485864638,0.0189839124909409,0
010117,-77.6854899078125,-6.10815948468053,3086.92122538293,1.53,82.6,6345.17843866171,0,2500-3500,,0,-0.180716779709816,-0.102153790119327,-0.0937499687509727,-0.255572120814012,-0.132582477279679,0.0326585544686861,0
010118,-77.7335743725377,-6.23223614572783,2337.13199105145,5.23,40.4,2598.01238390093,0,1500-2500,,0,-0.07867389800664,-0.0861214018946179,-0.0838425171318876,-0.111261693565748,-0.118571224831414,0.00618958222755918,0
010119,-77.8225684442427,-6.3544182074831,2850.14808652246,5.39,108.1,4726.13522537563,0,2500-3500,,0,-0.13965511301539,-0.143909616904553,-0.140605896851515,-0.197502154881112,-0.198846766277046,0.0195035505913414,0
010120,-77.74635432906,-6.30911329700597,2929.03631961259,4.39,74.8,10093.1532447224,0,2500-3500,,0,-0.211948225488423,-0.196991424336823,-0.190543363275439,-0.299740055006639,-0.269469008564309,0.0449220502876915,0
010121,-77.7964059770589,-6.17597369332282,2397.8475975976,1.82,120.3,2215.05839416058,0,1500-2500,,0,-0.0752696713826469,-0.0505819337784746,-0.0467050394838303,-0.106447390104705,-0.0660509002692037,0.00566552343005165,0
010201,-78.5209838457417,-5.58090770091713,595.298293515358,2.35,133.4,239360.673527421,0,500-1500,,0,-0.113739056739716,-0.144378680839576,-0.13308799062834,-0.16085131661283,-0.188214841335582,0.0129365730280404,0
010202,-78.4444030702595,-5.37875800926936,1267.22314242389,7.76,773.8,80767.4450485437,0,500-1500,,0,-0.188006850317176,-0.309286263049852,-0.305189754807433,-0.265881837537598,-0.431603490345991,0.0353465757661849,0
010203,-78.399749968551,-5.64770350142086,1312.967063129,1.84,99.2,36933.8109463129,0,500-1500,,0,-0.133531837402673,-0.112920096343271,-0.103667870721278,-0.188842535463459,-0.146608508756372,0.0178307516001339,0
010204,-78.4739698418866,-5.62263809387288,654.71921182266,3.59,18.2,10236.0030959752,0,500-1500,,0,-0.0268313806451149,-0.0398294227230016,-0.0375444126559315,-0.0379453024055165,-0.0530958175693504,0.000719922987323049,0
010205,-78.3896173779915,-4.9912855942232,910.60088901127,13.04,4597.4,257517.340702875,0,500-1500,,0,-0.212468946513086,-0.500289065990739,-0.504997313484152,-0.30047646574193,-0.714174049691266,0.0451430532323807,0
010206,-78.445407432043,-5.59197738228071,1075.93342036554,3.59,138.5,52014.9175086714,0,500-1500,,0,-0.12029555034301,-0.14834214278818,-0.140559823596279,-0.17012359878822,-0.198781608854628,0.0144710194323276,0
010301,-77.8256610429179,-5.95173438383387,2682.70821529745,4.33,158.9,10533.2666174298,0,2500-3500,,0,-0.191729931096972,-0.182996748546124,-0.17672168792493,-0.271147068870197,-0.249922207828901,0.0367603664784496,0
010302,-77.7257973085439,-5.89484640444909,2827.56385945343,1.19,162,2536.01246105919,0,2500-3500,,0,-0.101180574867855,-0.0527378414915128,-0.0477463860611378,-0.143090941226827,-0.0675235867219628,0.0102375087305896,0
010303,-77.9303640809523,-6.00779657693767,2215.20168067227,1.38,31.9,2383.01328903655,0,1500-2500,,0,-0.0699622328292511,-0.0427187455414376,-0.0388660423865483,-0.0989415385210311,-0.0549648842588242,0.00489471402245434,0
010304,-77.8107244652119,-5.81751850058811,2379.76083916084,3.29,64.3,6612.0989010989,0,1500-2500,,0,-0.128690230815635,-0.113414750170927,-0.107884876486714,-0.181995469764395,-0.152572255502457,0.0165611755073814,0
010305,-77.9147927240236,-5.91114513735935,2227.66478873239,3.2,96.6,5413.09221902017,0,1500-2500,,0,-0.106266351702076,-0.094791693334612,-0.0899817462110697,-0.150283315800985,-0.127253405857709,0.0112925375040693,0
010306,-77.9592017367962,-5.8236063569482,2393.74684574685,1.64,222.4,50934.0126384771,1,1500-2500,,19.6332460019961,2.4170557716165,4.09855351119336,4.50151792813554,1.53134053251439,2.07168508118821,0.129659661224699,7.71249894187993
010307,-78.0234321451667,-5.94537432553968,1930.5531660693,0.76,75.9,62936.210282712,0,1500-2500,,0,-0.297215917376377,-0.145790116488662,-0.128528828126502,-0.420326781306834,-0.18176721189242,0.0883373015418814,0
010308,-77.7753587551351,-5.93922087918304,2476.30769230769,1.18,28.1,1730.00456621005,0,1500-2500,,0,-0.0695514148334302,-0.0379471389840585,-0.0342933764038115,-0.0983605541396743,-0.0484981580098356,0.0048373993053319,0
010309,-77.8790614978866,-5.99638860269085,2699.51768488746,0.44,112.6,4450.4785046729,0,2500-3500,,0,-0.125709073696613,-0.0424712031532073,-0.0365534263948634,-0.177779476935109,-0.0516943513588225,0.0158027712096604,0
010310,-78.0520899646886,-5.88374728612437,2074.09025787966,4.51,125.6,13460.4082125604,0,1500-2500,,0,-0.151796632844126,-0.162462612259429,-0.156791687556744,-0.214672856890732,-0.221736931010112,0.0230422177428143,0
010311,-77.8691738476564,-6.08063360188559,2219.92413793103,1.02,78.1,6573.03686635945,0,1500-2500,,0,-0.116536945307888,-0.0619985636105123,-0.0555555794794817,-0.164808128571946,-0.0785674539653795,0.0135808596216936,0
010312,-77.8605175218124,-5.52428890156992,1769.69226643784,5.85,1682.2,45701.1656325405,0,1500-2500,,0,-0.224535930669117,-0.286887630836949,-0.280061934697792,-0.31754175839233,-0.396067386354066,0.0504163841614466,0
010401,-77.9303390010414,-4.84533045204569,504.652587527234,17.73,4190,164913.214939965,0,500-1500,,0,-0.0751116881487813,-0.253399920957073,-0.258177606875885,-0.106223968072745,-0.365118273144906,0.00564176569655977,0
010402,-78.3358867219675,-4.1684271966668,952.011351560236,13.2,5623.5,101048.030295587,0,500-1500,,0,-0.141543562413174,-0.329613222334249,-0.333074584540011,-0.200172825631313,-0.471038594738268,0.0200345800606121,0
010403,-77.8881490256153,-3.81331766358211,543.501526691944,18.93,8088.7,144500.904976344,0,500-1500,,0,-0.077910652986735,-0.263365785391165,-0.269427190269051,-0.110182302107185,-0.381027586550569,0.00607006984881944,0
010501,-77.9435585004791,-6.11988018586122,2462.1157635468,1.07,73.2,18851.0016799664,0,1500-2500,,0,-0.227768927442924,-0.119135348235408,-0.107128288941108,-0.322113906276956,-0.151502279134338,0.0518786843084998,0
010502,-78.3344784316188,-6.1777946581983,1687.68213552361,2.13,219.3,60100.6007814605,0,1500-2500,,0,-0.241122563251579,-0.198389200667697,-0.183964453505592,-0.340998799144547,-0.260165025142163,0.0581400905090115,0
010503,-78.015376000826,-6.6269698760506,2232.13280632411,3.84,341.6,16165.1745647969,0,1500-2500,,0,-0.184148315230982,-0.178278856917583,-0.170798163758967,-0.260425044887811,-0.241545079616352,0.0339106020024092,0
010504,-78.0106390791877,-6.31003183688503,2822.91122278057,2.71,107.8,15219.6562025316,0,2500-3500,,0,-0.247305576883855,-0.187283205183338,-0.176734297239791,-0.349742900879649,-0.24994004009299,0.0611600483578561,0
010505,-78.191198453143,-6.1265338081285,2526.51559100798,1.82,249.2,15213.0624033007,0,2500-3500,,0,-0.21205914811473,-0.139751635466379,-0.12911078904947,-0.299896923289136,-0.182590228922452,0.044969082299145,0
010506,-78.0285687789765,-6.24810373602904,2719.24658573596,2.35,118.7,3808.44820717132,0,2500-3500,,0,-0.117466661119563,-0.0845657303214497,-0.0792003648769801,-0.16612294528197,-0.112006230153923,0.0137984164745783,0
010507,-78.0048095718421,-6.40730388074667,3192.93663060278,2.68,58.8,6990.0403587444,0,2500-3500,,0,-0.198753568884892,-0.143026531568001,-0.135068548602105,-0.281079992687069,-0.191015773283147,0.0395029811444814,0
010508,-78.012398892249,-6.20743103417467,2635.02310654686,2.17,69.6,6757.25684931507,0,2500-3500,,0,-0.149800154848484,-0.105247169719253,-0.0981423312138061,-0.211849410632315,-0.138794215845477,0.0224400863926297,0
010509,-77.9666459299859,-6.17874854652852,2454.80479825518,1.4,83.1,32653.0154626721,0,1500-2500,,0,-0.298539116156605,-0.176577138142657,-0.160941302190289,-0.422198066967548,-0.227605372303493,0.0891256038755669,0
010510,-78.1025962045647,-6.11738043103688,2566.40933333333,1.19,67.9,3210.00245700246,0,2500-3500,,0,-0.0995449418630531,-0.0537969931213037,-0.0486559732135858,-0.140777806848371,-0.0688099372091151,0.00990919545051861,0
010511,-77.960797750635,-6.49656293076283,3174.84804928131,3.45,87.8,6130.06242038217,0,2500-3500,,0,-0.184668278136434,-0.149320937385769,-0.142810382004916,-0.261160383480632,-0.201964379079035,0.0341023729498754,0
010512,-78.2168587560265,-6.22180693466095,2046.7338920901,3.16,172.3,31545.1015486164,0,1500-2500,,0,-0.228148427270689,-0.20885836527341,-0.197959394711659,-0.322650600080301,-0.279956860800397,0.052051704866089,0
010513,-78.1639904392186,-6.34578356030177,2054.45474777448,3.4,364.5,29417.026780932,0,1500-2500,,0,-0.221469690114388,-0.209288439085033,-0.199107967881741,-0.313205439414335,-0.281581188554904,0.0490488236393633,0
010514,-78.0862826784513,-6.47474388983124,2378.49040841584,3.24,291.3,40153.2390243902,0,1500-2500,,0,-0.31689486308155,-0.277403394455611,-0.263672733388944,-0.448157013216293,-0.37288955558663,0.100422354247474,0
010515,-78.2918481449731,-6.30757106652817,1663.71284829721,3.39,116.7,10996.0350250179,0,1500-2500,,0,-0.101115477348316,-0.103246621140279,-0.0979934309355566,-0.142998879431818,-0.138583639052535,0.0102243397593777,0
010516,-77.9633609159925,-6.08408129908764,2394.57760814249,0.49,35.6,4328.30017761989,0,1500-2500,,0,-0.105018490981188,-0.0389594388586099,-0.0336711147969266,-0.148518574245552,-0.0476181472060349,0.0110288834479658,0
010517,-77.8595311741832,-6.65901777645321,2902.09500247402,2.24,182,5787.04871447903,0,2500-3500,,0,-0.158449202348226,-0.108938783641849,-0.101850136847553,-0.22408101090806,-0.144037844859365,0.025106149724789,0
010518,-78.045813634257,-6.00459317191287,2210.00519031142,1.4,208.2,4864.82015503876,0,1500-2500,,0,-0.0996373110836135,-0.0612899802342567,-0.0558014579097119,-0.140908436652833,-0.078915178576106,0.00992759375997277,0
010519,-77.8917570435732,-6.48274253288561,2623.83975026015,3.38,86.4,3414.14382022472,0,2500-3500,,0,-0.105854962443784,-0.0910572535151604,-0.0868239471564094,-0.149701523532494,-0.122787603607359,0.0112052730739749,0
010520,-78.093517411633,-6.05696375210711,2288.23262178435,2.09,165,17164.6130558184,0,1500-2500,,0,-0.196388533391245,-0.142989088875279,-0.132888094709401,-0.277735327416461,-0.187932145815956,0.0385684560475643,0
010521,-77.8924756497027,-6.56905834655432,2944.78863409771,4.67,90.1,24195.7678285897,0,2500-3500,,0,-0.330605675879334,-0.315374657060722,-0.306020698203331,-0.467547030626077,-0.432778621766035,0.109300112923631,0
010522,-77.9435272558512,-6.38686422993705,2678.35767022149,1.93,109.2,10972.1053401609,0,2500-3500,,0,-0.195244004014012,-0.129289574425307,-0.119872185062633,-0.276116718448642,-0.169524869866874,0.0381202211034234,0
010523,-78.0193900557865,-6.14406859492542,2891.89937106918,1.29,14,11609.099378882,0,2500-3500,,0,-0.223328998038904,-0.119729882989541,-0.108865117382906,-0.315834897897812,-0.153958525472245,0.0498758413650608,0
010601,-77.4389554802052,-6.37280476444626,2165.34628975265,3.93,102.2,51769.2880137522,0,1500-2500,,0,-0.315975002393743,-0.312658305290243,-0.299793640808797,-0.446856133756103,-0.423972232745009,0.099840202137726,0
010602,-77.4200085871875,-6.54747129603818,1945.83576004659,10.13,153.9,22845.6423722758,0,1500-2500,,0,-0.181035370171983,-0.286327723243589,-0.287642260966731,-0.256022675766452,-0.406787586570812,0.0327738052533069,0
010603,-77.6654471245292,-6.3862222610698,2388.09625935162,23.67,180.9,5084.03949447077,0,1500-2500,,0,-0.113391957408042,-0.244065318946975,-0.256447977768121,-0.160360444030485,-0.36267220820283,0.0128577360048272,0
010604,-77.5305650563126,-6.43557173607906,1771.79558652729,8.3,77.7,20887.9184423218,0,1500-2500,,0,-0.152049092637442,-0.227543080357548,-0.226082524615279,-0.215029888954393,-0.319728972526477,0.0231189265718694,0
010605,-77.5760469077063,-6.55307550335834,2254.45475841874,11.49,615.2,19159.2742393509,0,1500-2500,,0,-0.203258523727506,-0.322159312438198,-0.326201074091806,-0.287450960923372,-0.461317983041303,0.041314027467885,0
010606,-77.5660920081011,-6.35104334256553,2198.30174291939,9.89,82.3,13214.0999408634,0,1500-2500,,0,-0.163010474717504,-0.243677425596577,-0.244812585315737,-0.230531624154371,-0.346217278393136,0.0265724148676261,0
010607,-77.48511373563,-6.29166112415256,2420.40586145648,1.8,202.7,12296.0025542784,0,1500-2500,,0,-0.179654583447372,-0.119707310983261,-0.110481529497894,-0.254069948453763,-0.156244477407645,0.0322757693536488,0
010608,-77.4136454068421,-6.49865840402846,1775.73319327731,8.29,43,3401.82232346242,0,1500-2500,,0,-0.061549785096687,-0.0919833282381992,-0.0913894737389464,-0.0870445408448842,-0.129244233219758,0.00378837604544835,0
010609,-77.3544294449095,-6.40540565449229,2143.90079681275,3.65,225.3,79776.2420142421,0,1500-2500,,0,-0.386874489538302,-0.371582019018291,-0.35493135678369,-0.547123150041235,-0.501948738474978,0.149671870655522,0
010610,-77.4584166014067,-6.45523403619219,1921.86666666667,6.8,20.2,4245.02996254682,0,1500-2500,,0,-0.0767098676408835,-0.101745969282396,-0.100167607511976,-0.108484135185582,-0.141658389053901,0.00588440379348186,0
010611,-77.4671571268352,-6.49135050995061,1812.53271028037,8.35,19.5,2311.03103448276,0,1500-2500,,0,-0.0521920086656252,-0.0776568746982756,-0.0772001103694602,-0.0738106465024212,-0.10917744310119,0.00272400576855269,0
010612,-77.3342476853712,-6.20719398059522,2334.15945211209,9.31,862,32935.941662227,0,1500-2500,,0,-0.279627605245324,-0.397705935827244,-0.398593449909343,-0.395453151751848,-0.563696262734874,0.0781915976152349,0
010701,-78.440010890735,-5.8388384311545,1301.7112789402,1.34,729.5,463273.752067419,0,500-1500,,0,-0.46732172053998,-0.343392805830934,-0.310231123966867,-0.660892715179169,-0.438733062984193,0.218389590488447,0
010702,-78.174757470315,-5.61429296106619,1843.71266843661,2.63,1802.9,194461.645720739,0,1500-2500,,0,-0.490197617671489,-0.429351195659436,-0.40275855531206,-0.693244119154001,-0.56958661128411,0.240293704370804,0
010703,-78.6077136931231,-5.91672204368311,1240.00418785522,2.13,301.8,69616.1234833881,0,500-1500,,0,-0.169378295641255,-0.156357704610034,-0.144522563176849,-0.239537082867502,-0.204385768913623,0.0286890070343363,0
010704,-78.6112418331791,-5.71730176229483,682.884401521803,0.44,308,51991.3710400247,0,500-1500,,0,-0.0641007142711356,-0.0361798314353551,-0.0306944155584787,-0.0906520994800426,-0.0434084587719164,0.00410890157006977,0
010705,-78.234956928512,-5.9524584133966,1718.93626317142,2.26,351.2,57313.1590315037,0,1500-2500,,0,-0.241521751379665,-0.2027311798809,-0.188588967528878,-0.341563336409225,-0.266705075593279,0.0583327563895008,0
010706,-78.4106725028503,-6.06346915986961,1691.30029658922,1.43,365.1,90603.9588624575,0,1500-2500,,0,-0.296933646117585,-0.20378601116013,-0.185216604918578,-0.419927589464381,-0.261935834652553,0.0881695901966829,0
010707,-78.5233625910542,-6.011996803617,1434.17131474104,1.37,135.7,25938.0444170265,0,500-1500,,0,-0.126450481534356,-0.0905189968993778,-0.0819517928461833,-0.178827985954495,-0.115897336903863,0.0159897242802705,0
020101,-77.4715133204753,-9.57041621931897,4156.67878275571,3.58,423.1,547490.185899908,2,>3500,,3.65303351824034,-1.74490277201971,-0.822859142630826,-0.705952265853633,-2.04387038295166,-0.761442285296966,6.42180815397005,0.311438764916011
020102,-77.851560240724,-9.46607054951181,3010.10200129116,0,138.5,13590.2809053976,0,2500-3500,,0,-0.255412376532865,-0.0149124826728597,-0.0691317416307124,-0.361207646890721,-0.0977670466046263,0.0652354820861659,0
020103,-77.8216414472829,-9.57632607002824,2477.98797250859,0,52.1,2215.50511945393,0,1500-2500,,0,-0.0787819058251992,-0.004946261466483,-0.0228834446171567,-0.111414439687597,-0.0323620777313967,0.00620658868545055,0
020104,-77.8193308478728,-9.73105772153947,2967.54997854998,0.61,209.2,13238.8105387803,0,2500-3500,,0,-0.247168792114808,-0.0934686961927403,-0.0818613741682279,-0.349549458004137,-0.115769465583206,0.0610924117954929,0
020105,-77.4846990954108,-9.47136268960745,4146.15994832041,3.97,345.9,700825.023289494,1,>3500,,1.42688968967782,-2.50707033082194,-1.77968565907928,-1.68780132562049,-3.18223100433693,-2.04922226325826,8.16289610308397,0.122505540603683
020106,-77.6038368045128,-9.44132927899562,3776.64511494253,4.75,62.3,41585.3086804204,0,>3500,,0,-0.611607991986362,-0.535784023996301,-0.521693145377694,-0.864944317122889,-0.737785521590213,0.37406433586159,0
020107,-77.7178861343056,-9.63677255620655,3987.09429429429,0.5,148.6,8877.08912655971,0,>3500,,0,-0.304604403234871,-0.0942727116558394,-0.0819950914550141,-0.430775678213317,-0.115958570383703,0.0927838424700717,0
020108,-77.3716413249436,-9.6218536227363,4364.68151879117,6.66,231,20027.0003977725,1,>3500,,49.9325900103955,1.40984413923435,1.49195022036479,1.51222884083106,1.07916242993554,1.13457726979421,0.268907334333783,3.71875316259967
020109,-77.9103089875164,-9.64573886247027,2014.71548011148,0,352.3,7995.39215686275,0,1500-2500,,0,-0.112381044783772,-0.00762260968846296,-0.0351891116850297,-0.158930797686869,-0.0497649189928305,0.0126294992266923,0
020110,-77.7946014554215,-9.48122604961253,3223.78427205101,0.91,168.4,41837.3993802053,0,2500-3500,,0,-0.492762083313908,-0.216571530192047,-0.193706395285396,-0.69687082124575,-0.273942211331011,0.242814470751863,0
020111,-77.6939767543883,-9.52095764686162,3998.19821978774,1.51,261.6,27895.0920977828,0,>3500,,0,-0.542046581167571,-0.276541106308458,-0.254309639929667,-0.766569626525148,-0.359648141830753,0.293814496155452,0
020112,-77.4820254166034,-9.39260929993872,4218.85049580473,3.6,117.3,60589.8966880196,0,>3500,,0,-0.860528550145914,-0.637925636905595,-0.613241277558767,-1.21697114642561,-0.867254131730611,0.740509385616228,0
020201,-77.5676365374616,-9.80042110125868,4162.52637362637,1.58,162.6,17373.1328735632,0,>3500,,0,-0.452297980030946,-0.232025127523928,-0.213950226906501,-0.639645937593719,-0.302571312563975,0.204573462740074,0
020202,-77.796143910646,-9.80759349600323,2718.52012383901,0,259.4,12824.5347593583,0,2500-3500,,0,-0.215476934430133,-0.0130686183215356,-0.0605194012579904,-0.304730403049672,-0.0855873580457493,0.0464303092714078,0
020203,-77.6787437212362,-9.78608361191943,3559,0.51,40,2784.38814016173,0,>3500,,0,-0.145776203530959,-0.0474953725249216,-0.0413019760889337,-0.206158684104743,-0.0584098147377794,0.0212507015158996,0
020204,-77.6154239325738,-9.70305127801908,4112.57939669892,0,156.9,11966.8537825811,0,>3500,,0,-0.369163512196221,-0.0191833107751753,-0.0892211957382802,-0.522076045681181,-0.12617782506422,0.136281698737049,0
020205,-77.6357628974101,-9.83800299215221,3746.82122260669,0.41,77.5,5760.1948579161,0,>3500,,0,-0.225141620282262,-0.0651819203588595,-0.0562840371568298,-0.318398332857829,-0.0795976486922999,0.0506887491833224,0
020301,-77.0073446596003,-9.08182972321732,3172.7476635514,1.21,95.4,27003.1404526988,0,2500-3500,,0,-0.387230148049894,-0.194803944318158,-0.176727293852757,-0.547626127131901,-0.249930135808065,0.149947187558743,0
020302,-76.9986165037868,-9.22012271232257,2966.88027210884,1.61,65.5,15335.3143863179,0,2500-3500,,0,-0.265937643153687,-0.156134134612933,-0.143598475250128,-0.376092621693481,-0.203078911234829,0.0707228300461379,0
020303,-77.0720439668961,-9.02773695304104,3036.74225526642,2.77,72,10685.9357400722,0,2500-3500,,0,-0.229261346084237,-0.170634154525148,-0.161323911423238,-0.32422450496024,-0.228146463469819,0.0525607648083564,0
020304,-77.0074381252353,-9.13932929245285,3314.96256684492,0,50.5,15077.0081799591,0,2500-3500,,0,-0.307452850275424,-0.0173158388846779,-0.080354295708395,-0.434803990649769,-0.11363813478575,0.0945272551424823,0
020305,-77.1129241555789,-9.11603193624987,3983.83428571429,0.92,172.2,32764.0657644824,0,>3500,,0,-0.584531696086367,-0.238560054044509,-0.213963966354515,-0.826652652242288,-0.302590743077695,0.341677303729604,0
020306,-77.0417395504954,-9.21842937165199,4076.27464788732,0.92,102,9141.61727349704,0,>3500,,0,-0.318720535433589,-0.128967471427232,-0.115698372555659,-0.450738903816996,-0.163622207612708,0.101582779707073,0
020401,-77.3976043384862,-9.2055820344918,4360.37428175154,1.76,451.6,37856.1510880829,0,>3500,,0,-0.711980467552702,-0.376948821638009,-0.349648858314898,-1.00689243335777,-0.494478157497198,0.506916186176564,0
020402,-77.4057481443076,-9.09720830074166,3729.89614935823,2.1,76.6,23025.7412751678,0,>3500,,0,-0.447324214531536,-0.271970607196836,-0.254113664757841,-0.632611970968391,-0.359370991084869,0.200098952906256,0
020501,-77.1792416703778,-10.1781669246536,3833.10882070949,0.84,185.9,32175.0021978022,0,>3500,,0,-0.549140440186719,-0.218184020450145,-0.1947151825393,-0.776601858159589,-0.275368851947031,0.301555223048463,0
020502,-77.1597591033355,-10.3099488345478,2495.4552238806,0.83,11.9,1761.4025974026,0,1500-2500,,0,-0.0709319594168269,-0.0329018315524394,-0.02921366987704,-0.100312939012975,-0.0413143681468003,0.00503134286671038,0
020503,-77.4998666899256,-10.2032433115108,2359.69106881406,0,122,7929.13926499033,0,1500-2500,,0,-0.139282874348008,-0.00890594640072293,-0.0411815140919324,-0.196975729909261,-0.0582394557478696,0.019399719086643,0
020504,-77.1309627639192,-9.96577657001748,4495.79840686275,3.3,437.1,16204.265917603,0,>3500,,0,-0.485960048826798,-0.338198084402497,-0.323904433367193,-0.687251291822349,-0.458070042580657,0.236157169055744,0
020505,-77.3424867223324,-10.1904461757355,4051.31370656371,1.25,185.3,14982.1745689655,0,>3500,,0,-0.404569918607579,-0.188532633902916,-0.171756840460836,-0.572148265823018,-0.242900853210067,0.163676819042143,0
020506,-77.1909805944855,-10.3344555893414,3229.3347639485,1.07,20.7,2194.3422818792,0,2500-3500,,0,-0.113120479302226,-0.0534691600270791,-0.0482168105938547,-0.159976516011353,-0.0681888674762041,0.0127962428375654,0
020507,-77.5855392774548,-10.301392568789,1694.38817330211,0.37,305.4,18283.9584026622,0,1500-2500,,0,-0.133726493916221,-0.0497010575515129,-0.0445885974301486,-0.189117821344923,-0.0630577992129103,0.0178827751751251,0
020508,-76.9438335945624,-9.91715721129667,4262.08557083606,4.84,818.2,51618.0709531014,0,>3500,,0,-0.805555033632731,-0.680296672482235,-0.663870745678705,-1.13922685380132,-0.938855012201564,0.648918912211031,0
020509,-77.0315402938351,-10.1139255361152,4196.29449394563,2.6,389.9,10501.09375,0,>3500,,0,-0.355598442270648,-0.227922869085072,-0.215527647565546,-0.502892139817896,-0.304802122253564,0.126450252145311,0
020510,-77.4107728566077,-10.2469448999451,3834.23489425982,1.03,117.6,10523.0595150625,0,>3500,,0,-0.314175071026908,-0.136897434580535,-0.123434384482337,-0.444310646405784,-0.174562580598096,0.0987059752547629,0
020511,-77.1062881591351,-10.3018651210988,3299.35959885387,1.66,62.5,3420.49126637555,0,2500-3500,,0,-0.145488627196133,-0.0832420978744749,-0.0767620506387096,-0.205751989751814,-0.108557933088833,0.0211669406434152,0
020512,-77.1047315922115,-10.3609236087117,3492.26148409894,0.62,126.1,4000.03076923077,0,2500-3500,,0,-0.170205588284629,-0.061016383823532,-0.0535740401111596,-0.240707051343813,-0.0757651341163221,0.0289699422833166,0
020513,-77.0034120248504,-10.238927240369,4253.52933673469,2.23,210.7,6839.74863387978,0,>3500,,0,-0.292419540156028,-0.173950499395866,-0.1632460558701,-0.413543679591559,-0.230864786215412,0.085509187465063,0
020514,-77.2098550473502,-10.291528800286,3786.82045929019,1.24,42.7,3684.7337398374,0,>3500,,0,-0.182735825635518,-0.0870128352387122,-0.0791823715084701,-0.258427482945195,-0.111980783688143,0.0333923819706945,0
020515,-77.2080351935023,-10.2324760812131,3927.22661523626,2.37,92.6,4942.73780487805,0,>3500,,0,-0.222581934170528,-0.140227977403164,-0.131893029991767,-0.314778390043196,-0.186524911796839,0.0495427174190931,0
020601,-77.6396212074073,-9.29359584666207,3832.54130534003,3.95,195.6,132907.084063794,1,>3500,,7.52405341704746,-0.219687826136011,0.224064432400049,0.296254717906081,-0.227561586435587,0.281346997194572,1.24514056484019,0.803122176112181
020602,-77.6100098930358,-9.29003352547106,2962.40490797546,3.31,14.6,22277.4176300578,0,2500-3500,,0,-0.319858893743422,-0.260473820536672,-0.248417441625954,-0.452348785577602,-0.351315315077451,0.102309711906765,0
020603,-77.6448835770599,-9.22352551019526,3164.64189189189,2.81,13.2,12049.0235448005,0,2500-3500,,0,-0.257750900592824,-0.190137405246177,-0.179970540470278,-0.364514819332251,-0.254516779160683,0.0664355267564119,0
020604,-77.6324288662174,-9.36103581569866,3601.36875,0.93,43.3,20712.2621170997,0,>3500,,0,-0.404156538044303,-0.172120611826588,-0.15429581096944,-0.571563657424011,-0.218207228490337,0.163342507243956,0
020605,-77.7292953032856,-9.2901920504656,3736.48850574713,2.92,46.4,12916.121966397,0,>3500,,0,-0.335848337177424,-0.236937444423748,-0.225093059580576,-0.474961273336765,-0.318329657654906,0.11279410558484,0
020606,-77.495537240881,-9.30371994836484,4110.26861167002,2.45,177.2,86343.3637307656,0,>3500,,0,-0.990844253555397,-0.623012977282435,-0.587242725487811,-1.40126538157749,-0.830486626789802,0.981772334803752,0
020607,-77.5741962380765,-9.35601853691595,3059.33834586466,4.75,11.9,11629.0006858711,0,2500-3500,,0,-0.241630751804925,-0.228993779658444,-0.22248087937854,-0.341717486288932,-0.314635476985823,0.0583854202178133,0
020608,-77.4329997965515,-9.34393362054032,4529.51233671988,3.36,123,19988.0035928144,0,>3500,,0,-0.545332905296584,-0.381563703192247,-0.365797776715192,-0.771217190678752,-0.51731617691655,0.297387977599213,0
020609,-77.5647140850815,-9.15441906258226,4444.92842105263,2.57,127.9,23318.1226639484,0,>3500,,0,-0.573841590652519,-0.358098363804533,-0.338629495763381,-0.811534560154543,-0.478894425528137,0.329294171162613,0
020610,-77.661796941484,-9.25893949408872,2803.91954022989,3.63,15.8,31001.1919004764,0,2500-3500,,0,-0.349673520277371,-0.303072340930271,-0.290224666014635,-0.494513034779002,-0.410439658813098,0.122271570783169,0
020611,-77.6309262423518,-9.40408330753905,3786.99015748032,5.16,45.3,26263.134533252,0,>3500,,0,-0.487888814611756,-0.443290164483475,-0.433448790785999,-0.689978978554078,-0.612989158523777,0.238035495423264,0
020701,-77.2909686696293,-9.09715859964273,3703.50778703368,1.84,247.6,87728.1735077971,0,>3500,,0,-0.864603678160318,-0.496426938565951,-0.460719465595214,-1.22273424773198,-0.651555716694036,0.747539520288351,0
020702,-77.1695725673549,-9.01119399147371,3263.89379370629,4.57,205,25443.4875076173,0,2500-3500,,0,-0.390909592720744,-0.355344905279901,-0.344800199707455,-0.552829647687419,-0.487621118735234,0.152810309681098,0
020703,-77.2564403529436,-9.00766287482696,3580.2841781874,2.8,174.8,32850.0544984731,1,>3500,,30.4413498019153,1.4758690494323,2.46115784243217,2.63556357811499,1.11518698569666,1.6072988861087,0.25488732933938,3.92330212173281
020801,-78.2232422965899,-9.51809196130215,396.633259423503,0.15,1210.5,325305.839255715,0,lowland (<500 m),,0,-0.0755851871946598,-0.0320881759856229,-0.0426876870948392,-0.106893596845197,-0.0603695060358605,0.00571312052325176,0
020802,-78.1427080034086,-9.37298091076332,899.9715295869,0.73,481.5,43586.1516300227,0,500-1500,,0,-0.0860019269916145,-0.0550795870233327,-0.048074698230689,-0.121625091541762,-0.0679878902448341,0.00739633144627099,0
020803,-78.3553989931876,-9.50978168851302,132.914554374489,0,219.1,18698.4708171206,0,lowland (<500 m),,0,-0.00398993785428201,-0.000746768636536827,-0.00335079359799944,-0.00564262422655142,-0.00473873775100375,1.59196040810325e-05,0
020804,-78.0203039056763,-9.50589641018267,1210.20517199317,0.24,366,73375.8794712286,0,500-1500,,0,-0.168134527078891,-0.0582347607294787,-0.0633437763920886,-0.237778128498154,-0.0895816276656204,0.0282692191960424,0
020901,-77.9290353422328,-8.54891149831136,3431.60695344726,0,151.9,14339.0050223214,0,2500-3500,,0,-0.314535158382685,-0.0174874580001549,-0.0811800402524585,-0.444819886827962,-0.114805913919021,0.0989323658588206,0
020902,-77.8834873583495,-8.50802907471379,3650.77399380805,1.2,57.6,2958.2557544757,0,>3500,,0,-0.155648284426166,-0.0740258335854972,-0.0672271597757179,-0.220119914795588,-0.0950735611146432,0.0242263884448086,0
020903,-78.0468528446354,-8.60481024161584,2701.23018648019,0,154.1,3762,0,2500-3500,,0,-0.115678831472202,-0.00703262331012564,-0.0325651689239796,-0.16359457234746,-0.0460541035532627,0.0133815920507742,0
020904,-77.7889404291439,-8.52328330311795,3985.3167192429,0.93,426.6,23052.1127348643,0,>3500,,0,-0.490555543505956,-0.201161656284636,-0.180520449131551,-0.693750302723427,-0.255294467447522,0.240644741264424,0
020905,-77.8929900113187,-8.67811875458558,2499.04829545455,0.93,94.8,8471.0147601476,0,1500-2500,,0,-0.155863808460142,-0.0760814607943713,-0.0679424246531494,-0.220424711807455,-0.0960850984049959,0.0242935267876997,0
020906,-77.8471522211397,-8.62509127520263,3502.61523809524,1,46.9,5212.02380952381,0,>3500,,0,-0.19508547900081,-0.0867559356827367,-0.0780337411550033,-0.275892530224997,-0.110356375064117,0.0380583441169754,0
020907,-77.9700947280324,-8.64149007970217,2444.87526427061,0.51,85.1,5781,0,1500-2500,,0,-0.124912121003002,-0.0468224621712909,-0.040557292154669,-0.176652415627235,-0.0573566726182608,0.0156030379734687,0
021001,-77.2328937178271,-9.32313081361021,4086.71310375671,3.74,399.9,78269.0637364879,0,>3500,,0,-0.935903378459097,-0.714338863335611,-0.687790346540378,-1.32356725088765,-0.972682436146693,0.875915133811152,0
021002,-76.9046730408689,-9.25251147300558,3782.10497237569,0,80.7,11240.3991683992,0,>3500,,0,-0.318612261911631,-0.0170824650815523,-0.0793806546530338,-0.450585781933797,-0.112261198400375,0.101513773440446,0
021003,-77.1314121319807,-9.2570243187405,3974.97297297297,4.04,165.5,21300.1639405204,1,>3500,,46.9479954610887,1.65847207093038,2.28967176120927,2.39523882279094,1.20948959253016,1.52340210582557,0.220761870705393,4.52976773935071
021004,-77.2117362224654,-9.6554063768799,4318.79140973846,3.17,419.7,67926.1128331572,0,>3500,,0,-0.941148047818469,-0.652877642584742,-0.623757226404628,-1.33098433342584,-0.882125929209651,0.885759647912515,0
021005,-76.9296343583347,-9.30853794592071,3822.82110552764,1.66,89.1,14793.1740064447,0,>3500,,0,-0.370970391820127,-0.200897695848443,-0.185544086517335,-0.524631359350884,-0.262398963570942,0.137619031607178,0
021006,-76.8089189814309,-9.18856043600053,3567.69033760186,0.84,76.3,11111.2199170124,0,>3500,,0,-0.292192244675151,-0.119245973285663,-0.106339544218349,-0.413222235239836,-0.150386825650163,0.0853763078483031,0
021007,-77.0781533514097,-9.42638817017698,3757.56315789474,3.64,152.1,28899.0135960044,0,>3500,,0,-0.506290378656537,-0.393871756482267,-0.378383557431236,-0.716002719995085,-0.535115158698232,0.25632994752018,0
021008,-77.2361652582993,-9.46782760214846,4139.44991698949,2.28,161.9,22017.0708092486,0,>3500,,0,-0.505269927082349,-0.306700855878104,-0.288067224276269,-0.714559583539123,-0.407388575446671,0.255297699213802,0
021009,-77.0925361360307,-9.33161964304207,3465.97976190476,3.93,75.3,10798.0306923626,0,2500-3500,,0,-0.276740889092835,-0.229727369403106,-0.221360958607577,-0.391370718618275,-0.313051669842745,0.0765855196958925,0
021010,-76.884612949101,-9.15101313002988,3532.85419354839,1.01,139,12436.6002498439,0,>3500,,0,-0.304958040370859,-0.135793436859969,-0.122213393768615,-0.43127579664719,-0.172835838971219,0.0929994063868344,0
021011,-76.9849024834917,-9.34744892985828,3664.50489089541,3.21,119.1,21701.8284789644,0,>3500,,0,-0.423771101462073,-0.314348533817691,-0.300001731130962,-0.599302839029449,-0.424266516900813,0.179581946434379,0
021012,-77.0627100858454,-9.35563061074528,2805.36893203884,6.72,9.6,6059.00532623169,0,2500-3500,,0,-0.154698062687782,-0.177210883474989,-0.175048666441776,-0.218776098325905,-0.247556198157284,0.0239314905993529,0
021013,-76.7766543400285,-9.27210531570409,3766.70620774431,0.42,145.5,11652.1948752529,0,>3500,,0,-0.322569254452617,-0.0942277155930224,-0.0811907600372088,-0.456181814451469,-0.114821073984,0.104050923918117,0
021014,-77.0918956126089,-9.6281282630757,4256.50525143221,5.81,561.8,155314.03874092,3,>3500,,19.315704004094,0.756044638029774,1.06318307137344,1.11856945460431,0.699709770241292,0.994905968549036,1.94546853397513,1.54204498690615
021015,-76.9823435076303,-9.46657315967101,4025.57747355321,3.61,144,21665.0237476809,0,>3500,,0,-0.482230634574943,-0.364258269246937,-0.350040693356485,-0.681977103607669,-0.495032295927224,0.232546384922553,0
021016,-76.9315421669624,-9.19112629464506,3234.57731958763,0.42,51.9,10307.7716654107,0,2500-3500,,0,-0.245723420441451,-0.0759797978769205,-0.0653633908089553,-0.347505393781007,-0.0924377937647175,0.0603799993534462,0
021101,-77.918678166447,-10.1737953582459,747.282261029412,0.17,2913.9,217106.025521693,0,500-1500,,0,-0.148390522641976,-0.0526304201460567,-0.0665943240412868,-0.209855889647915,-0.0941785962362565,0.0220197472099589,0
021102,-77.6922732025029,-9.98585033756595,2512.53079710145,0,98.6,6442.00487804878,0,2500-3500,,0,-0.136937547314526,-0.00855319535335782,-0.0395763351063953,-0.19365893661031,-0.0559693898564867,0.0187518918645181,0
021103,-78.1035865612439,-9.82272999187939,481.244507441531,0,631.6,27166.3027794205,0,lowland (<500 m),,0,-0.0285459264515656,-0.00330468909268898,-0.0150291396030995,-0.0403700363383089,-0.0212544130575019,0.000814869916978192,0
021104,-77.7446164770431,-9.89748281213683,2314.22213500785,0,113.3,7679.02574665294,0,1500-2500,,0,-0.133426275374248,-0.00859367029104378,-0.0397294523525064,-0.188693248211189,-0.0561859303425703,0.0178025709602447,0
021105,-77.6647221410978,-9.92103924851163,3099.7670212766,0,167.9,6114.36956521739,0,2500-3500,,0,-0.178422148308295,-0.0103037945107065,-0.0477813050388473,-0.252327021965335,-0.0675729696138238,0.0318344630069474,0
021201,-77.7497662233879,-9.02252217144884,3689.87015362107,0.42,244.2,215115.753253572,1,>3500,,4.64866001152983,-0.604601597925841,2.12543159715298,2.58595092928575,-0.66127610417644,1.59059831797317,1.81439527134317,0.551147820871312
021202,-77.917493424795,-8.78792290374673,2443.72935779817,0.41,195.5,8887.23357664234,0,1500-2500,,0,-0.154776341700374,-0.0525625041055446,-0.0451849367209003,-0.218886801567162,-0.0639011503256672,0.0239557159501511,0
021203,-77.8765815167348,-9.03006867071243,3412.00897435897,0,69.6,11156.0858156028,0,2500-3500,,0,-0.275247041087758,-0.0153358849890922,-0.0711877745748163,-0.389258098509372,-0.100674716278864,0.0757609336275658,0
021204,-77.8940172066852,-8.88969214572079,3280.03125,1.03,54.1,13577.058411215,0,2500-3500,,0,-0.287511814778215,-0.132798650019593,-0.119543421958037,-0.406603107801852,-0.169059928625546,0.0826630436370624,0
021205,-77.8909654351412,-8.95802807612455,3387.36510638298,1.34,106,15576.0126454224,0,2500-3500,,0,-0.321986226171093,-0.165552838570347,-0.151068199988541,-0.45535728794849,-0.213642697267086,0.103675129843902,0
021206,-77.9570293618794,-9.14323329301903,3532.61896243292,0.37,501,68528.0728693016,0,>3500,,0,-0.715786466293306,-0.202207429827405,-0.182806297780849,-1.01227492839511,-0.258527145608891,0.512350265328658,0
021207,-77.8187230641476,-9.14870393867793,3452.23545900491,0,127.4,55850.120487106,0,2500-3500,,0,-0.625928267216148,-0.0347224397624585,-0.16119813865724,-0.885196244569767,-0.227968593918368,0.391786195700209,0
021208,-77.7225709461272,-8.90867324921546,4202.78740353498,0.65,359.9,36678.0078158923,0,>3500,,0,-0.666000984381939,-0.227623637515837,-0.200724455512731,-0.941867624666771,-0.283867247286059,0.443557311197712,0
021209,-77.9524966639211,-8.84639637773015,3827.35812964931,1.42,84.5,8752.32434860737,0,>3500,,0,-0.285813863860801,-0.144142771946736,-0.132084794581763,-0.404201842586202,-0.186796107880793,0.0816895647750404,0
021210,-77.7411530924713,-8.76195206927539,4046.85049942689,0.79,548,17554.6335030079,0,>3500,,0,-0.437259671996612,-0.1655778667343,-0.147394902743995,-0.618378558416419,-0.208447870485221,0.191196020754584,0
021301,-77.3532329119022,-8.86212070358309,3355.39571150097,5.14,45.8,24843.2140595314,0,2500-3500,,0,-0.401340192109606,-0.380834284447748,-0.371835935892297,-0.567580742806828,-0.525855423516579,0.161073949802575,0
021302,-77.3876628566472,-8.8231384744702,3586.81323877069,3.66,76,31631.0247770069,0,>3500,,0,-0.496658592767911,-0.39412370943906,-0.378546069671581,-0.702381317761516,-0.53534498571258,0.246669757770202,0
021303,-77.2203444905288,-8.88606623846706,3017.70407239819,0.51,98.5,11161.0856334041,0,2500-3500,,0,-0.232272189382124,-0.0804848115485049,-0.0698689770994476,-0.328482480386291,-0.098809655003174,0.0539503699603651,0
021304,-77.2772059644513,-8.78492039586681,3240.80360134003,2.36,213.7,15513.1607142857,0,2500-3500,,0,-0.302252797899909,-0.204189739313854,-0.191626823111427,-0.427450006055265,-0.27100125215865,0.0913567538383231,0
021305,-77.2901411787311,-8.90957015535319,3167.63003663004,2.21,49.1,8026.50865384615,0,2500-3500,,0,-0.210646839717939,-0.139314847284243,-0.130280352082189,-0.297899617600141,-0.184244240825374,0.044372091083155,0
021306,-77.4563722054232,-8.9674848392137,3645.10826393338,0.42,139.2,50683.2416587226,0,>3500,,0,-0.642872761292907,-0.190108550345551,-0.163749734409296,-0.90915937790067,-0.231577095236619,0.413285387212366,0
021307,-77.4451798109461,-8.92515660861243,3679.32142857143,0.86,75.3,22649.0884588804,0,>3500,,0,-0.435345634375768,-0.177518822646972,-0.158544191297117,-0.61567170045413,-0.224215345567857,0.18952582137004,0
021308,-77.3245622289935,-8.89303100860171,3284.10933940775,2.21,38.9,8085.00096153846,0,2500-3500,,0,-0.222249005512155,-0.145019615931345,-0.135666378030504,-0.314307557819222,-0.191861231768773,0.0493946204511417,0
021401,-77.3644082538834,-10.3806073998344,3899.71187106918,0.5,226.4,9974.11294117647,0,>3500,,0,-0.31312430438201,-0.0977146889730245,-0.0849691150953253,-0.44282463796568,-0.12016447495065,0.0980468299947177,0
021402,-77.3394494278247,-10.5182988544761,2527.36013986014,0.41,255.1,5120.20899854862,0,2500-3500,,0,-0.123081688268491,-0.0412770411433242,-0.0354959637300888,-0.174063792829078,-0.0501988733165951,0.0151491019870221,0
021403,-77.2400459996989,-10.320912306669,4122.72985244041,1.33,78.7,2328.39413680782,0,>3500,,0,-0.163395049934969,-0.0778049963024426,-0.0711167634183085,-0.231075495642662,-0.100574291338251,0.026697942343251,0
021404,-77.2248288874409,-10.5034708503133,2596.31825795645,0,106.6,3457.85287846482,0,2500-3500,,0,-0.104986854585326,-0.00647771181812206,-0.0299831837874035,-0.14847383362546,-0.0424026251552712,0.0110222396357203,0
021405,-77.4870258240646,-10.6492506918272,1210,0,411.5,12517.208628461,0,500-1500,,0,-0.0694275867402723,-0.0056966054197392,-0.026158078393773,-0.0981854347709276,-0.0369931092300924,0.00482018980057804,0
021406,-77.424080679561,-10.3193722427713,3727.18989405053,0,109.1,10335.012185834,0,>3500,,0,-0.299388266410127,-0.0161396630482196,-0.0749880724953431,-0.42339894677257,-0.106049149139131,0.0896333340640609,0
021407,-77.21445087419,-10.3791115523308,3274.65352112676,0.91,31.5,1979.61003861004,0,2500-3500,,0,-0.109535849337072,-0.0478609941223876,-0.0428149453046504,-0.154907083698544,-0.0605494763220988,0.0119981022899938,0
021408,-77.2284352519317,-10.415663102592,3471.95460277428,0.3,70.7,3295.26948775056,0,2500-3500,,0,-0.153243443878077,-0.039621364062028,-0.0393839849610507,-0.216718956677136,-0.0556973656722159,0.0234835530916133,0
021409,-77.5688609813119,-10.4747224206081,1495.72253661784,0.2,534.9,4248.21585160202,0,500-1500,,0,-0.0542395779081712,-0.0159813207012854,-0.0189225007724467,-0.0767063466951278,-0.0267604572264095,0.00294193181165657,0
021410,-77.3586654376528,-10.4401562691893,3512.98592964824,0,88.8,3641.00884955752,0,>3500,,0,-0.163723063186279,-0.00902333166925335,-0.0418982528988444,-0.231539376431303,-0.0592530774892837,0.0268052414190983,0
021501,-77.959319896254,-8.4038778429584,3867.2504649721,1.7,144.9,20451.0463957055,0,>3500,,0,-0.443213067684965,-0.241579870417438,-0.22341198537993,-0.626797931341062,-0.315952259720997,0.196437823366717,0
021502,-78.0699626532759,-8.34272677514964,2436.34754098361,1.02,82,7985.46404602109,0,1500-2500,,0,-0.146100850023398,-0.0750734557997672,-0.0673371661455329,-0.206617803577327,-0.0952291336147831,0.0213454583775594,0
021503,-77.7306273791315,-8.2581100237549,3820.13211633663,2.17,580.3,62169.0005078076,0,>3500,,0,-0.759753162515514,-0.464674957873976,-0.434992190434812,-1.07445322648529,-0.615171855239291,0.577224867952325,0
021504,-77.992366041587,-8.30283655938065,3246.43708609272,1.25,13.6,4187.14917127072,0,2500-3500,,0,-0.157406785852079,-0.0796764355069025,-0.0724188789509633,-0.222606811361568,-0.102415760784308,0.0247768962322823,0
021505,-77.9455980020719,-8.33456834481003,3817.76607281177,3.13,115.7,8557.00827966881,0,>3500,,0,-0.281626885738837,-0.20339652096993,-0.193949888814926,-0.398280561340762,-0.274286563182822,0.0793137027709561,0
021506,-77.9055332771528,-8.26580248119902,3676.37552742616,2.07,63.6,4071.15340909091,0,>3500,,0,-0.184368219263586,-0.111968885440366,-0.104525651570219,-0.26073603615314,-0.147821594066488,0.0339916402744257,0
021507,-78.0302885720033,-8.5156180516646,3404.85582822086,0.49,29.3,4935.02543720191,0,2500-3500,,0,-0.182536554074406,-0.0593773253135809,-0.0515066863325262,-0.258145670400875,-0.0728414543643555,0.0333195935733585,0
021508,-78.0048477785298,-8.26344837809448,2800.69419460343,0.44,110.5,19930.0063266113,0,2500-3500,,0,-0.279920936051056,-0.0932818474695721,-0.0803151962683441,-0.395867984155575,-0.113582839827349,0.0783557304396994,0
021509,-77.7988452242127,-8.13851763588735,3802.24546011018,0.96,440.6,28791.5609943619,0,>3500,,0,-0.513685037040443,-0.217484072538576,-0.19538443957618,-0.72646034617072,-0.2763153243253,0.263872317279241,0
021510,-78.1384364074033,-8.568450083432,2110.98394070414,0,290.7,9091.00348432056,0,1500-2500,,0,-0.127831510861135,-0.00852079258203484,-0.0393546940102254,-0.18078105635846,-0.0556559420123039,0.0163408951690404,0
021511,-78.0555726290842,-8.44607063488846,2933.12601626016,2.13,199.2,22087.2765432099,0,2500-3500,,0,-0.314142138179147,-0.21027322152208,-0.196114341710689,-0.444264072325832,-0.277347561823127,0.0986852829797661,0
021601,-77.5065227090389,-8.79036581129416,3885.07696307852,3.06,344.4,118665.147976956,0,>3500,,0,-1.07443717083762,-0.763071164229674,-0.726934718110299,-1.51948361891633,-1.02804093731145,1.15441523407754,0
021602,-77.4662780639189,-8.88971966608725,3712.81937436932,2.7,88.9,24045.4188752424,0,>3500,,0,-0.454227297331661,-0.310011466066989,-0.293334408560001,-0.642374404286511,-0.414837498896245,0.206322437641225,0
021603,-77.3953142783026,-8.61275612189179,3135.13417855256,2.94,339.1,50391.045128045,0,2500-3500,,0,-0.52031881229942,-0.393148484030898,-0.372938899693647,-0.735841921111701,-0.527415249883255,0.270731666432679,0
021604,-77.3436905622293,-8.70232703786635,3199.09934171155,2.69,149.8,18380.0209940017,0,2500-3500,,0,-0.323152290553784,-0.232771196403672,-0.219865520663908,-0.457006352013092,-0.310936801221121,0.104427402890157,0
021701,-77.4474270133031,-9.70646748506467,3980.95937873357,7.3,149.5,35672.2991042167,0,>3500,,0,-0.609313439977988,-0.635899928166321,-0.633079186611242,-0.861699330553075,-0.895309171761746,0.371262868137809,0
021702,-77.3170676655222,-9.9111845162469,4326.73702994429,5.47,1025.4,32112.000982801,1,>3500,,31.1410055242461,0.892671668597847,1.16064381402237,1.20273211034744,0.756690236068294,0.958971827430826,0.420878157587932,2.37598455032933
021703,-77.540925469465,-9.93755371652153,4121.9887697805,0,175.2,3079.47921760391,0,>3500,,0,-0.187862984789544,-0.00975383588819169,-0.0453659800153109,-0.265678380957264,-0.0641571842079994,0.0352925010540365,0
021704,-77.5146818211927,-10.0577258443639,3471.18921095008,0.76,111.1,4502.88273615635,0,2500-3500,,0,-0.179080879287394,-0.0705623930169713,-0.0625906607149769,-0.253258608249932,-0.0885165612610132,0.0320699613263463,0
021705,-77.5874914842588,-10.1080303504887,2655.21819870009,0.31,96,6670.45128779395,0,2500-3500,,0,-0.150416083790431,-0.0436297066762467,-0.0426090181992006,-0.212720465695475,-0.0602582514167115,0.0226249982628499,0
021706,-77.4543356758659,-10.0742162025756,3525.77647632992,0,182.7,15616.9202387412,0,>3500,,0,-0.340785744374319,-0.0187563864956724,-0.087095289521629,-0.481943821557573,-0.123171339660299,0.116134923568759,0
021707,-77.3732343586983,-10.0940800785484,3971.27133105802,2.59,104.8,6653.34850166482,0,>3500,,0,-0.262259140177013,-0.171292074040588,-0.161851889822181,-0.370890432894639,-0.228893137682244,0.0687798566063864,0
021708,-77.6538313971288,-10.1192040932748,2423.28862068966,0,259.3,13741.0493753718,0,1500-2500,,0,-0.190231232948553,-0.0120434752130513,-0.0557050804114251,-0.269027589622799,-0.0787788802109212,0.0361879219891267,0
021709,-77.5398803848427,-10.002753908051,3968.38907849829,3.55,78.3,3397.11136363636,0,>3500,,0,-0.187209955054995,-0.141092873846819,-0.135451067996804,-0.264754857450032,-0.191556737399001,0.0350475672716934,0
021710,-77.3922676588897,-9.73783649308911,4183.00915750916,11.03,146.3,21903.229273661,0,>3500,,0,-0.511317260107537,-0.631600501569871,-0.642346643212696,-0.72311180391953,-0.908415334576226,0.261445340483878,0
021801,-78.4010927803875,-8.87758329869959,721.057112802426,0,1448.9,1728123.71600316,0,500-1500,,0,-0.39845768425325,-0.039664724658095,-0.181152280737517,-0.563504261102723,-0.256188012273815,0.158768526140463,0
021802,-78.076409094384,-8.9609979906427,2852.70845332882,0,529.2,38125.0008285004,0,2500-3500,,0,-0.397144430342936,-0.0236572780511693,-0.109609571886029,-0.561647039611916,-0.155011343127131,0.157723698552415,0
021803,-78.6184515650697,-9.02758242961559,129.118279569892,0,8.5,139154.049025296,0,lowland (<500 m),,0,-0.0104566235612147,-0.00197838190439503,-0.0088744239159513,-0.0147878988568998,-0.0125503306601865,0.000109340976300949,0
021804,-78.1219840868207,-8.77654100911181,2543.58822632301,0,588.1,25816.2898944193,0,2500-3500,,0,-0.278832929427703,-0.0173363575394814,-0.0802270489582936,-0.394329310432878,-0.113458180705989,0.0777478025332345,0
021805,-78.1239697531672,-9.16328570187656,1213.07525,0,357.7,69231.8807136194,0,500-1500,,0,-0.163854080353987,-0.0134316616605262,-0.0616780971276732,-0.231724662686779,-0.0872260014593206,0.0268481596486507,0
021806,-78.3031736424412,-9.14148657176602,491.064749608764,0,458,118242.348595849,0,lowland (<500 m),,0,-0.0612433164004645,-0.00703670993451265,-0.0320084672120739,-0.0866111286582435,-0.0452668084420894,0.00375074380372741,0
021807,-78.442505944799,-9.27945869228625,100.881508078995,0.72,149.7,41803.2322090076,0,lowland (<500 m),,0,-0.00407284862192801,-0.00586837707097795,-0.00500271656128417,-0.00575987775862316,-0.00707490960967656,1.65880958971409e-05,0
021808,-78.609254876266,-8.9922115200915,53.2175824175824,0,41,181662.971855049,0,lowland (<500 m),,0,-0.00350319221589553,-0.000922789678480605,-0.00410117677824361,-0.00495426194331931,-0.00579993982148171,1.2272355701511e-05,0
021809,-78.4361425744393,-9.10010583237534,266.467008470798,0,401.9,1451192.2386126,0,lowland (<500 m),,0,-0.0920541886984631,-0.01328865380147,-0.0600621113708986,-0.130184282130619,-0.084940652485488,0.00847397365693225,0
021901,-77.6154355856558,-8.54029061433996,3322.91535433071,0.66,46.1,45560.1190560056,0,2500-3500,,0,-0.536233326500259,-0.201461006385068,-0.17735421306262,-0.758348442933106,-0.250816733457165,0.287546180449533,0
021902,-77.5607503752475,-8.30020885126515,2871.37253731343,3.22,150.5,12934.2893006575,0,2500-3500,,0,-0.23341836197109,-0.189922395923618,-0.180821127543811,-0.330103413206428,-0.255719690936053,0.0544841317052669,0
021903,-77.4435242266712,-8.46775633910759,3149.4248496994,3.18,89.2,4000.9046728972,0,2500-3500,,0,-0.147538664689665,-0.115318607125007,-0.109829365618595,-0.208651180578541,-0.155322178404651,0.0217676575784095,0
021904,-77.6532056994076,-8.5878105629948,3641.19691119691,0,69.7,23245.000338524,0,>3500,,0,-0.434722600226332,-0.0236405095668582,-0.109811691026434,-0.614790597110176,-0.155297182756707,0.188983739147543,0
021905,-77.6459852135133,-8.36287664812237,3744.67028423773,2.9,173.7,7183.21007502679,0,>3500,,0,-0.251218309580062,-0.17653648383048,-0.167657271569461,-0.355276340524566,-0.237103187284001,0.0631106390682638,0
021906,-77.5300593599425,-8.51213356222214,3519.83570504528,1.36,276.9,29112.2248663102,0,>3500,,0,-0.464202716161421,-0.236865800597906,-0.216390000997295,-0.65648177688591,-0.306021674172302,0.215484161691641,0
021907,-77.5097533727859,-8.39597843243702,2916.4691283293,2.3,148.4,18880.2178747941,1,2500-3500,,52.965490474294,3.18212223928707,4.79642463715402,5.14955347468634,1.77285594733657,2.18376236598522,0.0830367176797649,12.0428652280856
021908,-77.6960366157518,-8.4547931643487,3984.29474583511,1.67,209.1,18910.1644736842,0,>3500,,0,-0.444146558270745,-0.237484696207915,-0.219496234185672,-0.62811808638782,-0.310414551275198,0.197266165223748,0
021909,-77.6204791329569,-8.67163643070648,3635.09279661017,3.14,211.6,55187.5962154294,0,>3500,,0,-0.668281723179993,-0.492274252190336,-0.469245729276174,-0.945093076407209,-0.663613674428018,0.446600461536421,0
021910,-77.5292845790017,-8.63053035159173,3245.33698030635,0.84,82.5,11775.4082299151,0,2500-3500,,0,-0.263844764516231,-0.111552422549753,-0.099380256227489,-0.37313284433999,-0.140544906189028,0.0696140597626256,0
022001,-77.6663968852048,-9.09348485778115,4066.68415874057,1.1,273.6,178837.71385297,1,>3500,,5.59166172758247,-0.693430524733973,1.00350277540862,1.23170655185436,-0.766956094471476,0.976468769334858,1.97435011283112,0.506495779801715
022002,-77.8326940562055,-9.31612008958409,4016.04970568999,1.41,137.2,13450.2805797102,0,>3500,,0,-0.378718411373399,-0.186995781975895,-0.171378208719766,-0.535588713684654,-0.2423653870667,0.143427635113191,0
022003,-77.650132635863,-9.19229985169763,3337.15254237288,2.27,63,54799.0005793743,0,2500-3500,,0,-0.591585877933679,-0.388399500952485,-0.363900902836233,-0.836628771882203,-0.514633592150814,0.349973850970562,0
022004,-77.7589665077217,-9.17748710986228,3020.30608365019,1.59,47.1,12215.0421329822,0,2500-3500,,0,-0.243281780328947,-0.141082635985117,-0.129697916180776,-0.344052393219468,-0.183420552074383,0.0591860246400218,0
022005,-77.9490248401671,-9.31686422227706,3205.23684210526,1.32,371.4,105150.159399188,0,2500-3500,,0,-0.774981595153446,-0.404010440027793,-0.368170491943917,-1.09598948245554,-0.520671702972661,0.600596472826579,0
022006,-77.6966712981299,-9.16010151315196,2954.60245901639,1.65,21.7,23692.135501355,0,2500-3500,,0,-0.328656882659261,-0.195417340277513,-0.179942322775332,-0.464791020823989,-0.254476873313791,0.108015346519303,0
022007,-77.7894867350516,-9.34443715873783,4034.77382875606,2.57,166.8,15085.2738095238,0,>3500,,0,-0.403667265426174,-0.261175338787415,-0.246726074196224,-0.570871721451756,-0.348923360319371,0.162947261176646,0
022008,-77.4980598095468,-9.024117293486,4058.9419924338,1.76,284.1,42344.8628560993,0,>3500,,0,-0.681926166934451,-0.370823608896432,-0.343709749661381,-0.9643892338158,-0.486078989490986,0.465023297149913,0
030101,-72.8716249283548,-13.6358444053048,3393.45789797173,3.39,286.7,610987.581831551,0,2500-3500,,0,-2.02164839345765,-1.58191681044126,-1.51265920576583,-2.85904257637758,-2.13922316404255,4.08706222676988,0
030102,-72.9912912908463,-13.997415908073,3972.87930174564,14.8,176.9,11486.1578947368,0,>3500,,0,-0.3447793446902,-0.496036745350161,-0.511730418495522,-0.487591625286989,-0.723696098115227,0.118872796525004,0
030103,-72.8915245353294,-13.9741652180592,3910.54531596452,10.89,634.6,14763.1213566508,0,>3500,,0,-0.382416291757582,-0.4816103912221,-0.489144836930298,-0.540818306276,-0.691755262351603,0.14624222020162,0
030104,-72.6181414636349,-13.638854997146,3537.00573417981,8.71,860.4,136884.004729375,1,>3500,,7.30545546192224,-0.0265799777552801,-0.362300645577905,-0.368841836474824,-0.026697461081826,-0.390644283042355,1.02693557258877,0.973770922628699
030105,-72.9752894858258,-13.4760947757055,2970.92911601072,3.51,427.3,21776.4875690608,0,2500-3500,,0,-0.317502531074364,-0.265236492644608,-0.253716246631439,-0.44901638553315,-0.358808956980578,0.100807857238627,0
030106,-72.7881476591925,-13.8040161991272,3757.24004017409,6.38,525.9,22020.5428377921,0,>3500,,0,-0.441896416928988,-0.443338650470447,-0.4381211226263,-0.62493590598505,-0.619596833580239,0.195272443294678,0
030107,-73.0317182549928,-13.7847836503483,3343.55662820815,5.92,373.9,20976.6010082823,0,2500-3500,,0,-0.366987720459871,-0.371752466387351,-0.365548604561738,-0.518999011498736,-0.516963794277769,0.134679986968332,0
030108,-72.8140013062585,-13.4888420884666,3138.58695652174,4.61,118,19571.1323987539,0,2500-3500,,0,-0.324759977312397,-0.300745593713536,-0.291829817604351,-0.459279964431171,-0.41270968596094,0.105469042863949,0
030109,-72.8719644285861,-13.5781364250055,3768.69789983845,3.61,54.6,97135.8576804081,0,>3500,,0,-0.932023076726772,-0.721561367211184,-0.692919852664795,-1.3180796755517,-0.979936653276119,0.868667015551239,0
030201,-73.3879174036191,-13.7683500197588,3705.12042818912,9.11,197.2,372392.415072643,0,>3500,,0,-1.78241836664296,-2.11248681274703,-2.12512631860281,-2.52072022792937,-3.0053824615241,3.17701523374615,0
030202,-73.3885807166013,-13.4972913150474,2686.16200852676,2.21,185.6,44102.9946949602,1,2500-3500,,22.674197226663,2.15137172377205,3.34106094107717,3.61696702506209,1.4298598814759,1.88451737399786,0.154465567268497,6.47393472657742
030203,-73.6155653971639,-13.8798455204706,3750.68484122229,9.5,146.7,9613.11764705882,0,>3500,,0,-0.291265392642551,-0.350220350162879,-0.353105936631059,-0.411911468525021,-0.499367204538098,0.0848355289512196,0
030204,-73.0283072757695,-13.6568612647463,3160.45188519978,3.24,156.3,39621.2457448843,1,2500-3500,,25.2389843176275,1.67688087567038,2.35543706051491,2.50586215137251,1.21858260360711,1.56297367601027,0.217662583485627,4.59426688770343
030205,-73.5471992302201,-13.7696184657865,3573.9809976247,12.23,111.1,30512.565829918,0,>3500,,0,-0.485384819336048,-0.666312095149858,-0.680064971770996,-0.686437794475054,-0.961757106373419,0.235598422841888,0
030206,-73.5509592816101,-13.9895854349202,3675.10164835165,20,95.3,5912.33246753247,1,>3500,,169.137984964731,4.2809218553179,2.27535975537623,2.13981024520626,2.02918851887086,1.42519395636718,0.0493170211250943,20.2769749102134
030207,-73.1624853371277,-13.6652341096308,3684.37706788363,4.78,309.1,47615.6575232595,0,>3500,,0,-0.632425191031145,-0.56075813387905,-0.54604248724337,-0.894384282342641,-0.772220691091512,0.39996162225078,0
030208,-73.1297137822103,-13.5360346550331,2715.29785787147,4.09,259.4,25964.5702694871,0,2500-3500,,0,-0.306095958714712,-0.283420052991918,-0.27295052391151,-0.432885056201941,-0.386010332772499,0.0936947359414788,0
030209,-73.3092939459921,-13.5981948385513,3291.83453608247,4.65,170.7,66225.8059666432,1,2500-3500,,15.0998539829577,0.928864283916385,1.13298428129765,1.20050358916796,0.781781253740417,0.957616572434597,0.407241114624673,2.45554774331083
030210,-73.4785139056608,-14.295994431107,4017.08659425681,12.8,590.6,18182.1923244658,0,>3500,,0,-0.440482902695895,-0.590927569443863,-0.605249664550435,-0.622936894986002,-0.855952284228991,0.194025187567401,0
030211,-73.4920971031269,-14.0962877197314,3951.94551971326,15.81,122.8,7082.05438401776,1,>3500,,141.201965669273,3.45209635650071,2.10588519826149,2.00714998265138,1.8439820778185,1.37004150028675,0.0722295994660812,13.8447396550994
030212,-73.6575825873763,-13.7894812722524,3255.65617314314,23.09,178.5,23920.1321003963,0,2500-3500,,0,-0.37770321984417,-0.716047842779737,-0.753875000462295,-0.534153016055612,-1.0661402499878,0.142659722280654,0
030213,-73.2740682658612,-13.7166250289319,3967.21635977337,5.35,248.6,178829.681978002,1,>3500,,5.59191286893308,-0.621219863266849,-0.421019648671919,-0.379934046552851,-0.680901036835026,-0.403034548489785,1.84345421162368,0.542459906893602
030214,-73.603013555385,-13.962146429965,3445.34443288241,15.08,84.9,13107.1727435744,1,2500-3500,,76.2941039661077,3.0046104634015,1.69835424010662,1.61884046234144,1.72251070441979,1.18966298838296,0.0914390636324629,10.9362449731493
030215,-73.54626765012,-13.6611552339129,3693.28087986464,8.9,156.1,68164.7378372147,1,>3500,,14.6703417592263,0.557933259393681,0.230403141719006,0.220829339348145,0.504672714810864,0.212577082357213,0.576408355384114,1.73488116655354
030216,-73.4530279741947,-13.6274900150496,3242.2533557047,7.02,158,160858.070163868,1,2500-3500,,6.21666043227604,0.0529174300022186,-0.150468466640819,-0.133300528883465,0.0524487433515168,-0.136225994967471,0.948464177654187,1.05433607674385
030217,-73.458195430618,-13.96921982574,4070.46873184898,14.65,453.4,15183.2274368231,3,>3500,,197.586449421436,6.90814258575937,4.57483733309912,4.39974247939521,3.41007606978511,2.72783716544619,0.168053479753869,17.8514601684761
030218,-73.4722046177706,-13.7905906278235,3727.41951566952,5.49,123.8,29739.2710428798,1,>3500,,33.6255720107645,1.4609729280433,1.61705597376498,1.66750054357081,1.10715190984781,1.21395834195726,0.257966281577206,3.8764756148982
030219,-73.2794085363717,-13.5115429651766,2692.00787401575,5.78,112.1,13672.3324084351,0,2500-3500,,0,-0.219487572375793,-0.238477685811155,-0.233685164987873,-0.310402301626192,-0.330480729651244,0.0481747944274188,0
030220,-73.3239692115643,-13.8092477114622,4058.88861013547,12.45,175.2,37705.4000899079,0,>3500,,0,-0.643473788456153,-0.849182430346439,-0.868643459073662,-0.910009358666288,-1.22844736068865,0.414058516430114,0
030301,-72.7501464290253,-14.5179745581986,4513.89213973799,11.04,602.9,22469.2518134715,2,>3500,,89.0105294383187,2.90021144330268,2.20250840287884,2.13935391543974,1.96364362333429,1.60492564013697,0.331122992903974,6.04005171147991
030302,-73.0352128574927,-14.1578068658987,4091.60315374507,17.21,66.6,4781.06101694915,0,>3500,,0,-0.231695161411944,-0.353025587236727,-0.367086929494437,-0.327666439604995,-0.519139314260929,0.0536826478217068,0
030303,-72.7867023465614,-14.3402767306719,4317.076,12.51,351,16319.246882793,3,>3500,,183.832012687007,6.04579189884562,4.43857821582244,4.3072255630605,3.21056412872024,2.69553233989495,0.212569821016073,14.1130099543771
030304,-72.9084035177471,-14.558580532417,4502.8364265928,12.01,632.6,13649.2268859898,0,>3500,,0,-0.446971917751683,-0.558262040763655,-0.570640359073706,-0.632113748084341,-0.807007335039488,0.199783895258617,0
030305,-72.5231012485214,-14.4359378391918,4571.05620082428,12.65,1171.7,18492.0820083682,1,>3500,,54.0771990707953,1.35132883114454,0.805031716693855,0.752011295717196,1.04633267631276,0.655253169733823,0.282173741456251,3.54391586842621
030306,-72.9791129291719,-14.2190020383159,4046.10352760736,13.89,229.3,8483.05866177819,0,>3500,,0,-0.303884680854912,-0.421920802249272,-0.433962756133688,-0.429757837062436,-0.61371601528907,0.0923458992582917,0
030307,-72.9801487498001,-14.3229690851774,4011.24975173784,12.22,176.6,8524.7,0,>3500,,0,-0.301003394492262,-0.39562716515236,-0.404263907213333,-0.425683082811295,-0.571715500359034,0.090603043495864,0
030401,-73.2292900951203,-14.2942536990595,3864.44573944574,13.7,339.1,41393.3415956623,1,>3500,,24.1584748041891,0.957590823409698,0.246796727159331,0.192537239595481,0.801409097947795,0.186274030588972,0.396796469107737,2.52018371597073
030402,-73.3538543354671,-14.1155990051597,3818.8253968254,13.85,83.3,4615.199669967,0,>3500,,0,-0.206906988687443,-0.293159409627398,-0.30130043655315,-0.292610669551558,-0.426103163722399,0.0428105019677055,0
030403,-73.0945045239289,-14.4193622804922,4264.6993513926,15.19,230.3,7144.76817702845,0,>3500,,0,-0.299955579406986,-0.425260733076558,-0.43961623550123,-0.424201248506839,-0.621711242485244,0.0899733496173806,0
030404,-73.0867748484339,-14.0078018711527,3562.85578992682,13.92,204.1,14941.3486333161,0,>3500,,0,-0.338195296336458,-0.492876925641621,-0.506325419185168,-0.478280374809807,-0.716052274785907,0.114376058464105,0
030405,-73.2582705313212,-13.9769309080131,3553.24042145594,14.67,91.8,5484.04993065187,0,>3500,,0,-0.204126237228764,-0.30495521907641,-0.314096812317446,-0.288678093125107,-0.444199971877489,0.0416675207251738,0
030406,-73.2951169901863,-14.5889231046281,4348.05867785303,14.26,1735.4,19450.324865281,1,>3500,,51.4130230176777,1.4587976273094,0.742849082666477,0.678707634925958,1.10597406245958,0.599852870277449,0.258419929354733,3.86967058808881
030407,-73.2440287375169,-14.0979331008126,3377.60774818402,8.49,72.8,3574.36266094421,0,2500-3500,,0,-0.153629412323031,-0.182554941163238,-0.18281911169363,-0.217264798486639,-0.258545267218134,0.0236019963307199,0
030408,-73.19781713437,-14.1304318661029,3446.49609035621,14.32,101,5698.70816599732,0,2500-3500,,0,-0.199480518209186,-0.298147509944614,-0.306613793015688,-0.282108054280644,-0.433617384493443,0.0397924771450053,0
030409,-73.2454571650691,-13.9158693533811,3790.27210884354,12.11,103.8,11590.0831185567,0,>3500,,0,-0.32449768395061,-0.433845332814283,-0.442852012949396,-0.45890902560161,-0.626287322837261,0.10529874688931,0
030410,-73.0876798550862,-14.2240054625263,3693.25728643216,10.39,87.6,8195.11480075901,0,>3500,,0,-0.263244272017143,-0.331541546461973,-0.335730964549717,-0.372283619703676,-0.474795283374811,0.0692975467498356,0
030411,-73.1938226110023,-13.8849831195491,3913.29390354868,13.7,96.2,5978.15433673469,0,>3500,,0,-0.24358650452439,-0.340311309443469,-0.349659183577606,-0.344483338309448,-0.494492759623754,0.0593343851864108,0
030412,-73.3582627647635,-14.3325306692492,4075.49472422062,12.75,365.2,8759.19788918206,0,>3500,,0,-0.311900211784322,-0.415441523616454,-0.42549071970824,-0.441093509612428,-0.601734746475283,0.0972817421111047,0
030413,-73.2840069615843,-14.1707512670633,3553.66862745098,10.34,44.4,5651.02156334232,0,>3500,,0,-0.207244995352956,-0.264217182497356,-0.2673831238046,-0.293088683162099,-0.37813684003415,0.0429504880988468,0
030414,-73.1179400592722,-14.1056177487592,3659.785,16.15,158.2,14958.2076843198,0,>3500,,0,-0.351194888985888,-0.542014819030683,-0.561146496758168,-0.496664575039957,-0.793580986193551,0.12333785004981,0
030415,-73.1344841105714,-13.9034905368342,3305.54922600619,15.28,142.4,17447.5517241379,0,2500-3500,,0,-0.329441824220309,-0.515051355095548,-0.531179765732925,-0.465901095825294,-0.751201628757666,0.108531915545605,0
030416,-73.3137300398852,-14.0246493723827,3720.65815528921,16.02,168.6,9767.83704842429,0,>3500,,0,-0.290351510214299,-0.443732846342658,-0.459287571511519,-0.410619043600572,-0.649530712660993,0.0843039994837242,0
030417,-73.1598061329045,-14.2313232776048,3753.97051390059,12.92,104.4,7712.22365805169,0,>3500,,0,-0.261199862144952,-0.360910179280044,-0.369569462620432,-0.369392387535375,-0.522650146276752,0.0682253679845422,0
030501,-72.2129049928291,-13.9170456912798,3923.49550547962,11.12,715.1,85660.0045303254,10,>3500,,116.740596207414,9.88089222257731,7.33513294454448,7.17525628149202,5.55572510486258,4.66789821071434,0.856342628303898,11.6775688485885
030502,-72.3412936786733,-13.75127845503,3587.58546433378,4.73,327.4,32349.1293714845,0,>3500,,0,-0.502414343244727,-0.447791358485129,-0.43568796183696,-0.710521178147465,-0.616155824592521,0.252420172298031,0
030503,-72.3952674798248,-13.9189466346148,3999.77551448971,12.15,419.5,54022.0042274053,4,>3500,,74.043902243279,4.54512914298619,3.04798878449994,2.94167391574223,2.95496209068802,2.2249572141568,0.569626674379518,7.02214306301072
030504,-72.2305394022945,-14.2771545614099,4075.12977099237,12.4,484.7,77316.9171747967,5,>3500,,64.6689001929046,4.46984092736986,2.88402332365973,2.76502337510817,3.05568124182263,2.18994898110772,0.858487278514036,5.82419812749532
030505,-72.1153589604677,-14.0451289076924,3718.80766192733,6.39,222.3,48953.0933398153,1,>3500,,20.4277182865309,0.889960656066343,0.872897682206517,0.898855978807361,0.754794415290295,0.761006375308112,0.421921643441488,2.37010832590455
030506,-72.3103952431048,-14.1714314158591,4153.17131242741,10.18,454.1,140444.048164044,3,>3500,,21.3608197657183,1.05812133615596,0.42818648888102,0.383699116583733,0.947473996254417,0.369314552903524,1.64349883307201,1.82537397631882
030601,-73.7481778735675,-13.5186357858403,3125.52411994785,7.83,135.4,43840.072345813,0,2500-3500,,0,-0.483262382730401,-0.569839377723753,-0.567880821069879,-0.68343621584207,-0.803104758968591,0.233542530562264,0
030602,-73.6692722267021,-13.5442945626117,3720.1012536162,4.19,91,84197.0410270723,1,>3500,,11.8769019409894,0.3210385651188,0.700406133828336,0.771010509920191,0.30351358735434,0.66932506939942,0.726384609307512,1.37668115098603
030603,-73.7478527302561,-13.6115533801102,2959.96254071661,10.25,108.2,13965.8583521445,0,2500-3500,,0,-0.252967080611071,-0.343923729313067,-0.347227220412111,-0.357749476234105,-0.491053444331919,0.0639923438728882,0
030604,-73.7257762165517,-13.305689501999,2762.26768257619,5.19,306.6,48887.7062609713,0,2500-3500,,0,-0.430107051315938,-0.440804727891253,-0.429724634612066,-0.6082632252433,-0.607722406354206,0.184992075591691,0
030605,-73.5196017169833,-13.5061068875484,3106.61547811994,4.51,216.9,55932.6489824561,0,2500-3500,,0,-0.541292827936961,-0.498210773699133,-0.482855366271117,-0.765503658483736,-0.682860607645242,0.292997925575992,0
030606,-73.6506567545351,-13.4153189852797,3174.67438271605,5.16,114.7,18811.0801495017,0,2500-3500,,0,-0.323469870541729,-0.313905486475234,-0.30637113416077,-0.457455477939183,-0.433274213049788,0.104632757148283,0
030607,-73.6525001287767,-13.6684558952441,3307.3994011976,10.89,146.8,22034.1893342878,0,2500-3500,,0,-0.370506984163203,-0.496727691330502,-0.503615890170022,-0.523976001957555,-0.712220422105045,0.137275425313712,0
030608,-73.5963007253453,-13.5476354871026,3811.46031746032,6.76,100,33060.3430743645,1,>3500,,30.2477199873772,1.25832073956921,1.20167152462977,1.22218824478145,0.99233997012902,0.9707461341839,0.305032562552889,3.27833852107711
030609,-73.6173521283595,-13.4555809114719,3353.02852614897,7.56,55.4,22216.0800711744,0,2500-3500,,0,-0.379156263899799,-0.428635795226882,-0.426721196988247,-0.536207930665808,-0.60347490413286,0.143759472454454,0
030610,-73.5550441253136,-13.3977047584721,2758.68296296296,4.94,59.7,14116.0945190157,0,2500-3500,,0,-0.230703073311531,-0.231322299562398,-0.224944397418545,-0.326263415158322,-0.31811941760915,0.0532239080353858,0
030611,-73.7913538470296,-13.3899164276246,2884.01041666667,6.23,144.1,8364.02380952381,0,2500-3500,,0,-0.188847555762258,-0.206887002882692,-0.203643329745157,-0.267070774579994,-0.287995158812418,0.035663399317379,0
030612,-73.7896297192946,-13.4669335331658,2914.06306306306,6.71,29.1,4316,0,2500-3500,,0,-0.137618292465502,-0.15531905311148,-0.153473413160869,-0.19462165563534,-0.21704418235579,0.0189387944211204,0
030701,-72.7746126051855,-14.1173603389936,4194.44515595951,12.4,425.7,41074.0999055713,1,>3500,,24.3462425786319,0.719933698880059,0.178859015224176,0.133120807048918,0.631227488560728,0.130137775813515,0.493995792870613,2.02430873791251
030702,-72.6498205325165,-13.9688718455913,4123.72891907187,14.55,310.4,15379.449326011,1,>3500,,65.0218339293019,1.96045318611974,1.09938569353557,1.02987493541338,1.34989448400048,0.849692817138294,0.176462892293914,5.66691380267312
030703,-72.5596731049714,-13.8306583707889,3779.47334004024,14.46,349.9,21013.9670369043,0,>3500,,0,-0.435218369513065,-0.63124526337268,-0.650115160837415,-0.615491720759282,-0.919401677560639,0.189415029161611,0
030704,-72.4958230462392,-13.9664876767383,3632.39034776437,12.91,124.3,10480.9357400722,0,>3500,,0,-0.29093220706268,-0.40682168439517,-0.416422908597968,-0.41144027295918,-0.588910925022098,0.0846415491063621,0
030705,-72.5667946989156,-14.2120172000511,4031.48106591865,13.8,62.7,7012.02777777778,0,>3500,,0,-0.274902039026306,-0.381072658260055,-0.391805570528609,-0.38877019191502,-0.554096751654887,0.0755711310608208,0
030706,-72.5747085528162,-14.139930750492,4002.70588235294,19.92,104.9,7047.72454448017,0,>3500,,0,-0.272881771671405,-0.44792534533014,-0.469103827635041,-0.3859131024221,-0.663412995202606,0.0744644613105251,0
030707,-72.7577242479128,-14.2260639279297,4337.5244047619,10.57,146.5,6197.39803439803,1,>3500,,161.358040011244,3.21067719013897,2.5834321474854,2.53437963105373,1.78067810870094,1.57290608608592,0.0817884883002031,12.2266595309785
030708,-72.4470301695879,-14.0986760085587,4211.22124542125,11.53,240.7,25657.4520976832,2,>3500,,77.9500627102641,3.02194206891622,2.14590684065197,2.07821813409205,2.01382591296231,1.57228012713772,0.312009452513882,6.41006220768589
030709,-72.6062428902546,-14.1756496583362,3792.96219931272,13.8,25.4,2114.17625899281,0,>3500,,0,-0.138728413497143,-0.196736172131234,-0.202148319302805,-0.196191603854162,-0.285880894768954,0.0192455727114342,0
030710,-72.6604428589356,-14.125956011274,3611.04885057471,11.97,31.1,4388.21006944445,1,>3500,,227.883347463947,5.16886286378187,3.70187484658292,3.62071068828855,2.18684439053606,1.88541412878439,0.0348647335504904,28.6822785710328
030711,-72.6370459927654,-14.2320015236822,3850.55094991364,14.83,51,5005.22085889571,0,>3500,,0,-0.217954060422792,-0.317546497250047,-0.32751939950016,-0.308233588224198,-0.463182376713418,0.0475039724547821,0
030712,-72.6362337166037,-14.0786461938523,3128.0945945946,14.18,6.6,10559.0370931113,0,2500-3500,,0,-0.237439898933159,-0.366326791156865,-0.376161251853167,-0.335790725319771,-0.531972344009991,0.0563777056053889,0
030713,-72.6773395771821,-14.2910514101545,4473.60185185185,10.13,114.3,4995.93562874251,0,>3500,,0,-0.267990270343223,-0.310619477465149,-0.314773247949075,-0.378995474903418,-0.445156596321811,0.0718187849986337,0
030714,-72.5320489071048,-14.1027756441529,3925.56996148909,13.73,136.5,9700.28582739509,0,>3500,,0,-0.311633942903432,-0.435301876534519,-0.447322958338487,-0.440716948549836,-0.632610194443143,0.0971157143695394,0
040101,-71.5384593586605,-16.4066579478134,2325.9921875,2.61,11.4,438376.895281013,1,1500-2500,,2.28114211940611,-0.0302191158738983,0.418271925237012,0.545618947078519,-0.0303709233052164,0.494691158196515,1.0306791626522,0.970234032312003
040102,-71.4858520289614,-16.3309608112267,3104.44315245478,2.38,67.8,715974.810232441,0,2500-3500,,0,-1.93476379805028,-1.33328416180272,-1.25122270168894,-2.73616920319118,-1.7694961142776,3.74331095424594,0
040103,-71.4569371485682,-16.2526797741574,3843.51026502426,2.62,233.5,835400.725463322,2,>3500,,2.39406064543549,-2.09658813984655,-0.795301175840674,-0.630624118817725,-2.50761789757643,-0.675233255503141,7.88862244917625,0.253529689484486
040104,-71.576586150775,-16.3044486348347,3188.11221449851,0.5,175.4,1826049.05205742,0,2500-3500,,0,-3.20569594757228,-1.07853534274223,-0.935881505439763,-4.53353868590118,-1.32353631776706,10.2764865082813,0
040105,-71.382847578095,-16.4577513199595,3322.40707070707,3.65,86.4,131020.304410797,0,2500-3500,,0,-0.909156649482203,-0.741466336100607,-0.711492074278686,-1.28574166401941,-1.00620174096588,0.826565813297705,0
040106,-71.3586166343173,-16.3756258610105,3701.44268476621,4.63,230.9,25236.5457792208,0,>3500,,0,-0.463369237554634,-0.404267943928245,-0.393045985385167,-0.655303060136244,-0.555850963168001,0.214711050311963,0
040107,-71.5626120906266,-16.4587011236786,2318.1974789916,0.95,20.6,420148.161677229,1,1500-2500,,2.38011275833746,0.0215467327309178,1.49279263714683,1.78456309755931,0.0214692190499305,1.27033755008386,0.978684147735729,1.02178011395565
040108,-71.7958048825678,-16.5884112642038,1645.67926646707,0,697,312152.695682886,0,1500-2500,,0,-0.530678630986277,-0.0388194333609074,-0.178827864895676,-0.75049291720238,-0.252900791865689,0.281619809385469,0
040109,-71.4628733383324,-16.3753836938097,2954.70570570571,1.91,29,521411.387094233,0,2500-3500,,0,-1.54188466617923,-0.979637072883967,-0.908736548312479,-2.18055420652578,-1.28514755124762,2.37740832379865,0
040110,-71.4712704511301,-16.3564669069268,3135.27960526316,2.02,26.2,515271.937877481,1,2500-3500,,1.94072280380574,-1.06296363717422,-0.117747651070618,0.0256911915580023,-1.2250146507343,0.0255809542762045,2.76871306034192,0.361178633612725
040111,-71.4738463723537,-16.5040802256746,2584.01388888889,0.84,31.3,55002.1678548283,0,2500-3500,,0,-0.415973735406448,-0.191490141865567,-0.170189553029928,-0.588275698202796,-0.240684374069139,0.173034148547993,0
040112,-71.4779812719605,-16.4200505802232,2604.70679012346,1.58,28.5,1079341.44279332,0,2500-3500,,0,-1.86316021380004,-1.13861490720702,-1.04478295760966,-2.63490644322997,-1.47754622838785,3.4713659822874,0
040113,-71.3321681503441,-16.4988888901517,3617.4306122449,6.38,170.2,3591.26419213974,0,>3500,,0,-0.169330267447655,-0.172305264424141,-0.17020996056956,-0.239469160744737,-0.240713234688461,0.0286727394738944,0
040114,-71.3574020651591,-16.641976219868,3077.57230231542,3.61,399.1,6353.63755980861,0,2500-3500,,0,-0.180079565021653,-0.150369853998001,-0.144095590363461,-0.25467096315987,-0.203781938170164,0.0324286497383879,0
040115,-71.4432151575909,-16.5441758755402,2758.50620347395,0.52,35,54316.866064092,0,2500-3500,,0,-0.452506617649938,-0.163578233399117,-0.142008120722296,-0.639940995744118,-0.200829810292587,0.204762239016987,0
040116,-71.4602287011403,-16.4482640590077,2710.62711864407,1.89,35.9,36894.3943252904,0,2500-3500,,0,-0.364009129716244,-0.237702818802558,-0.220183758380608,-0.51478664807234,-0.311386857316137,0.132502646516778,0
040117,-71.5762454154226,-16.4211685364523,2254.39634146341,0.69,14.3,221260.774376027,1,1500-2500,,4.51955391921627,0.757074954089095,2.96141485328998,3.44939975579143,0.659015071518858,1.84330164609658,0.477080597607157,2.09608188850185
040118,-72.1634165322519,-16.4050540193694,1253.13381995134,0,35.8,4568.53078202995,0,500-1500,,0,-0.0440273689830143,-0.0035655551137959,-0.0163785664419297,-0.0622641023313834,-0.0231627907944059,0.00193840921956649,0
040119,-71.0970905176016,-16.1937942713442,4441.29495325738,9.36,2391.4,10379.9223946785,1,>3500,,96.3398339579758,2.23243635750596,1.90315036731856,1.87776451039927,1.46196920617787,1.31323402971617,0.146251852307718,6.83752023800676
040120,-72.0632004407552,-16.2676699770822,1790.51260104612,0.97,183.3,5249.68513119534,0,1500-2500,,0,-0.0773428043830838,-0.0435816350565476,-0.0388663313607233,-0.109379242910526,-0.0549652929300217,0.00598190938983996,0
040121,-72.1441013970953,-16.5228111158103,1191.13856529736,0,425.8,61432.6901349659,0,500-1500,,0,-0.150499054277469,-0.0124212509571854,-0.0570274172012782,-0.212837803683521,-0.0806489468331564,0.0226499653384125,0
040122,-71.5346796854415,-16.4736407182535,2347.37883959044,0.47,25.6,658958.169052523,0,1500-2500,,0,-1.2605754167266,-0.462319497467557,-0.398643433099994,-1.78272285072888,-0.563766949640983,1.58905038125544,0
040123,-71.5989884873068,-16.4634470097105,2366.19203747073,0.34,37.3,137292.031576448,1,1500-2500,,7.28374391811058,1.1370698766446,5.25986827998992,5.64741741403552,0.918462144400294,2.25914871855202,0.338471771074763,2.95445613329779
040124,-71.6905474497124,-16.4609246087239,2147.12062880975,0.22,271.1,132427.311938301,0,1500-2500,,0,-0.499487051350332,-0.134263590321987,-0.152829663470531,-0.706381362249387,-0.216133782812941,0.24948731446665,0
040125,-71.9877133932274,-16.4891774522323,1506.19196732471,0.4,1534.4,37027.5625577101,0,1500-2500,,0,-0.161684591195474,-0.0650506142879624,-0.0562641165811601,-0.228656541695389,-0.0795694767440175,0.0261419070300477,0
040126,-71.550405050733,-16.3947445752292,2342.70454545455,2.61,3.7,212435.248783478,1,1500-2500,,4.70731672698647,0.687257694545399,1.18556210994328,1.33164688859269,0.606405980254607,1.03509485480358,0.509459824791825,1.96286331392003
040127,-71.5498778765647,-16.6135134822366,2628.29996418338,0,486.8,12484.6201079622,0,2500-3500,,0,-0.202898566103979,-0.0124617919867001,-0.0576888933629764,-0.286941903970301,-0.0815844153922164,0.0411678281270507,0
040128,-71.6062667456878,-16.1309345905867,3566.17463343774,2.81,1923.2,338691.711446402,0,>3500,,0,-1.61225842285608,-1.1374507933384,-1.07797536210928,-2.28007772765332,-1.52448737699899,2.59937722207036,0
040129,-71.5234734164988,-16.4314913542862,2351.91538461538,0.95,11.2,663656.979273289,0,1500-2500,,0,-1.26844716405885,-0.639488550348282,-0.571327492090367,-1.79385518256571,-0.807979087870804,1.60895820800893,0
040201,-72.7128796100458,-16.6309134888773,11.984126984127,0,11.1,100894.524698561,0,lowland (<500 m),,0,-0.000331576962037874,-0.000152390320724323,-0.000666798157801794,-0.00046892063668443,-0.000942994998128692,1.09943281754266e-07,0
040202,-72.7366064020961,-16.5964901827705,88.0978260869565,0,16.2,37700.2764262648,0,lowland (<500 m),,0,-0.00320635880483484,-0.000699709344291291,-0.00312616596380844,-0.00453447610763182,-0.00442106630424705,1.02807367853419e-05,0
040203,-73.1361296774565,-16.0782392047553,1593.2714868256,0.37,555.1,69121.6118043424,0,1500-2500,,0,-0.238781061297054,-0.0908082931438752,-0.0814149793992189,-0.337687415324135,-0.115138168046701,0.0570163952341473,0
040204,-72.8322557580366,-16.4556106193259,743.85467330794,0.32,593.5,51591.5074556585,0,500-1500,,0,-0.0718779577509139,-0.0340140094958187,-0.0323110712693611,-0.101650782687023,-0.0456947552039342,0.00516644081044216,0
040205,-72.6340718884964,-16.4794049444685,766.929746554024,0,390.8,61974.3759725702,0,500-1500,,0,-0.0821820899278347,-0.00799463263503595,-0.0365357399836595,-0.116223026160109,-0.0516693389962282,0.00675389590490671,0
040206,-73.0108558753595,-16.27794445375,1286.57639356299,0.09,1421.4,32178.1920627144,0,500-1500,,0,-0.121184648557931,-0.0263035562305455,-0.0446529084831517,-0.171380973542043,-0.0631487487762778,0.0146857190461091,0
040207,-72.3519913455339,-16.7007702451879,645.916997578693,0,897.2,8628.69561068702,0,500-1500,,0,-0.0241776293369582,-0.00250772631123562,-0.0114398372917135,-0.0341923313143559,-0.0161783730492827,0.00058455776035534,0
040208,-72.6524441965226,-16.6013347216788,398.843032159265,0,113.1,133048.761378972,0,lowland (<500 m),,0,-0.0487120068525333,-0.00604888729446203,-0.0274553064514884,-0.0688891807412637,-0.0388276667428044,0.00237285961160125,0
040301,-73.3318451196367,-15.8291337599588,2139.50836506288,0,754.1,34102.4004287756,0,1500-2500,,0,-0.252227771955293,-0.0167285620772444,-0.0772744813097948,-0.356703935906323,-0.109282619493658,0.063618848945531,0
040302,-74.5274367395523,-15.3908925737599,1180.82935345799,0.19,774.5,41781.169848455,0,500-1500,,0,-0.122630599824621,-0.0385594905417621,-0.046614262957917,-0.173425857433926,-0.065922522875112,0.0150382640133463,0
040303,-73.5383727274546,-16.0529929366376,1452.93303106255,0.07,3093.3,48208.8586675848,0,500-1500,,0,-0.17552070115597,-0.0324875491134147,-0.0618821243120541,-0.248223756052008,-0.0875145394705648,0.0308075165342833,0
040304,-74.3036406158076,-15.6891603206057,1153.27569901316,0.32,423.1,3814.65720081136,0,500-1500,,0,-0.0358627028124623,-0.0144078682142551,-0.0137494163723941,-0.0507175207007399,-0.0194446111085544,0.00128613345301499,0
040305,-74.7274008657044,-15.3429394962981,807.980609418283,0.53,1576.2,23930.1938009788,0,500-1500,,0,-0.0548894991271788,-0.0316551103528994,-0.027156466892039,-0.0776254740975224,-0.0384050437848574,0.00301285711443256,0
040306,-73.4317539011451,-15.5406411352075,3301.76025713746,1.04,1384.7,4894.51592356688,0,2500-3500,,0,-0.174211537260368,-0.0806205549699853,-0.0726138121384822,-0.246372318715478,-0.102691437941854,0.0303496597146205,0
040307,-74.1895951034641,-15.7693594520021,685.419958953309,0,340.2,82160.8418170757,0,500-1500,,0,-0.0809948812498174,-0.00821672305313965,-0.0375066156036142,-0.11454405954629,-0.0530423644653455,0.00656017078867202,0
040308,-73.9451443602012,-15.824815113403,1592.93684027375,0.16,1501.5,28520.0538609508,0,1500-2500,,0,-0.15333519356991,-0.0398851306170649,-0.0522852744924413,-0.216848710335671,-0.0739425442996106,0.0235116815871219,0
040309,-74.0628118719769,-15.5557424481704,2428.97612272671,0.4,705.2,25850.3027989822,0,1500-2500,,0,-0.261766411169795,-0.0881064214809023,-0.0765874169004634,-0.370193608850056,-0.108310963687758,0.0685216540167141,0
040310,-74.3981587152694,-15.4490875681948,1311.58080495356,0.42,422.8,12696.0309148265,0,500-1500,,0,-0.0781756894576676,-0.0338602780400426,-0.028855497104794,-0.110557120278901,-0.0408078353546172,0.00611143842218168,0
040311,-74.9351626258048,-15.3866925973101,349.286190009794,0.23,446.3,12651.8843669251,0,lowland (<500 m),,0,-0.0125011917363903,-0.00675456008983714,-0.00739354585155522,-0.0176793548994296,-0.0104560528172967,0.000156279794829993,0
040312,-73.7304295884937,-15.5673060065655,3086.40153431125,1.46,1036,15231.0084077772,0,2500-3500,,0,-0.27992370416152,-0.154919530751556,-0.141839485858536,-0.395871898854936,-0.200591324581168,0.0783572801515062,0
040313,-74.4287552293549,-15.6335196157709,821.452790735081,0.43,542.9,16339.4486540379,0,500-1500,,0,-0.046406148407681,-0.024193439373272,-0.0205412153485088,-0.0656282044556411,-0.0290496653334875,0.00215353061003571,0
040401,-72.5681890439775,-16.0271967008603,1532.47572815534,0,619.2,71920.0938511327,0,1500-2500,,0,-0.230797372112269,-0.0173382265130308,-0.0798117968687202,-0.326396773801241,-0.112870925569111,0.0532674269739291,0
040402,-72.3768235001182,-15.4850431120203,4166.55635757912,2.17,472.2,8033.31425800194,0,>3500,,0,-0.307974437805524,-0.182354298932284,-0.170860754875867,-0.435541626808802,-0.241633596822756,0.0948482543416288,0
040403,-72.2850801370651,-15.6409504433947,3275.1326405868,1.06,285.7,1818.2050209205,0,2500-3500,,0,-0.104996743546475,-0.0491593962490356,-0.0443159538139799,-0.148487818728435,-0.0626722229132301,0.0110243161553642,0
040404,-72.1160693385962,-15.182018640672,4720.66116185605,8.87,1197.6,12940.1947115385,3,>3500,,231.835769621378,5.99231262535006,5.53935774014702,5.49276957833488,3.1971724301059,3.06548516201647,0.215869054459466,13.8973138484901
040405,-72.3852775720249,-15.350611886361,4005.51796837566,2.51,182.5,8363.35461689587,0,>3500,,0,-0.297551744075245,-0.190986167782303,-0.180191690635912,-0.42080171197898,-0.254829532724244,0.0885370404022203,0
040406,-72.0686889989595,-15.4140550814908,4344.16895684149,4.03,904.4,5252.05043227666,0,>3500,,0,-0.263831109740278,-0.203606099814091,-0.196903920027307,-0.373113533570646,-0.278464194187044,0.0696068544667866,0
040407,-72.3681797963009,-16.0123690399157,1922.43810148731,0.5,798.1,12765.1429479034,0,1500-2500,,0,-0.133076817554294,-0.0540798650502822,-0.0466794172316692,-0.188199040222733,-0.066014664932699,0.0177094393703789,0
040408,-72.4717611976141,-15.6011216276151,4168.06267705382,1.22,247.2,3573.39669421488,0,>3500,,0,-0.205506326612924,-0.0937195990823493,-0.0853012260450078,-0.290629834249472,-0.120634150759903,0.0422328502779377,0
040409,-72.2484311889106,-15.1160307302747,4572.97960652591,9,729.6,68838.1967923203,1,>3500,,14.5268186355451,-0.0503537772500536,-0.222435228953058,-0.237641614628707,-0.050774522900131,-0.24683642153104,1.05163748518195,0.950898017701402
040410,-72.6190861032534,-15.6707617445095,3933.65890455887,2.7,266.1,14668.29218107,0,>3500,,0,-0.38430822778572,-0.256693826367505,-0.243031747517864,-0.543493907866133,-0.343698793426997,0.1476928139438,0
040411,-72.4996835301789,-15.7507634148621,2315.08860759494,1.64,55.5,3405.22727272727,0,1500-2500,,0,-0.0888968523179696,-0.0577379502695696,-0.0530140624805729,-0.125719134200351,-0.0749732061565208,0.0079026503520429,0
040412,-72.3831490852753,-15.7570822937567,2968.40588235294,0.49,340.6,1618.07766990291,0,2500-3500,,0,-0.0864454600424594,-0.0295975879217753,-0.0256375468939908,-0.122252341997628,-0.036256966523458,0.00747281756195245,0
040413,-72.5255706738742,-16.2615773381721,1144.48550997365,0,693.8,52139.1181078638,0,500-1500,,0,-0.131189088653401,-0.0109902581562681,-0.0504364898342421,-0.185529388409005,-0.0713279679620779,0.0172105769817098,0
040414,-72.5669078802045,-15.6163670767882,4232.76392405063,6.46,137.2,12020.6204002582,0,>3500,,0,-0.385041785145073,-0.371579668834323,-0.367895375658401,-0.54453131463251,-0.520282629790455,0.148257176307705,0
040501,-71.5501375457669,-15.6400784629545,4505.91834532374,3.06,243.1,47196.3108607936,0,>3500,,0,-0.831939107877764,-0.55903240536982,-0.533384574173932,-1.17653956942931,-0.754319698757372,0.692122679216449,0
040502,-71.6958543822516,-15.8221135535397,4395.47587195413,6.89,366.2,6652.525,1,>3500,,150.318863890027,3.01170472409342,3.08634267861062,3.10965859246344,1.72458163362962,1.75266827225157,0.0910806144966992,10.9792847306299
040503,-71.9594090796048,-15.6746371965206,4154.50803554547,7.35,462.3,16887.1633317822,0,>3500,,0,-0.44473860674885,-0.458223253274082,-0.456551224922274,-0.628955369375138,-0.645660934203129,0.197792428332908,0
040504,-71.2484063656472,-15.521158806431,4506.30281370547,10.69,1543.6,11017.4337771549,1,>3500,,90.7652380968737,2.08554239511298,1.62400657357664,1.58280920276594,1.4029960045788,1.17133533199222,0.16160621404474,6.18788086776884
040505,-71.7966838766386,-15.1516063905678,4641.38364926154,12.08,1508.3,29484.1186121571,3,>3500,,101.749692417905,3.69401152155467,2.68842724015934,2.59026374694041,2.46354634816152,1.94975107707962,0.469327025455392,6.39213136530776
040506,-71.6412285650221,-15.5913207099413,4187.08403361345,6.32,114.3,9099.28247602441,0,>3500,,0,-0.330008605930736,-0.316604203203654,-0.313083580303218,-0.466702646207085,-0.442767045421136,0.108905679988348,0
040507,-72.1604642332718,-15.7962324196458,3475.81463414634,4.51,716.4,5322.33185840708,0,2500-3500,,0,-0.195054228183893,-0.172158141561728,-0.167048034473064,-0.275848334895878,-0.236241595919575,0.0380461519324143,0
040508,-71.8279360315349,-16.0064161432379,3750.93771950363,3.54,372.7,7929.43968095713,0,>3500,,0,-0.264556560544994,-0.203365542030307,-0.195090948458137,-0.37413947593751,-0.275900265205728,0.0699901737273973,0
040509,-71.7053090282223,-15.5861838424094,4326.84723854289,5.12,74.5,4571.00174216028,0,>3500,,0,-0.244774129489769,-0.210858835143026,-0.206384116020256,-0.3461628936425,-0.291871215934228,0.0599143744674742,0
040510,-71.7604439663712,-15.4799283058425,4760.80157126824,3.42,389.9,6804.2360953462,0,>3500,,0,-0.340882278374379,-0.236003175365041,-0.226571524151915,-0.482080341249687,-0.320420522303182,0.116200727709707,0
040511,-72.0183878135354,-15.9675990984165,3657.67021805526,3.53,1228.8,5669.55325034578,1,>3500,,176.380740394141,4.4127191270614,5.80539867857517,6.06813463778708,2.05487296206211,2.31693984240137,0.0466735382896399,21.4254165560439
040512,-71.7972695209969,-15.7312989917644,4627.15992647059,5.54,237.3,5543.31960227273,0,>3500,,0,-0.295790092714145,-0.257540413421249,-0.25325612165674,-0.418310360731939,-0.358158242000973,0.0874917789478424,0
040513,-71.8574452374207,-15.5413340851132,4427.88803512624,2.73,159.6,5273.00602409639,0,>3500,,0,-0.271434702366914,-0.174335131780156,-0.165352851067744,-0.383866637385994,-0.233844244557062,0.073676797649015,0
040514,-71.0974512489312,-15.8309038178961,4512.24395492384,10.77,1545.7,7047.5871254162,0,>3500,,0,-0.322107660250879,-0.382624903913397,-0.388975425162097,-0.455529021671058,-0.550094321694079,0.103753344792296,0
040515,-71.5459872515549,-15.3617340285781,4462.3313810111,6.68,284.4,5457.09315866084,0,>3500,,0,-0.279109692713697,-0.268130190696859,-0.266066874585998,-0.394720712825497,-0.376275382537739,0.0779022205667343,0
040516,-71.9360022653043,-15.426792101563,4587.00633713561,4.73,414.5,6688.45181476846,0,>3500,,0,-0.321012645276253,-0.261028382000593,-0.254626360152556,-0.453980436642941,-0.360096051865441,0.103049118427258,0
040517,-71.3922604072921,-15.2126739541743,4470.61545934787,14.05,1445,11990.3211678832,0,>3500,,0,-0.414786476861941,-0.557728476236326,-0.574576674850093,-0.586596661067111,-0.812574126196238,0.172047821387542,0
040518,-71.5976146700765,-15.4830625232616,4592.74233576642,7.23,240,4813.58508914101,0,>3500,,0,-0.27280034320022,-0.268730239887082,-0.267808274075438,-0.385797945173787,-0.378738093313215,0.074420027250158,0
040519,-71.4552837911863,-15.7900972009916,4483.54419954506,7.25,1114.9,17219.0372756558,1,>3500,,58.0752561244406,1.50472554375027,1.51674612746463,1.5256642046327,1.13060148760062,1.14166325758975,0.249057209333193,4.01514175268134
040520,-72.296260522755,-16.3527782202182,1382.36959737927,0.14,1648.4,569668.078756005,0,500-1500,,0,-0.563181137255596,-0.145387411846965,-0.202176929540209,-0.796458402379568,-0.285921355754713,0.317172993360507,0
040601,-72.7208387146674,-16.0431474309282,2450.37419070041,1.27,1186.5,26866.0426035503,0,1500-2500,,0,-0.270119220537546,-0.152968349287486,-0.138737414400528,-0.382006265141846,-0.196204333053802,0.0729643933038113,0
040602,-72.843897476184,-15.8524749289305,2897.89014296464,2.2,811.2,5406.00145985402,0,2500-3500,,0,-0.152836802741525,-0.104281992196418,-0.097406400381616,-0.216143879266806,-0.137753452481625,0.0233590882722519,0
040603,-72.2888407149473,-15.0146070024703,4621.68414434805,10.19,1394.8,26235.1333534926,2,>3500,,76.2336509996717,2.4707264650792,1.97390439352088,1.92607588622265,1.77142922055377,1.48824900596708,0.412721399804074,4.84588393271934
040604,-72.9457384798324,-15.5345024559897,3227.85174418605,2.48,390.9,5346.11842105263,0,2500-3500,,0,-0.176454286050201,-0.122097350333417,-0.114867158000784,-0.249544044471055,-0.162446692715962,0.031136115065486,0
040605,-72.600588286608,-15.9126318760223,2512.97101980924,0,237.8,4762.08072487644,0,2500-3500,,0,-0.117764858219709,-0.00735517740012092,-0.0340330702954496,-0.166544659665257,-0.0481300295810218,0.0138685618315081,0
040606,-73.1266721724447,-15.880861542658,1556.11185718965,0.28,533,27618.0289855073,0,1500-2500,,0,-0.146084101372771,-0.0493971566654874,-0.0502373642202738,-0.206594117408459,-0.071046361818188,0.02134056467389,0
040607,-72.697419326203,-15.40614530246,4657.05310233115,7.17,1241.7,3312.14508928571,0,>3500,,0,-0.230687692943919,-0.225217007102459,-0.224382711964988,-0.32624166403385,-0.317325074422941,0.0532168116757877,0
040608,-73.0291272316445,-15.7019622362828,2459.39588667713,1.79,1056.2,31469.7773921666,0,1500-2500,,0,-0.293839148757994,-0.194135232348289,-0.17915296349835,-0.41555130932972,-0.253360550718698,0.0863414453428223,0
040701,-71.8788499285036,-16.8574523625224,1055.86122486969,0.06,934,211958.272931758,0,500-1500,,0,-0.236586667112272,-0.0460048305306537,-0.0936570564544939,-0.334584073306824,-0.132451079449888,0.055973251055293,0
040702,-71.5994310480824,-16.9288184505576,1146.02143256855,0,1553.6,66859.2296559905,0,500-1500,,0,-0.14883420683017,-0.0124622217117442,-0.0571924264698542,-0.210483353844269,-0.0808823051786939,0.0221516211227659,0
040703,-71.8294173524155,-17.0979986160563,212.756774193548,0,134.6,57138.2524450744,0,lowland (<500 m),,0,-0.0133760494612851,-0.00210022302392972,-0.00947028372352305,-0.0189165905591227,-0.0133930036813275,0.000178918699190745,0
040704,-72.1022339504746,-16.8763096372937,877.748629973791,0,364.7,41674.5035818006,0,500-1500,,0,-0.0812342090073856,-0.00751407790539874,-0.0343880758006934,-0.114882520106895,-0.0486320831812546,0.00659899671305562,0
040705,-71.878619485583,-17.0357183269243,553.809282700422,0,103,9955.13739837398,0,500-1500,,0,-0.0209883978050761,-0.0023056458535356,-0.0105010754422468,-0.0296820768284204,-0.0148507633099285,0.000440512842424124,0
040706,-71.5507149761869,-17.1600616956868,661.276220976782,0,758.4,51605.0187017002,0,500-1500,,0,-0.0610821385277643,-0.00628015013991455,-0.0286560573810856,-0.0863831887247165,-0.0405257849924729,0.00373102764712499,0
040801,-72.8614621647914,-15.2763051683376,4132.39811419591,5.4,166.8,23854.0030160858,0,>3500,,0,-0.524685868536328,-0.471042948779326,-0.462063288224661,-0.742017871269581,-0.653456168882024,0.275295260641721,0
040802,-72.7118728078838,-15.1674827080695,4365.93704379562,7.33,191.6,14742.1541333333,0,>3500,,0,-0.445088876019291,-0.449607793894385,-0.448138197794668,-0.629450724927878,-0.633763117138656,0.198104107556115,0
040803,-73.0487819176034,-15.2108690542304,3938.67870619946,4.46,162.3,4676.0152284264,0,>3500,,0,-0.217367443340216,-0.182180197992758,-0.176904388449272,-0.307403986390099,-0.250180585388278,0.047248605424262,0
040804,-72.7614416256258,-14.874880600416,4650.63100150038,7.05,935.8,14825.6796014683,1,>3500,,67.4505335931423,1.56569470388655,1.64554493660674,1.65741440408588,1.16252732454036,1.20896493181963,0.237298514474164,4.21410139130422
040805,-72.9302145015405,-14.9895077979915,4502.59133814548,8.62,787.9,8787.31975199291,1,>3500,,113.800342792034,2.42993965843784,2.20927822875586,2.19376019749327,1.53599711252265,1.44678076602773,0.128600723482803,7.77600602016618
040806,-72.5471491596333,-14.9389035132998,4782.30783114993,9.06,1504.8,18674.456795302,0,>3500,,0,-0.568261415023548,-0.610755603184871,-0.61588054204053,-0.803643000099628,-0.870986615355411,0.322921035804565,0
040807,-73.0704230113916,-15.289812078442,3071.23430420712,2.45,135.4,2228.0035971223,0,2500-3500,,0,-0.106333935797129,-0.0745444909426318,-0.0700507860655851,-0.15037889414481,-0.0990667717088466,0.011306905902108,0
040808,-73.2453309653622,-15.3249817789419,3007.03465346535,2.21,70.6,2371.53993610224,0,2500-3500,,0,-0.106544260576963,-0.0718470701934932,-0.0671512889541512,-0.150676338300954,-0.0949662635697952,0.0113516794618918,0
040809,-73.1726429876441,-15.404202081191,3040.92428414097,1.06,317.8,2496.0126984127,0,2500-3500,,0,-0.111013357544459,-0.0534363732669447,-0.0481341888003725,-0.156996595843948,-0.0680720226153139,0.0123239655532939,0
040810,-72.785307726134,-15.2132686121834,4267.74932371506,11.8,96.6,5218.29037037037,0,>3500,,0,-0.256600060764754,-0.324367642393509,-0.331079581576883,-0.362887286039275,-0.468217234490837,0.0658435911844754,0
040811,-73.0160761954182,-15.4047392049237,3394.51420973907,2.34,526.1,4076.35501858736,0,2500-3500,,0,-0.165200944550945,-0.109266543741709,-0.102549543092537,-0.233629416300792,-0.14502695465663,0.0272913520805245,0
050101,-74.2520879997419,-13.134558773653,2886.84698275862,5.19,81.3,885168.659448131,0,2500-3500,,0,-1.94539462076757,-1.96121170718633,-1.91279651318617,-2.75120345685716,-2.70510277100784,3.78456023051138,0
050102,-74.0209595178088,-13.3042847761904,3735.77055214724,4.52,430,70289.1914149073,3,>3500,,42.6808153517007,3.04688642402684,3.77988340194927,3.93157670012535,2.1794849069445,2.5572994248811,0.613496061867331,4.89000693968391
050103,-74.05561444893,-13.1279385894178,3532.35088723526,3.32,154.4,39468.4888521883,0,>3500,,0,-0.543161342576972,-0.414759085351633,-0.396349995868276,-0.768146137229133,-0.560523539603436,0.295024244070019,0
050104,-74.2298695294248,-13.2060957986979,3171.68661971831,7.34,25,252060.550673167,0,2500-3500,,0,-1.18253334587265,-1.34675002748136,-1.33796271461397,-1.67235469569154,-1.8921650169566,1.39838511410077,0
050105,-74.1586439699252,-13.3757272931013,3780.72804807133,9.7,454.5,53296.7794840295,2,>3500,,37.5257195530793,2.19077845125181,1.54404511613241,1.51401811979402,1.63190402270569,1.2391256949498,0.480846457178599,4.15933188264534
050106,-73.9003145705163,-13.3926050763711,3158.91664229307,5.07,300.7,49108.802259887,0,2500-3500,,0,-0.519057431991922,-0.500638603010562,-0.488163826552973,-0.734058059973527,-0.690367904171162,0.269420617706049,0
050107,-74.2326911161863,-13.0531885357406,2708.02283849918,5.77,53.9,28364.7060684498,0,2500-3500,,0,-0.318745011366266,-0.345285730007793,-0.338338219107384,-0.45077351801294,-0.478482498130822,0.101598382270881,0
050108,-74.1345311359494,-13.0613891589126,3283.46047582502,4.44,114.8,46310.3981677238,0,2500-3500,,0,-0.531765629277383,-0.476041909773344,-0.461273137352408,-0.752030164927938,-0.652338726802163,0.282774684480771,0
050109,-74.3264172846182,-13.1251111142275,3191.84918032787,3.65,80.9,12698.1867779204,0,2500-3500,,0,-0.267757213062597,-0.221663583631362,-0.212613560720421,-0.378665882136348,-0.300680981115255,0.0716939251470491,0
050110,-74.2056856177277,-13.1803967072193,2805.45882352941,7.53,7.5,428312.474433326,0,2500-3500,,0,-1.30072003946114,-1.56885332661721,-1.55862478543935,-1.83949592065641,-2.20422831021919,1.69187262105579,0
050111,-74.3641770879052,-13.0747150954955,3060.92330383481,4.6,89.7,13034.324155194,0,2500-3500,,0,-0.255998026933809,-0.239061066945854,-0.231887830000478,-0.362035881630546,-0.327938914135943,0.0655349897940034,0
050112,-74.2844324875716,-13.2614417737144,3715.27130977131,4.93,169.7,54477.2957746479,0,>3500,,0,-0.68432386560813,-0.613416140296494,-0.598301623693972,-0.9677800917986,-0.846126270617859,0.468299153040853,0
050113,-74.1421718733464,-13.1902197308827,3019.23067915691,9.75,150.9,47824.5526992288,1,2500-3500,,20.9097616926823,1.59724525310886,0.940613760342751,0.924622281475704,1.17871331822968,0.778861385348976,0.231497849840342,4.31969454873845
050114,-74.4564440104865,-13.3062942809575,3956.48745900058,11.73,914.2,129387.029721166,2,>3500,,15.4574999079125,0.587693625763901,-0.151741870009203,-0.206694933671052,0.546028112057639,-0.211662135133757,1.32381612029786,1.51078383873283
050115,-74.2085641616846,-13.1218887897463,2677.80571428571,6.95,16.1,167239.39425842,0,2500-3500,,0,-0.762040615011332,-0.901888762222514,-0.891962520892434,-1.07768817282816,-1.26142549417458,0.580705898926849,0
050116,-74.200200785388,-13.1545934171523,2686.36190476191,7.53,9.1,249447.196875509,0,2500-3500,,0,-0.934793855487092,-1.14590420482859,-1.13791701658331,-1.32199814845288,-1.60925767770725,0.873839552256423,0
050201,-74.1100745792596,-13.5997319923584,3322.82248803828,10.49,184.2,46184.8743464328,2,2500-3500,,43.3042208797192,3.16467410104751,2.10496387230174,2.06303403110053,2.07046863970716,1.56407411533206,0.291466682934061,6.86184774145339
050202,-74.4362359955362,-13.4931310532168,4080.53109638812,13.13,411.6,72965.46530837,2,>3500,,27.4102274486637,1.31617084530356,0.427255126079171,0.35474481168824,1.10736425933322,0.339662764972755,0.813147210770953,2.45957924162807
050203,-74.225670019349,-13.4942188655985,3644.28158080452,11.59,249.3,65367.0273489729,1,>3500,,15.2982327720264,0.640283723348506,0.0594592820110404,0.0236005471959238,0.570102963754248,0.0235075368240715,0.532686515199257,1.87727673118577
050204,-74.2756697096059,-13.568060007473,3671.14523650899,12.59,131.7,15931.5560344828,2,>3500,,125.53701569835,5.13051618453407,3.4887969827153,3.39006317494381,2.66878355127376,2.15539629419453,0.132495516469751,15.0948504016481
050205,-74.7195880089928,-13.4607675096058,4334.14101257221,6.93,777,33814.7474120083,1,>3500,,29.5728957491748,0.831255123462625,0.858609969200861,0.872073346475118,0.713175341878075,0.742228172310805,0.445298019175967,2.2456870611069
050206,-74.5011849539612,-13.556166255308,3870.04144282425,8.82,115.2,23611.7307567392,0,>3500,,0,-0.476707937331076,-0.547782640588509,-0.550413067974889,-0.674166830264512,-0.778401625637472,0.22725045751445,0
050301,-74.5597719273895,-14.0010231810439,4191.5450184741,10.74,1356.1,25443.2614236867,1,>3500,,39.3031374141776,1.25682421642238,0.80984819596272,0.77639250677404,0.991452577539457,0.673289995915445,0.305419249709859,3.27418786127586
050302,-74.3034424127583,-13.8120578842725,3777.36285971223,9.14,196.5,14190.7080610022,0,>3500,,0,-0.357371120802951,-0.421133394460759,-0.423808878476821,-0.505399085840007,-0.599356263796052,0.127714117983957,0
050303,-74.2225549152321,-13.9839569443418,4113.61687508589,14.76,639.1,10465.8588410104,1,>3500,,95.5487758043809,2.55020059018849,1.551591217643,1.47292140539747,1.57837029244252,1.11360123823183,0.119271226706015,8.38425182349168
050304,-74.5329457413942,-13.8262877425112,4247.00898203593,7.93,645.4,16622.8697083725,2,>3500,,120.316168933975,3.94165755803126,3.67570337712233,3.67383903698331,2.34261790865275,2.25512462149676,0.206935128972488,9.66486458790622
050401,-74.2114470880381,-12.9120306399559,3543.89352594971,4.53,164.6,348712.855224752,0,>3500,,0,-1.62180529938326,-1.42395578995059,-1.38227742769973,-2.29357904991637,-1.95483548521516,2.63025242910763,0
050402,-74.3053690459201,-12.5314861883133,3318.29761336516,2.2,370.1,8575.20544337138,0,2500-3500,,0,-0.232192229317888,-0.150613103126648,-0.140882161311128,-0.328369399779001,-0.199237463222632,0.0539132313556108,0
050403,-74.1589412123461,-12.9926524654353,3587.18403755869,7.21,93.8,33233.7655703289,1,>3500,,30.089879459606,1.4548650790754,1.27098620854443,1.28560701216396,1.10384182380004,1.00841530093879,0.259242666554212,3.85738973175885
050404,-74.218230680851,-12.9830838121455,3077.39296187683,5.84,60.5,22856.012565445,0,2500-3500,,0,-0.34152178850217,-0.354644927315062,-0.348185460743959,-0.482984745145685,-0.492408600805231,0.116637132021721,0
050405,-74.2744294654978,-12.8608072111974,3027.04483188045,2.26,141.8,50119.013643008,0,2500-3500,,0,-0.494314206411144,-0.335899775262264,-0.314321969196517,-0.699065854780333,-0.444518391789533,0.244346534659879,0
050406,-74.2685410710415,-12.7026143822916,3468.33672055427,2.04,192.1,30127.3372647428,0,2500-3500,,0,-0.462689963166743,-0.285281626048001,-0.265959402809027,-0.654342421084316,-0.376123394493175,0.214082002015242,0
050407,-73.9964367122572,-12.6038135160773,2479.4481295035,12.56,896.3,93119.156556269,0,1500-2500,,0,-0.511168093064686,-0.814112712538946,-0.828857354438063,-0.722900849864472,-1.17218131191899,0.261292819367388,0
050408,-74.0825261845729,-12.4444485251128,1904.40602533379,11.86,515.7,92350.4862369185,0,1500-2500,,0,-0.353300290862743,-0.605012727986114,-0.612500876332263,-0.49964206292845,-0.866207046274492,0.124821095523699,0
050409,-74.1021027341196,-12.3406254645723,1198.11023362948,20.07,269,35458.9723600283,0,500-1500,,0,-0.115267068547658,-0.297853213323559,-0.308143596318832,-0.163012251635088,-0.435780853072512,0.0132864970915706,0
050410,-74.0931733934245,-12.7845535398001,3799.21500172831,0.82,255.4,29131.6585171406,0,>3500,,0,-0.516140105079679,-0.203518868463839,-0.181390213637929,-0.729932336688357,-0.256524500208513,0.266400608071663,0
050411,-74.3830436416533,-12.3394777605912,2885.05962226886,5.14,716,18074.3061557277,0,2500-3500,,0,-0.277749451501046,-0.278846482598451,-0.271828376852075,-0.392797041254467,-0.384423377182069,0.0771447578091317,0
050412,-74.1915610836384,-12.7835163271998,3938.81886477462,1.69,105.9,17474.3771300448,0,>3500,,0,-0.420221996940311,-0.226878053589482,-0.209793656487567,-0.594283647280493,-0.29669303430456,0.176586526712503,0
050413,-74.1877057081165,-12.6069360080501,3895.98969072165,3.07,93.9,867,0,>3500,,0,-0.0921966498944876,-0.0655068103463726,-0.0624167225944756,-0.130385752686148,-0.0882705756119866,0.00850022225176673,0
050501,-73.9421170014392,-12.9961003237117,3646.58249740574,1.85,255,78166.4945924558,0,>3500,,0,-0.798815028960097,-0.462448003903913,-0.429232323770933,-1.12969504778283,-0.607026173685773,0.63810545049252,0
050502,-73.6480755812586,-13.0718889270863,2754.74820143885,3.81,748.4,55425.5230120482,0,2500-3500,,0,-0.456239596471389,-0.406883606114734,-0.390514390699829,-0.645220225021466,-0.552270747629564,0.208154569388376,0
050503,-73.8908601979365,-12.7284493021357,2343.89553626782,6.36,285.2,79699.143438959,0,1500-2500,,0,-0.43749595171832,-0.522739167365133,-0.513963736296828,-0.618712708403372,-0.726854486438923,0.191402707769918,0
050504,-73.8660437183623,-13.1686117719726,2887.84198516828,3.36,154.2,12352.1745254134,0,2500-3500,,0,-0.229918312355276,-0.190310801081457,-0.181590790303549,-0.325153595570765,-0.256808158449328,0.0528624303562982,0
050505,-73.5703952866751,-13.2300039180076,2908.77505946313,5.75,518.5,35268.5114317425,0,2500-3500,,0,-0.392407379326224,-0.413231247547299,-0.405148548380132,-0.55494783781843,-0.572966571894955,0.153983551349675,0
050506,-73.8910099948127,-13.2393793466004,3214.0099009901,5.29,133.8,10956.0470242469,0,2500-3500,,0,-0.251105654956518,-0.245313660910322,-0.239756902926389,-0.355117022828087,-0.339067463791069,0.063054049951142,0
050507,-73.7892858242465,-12.7646161898116,2122.12292660759,10.68,389.1,101494.684635479,0,1500-2500,,0,-0.430246486863262,-0.674777118735132,-0.680300047428045,-0.608460416885403,-0.962089553555801,0.185112039458179,0
050508,-74.0230958431808,-12.9122971553862,3835.14077669903,1.45,309,72045.154822335,0,>3500,,0,-0.822328055072857,-0.418350140209131,-0.383766129611741,-1.16294748820392,-0.542727265276355,0.676223430159908,0
050509,-73.7388942908982,-12.8500743966314,2626.33959156785,7.5,267.5,79294.0873974371,0,2500-3500,,0,-0.510814451876729,-0.630338796348042,-0.62567147365688,-0.722400725700249,-0.88483308363552,0.260931404246123,0
050510,-73.7126998546249,-12.9564989761917,2711.05787037037,8.69,266.9,34365.1381801761,0,2500-3500,,0,-0.351387777874973,-0.458071856527499,-0.458218993988824,-0.496937361122932,-0.648019515835951,0.123473370439912,0
050511,-73.3926313203686,-13.3463189056975,2657.91687857597,4.06,553.7,8504.52459016393,0,2500-3500,,0,-0.170079651340933,-0.158212134171492,-0.152277259213898,-0.240528949610034,-0.215352565221299,0.0289270878002532,0
050512,-73.5525224933242,-12.9273153728553,1149.76510067114,9.96,39.1,8478,0,500-1500,,0,-0.0532389272172209,-0.101697687050657,-0.10151755706677,-0.0752912129167879,-0.143567506022811,0.00283438337124054,0
050513,-73.6774159441474,-12.8846548497104,2194.84512578616,10.66,112.2,9017,0,1500-2500,,0,-0.13436364533098,-0.207918111906908,-0.209673931722618,-0.19001888951696,-0.296523717918217,0.0180535891866293,0
050514,-73.9273100816452,-13.1109206495678,3233.75680421422,2.65,100.1,7542,0,2500-3500,,0,-0.210113961553624,-0.149720477594273,-0.141328628403837,-0.297146014073074,-0.199868863040294,0.0441478768397578,0
050515,-73.9600787166593,-13.0642205550996,3241.23425925926,0.94,95.8,5900,0,2500-3500,,0,-0.186434407692298,-0.0829847638382002,-0.0743490315037183,-0.263658067851442,-0.105145408701863,0.0347577883715779,0
050601,-74.0163047938447,-14.6762914953159,4022.48106406742,9.54,863.2,116275.015440571,1,>3500,,8.60029986847095,-0.21990399599729,-0.54625875229032,-0.565249537508263,-0.227793070229942,-0.615080128174506,1.2454081446177,0.802949622837873
050602,-74.153951919022,-14.1944741506244,4025.74393313866,9.98,871.9,21307.1649928264,0,>3500,,0,-0.478258726219287,-0.572717936982481,-0.579301290203974,-0.676359976942597,-0.819255741306692,0.228731409204895,0
050603,-74.0774841703972,-14.3621371534758,4149.15110246433,3.6,405,15798.6600580271,0,>3500,,0,-0.429398954654725,-0.320307422641494,-0.307859592112128,-0.607261825341542,-0.43537921047162,0.184383462258571,0
050604,-73.9817816105793,-14.4658137442073,4188.61880438895,7.38,463.9,12246.8637751985,0,>3500,,0,-0.383049095775962,-0.39418718047188,-0.392863024437426,-0.541713226301116,-0.555592217314321,0.146726609774782,0
050605,-73.8836793922521,-14.9826936685942,3498.9364851958,10.27,366.8,18366.0432525952,0,2500-3500,,0,-0.365677172780883,-0.467471097459719,-0.472833856521711,-0.517145617196975,-0.668688052642177,0.13371979469302,0
050606,-73.7574214684495,-14.4771433876313,4332.89047330097,11.5,1155.8,19533.4880439044,2,>3500,,102.388267548771,3.43797023381546,2.5454412045212,2.47231388272276,2.17277461551974,1.77218651779811,0.257026244786623,7.78130654190724
050607,-74.9936560559995,-14.166397278213,2625.51361976973,2.24,312.4,12392.4572833436,0,2500-3500,,0,-0.201851696345888,-0.144067237166192,-0.134551820928743,-0.28546140656037,-0.190285009999424,0.0407441073177124,0
050608,-74.7661321167662,-14.249981509325,3551.48875140607,3.8,779.4,13404.259106933,0,>3500,,0,-0.318913655776997,-0.258368970500986,-0.248601141459862,-0.451012017225814,-0.351575105873969,0.101705919841049,0
050609,-74.6156945936097,-14.6714777970628,3237.52642789524,4.75,1109.8,8756.20829655781,0,2500-3500,,0,-0.226761872227087,-0.21040790331128,-0.204544632760399,-0.320689715132661,-0.28926979376038,0.0514209466959336,0
050610,-74.9404644524622,-14.2497671526271,2936.96047008547,1.91,493.2,7018.3417305586,0,2500-3500,,0,-0.177401675181176,-0.112966014929747,-0.104783582201601,-0.250883855028925,-0.14818636306354,0.0314713543570873,0
050611,-74.3044102102269,-14.48740111833,4013.58903613585,10,1210.9,21613.4100358423,0,>3500,,0,-0.479671546656739,-0.575580630314058,-0.58223722165304,-0.67835800676644,-0.82340777538016,0.230084792672069,0
050612,-74.8470660251957,-14.4274629352042,2624.17830882353,2.7,858.4,17943.1688089117,0,2500-3500,,0,-0.242715464964323,-0.188569693581774,-0.177779444562202,-0.343251502350238,-0.251418101611022,0.0589107969328476,0
050613,-74.6601757547512,-14.4921590863756,3063.80724957139,4.41,716,14775.3959627329,1,2500-3500,,67.6800813001722,3.39122378400518,3.75092142797079,3.89143290213309,1.82848006741864,1.94767360274393,0.0744828140240237,13.4259159391784
050614,-74.3744625565874,-14.9558659933496,2767.35829528158,1.55,575.3,6784.02927400468,0,2500-3500,,0,-0.160630278705919,-0.0951391663925587,-0.0872698124591166,-0.22716551867368,-0.123418152365439,0.0258020864371411,0
050615,-74.2543702841248,-14.7917705326617,3385.23065348237,6.12,407.2,14582.0917480999,0,2500-3500,,0,-0.311272068673571,-0.318619998986071,-0.313868470364334,-0.440205181106093,-0.44387704759054,0.0968903007363242,0
050616,-74.1864041309684,-14.6539885972399,3448.86090225564,7.96,46.8,7949.25296442688,0,2500-3500,,0,-0.235823872769804,-0.270044665496785,-0.269617251480395,-0.333505319202404,-0.381296373693331,0.0556128989681488,0
050617,-74.2077880618214,-14.9710914889524,2773.06761308951,4.23,727,21280.0712711242,1,2500-3500,,46.9923238159894,3.21971909406317,3.49144598928923,3.6374449690527,1.78313962528001,1.88941019848777,0.0813988076627119,12.2851922370122
050618,-74.4942324378992,-14.2913011727941,4064.75920297197,9.21,520.1,7180.87460148778,0,>3500,,0,-0.28137569864769,-0.323741335425801,-0.326173317125775,-0.397925329149768,-0.461278728763491,0.0791722837894756,0
050619,-74.1583070618611,-15.1470379569793,2661.3363372093,3.17,1503.2,38942.7521730342,0,2500-3500,,0,-0.364597372735045,-0.303034373086961,-0.288056379268872,-0.515618549327499,-0.407373238290127,0.132931244205297,0
050620,-73.925609793484,-14.2208737083099,3560.74661508704,6.3,45.5,6800.0756501182,0,>3500,,0,-0.227967828477862,-0.232014457840853,-0.229009557686794,-0.322395194818136,-0.323868422393728,0.0519693308209119,0
050621,-74.545744329154,-14.9327410189837,2603.70267298257,2.76,1033.3,11644.4714086471,0,2500-3500,,0,-0.193418887354099,-0.152219095178855,-0.143656152390672,-0.273535613715281,-0.203160479029225,0.0374108659852978,0
050701,-73.6993078494648,-14.8156858576619,4231.62283300763,11.41,1388,107699.386732688,2,>3500,,18.5702078783795,0.583868536726375,-0.0489684786734538,-0.101875890831715,0.542746894638515,-0.103091306134835,1.32732694932442,1.50678775942729
050702,-73.6999161655231,-15.1058165692632,3553.68857075804,9.47,372.1,17190.8220640569,0,>3500,,0,-0.3614700055078,-0.442843883259011,-0.446169737585849,-0.511195784180209,-0.630979294014353,0.130660564881809,0
050703,-73.16423186828,-14.778304560968,4443.14661044437,13.18,1081.8,15699.605626327,0,>3500,,0,-0.470596376794217,-0.616120700160282,-0.63265078878702,-0.665523778466021,-0.894703325748639,0.221460949851845,0
050704,-73.3630116351412,-14.9519814836662,3986.70528817588,8.52,147,4379.38063439065,0,>3500,,0,-0.213918615926601,-0.239319421787052,-0.240124193131992,-0.30252660788748,-0.339586890581159,0.0457611742399526,0
050705,-73.9844501615613,-15.3331612438505,2938.92841963986,3.74,1562.5,58412.3781500573,0,2500-3500,,0,-0.512266046008197,-0.442210510670864,-0.424310646933482,-0.724453589808033,-0.600065871552633,0.262416501892873,0
050706,-73.5976337721018,-15.2820601980889,3626.023547026,7.51,643.1,16861.2901578459,0,>3500,,0,-0.368114210317478,-0.402953471874124,-0.401347759514634,-0.520592108733239,-0.56759144473365,0.13550807183766,0
050707,-73.3631775843327,-15.0058385359084,3957.98468085106,6.7,103,4094.31766917293,0,>3500,,0,-0.204779590280807,-0.206012479497787,-0.204201766882804,-0.289602073872322,-0.28878490818621,0.041934680595575,0
050708,-73.5296758333355,-14.883634107648,4060.51855231144,10.28,575.6,8546.64192139738,1,>3500,,117.00501895328,2.95583282214498,2.32578472435386,2.2860675033237,1.70813345029018,1.48264517365091,0.0939585665310914,10.6429891059385
050801,-73.357932385643,-15.3207024504789,3164.0020847811,2.21,251.4,26989.0960854093,0,2500-3500,,0,-0.385653154488357,-0.255167385418982,-0.238617054732449,-0.545395921449401,-0.337455475016153,0.148728355566821,0
050802,-73.2505501749856,-15.1277464345566,3871.15871332626,9.02,248.1,3433.14254859611,0,>3500,,0,-0.181847741663776,-0.211071660009342,-0.212325631864171,-0.257171542547831,-0.300273788221748,0.0330686011482155,0
050803,-73.2186544587073,-15.2618246773783,3464.9274611399,3.05,100.9,3516.21929824561,0,2500-3500,,0,-0.157854327126774,-0.116830044921829,-0.11114594674106,-0.223239730301963,-0.157184105284004,0.0249179885926465,0
050804,-73.4496902462688,-15.1484679077753,3836.14454460678,9.63,281,15678.7877892664,0,>3500,,0,-0.383756967354726,-0.460394932723095,-0.464615738190213,-0.542714307888222,-0.657065878240586,0.147269409993296,0
050805,-73.3791587193991,-15.0917247782209,3903.58575581395,3.82,120.4,4907.30817610063,0,>3500,,0,-0.219936932828829,-0.172413270787387,-0.166103019986336,-0.31103779327327,-0.234905143615806,0.0483722544221529,0
050806,-73.1185880315523,-15.0230138177451,4548.61645346273,10,793.9,13286.0440993789,1,>3500,,75.2669487260508,1.78891660755417,1.44052243698871,1.40907364547093,1.27237967330057,1.0787357216305,0.199990724248847,5.00023190453426
050807,-73.4523151602181,-15.2057227085903,3608.23647604328,6.96,56.7,3063.78640776699,0,>3500,,0,-0.155851271318865,-0.165124513385767,-0.163828959334071,-0.220406981612227,-0.231689136199713,0.0242896187717064,0
050808,-73.2943868018335,-15.0482032678482,3912.12100965108,7.67,117.5,2144.77586206897,0,>3500,,0,-0.145841263492709,-0.156670603489481,-0.156336227101699,-0.206250692785017,-0.221092812657462,0.0212696741371497,0
050809,-73.1961351031026,-15.2235458641832,3568.36809815951,3.98,28.4,1988.06611570248,0,>3500,,0,-0.123628162176695,-0.102099655230837,-0.0984739651587944,-0.174836623641542,-0.139263217068223,0.0152839224831872,0
050810,-73.4594941837965,-15.2600282055934,3695.09836065574,3.29,85,3778.04752475248,0,>3500,,0,-0.178860610120555,-0.133749285814116,-0.127814545059383,-0.252947100606815,-0.180757063091527,0.0319911178526972,0
050901,-73.8048304997783,-13.9948021009724,3616.34111422347,7.64,282,20810.0462184874,0,>3500,,0,-0.407442530995843,-0.449935127956247,-0.448517401125565,-0.576210753221942,-0.634299391632108,0.166009416064299,0
050902,-73.7672570706679,-13.8043144473887,2710.93946731235,7.49,36.3,2493.69230769231,0,2500-3500,,0,-0.094650471643807,-0.115353354077713,-0.114529480585828,-0.133855980683682,-0.161969144736024,0.00895871178239512,0
050903,-73.7526060698751,-13.8509551836539,3196.23557692308,5.72,54.9,3703.6735966736,0,2500-3500,,0,-0.144881262877543,-0.146945874931046,-0.1441756567545,-0.204893046895163,-0.203895169146262,0.0209905803329917,0
050904,-73.7217591169159,-13.8912372620111,3121.60830860534,8.64,29.8,3861.39436619718,0,2500-3500,,0,-0.143174551488047,-0.176608841837635,-0.176874760547678,-0.202479392501081,-0.25013868520802,0.0204989521938034,0
050905,-73.8646743977527,-14.2141234110645,4014.29390243902,12.02,144,2798.79178082192,0,>3500,,0,-0.172652618246932,-0.225173421599087,-0.229899638425045,-0.244167674304035,-0.32512718664537,0.0298089265875207,0
050906,-73.8344784922326,-14.1547505353547,3832.80321894929,7.24,288.8,9970.70643642072,2,>3500,,200.587592539527,6.23754908892437,5.88231172809627,5.91671269868101,2.90545868469934,2.84209423900395,0.0934282774799973,21.4067951796306
050907,-73.666589594941,-14.0125884148436,3542.66666666667,10.52,79.3,4159.24264705882,2,>3500,,480.856773627835,11.1200449585149,8.55418796389844,8.44002116696157,3.56180445285714,3.25782173635431,0.0313420531217164,63.8120289131357
050908,-73.5895830773847,-14.2834885686174,3950.16410399776,10.09,314.2,6524.20386007238,0,>3500,,0,-0.25779275055396,-0.31244898265707,-0.316152538541443,-0.364574004114875,-0.447107207783991,0.0664571022381765,0
050909,-73.7177609327981,-13.9832617884556,3705.09305210918,11.42,141.8,7528.06211812627,0,>3500,,0,-0.253423211774863,-0.33274339563328,-0.338568104286148,-0.35839454311216,-0.478807604868418,0.064223324266287,0
050910,-73.6533795639942,-14.0874756365269,3721.06025824964,11.52,61.5,4541.97627118644,0,>3500,,0,-0.19802147000897,-0.260611701796343,-0.265302192142026,-0.280044648527742,-0.375193958254566,0.0392125025845133,0
050911,-73.6909874773553,-14.2095424237477,4045.73560340511,11.22,351.7,8151.31213872832,2,>3500,,245.359270502923,6.41703517315182,4.95197127043791,4.85358346670948,2.93929322468875,2.60059406546438,0.0887121974223018,22.5448141080227
051001,-74.0898399474027,-13.8046491303474,3961.61815509004,9.8,239.2,15026.8320332813,0,>3500,,0,-0.392808806956242,-0.469332586921138,-0.474212711495845,-0.555515542217112,-0.670638048047143,0.154298758822386,0
051002,-74.2104503577033,-13.6655378229998,3468.593323217,12.56,116,11199.7150610583,0,2500-3500,,0,-0.282135453841011,-0.396408132117249,-0.405006565127883,-0.398999785248246,-0.572765777253994,0.0796004143140731,0
051003,-74.0068554410149,-14.0649529352015,4008.44183724413,10.24,175.7,4524.52657807309,0,>3500,,0,-0.219077341930143,-0.265849212117444,-0.269241737682779,-0.309822148166257,-0.380765316987885,0.0479948817471769,0
051004,-73.9378083314385,-14.0758172284473,3521.10947109471,6.37,71.3,3855.00826446281,0,>3500,,0,-0.169005227235633,-0.173592698631286,-0.171419812493756,-0.239009484468579,-0.242424223688123,0.0285627668329679,0
051005,-73.9945559901295,-13.9615545028376,3854.52730883813,12.57,265.1,32216.0061804697,0,>3500,,0,-0.553744785907555,-0.748246100081247,-0.765350532982542,-0.783113386323851,-1.08236910371339,0.306633287919804,0
051006,-73.9886809311775,-13.7928451502634,3328.78085991678,11.23,63.5,9105.22107081174,0,2500-3500,,0,-0.240307208457953,-0.325907641087148,-0.330961659116387,-0.339845713337256,-0.468050466947896,0.0577475544368542,0
051007,-74.0379366833919,-13.7148592937088,3020.87225274725,11.57,63.8,8160.24639076035,0,2500-3500,,0,-0.198896166188294,-0.283506288051812,-0.28804338939351,-0.281281655727498,-0.407354867832216,0.0395596849244013,0
051008,-74.275718030076,-13.716076348712,3688.50546780073,12.28,72.4,8857.15035587189,0,>3500,,0,-0.273183511702854,-0.371308207084586,-0.379175053109256,-0.386339827266885,-0.536234502620649,0.0746292310663034,0
051009,-74.1698680892555,-13.7490737330219,4034.24932249323,11.71,162.1,9930.18550272798,0,>3500,,0,-0.327451861593311,-0.421254923008132,-0.429553077462203,-0.463086863689578,-0.607479787906148,0.107224721660925,0
051010,-73.9791959459298,-13.8780311537202,3726.53707865169,12.83,156.6,15886.2483091787,0,>3500,,0,-0.371094616451155,-0.512536034457294,-0.524608189463582,-0.524807039508866,-0.741908016471392,0.13771121435903,0
051011,-74.4098362665521,-13.6902818886862,3990.39754288363,12.79,378.7,20993.3848177377,0,>3500,,0,-0.46896447800989,-0.630481326367768,-0.645691639002674,-0.663215925072806,-0.913145872988494,0.219927681635089,0
051012,-74.6431764832297,-13.6523860280732,4122.87072912998,8.17,499.6,19205.6869636289,2,>3500,,104.135822050392,3.79241471512428,3.42276376807229,3.41568871048075,2.29461347244131,2.16472034130528,0.22023798336219,9.0810856940645
051101,-73.8963159748845,-13.6557042621273,3454.2934347478,7.97,220.2,52254.7352543899,1,2500-3500,,19.1370216523294,1.04436784319235,0.747345818598394,0.750558420111938,0.859186078721228,0.654172255268828,0.367169979104331,2.72353421278991
051102,-73.8674047748769,-13.806238082376,3236.50665301945,7.69,86.4,6847.30326944758,0,2500-3500,,0,-0.200439076811892,-0.231389292383271,-0.230468503328855,-0.28346366085692,-0.325931683107495,0.0401758235132036,0
051103,-73.7820677793661,-13.7394384847154,3134.2859450727,12.84,54.3,6522.68817204301,0,2500-3500,,0,-0.187130030945042,-0.275804401143892,-0.28180135245056,-0.264641827689775,-0.398527294530663,0.0350176484814924,0
051104,-73.8804094532296,-13.5420999063895,3306.08652246256,9.65,211.7,12557.1954933009,2,2500-3500,,159.271232264161,6.87487331762367,5.28125932211086,5.23542802486461,3.02085227135102,2.6935666477345,0.0781467706482558,25.5928681813628
051105,-73.887911466319,-13.7443122691019,3474.23068611561,7.42,162.9,10306.6825633383,1,2500-3500,,97.0244299127908,3.41520283583896,3.03247833891859,3.05085247494605,1.83462235278923,1.7359192265895,0.0735833708886494,13.5900270390338
051106,-73.8584716029788,-13.875655077044,3152.80298507463,5.08,88.1,8812.93094405594,0,2500-3500,,0,-0.219296336852443,-0.211856709044735,-0.206594050247645,-0.310131853755463,-0.292168107765808,0.0480908833569,0
051107,-73.7503514905268,-13.701022025441,2994.18065153011,12.51,89.2,8370.83720930233,0,2500-3500,,0,-0.198986735560855,-0.294830746077568,-0.300702610290185,-0.281409740162509,-0.42525770971337,0.0395957209291655,0
051108,-74.0136963726068,-13.5536932824907,3663.89113840027,7.98,264.7,31347.4663303909,0,>3500,,0,-0.509194501882358,-0.570713699895775,-0.570242915181274,-0.720109770447843,-0.806445264496528,0.259279040747223,0
060101,-78.5611115655215,-7.07746147533964,3396.30151586926,2.69,380.3,1947400.80559425,0,2500-3500,,0,-3.61343819704053,-2.54532463580268,-2.40570661933035,-5.1101733050517,-3.40218292814771,13.0569356038315,0
060102,-78.5271893137227,-7.33823571536753,2834.9987400252,0.26,214.6,61879.4447585105,0,2500-3500,,0,-0.501618137193118,-0.131105592535656,-0.138756946062,-0.709395172750836,-0.196231954994352,0.251620755561094,0
060103,-78.6540277674665,-7.14250442210827,3228.98039215686,2.58,73.8,30773.006443299,0,2500-3500,,0,-0.423553275955248,-0.298335819920772,-0.281230073507289,-0.598994787243465,-0.39771938410119,0.179397377572422,0
060104,-78.5168652967319,-7.45303167791169,2746.86635271192,0.48,554.2,57127.2680697868,0,2500-3500,,0,-0.461357270209217,-0.16109071215291,-0.139279509029479,-0.652457708629303,-0.196970970630154,0.2128505307749,0
060105,-78.4029544548555,-6.98521232875401,3607.98072835483,2.21,635.1,158427.009059577,1,>3500,,6.31205503364612,-0.228232461968891,0.710505526053912,0.851556880876094,-0.236722543134763,0.727691173407087,1.25575876367553,0.79633129302085
060106,-78.3666507282733,-7.29830618661759,3188.75828519307,1.51,295.9,132749.153794819,2,2500-3500,,15.0660094081749,1.44869208393706,3.687030716794,4.10166080645081,1.19653390882232,2.39209812945784,0.747493799863468,2.67560747709922
060107,-78.4118419964557,-7.18959879657358,2835.84724689165,1.98,50.9,52613.2341733251,0,2500-3500,,0,-0.462729745986905,-0.30344655047765,-0.281874827196257,-0.654398682488139,-0.398631203512519,0.214118817821106,0
060108,-78.4559781525531,-7.09012078283445,3217.89875439157,2.22,282.8,426281.669818633,0,2500-3500,,0,-1.56893444431183,-1.03367198214295,-0.967017996297364,-2.21880836962008,-1.36756996542259,2.46155529054807,0
060109,-78.6223886361745,-7.22472728780385,2523.79956521739,0.76,207.6,70184.0326516778,0,2500-3500,,0,-0.454800854568194,-0.201849522535434,-0.178450107493326,-0.643185536709214,-0.252366562223998,0.20684381731596,0
060110,-78.2594783904802,-7.27201845144061,2758.77674418605,2.4,57.7,30177.0213438735,0,2500-3500,,0,-0.337329809846359,-0.243858423380994,-0.228663488254168,-0.477056392077459,-0.323379006308585,0.113791400610981,0
060111,-78.284073903941,-7.1843648563781,3210.79418472064,3.07,158,82485.6881888228,0,2500-3500,,0,-0.688045394373207,-0.525476139045679,-0.499676901658748,-0.973043128250934,-0.706649851130369,0.473406464718181,0
060112,-78.4819804206268,-7.27390932344534,2920.25280199253,0.92,72.5,36123.0315789474,0,2500-3500,,0,-0.399303448578545,-0.183000555100817,-0.163600720155795,-0.564700352482126,-0.231366357258331,0.159443244046719,0
060201,-78.0321458718817,-7.63145126182423,3152.10702498821,1.38,190.5,272878.677739878,0,2500-3500,,0,-1.21989733579334,-0.652955062873465,-0.596261301072859,-1.72519535698175,-0.843240818695465,1.4881495098757,0
060202,-78.2533318781724,-7.56768531514619,3089.5896619842,1.51,819.4,203926.055614428,0,2500-3500,,0,-1.02572829984193,-0.576180571168607,-0.528434561361753,-1.45059887294635,-0.747319323504468,1.05211854509661,0
060203,-78.0911369715353,-7.53012271633795,2538.68,3.9,197.3,122282.02423562,0,2500-3500,,0,-0.605225686643181,-0.562385664366844,-0.539934637669416,-0.855918374347356,-0.763582887387092,0.36629813177271,0
060204,-77.9063215882759,-7.47438762618608,2551.72626043922,3.91,582.2,63719.1344942571,0,2500-3500,,0,-0.439999629191954,-0.408547011406495,-0.392309027677688,-0.622253443042394,-0.554808747583189,0.193599673689057,0
060301,-78.1172738616785,-6.77494051202524,2165.20685053381,2.6,405.6,233212.988143667,0,1500-2500,,0,-0.670585694574806,-0.550268645801473,-0.516756061014337,-0.948351384001073,-0.730803429924974,0.449685173768375,0
060302,-78.1870595172165,-6.57057884057481,2122.76106970627,1.19,205.3,21377.2474377745,0,1500-2500,,0,-0.19753875696715,-0.114594983752029,-0.103438462961156,-0.279361989197266,-0.146284077190694,0.0390215605041268,0
060303,-78.2855189707436,-6.4876948057281,2285.11819484241,0.74,252.3,58248.2496624359,0,1500-2500,,0,-0.361095282111603,-0.164319450574748,-0.144925014573185,-0.510665845271168,-0.204954921136516,0.130389802763258,0
060304,-78.3256335925485,-6.82829836606791,3272.19512195122,3.55,446.6,85967.1425603036,0,2500-3500,,0,-0.721076325305712,-0.584031127981134,-0.559548225568811,-1.01975591875349,-0.791320689401213,0.51995106691639,0
060305,-78.0694936083191,-6.93951638605367,2191.0818815331,2.24,52.1,3652.07692307692,0,1500-2500,,0,-0.0853078733279692,-0.0651406105651107,-0.060723237274143,-0.12064355143762,-0.0858756257042924,0.00727743325174084,0
060306,-78.1587736310021,-6.91989560964932,2929.00179533214,4.7,50.5,21861.0032585083,0,2500-3500,,0,-0.311920781385065,-0.299014785775393,-0.290223388401447,-0.441122599420772,-0.410437851995201,0.0972945738598696,0
060307,-78.2653452262382,-6.65103242877292,2964.1365970558,1.34,263.3,30975.9318807914,0,2500-3500,,0,-0.377476129761837,-0.204000130800356,-0.185892079749888,-0.533831862181296,-0.262891100320033,0.142488228539975,0
060308,-78.0613368962516,-7.05929223071283,2742.28740409207,3.88,282.2,46217.2085461355,0,2500-3500,,0,-0.414013573727787,-0.372915145753804,-0.358224040321361,-0.58550361097239,-0.506605296190555,0.171407239230854,0
060309,-78.2971840560778,-6.93421458835658,3458.39330091842,3.87,167,59212.9285435377,0,2500-3500,,0,-0.646088615679519,-0.533038917801529,-0.513216436233813,-0.913707282788834,-0.725797644554644,0.417430499310678,0
060310,-78.1713082397419,-7.01875086040359,3306.41372212693,6.12,262.9,43287.072846476,2,2500-3500,,46.2031703343235,3.3337547902337,3.19499154866178,3.26053110316077,2.13467558291471,2.10724209576896,0.269460791667989,7.42223010486906
060311,-78.0576116846093,-6.88132431153639,1978.19314079422,5.31,99.8,8593.20510483136,0,1500-2500,,0,-0.11359350008437,-0.133247350000211,-0.129594618666424,-0.160645468416745,-0.183274467328627,0.0129034832614177,0
060312,-78.2860914866478,-6.70880014720211,2970.98563829787,0.97,169.9,54588.266196372,0,2500-3500,,0,-0.502706340472867,-0.234469575432333,-0.210211133122349,-0.710934124587675,-0.297283435423442,0.252713664751622,0
060401,-78.6427537102514,-6.55997669173306,2903.69391891892,3.51,267.6,410994.35890023,0,2500-3500,,0,-1.3363201774524,-1.12592223406727,-1.07676136436637,-1.889842118626,-1.52277052492628,1.78575161666641,0
060402,-78.5758041579892,-6.33796678358166,2247.15964391691,2.1,152.1,25426.3240121581,0,1500-2500,,0,-0.233105581187875,-0.171244188808733,-0.159155350896607,-0.329661074380756,-0.225079655762231,0.0543382119809372,0
060403,-78.4127931530857,-6.43986389244614,2465.10387811634,2.21,65,28890.2136822022,0,1500-2500,,0,-0.282443613271933,-0.205131947277078,-0.191327032691517,-0.399435588494829,-0.270577284480944,0.0797743946781052,0
060404,-78.7080365457695,-6.42508011120367,2726.05204460967,2.38,48.3,28713.2119330454,0,2500-3500,,0,-0.323656307335334,-0.234128939829254,-0.219420318877803,-0.457719139381224,-0.310307190817218,0.104753405277944,0
060405,-78.4481437012333,-6.28458974185713,1672.68241143567,1.77,145.1,17311.2167985928,1,1500-2500,,57.7660144653315,7.6957409326363,10.2095478758953,11.1308199611087,2.50224582832025,2.77248262798508,0.0163377093950572,61.2080907928587
060406,-78.3690445233496,-6.37006174068098,1912.9430682312,4.04,207.9,18219.6171644931,0,1500-2500,,0,-0.157900234993315,-0.165702641460261,-0.158899783448685,-0.223304653829444,-0.224718228811278,0.024932484210944,0
060407,-78.8522610882874,-6.48302687487003,2219.08875286917,6.85,118,46365.4409221902,0,1500-2500,,0,-0.309351007494527,-0.390159522384618,-0.384826993458603,-0.437488390332541,-0.544227553316419,0.0956980458378787,0
060408,-78.6024537806307,-6.47060765128467,2802.72555948174,1.53,153.4,47354.1217841631,0,2500-3500,,0,-0.431913132203793,-0.253112254164444,-0.232055200129438,-0.610817409329648,-0.328175611242254,0.186548953770091,0
060409,-78.9704027077904,-6.44369278517541,2201.59933652783,3.69,245.5,68333.3003464203,0,1500-2500,,0,-0.371461653013656,-0.355007415343238,-0.339379975264374,-0.525326107593441,-0.479955763816723,0.137983759659638,0
060410,-78.7275684172846,-6.57449023096131,2722.82252050708,2.47,120.9,92255.3506549097,0,2500-3500,,0,-0.579197107870163,-0.42627974823217,-0.400242668300251,-0.819108405237257,-0.566028609750611,0.335469289765161,0
060411,-79.1728932320846,-6.53901204895533,1613.58902349486,1.13,492.9,58808.2149382053,0,1500-2500,,0,-0.224145099538298,-0.140712038372434,-0.126319456692999,-0.316989039706529,-0.178642688846839,0.0502410256470337,0
060412,-79.3026327705201,-6.357817371574,2297.08411614005,0.67,423.6,26253.1875187519,0,1500-2500,,0,-0.2441805204713,-0.106016613155004,-0.0930416154521174,-0.345323403717834,-0.131580714437487,0.0596241265776349,0
060413,-78.3980789326497,-6.53392588216287,2846.9248395967,1.71,98.6,36770.205957994,0,2500-3500,,0,-0.388930126763361,-0.238309500350552,-0.219747890792836,-0.550030260084232,-0.31077044746211,0.151266643504164,0
060414,-78.4781833865031,-6.18419440287664,1337.54639844257,0.45,139.4,9666.46153846154,0,500-1500,,0,-0.0700900007740664,-0.0310938511149244,-0.0265957032161283,-0.0991222296814254,-0.0376120041890984,0.00491260820850862,0
060415,-79.0929475375511,-6.35221718599812,2551.50829562594,1.99,299.7,70416.0136522622,0,2500-3500,,0,-0.46248935761418,-0.316213314165801,-0.293484236111266,-0.654058721991194,-0.41504938705126,0.213896405906377,0
060416,-79.2455139556915,-6.4843578091976,1736.65963179165,0,200.9,7770.0495951417,0,1500-2500,,0,-0.0902001722830087,-0.00646695168499556,-0.0298078006072696,-0.127562306971021,-0.0421545958833136,0.00813607107988446,0
060417,-78.5557122628627,-6.39835532909113,2551.98193608152,1.59,194.8,132552.09768546,0,2500-3500,,0,-0.634703521990525,-0.39197215125683,-0.359707633750665,-0.897606328884971,-0.508703414139324,0.402848560827177,0
060418,-79.3759869259189,-6.45683309601988,1194.50789692436,0,217.8,7005.0404494382,0,500-1500,,0,-0.0510196348004989,-0.00420640311443964,-0.0193126594131302,-0.0721526594821879,-0.0273122248675412,0.00260300313517628,0
060419,-78.4952388966217,-6.51760765579816,2894.65547073791,1.45,177.6,77024.2078201971,0,2500-3500,,0,-0.576012767552917,-0.325496431072411,-0.297711476897079,-0.814605067973396,-0.421027608301974,0.331790708383971,0
060501,-78.7367992488659,-7.33474795640711,2598.74177925057,0.47,353,64060.1184810751,0,2500-3500,,0,-0.452466474196493,-0.159758717637081,-0.137901455494597,-0.639884224327816,-0.195022108631448,0.204725910271805,0
060502,-78.8216641642435,-7.25634417912518,1680.44474761255,0.43,131.8,21695.1900826446,0,1500-2500,,0,-0.144011354472766,-0.0574727055940342,-0.0491631678945922,-0.203662810631105,-0.0695272188057578,0.0207392702170807,0
060503,-79.0665678097745,-7.37346412596415,1911.84013501074,0.43,294.1,11089.0572438162,0,1500-2500,,0,-0.123087449047612,-0.0468123096086836,-0.0400981211328309,-0.17407193980104,-0.0567073067317287,0.0151505201130484,0
060504,-78.9176894648387,-7.36430400050047,2816.54723707665,0,50.6,22734.0003503854,0,2500-3500,,0,-0.301309400466899,-0.0180342276843931,-0.0835455522236883,-0.426115840610794,-0.11815125303069,0.0907873548097219,0
060505,-78.9623216521005,-7.50278686234968,1186.30478124423,0.2,488.4,28839.054368932,0,500-1500,,0,-0.102536870344611,-0.0329425580832007,-0.0389108654193036,-0.145009032684641,-0.0550282735996534,0.0105138097800677,0
060506,-78.8633983020775,-7.32766196233354,2620.94222833563,0.91,65.6,8313.02371916509,0,2500-3500,,0,-0.164924668237387,-0.0783102009843664,-0.0698909565104181,-0.233238702591196,-0.0988407385842615,0.0272001461932122,0
060507,-78.9498514244312,-7.27530948863411,2122.68849449204,0,147.5,21152.0851305335,0,1500-2500,,0,-0.196486385995757,-0.013070071484795,-0.0603697829063308,-0.277873711896875,-0.0853757657436525,0.0386068998816737,0
060508,-79.1691290905151,-7.27762464213585,890.062644246621,0,547.3,55406.2047936463,0,500-1500,,0,-0.0954899687948721,-0.008786895875771,-0.0402189673887113,-0.135043208940292,-0.0568782091457567,0.00911833414044564,0
060601,-78.8330100715401,-6.38019533148584,2448.76855713094,2.79,432.3,410481.00940902,0,1500-2500,,0,-1.05488748964468,-0.853595012074789,-0.805499016970798,-1.49183619463322,-1.1391476342783,1.11278761580886,0
060602,-78.9309540646256,-6.12740592630722,1686.69091440257,2.06,309,76930.1819682278,0,1500-2500,,0,-0.272579792518632,-0.220949251599536,-0.204538205969686,-0.385486039408694,-0.289260704905791,0.0742997432895006,0
060603,-78.7734390402928,-5.92461707072573,1045.87772774506,1.38,260.7,26266.0680169287,0,500-1500,,0,-0.0821961775652505,-0.0664198624768522,-0.0599573377797066,-0.116242949088004,-0.0847924802518458,0.00675621160633818,0
060604,-78.5588573760377,-6.116751209283,1206.79855465221,0.83,100.6,20495.1699421965,0,500-1500,,0,-0.088513899381393,-0.0538507358748672,-0.0474525038778174,-0.125177556963694,-0.0671079745525712,0.00783471038369937,0
060605,-78.5696997079997,-6.23089848270215,1969.4661971831,1.84,64,31694.5022321429,0,1500-2500,,0,-0.216825336246634,-0.157597368520238,-0.145299085926118,-0.306637331186096,-0.205483937917129,0.0470132264384658,0
060606,-78.7682934106399,-6.07089431384055,1631.76367498672,2.23,169.7,40772.8629373318,0,1500-2500,,0,-0.189552240190284,-0.161250916686574,-0.14981978645876,-0.268067348855302,-0.21187717392182,0.0359300517611551,0
060607,-79.0916404477856,-6.19678642179788,2107.21447299423,2.29,689.7,106729.843983585,0,1500-2500,,0,-0.436918635206185,-0.341929439556175,-0.318966826809936,-0.617896259562129,-0.451087212421722,0.190897893790435,0
060608,-78.7422817728984,-6.22406735391185,2413.3335755814,2.32,124.9,34015.0006891799,0,1500-2500,,0,-0.297599713878941,-0.222707887028079,-0.208183029247832,-0.42086955152595,-0.294415263418199,0.0885655897008273,0
060609,-78.6000928622187,-6.17421798576051,1634.21722365039,1.21,70.3,14794.1922257721,0,1500-2500,,0,-0.114417419700034,-0.0737388932271687,-0.0664339821283213,-0.161810666711522,-0.0939518385283238,0.0130913459308136,0
060610,-78.5787551728616,-6.2791017672809,1957.10970996217,1.62,71.4,23810.1737854581,0,1500-2500,,0,-0.186301308199985,-0.128119095390799,-0.117357911877971,-0.263469836744269,-0.165969150629613,0.0347081774370258,0
060611,-78.8414483822407,-6.10633815696717,1548.73673184358,2.23,130,21267.4260965721,0,1500-2500,,0,-0.127352723713651,-0.110471254470094,-0.102583889793953,-0.180103949080998,-0.145075528227595,0.0162187162372854,0
060612,-78.8427236057824,-6.25794874731291,2183.85233160622,3.32,105,40072.1140142518,0,1500-2500,,0,-0.281289505116617,-0.257036149103297,-0.244395852859637,-0.397803433089136,-0.345627929701838,0.0791237856887513,0
060613,-78.6771058185776,-6.1180778170495,1623.97730829421,0.88,230.1,60748.159921671,0,1500-2500,,0,-0.229844722158021,-0.128523853730575,-0.11394085717287,-0.325049523315749,-0.161136705522289,0.0528285963038978,0
060614,-78.6967210636814,-6.28736369471595,2414.17121300058,0.43,155.3,72967.0562560621,0,1500-2500,,0,-0.436083135145265,-0.152015412772177,-0.130530136199923,-0.616714684044613,-0.184597488912338,0.190168500758124,0
060615,-78.6924244566019,-5.98798685067113,1079.63515406162,0.82,129.7,8767.51018600531,0,500-1500,,0,-0.0496236155327823,-0.0312995466566081,-0.0275318062690885,-0.0701783901004489,-0.0389358538223736,0.00246250321854539,0
060701,-78.4795024711325,-6.69306164534352,3098.24107850912,2.49,454.5,514037.627011079,0,2500-3500,,0,-1.63483669711,-1.15076241921493,-1.08237387964431,-2.31200822931819,-1.53070782015137,2.67269102621752,0
060702,-78.7076829428959,-6.68551818413312,3281.43197278912,1.91,106,23419.4315684316,0,2500-3500,,0,-0.377831085652282,-0.230836547949581,-0.214364837035793,-0.534333845615607,-0.303157659831917,0.142756329285182,0
060703,-78.6002560745174,-6.75273082456149,3521.86365422397,3.45,229.5,129321.000061357,0,>3500,,0,-0.97915343365387,-0.761656665069346,-0.729237999631351,-1.38473206551749,-1.03129826927648,0.958741446636163,0
060801,-78.8525539275119,-5.7701779092583,1471.93696321504,4.04,558,846487.176512299,0,500-1500,,0,-0.748836221009753,-0.866616896240088,-0.828764556737183,-1.05901433974821,-1.17205007615185,0.560755685896168,0
060802,-78.742632067669,-5.56466561744453,728.080566253773,2.77,869.5,130878.625329492,0,500-1500,,0,-0.111136369005413,-0.140981632502524,-0.131314031360712,-0.157170560320356,-0.185706084080205,0.0123512925157073,0
060803,-79.133359888041,-5.63393586655417,2402.00156188989,2.3,464.3,83260.1951995373,0,1500-2500,,0,-0.462579770566473,-0.345421149213761,-0.32273628729129,-0.65418658521454,-0.456418034557281,0.21398004413733,0
060804,-78.9794583852034,-5.90105014054791,1696.24973814155,3.88,604.5,84069.1737945296,0,1500-2500,,0,-0.287184385037544,-0.309491495693166,-0.295809674978043,-0.406140052221871,-0.418338054235125,0.0824748710093922,0
060805,-78.9058548806029,-5.60492611499977,1638.85608465608,2.4,85.1,71449.7581861146,0,1500-2500,,0,-0.252435753359208,-0.221656188964771,-0.206716132128668,-0.356998066028462,-0.292340757617671,0.063723809574031,0
060806,-78.8495904005154,-5.63634186301103,1359.83287292818,2.64,65.5,37087.2650941355,0,500-1500,,0,-0.140465109423288,-0.13807609248769,-0.129137232761056,-0.198647662786635,-0.182627625978017,0.0197304469652962,0
060807,-79.1950114381744,-5.87540417908685,2035.34992792993,2.23,816.1,73905.3908370427,0,1500-2500,,0,-0.34652669881234,-0.271439958897167,-0.252780870115108,-0.490062757184788,-0.357486134825258,0.120080752989778,0
060808,-79.1236563999912,-6.03998757153772,1615.37484737485,1.86,222,55039.0036374218,0,1500-2500,,0,-0.217175318631847,-0.170810474639904,-0.157240763729375,-0.307132281021856,-0.222372020623986,0.0471651190228442,0
060809,-79.3124285529017,-5.62568610995033,2417.31676101403,1.7,367.7,60110.0047770701,0,1500-2500,,0,-0.396517175320301,-0.257574094184228,-0.237036086633685,-0.56075996705184,-0.335219648489201,0.15722587032399,0
060810,-79.3102127689632,-5.78647775144321,2131.5079086116,1.22,257.4,37471.7238511125,0,1500-2500,,0,-0.26302689723784,-0.154080167531469,-0.139260114627203,-0.371976205342667,-0.196943542803422,0.069183148670565,0
060811,-79.055065394124,-5.51736451899534,1776.27368609224,4,506.2,64203.5760773967,0,1500-2500,,0,-0.267505848665356,-0.287303575288234,-0.275157013744569,-0.378310399196671,-0.38913078061965,0.0715593790701723,0
060812,-78.5875409869214,-5.42628290321874,1071.09391304348,1.85,311.9,82031.1736521242,0,500-1500,,0,-0.150129166468526,-0.137319883184416,-0.125834732384149,-0.212314703327558,-0.177957185155252,0.0225387666245344,0
060901,-79.0078970339431,-5.14039949728733,1292.70266159696,2.04,357.6,322098.659064446,0,500-1500,,0,-0.385937413265796,-0.343979851118617,-0.317390202751553,-0.545797924067679,-0.448857529295592,0.148947686958294,0
060902,-78.8824609491306,-5.30755008947001,1192.53844208397,1.15,357.1,127742.743675902,0,500-1500,,0,-0.217374297923327,-0.15399034093177,-0.137925174900517,-0.307413680234499,-0.195055652936992,0.0472515853976594,0
060903,-78.7147025740413,-5.09751923239481,1426.56059250423,3.82,910.7,147163.621549611,0,500-1500,,0,-0.298987856595668,-0.341311619949742,-0.32537747253437,-0.422832681782455,-0.460153234548786,0.0893937383916716,0
060904,-78.9734882604081,-5.38963561619789,1474.17691622103,3.61,406.2,169455.067516166,0,500-1500,,0,-0.335751554229643,-0.369031571065353,-0.35092278159563,-0.474824401579407,-0.496279757078231,0.112729106167621,0
060905,-79.1809789004982,-5.10727888742517,1992.7950948239,2.92,635.7,78880.0009027081,0,1500-2500,,0,-0.347680494347866,-0.310169910822677,-0.292734548263735,-0.491694470479335,-0.413989168329736,0.120881726149977,0
060906,-78.8318563316089,-4.91603720649558,1621.68281675184,4.13,1364.8,158559.769954953,0,1500-2500,,0,-0.370607783720958,-0.417812218085848,-0.400412136271124,-0.524118554059213,-0.566268273653407,0.13735012935456,0
060907,-79.2151241584516,-5.32433853353868,2248.0178425656,4,776.2,159331.628640777,0,1500-2500,,0,-0.583836730701119,-0.574258949312166,-0.551336466400065,-0.82566982276909,-0.779707508213831,0.340865328115771,0
061001,-78.1712438828427,-7.32916073957927,2811.24183976261,2.1,243.1,174440.884572439,0,2500-3500,,0,-0.832464048767288,-0.562488494058483,-0.524005559282799,-1.17728194795472,-0.741055768696633,0.692996392490026,0
061002,-78.1173096177872,-7.40943981526771,2688.99078947368,3.54,68.4,24492.0391839378,0,2500-3500,,0,-0.293310085442842,-0.255302957755919,-0.244064376187516,-0.414803100814079,-0.345159150896514,0.0860308062224874,0
061003,-78.143401013934,-7.44124583079969,2213.10518731989,3.9,62.5,24626.7425210084,0,1500-2500,,0,-0.224612913137663,-0.219687997478598,-0.210615402112865,-0.317650628043414,-0.297855158112676,0.0504509607481875,0
061004,-78.1612429819362,-7.22207280512923,3396.01702472639,2.3,221.4,40776.8168054504,0,2500-3500,,0,-0.522816471894386,-0.343051112803434,-0.321684419987378,-0.739374145185093,-0.454930469550272,0.273337063284093,0
061005,-78.0597957821512,-7.40608201540509,2541.39762219287,4.93,68,15722.0322093609,0,2500-3500,,0,-0.2173369404086,-0.224492342045856,-0.218093327568714,-0.307360848730516,-0.308430541710753,0.0472353456661716,0
061006,-78.0209726098279,-7.35601633881857,2743.41318864775,3.43,108,28878.2967302452,0,2500-3500,,0,-0.327450188538573,-0.278876908798748,-0.266232605779954,-0.463084497632876,-0.37650976183994,0.107223625973947,0
061007,-77.9681920913775,-7.22678554604729,2665.08192177395,3.01,584,105218.109935287,0,2500-3500,,0,-0.600469446116692,-0.48724590650856,-0.461962504634192,-0.849192034488886,-0.653313639361518,0.360563555719687,0
061101,-78.9223570996406,-7.07748007884111,2246.69393939394,0.41,356.2,111512.610503282,0,1500-2500,,0,-0.488031979448477,-0.171021606402979,-0.146888206253652,-0.690181444207823,-0.207731293436571,0.238175212964398,0
061102,-79.1624867379741,-6.97591162137952,1518.71746031746,2.53,84.8,10318.3959580838,0,1500-2500,,0,-0.0863357286639495,-0.0798814949746302,-0.0746361927152516,-0.122097158393921,-0.105551515981801,0.00745385804393511,0
061103,-78.9531156843528,-6.91373886781414,3188.63312981152,2.2,340.4,34181.0020954598,0,2500-3500,,0,-0.438688972638036,-0.288825159009001,-0.270051935744515,-0.62039989476823,-0.381911110075,0.192448014714216,0
061104,-78.7338440094163,-6.80427772711905,3475.40169039146,3.41,202.7,22244.4290718039,0,2500-3500,,0,-0.398697583322981,-0.31003470944876,-0.296623013205368,-0.563843529620737,-0.419488288187006,0.158959762947585,0
061105,-79.0033184194706,-7.03803878668351,2681.57307692308,0.9,70.6,13115.2148809524,0,2500-3500,,0,-0.213816722696439,-0.100159317956924,-0.0893626447398634,-0.302382509099471,-0.126377864160644,0.0457175909046459,0
061106,-79.1488356485092,-6.86888067380276,1086.28155339806,1.85,55.2,17148.2412220702,0,500-1500,,0,-0.0699921621607068,-0.0636846393075482,-0.0583667787949433,-0.0989838649874885,-0.0825430901638392,0.00489890276393068,0
061107,-78.748694092083,-6.89137250942688,3464.45772409409,1.8,142.8,36082.676883229,0,2500-3500,,0,-0.505575928507608,-0.294658082977835,-0.272970439865285,-0.71499233490483,-0.386038498184436,0.25560701948633,0
061108,-79.2477749137168,-7.0085103908841,695.611417125689,0.37,360.5,10942.0007283321,0,500-1500,,0,-0.030167962566875,-0.0156334223424239,-0.0138953678824276,-0.0426639418112384,-0.0196510177134926,0.000910105965436368,0
061109,-79.1314385654998,-6.92671566463642,2269.91121495327,0.5,155.6,25685.6746055374,0,1500-2500,,0,-0.237581185324836,-0.0907412110713976,-0.0784600820088051,-0.335990534451059,-0.110959312081757,0.056444819620354,0
061110,-79.160971358222,-7.11797979584554,1076.20607122008,0.67,309.6,18081.0737025731,0,500-1500,,0,-0.0709496126673398,-0.0408841427973595,-0.0355971918831944,-0.10033790447927,-0.050342031543611,0.00503384753764555,0
061111,-78.7252636345514,-6.93143328447812,3342.81678880746,4.07,134.7,29257.9206559111,0,2500-3500,,0,-0.43328402040396,-0.370397401227857,-0.357402839322928,-0.612756138014821,-0.505443942601136,0.187735042337419,0
061112,-78.8335474649756,-6.78816204068652,3107.66890005584,2.19,161.7,19636.7443267776,0,2500-3500,,0,-0.320876658822581,-0.212858116752178,-0.19892346236266,-0.453788122755858,-0.281320258347488,0.102961830177143,0
061113,-79.0541952128584,-7.11889809098699,1754.27801268499,0.37,170.7,24751.4084462654,0,1500-2500,,0,-0.16325377725544,-0.0598934070843404,-0.0537520351478352,-0.23087570590328,-0.0760168571112238,0.0266517957881688,0
061201,-78.7857853227869,-7.08601349015852,2769.40610961366,0.74,200.7,106499.118897228,0,2500-3500,,0,-0.637090654755996,-0.269836499458106,-0.23846672829704,-0.900982244417085,-0.337242881332414,0.405884502377424,0
061202,-78.7856528082305,-7.17498213165156,1798.27218614719,2.79,166.9,36178,0,1500-2500,,0,-0.204256131161585,-0.185475314823305,-0.17446061329604,-0.288861790886571,-0.246724565423188,0.0417205671170985,0
061203,-78.8730841758411,-7.15904621828961,1456.4570230608,0,42.9,7202.944386149,0,500-1500,,0,-0.0680732062034469,-0.00521194533012998,-0.023979010938075,-0.096270051447135,-0.0339114424809185,0.00463396140281701,0
061204,-78.676199623162,-6.98753485501369,3392.38321039691,2.99,256.3,29107.0271960838,0,2500-3500,,0,-0.441060283401832,-0.326074399757341,-0.309831024440022,-0.623753434610991,-0.438167236807029,0.194534173594504,0
061301,-78.9419157391564,-6.62755639358241,1914.68593615186,4.8,105.1,77534.0229615267,0,1500-2500,,0,-0.326142018729601,-0.369938822491583,-0.357849387453952,-0.461234466147142,-0.506075457024283,0.106368616381019,0
061302,-78.80972234487,-6.66400907691015,2307.60416666667,4.42,8.6,10337.5837676843,0,1500-2500,,0,-0.154197129010787,-0.157145185467733,-0.1516749742364,-0.218067671126049,-0.214500805637707,0.0237767545951694,0
061303,-79.0769115825211,-6.74935561143992,2167.88958034147,1.38,566.4,78682.1965083232,0,1500-2500,,0,-0.390175966774991,-0.240168503162526,-0.218458957990939,-0.551792143925226,-0.30894762121268,0.152237285048799,0
061304,-78.877939538108,-6.55596280698177,2011.89433170049,1.89,129.1,27485.2079885877,0,1500-2500,,0,-0.207960258158934,-0.151788850936326,-0.140164274736558,-0.294100217522974,-0.198222218292629,0.0432474689735303,0
061305,-78.859380252086,-6.62091599407585,2093.11127819549,6.93,60.1,18578.5123379339,0,1500-2500,,0,-0.180603544296801,-0.234034018290724,-0.230829365431738,-0.255411981757186,-0.326442019187539,0.0326176402125665,0
061306,-78.7686903086639,-6.69573072522067,2748.08837209302,3.86,57.9,15703.9816158684,0,2500-3500,,0,-0.24204042306333,-0.217331960618607,-0.208720350942471,-0.342296848938684,-0.295175151046115,0.058583566396676,0
061307,-78.921162873191,-6.74656299682469,2645.71525808281,2.5,158.7,30702.0338213024,0,2500-3500,,0,-0.321103417971085,-0.240185847741702,-0.225584821951989,-0.454108808619065,-0.319025114670023,0.103107405032713,0
061308,-78.90846913603,-6.68286040400036,2103.85352112676,4.28,31.8,11007.1095700416,0,1500-2500,,0,-0.14000215186451,-0.145550565617838,-0.140120808483018,-0.197992941928208,-0.198160747727368,0.0196006025266933,0
061309,-79.0363543469026,-6.58558329513167,1891.27516462841,1.85,191.1,3468.03611738149,0,1500-2500,,0,-0.0678120714408195,-0.0501627760327201,-0.0462413140770069,-0.0959007511242202,-0.065395093509657,0.00459847703309481,0
061310,-78.790537859714,-6.61470029135702,2312.07708333333,3.54,43.6,9891.52647975078,0,1500-2500,,0,-0.151238550647535,-0.139276936604985,-0.132935837010122,-0.213883609479394,-0.187999663625134,0.022873099201967,0
061311,-78.8494398925445,-6.68285967466617,2476.38933333333,4.92,34,22693.4452078324,0,1500-2500,,0,-0.251914043824308,-0.262495871803742,-0.254918431298207,-0.356260257328586,-0.360509102840798,0.0634606854759152,0
070101,-77.1216293308723,-12.0165317597475,19.9929701230228,0,50.1,4118689.07388809,0,lowland (<500 m),,0,-0.00430220557634785,-0.00163333835091738,-0.00718516753723706,-0.00608423747418829,-0.0101613613790835,1.85089728211586e-05,0
070102,-77.1099459542989,-12.0599999955101,36.5769230769231,0,4.6,644830.611287887,0,lowland (<500 m),,0,-0.00392775174990614,-0.0011901026391062,-0.00526850850475406,-0.00555467979435193,-0.00745079618090119,1.54272338088908e-05,0
070103,-77.0904943441139,-12.0428211819432,58.9090909090909,0,1.9,371331.994517329,0,lowland (<500 m),,0,-0.00576489679812641,-0.0014620249455516,-0.00650461912579904,-0.0081527952375916,-0.00919892058577642,3.32340350930482e-05,0
070104,-77.1161377305105,-12.0702892079229,25.3947368421053,0,3.3,514104.667253905,0,lowland (<500 m),,0,-0.0021164419332635,-0.000734871404029528,-0.00324084275003896,-0.00299310088599638,-0.00458324377062361,4.47932645687615e-06,0
070105,-77.1628314264967,-12.0716645854395,1.14285714285714,0,0.8,31230.0645975271,0,lowland (<500 m),,0,-7.13232889675097e-06,-7.88252657141612e-06,-3.36536704228566e-05,-1.00866362570907e-05,-4.75934771356381e-05,5.08701154914288e-11,0
070106,-77.1308773508828,-11.8791513219173,140.378285714286,0,78.1,2988144.22496394,0,lowland (<500 m),,0,-0.054400971037795,-0.00997625696279375,-0.0447896111692246,-0.0769345910479157,-0.0633420755689349,0.00295946564985501,0
070107,-77.1205558594703,-11.8543384851934,152.575757575758,0,2.8,422246.287091465,0,lowland (<500 m),,0,-0.0229496400009609,-0.00407968319491928,-0.0183321924266665,-0.032455692140939,-0.0259256351578251,0.000526685976173704,0
080101,-71.9813950950205,-13.4903001998472,3861.38326446281,3.18,85.9,945400.29058487,2,>3500,,2.11550601360901,-2.34202493341192,-1.26000092931972,-1.11690332191199,-2.83729005962608,-1.24967287509634,9.04273683082243,0.221171978950326
080102,-72.0871078102997,-13.5895655361159,3956.12233752048,10.06,161.8,19251.0103820598,0,>3500,,0,-0.443751411062893,-0.536806462150514,-0.543096457969396,-0.627559263847342,-0.76805437653711,0.196915314820309,0
080103,-72.0311376427432,-13.5034550990874,3766.12048192771,8.91,29.1,98794.2859520056,1,>3500,,10.1220428931062,0.125843045001506,-0.181966353569176,-0.19204512292942,0.123178553480067,-0.198080262671004,0.881826323334963,1.13401014864029
080104,-71.8674555968301,-13.5573914300187,3716.98983364141,5.17,95.8,564192.302251337,1,>3500,,1.77244530988748,-1.7498750032768,-1.52244772431772,-1.46615386503794,-2.13349205445363,-1.75134791918465,4.85613755295558,0.205924974137393
080105,-71.9257607183558,-13.533212312779,3602.96296296296,5.61,68.3,1074273.05264877,1,>3500,,0.930862035061164,-2.56910209464064,-2.44287118702539,-2.38407505872465,-3.26937350901135,-3.00986927428069,8.48239433101908,0.11789124166783
080106,-71.9785598456994,-13.573103214319,3779.09940652819,7.84,59.1,830927.464541016,1,>3500,,1.20347448203842,-2.37092557628678,-2.67500278283235,-2.67035109210913,-2.99147784391383,-3.41188359624111,7.48773637793044,0.133551710360347
080107,-71.8317555009143,-13.5530026811731,3629.60869565217,5.5,24.2,66794.6294468969,0,>3500,,0,-0.733672130832456,-0.697124998997702,-0.683540348732101,-1.03756907775843,-0.966672031606172,0.538274795560237,0
080108,-71.9506768245465,-13.5316823115254,3315.69230769231,5.61,5.9,491105.443346144,1,2500-3500,,2.03622259445244,-1.18553940826977,-1.16616783585859,-1.1209503306634,-1.38253083840548,-1.29922737690707,3.08092594184565,0.324577746714984
080201,-71.6724799363206,-13.8931454027494,3988.57934038581,11.31,141.6,36944.4925181702,2,>3500,,54.1352679026882,2.59512011330491,1.73877142171761,1.68048254449082,1.82967567320542,1.34372769000316,0.386544234084607,5.17405208419753
080202,-71.5013101145219,-14.0495317289639,3828.88346281909,4.21,79.3,24377.7029900332,0,>3500,,0,-0.477262713825416,-0.393817821264736,-0.381190414753678,-0.674951402706893,-0.539084654391276,0.227779698008001,0
080203,-71.730255027991,-13.939289943234,3706.88640714742,14.2,138,18809.0511195606,0,>3500,,0,-0.400847456405469,-0.580822694030438,-0.597517462431201,-0.566883909291371,-0.845017299124961,0.160678683306734,0
080204,-71.4843818979201,-14.106545972262,3868.54368932039,7.13,36.3,8561.14758497317,0,>3500,,0,-0.286894201731207,-0.299417447914914,-0.297646394916217,-0.405729671054476,-0.420935568481973,0.0823082829869865,0
080205,-71.6238960423124,-14.053632116848,4018.89271653543,6.77,267.9,60814.2088500196,2,>3500,,32.8870511977294,1.67505926803759,1.65860881218066,1.68536978365562,1.34040676633052,1.34671544863448,0.649766564632696,3.07802849340297
080206,-71.7654024451331,-13.7876253561309,3834.0202020202,4.51,183.4,15330.0665993946,0,>3500,,0,-0.379174452755783,-0.322631501850144,-0.313376129694613,-0.536233653592624,-0.443180772738111,0.143773265622647,0
080207,-71.5707719052743,-13.9539357409395,4020.14489795918,3.18,86.2,27244.1164483261,3,>3500,,110.115518177662,5.01827862532146,7.4043449939749,7.79021142519584,2.9281301963012,3.58701923296306,0.291339631035442,10.2972602434409
080301,-72.1599744836775,-13.4879032170589,3632.87359022556,4.72,187.8,203686.290144728,0,>3500,,0,-1.28278135786455,-1.13688278866611,-1.10618096943857,-1.81412679385142,-1.56437612941904,1.64552801208481,0
080302,-72.3222302726773,-13.4616221283666,3867.01769285209,6.97,124.2,62163.1704059136,1,>3500,,16.0866956023992,0.52158576985981,0.454496078259487,0.469029407069934,0.475061772308554,0.43144663697413,0.596994551266495,1.67505716405376
080303,-72.0553875720702,-13.4635012123388,3701.32056451613,7.51,43.7,21934.624766878,0,>3500,,0,-0.431973906452031,-0.469242298048037,-0.467472870154318,-0.610903357095749,-0.661106473013714,0.186601455855428,0
080304,-72.2715519774203,-13.6129288136314,3551.51268922529,5.82,396.4,34653.1318077803,1,>3500,,28.8574206091087,1.43739715572303,1.48034453409371,1.52300325792072,1.09432527315746,1.14026319415927,0.262938397515327,3.80317218576534
080305,-72.2767163359036,-13.3696565622558,4073.66933226709,4.58,220.6,37060.1596781025,0,>3500,,0,-0.641162091438417,-0.537075768668988,-0.522404673576657,-0.906740125391708,-0.738791774419197,0.411088827497685,0
080306,-72.4455343004001,-13.4750885915992,3583.64061956143,5.68,506.5,62014.0294865277,0,>3500,,0,-0.694567314920261,-0.672864384876834,-0.660735953722648,-0.982266516741297,-0.934421746902091,0.48242375495554,0
080307,-72.6231659535624,-13.4635804354648,3361.74904580153,5.38,369.5,27951.8768115942,0,2500-3500,,0,-0.42682653401,-0.413189697328753,-0.404363667078797,-0.603623873177643,-0.571856582113754,0.18218089013499,0
080308,-72.0936341467516,-13.4846805499436,3641.75844155844,8.49,34,25321.1800562676,0,>3500,,0,-0.453818409030991,-0.524314175896459,-0.525486404333381,-0.641796148906208,-0.74314999985094,0.205951148375419,0
080309,-72.246619665808,-13.4657206795039,3565.86251808973,2.75,61,30060.0265957447,1,>3500,,33.2667703009139,1.60195715844828,2.64477294073989,2.83052201081716,1.18111133695444,1.67005346614072,0.230647563805037,4.33561917369864
080401,-71.957772778057,-13.268716475583,4106.0729988726,4.22,313,187011.966510701,1,>3500,,5.34725140138441,-0.76943501557159,-0.318550423858751,-0.254421693533927,-0.858847596103054,-0.264940713744098,2.12042715170975,0.471603091477901
080402,-71.915324178948,-13.4024156038142,3740.02889447236,3.15,70.4,29091.0024644031,0,>3500,,0,-0.504691274713033,-0.368370240347528,-0.351298701028416,-0.713741245510537,-0.496811387438437,0.254713282771466,0
080403,-71.8810855738404,-13.3220593505249,3954.50875576037,3.06,95.7,47615.6918918919,1,>3500,,21.0014799799703,0.736198701373629,1.54000038358552,1.66384004637344,0.64345182774749,1.21214866225905,0.486503079171067,2.05548544873315
080404,-72.0260355533582,-13.0859998192441,3984.68569704285,2.78,733.2,51171.2597342398,0,>3500,,0,-0.730719479448788,-0.492201821009239,-0.466754319674512,-1.03339339812668,-0.660090289179923,0.533950957645908,0
080405,-71.8083453635152,-13.389136773793,3900.04827175209,1.4,148,92624.8968052516,1,>3500,,10.7962333507647,0.0935403922698677,1.63104181995587,1.86442816627466,0.0920715143087945,1.30720012191438,0.91073225858637,1.09801754639963
080406,-71.7742066073291,-13.4882117740734,3741.33425034388,4.78,128.3,49241.4802361817,1,>3500,,20.3080816255645,0.865288743872416,1.14746731513089,1.20882318591483,0.737435592074296,0.962669107228044,0.43156235510478,2.31716225516752
080407,-71.8838302925068,-13.4602186132947,3823.77022653722,2.29,55,38941.7700745033,1,>3500,,25.6793668620302,1.05876924080607,2.27384708512014,2.47018238681076,0.868558169271537,1.55039381885649,0.362519423983231,2.75847288129383
080408,-72.1050994955147,-12.7956768916631,2883.80210227525,4.73,1995.9,75597.9017829215,0,2500-3500,,0,-0.567695153506107,-0.548956011995849,-0.532900253063269,-0.802842185381812,-0.753634765274129,0.322277787314322,0
080501,-71.442046924352,-14.2737768506156,4076.98006644518,7.4,291.9,74186.0154805418,8,>3500,,107.837035702481,7.90083351814421,7.51859651549915,7.55167702451815,4.69075738790997,4.5783331040814,0.824759155130541,9.69980139078757
080502,-71.4777278460516,-14.491603515921,4152.78210251955,10.42,505.5,43895.1042911461,13,>3500,,296.160590342239,17.4242780376545,14.1639085997788,13.943900281175,7.68395411847662,7.00317750660593,0.513534317237211,25.3147639089426
080503,-71.2911802871341,-14.5523349589439,4175.28409090909,12.6,395,41440.0192159877,3,>3500,,72.3937888243688,3.57496444934293,2.33615402224501,2.23836325227457,2.41456370456922,1.75342383550211,0.492119213839368,6.09608386674214
080504,-71.2974071021749,-14.385336607896,4188.56776180698,13.07,171.7,16837.4780578898,0,>3500,,0,-0.449131167267747,-0.598836768944384,-0.614264469514444,-0.635167388034506,-0.868701143671241,0.201718805411289,0
080505,-71.0919626113856,-14.5287933209062,4421.92093885114,9.74,427.4,44398.21875,2,>3500,,45.0468522456208,1.75787120457723,1.32558114999269,1.29072838891107,1.39049496639136,1.08981186463415,0.618040193529925,3.23603548917593
080506,-71.4465579859627,-14.1418021735883,3876.05898876405,8.38,31.3,15123.0189174987,0,>3500,,0,-0.38233293108166,-0.42901667617869,-0.429973562052313,-0.540700416477541,-0.608074442916251,0.146178470189493,0
080507,-71.4895074225532,-14.3656919238702,4122.55306603774,13.3,149.3,21287.5062869823,4,>3500,,187.903643859219,7.60276413702086,5.3213229848081,5.14904375776606,3.8550279271341,3.17341397577449,0.244058831283989,16.3894909229716
080508,-71.5270572201992,-14.1510100409595,3907.53969465649,9.28,115.5,20968.1364323507,1,>3500,,47.6914104038902,1.74125341424863,1.34131023515314,1.32339901597134,1.24981179358743,1.03035589160669,0.207266922110824,4.82469653052168
080601,-71.1036022533456,-14.2510434404953,4280.05659609121,10.47,648.7,516428.057405641,4,>3500,,7.74551255037274,-1.00213901973639,-1.76071260780878,-1.82420483978816,-1.08118665742602,-2.06943103301367,6.5683640331271,0.608979645437779
080602,-71.0667612461494,-14.0059943612692,4701.46026676686,7.53,940.4,41659.3238297053,1,>3500,,24.0042302195733,0.377383678238718,0.38826424343465,0.390593951517057,0.353115802082395,0.364585940994661,0.687166001825295,1.45525243877569
080603,-71.3341610181627,-14.0881479794066,4173.25834175935,8.29,174,40133.0017864232,1,>3500,,24.9171493655452,0.759594618931657,0.585007695992641,0.579891303782217,0.660883876614894,0.522343247885229,0.475957922574965,2.10102606253496
080604,-71.0956261203919,-14.3736382409987,4493.53847691385,14.36,440.3,83038.0646704295,3,>3500,,36.1280096291589,1.62965635638074,0.523422067323323,0.415348226033435,1.36836110538099,0.398476418395811,1.20849395931991,2.48242862685742
080605,-71.1581237602784,-13.8888047598521,4819.01910828026,5.45,1094.9,66794.0783577571,3,>3500,,44.9141611615874,1.67589629476784,2.32017270926653,2.39213054368087,1.3997997794059,1.84141563223941,1.17972375135575,2.54296821315361
080606,-71.0875691534522,-14.1518026146947,4484.33960678878,8.2,524.9,35734.161461794,1,>3500,,27.9844260811653,0.671506426933975,0.564866728085058,0.559345374744926,0.594314749556121,0.505814028786636,0.517114979976429,1.93380590143721
080607,-71.3328205629049,-14.1660512400817,3850.51572327044,10.49,56.2,22425.0127614321,1,>3500,,44.5930626947004,1.70630062389793,1.16600031253647,1.13490818676309,1.23296361872086,0.917107970027623,0.212827813087216,4.69863400602724
080608,-71.3922979569478,-14.1587382501803,3777.62420382166,9.87,82.8,43711.0182515058,0,>3500,,0,-0.627269935425049,-0.765360704858961,-0.773211818200446,-0.887093649947,-1.09348663988623,0.393467571888145,0
080701,-72.2086940647681,-14.6507980419781,4457.77573833839,12.9,1907.5,182537.285782734,17,>3500,,93.131657606843,8.93415851150714,6.05650417543807,5.79827071994555,5.92108062071412,4.44137364654069,2.59843593789397,6.54239719828479
080702,-71.9934912122383,-14.0438260926567,3935.55103380374,12.51,268.3,32965.1753246753,0,>3500,,0,-0.576509788176361,-0.77130597555552,-0.788918898800632,-0.81530796127985,-1.1156998062963,0.332363535863152,0
080703,-71.8815452845586,-14.3334759562531,4000.72897322029,12.57,652.5,52043.8527895695,6,>3500,,115.287390890524,7.35576700969096,5.08846619880254,4.92739929788201,4.21810419734488,3.36055787666344,0.549130577606521,10.9263629538752
080704,-72.0146213444604,-14.2377044015785,3863.13933151963,8.49,453,56901.3559767571,2,>3500,,35.148547265147,1.97107168985863,1.5629570708803,1.55375288573736,1.51352414721287,1.26460155993271,0.544945937311096,3.67008883462554
080705,-71.6710143514395,-14.3813106189059,4197.26679497755,11.88,960.8,102427.309902393,13,>3500,,126.919275849265,10.5908876949494,7.75412382911935,7.53712434028607,6.13892617324288,5.06584392899248,1.23418274841496,10.5332861091242
080706,-72.2364557646517,-14.4623479120736,4230.08075744918,10.98,315.4,34588.9049753474,0,>3500,,0,-0.652576819015581,-0.8010783289293,-0.814616777672783,-0.922882987942127,-1.15204209512152,0.425856504716494,0
080707,-72.2052118725418,-14.37721774956,4024.8702556158,9.03,226.4,32093.0557482656,2,>3500,,62.3187774853158,2.82165406137253,2.30644210100659,2.28318137688745,1.93029931411717,1.67930336077403,0.344310492714231,5.80871057467293
080708,-71.8787418450479,-14.5415822164835,4157.05258302583,15.48,572,67804.5984803514,5,>3500,,73.7413112393684,4.71399052812954,2.59548778003408,2.42173184284025,3.15801634813576,1.97715454421468,0.795514775073053,6.28523838484439
080801,-71.352918155365,-14.9253064642211,4156.45535396656,10.33,740.5,313246.060153718,5,>3500,,15.9618926972182,0.691983137949172,-0.133336420224884,-0.193752856265361,0.655588493888766,-0.196529465909618,3.67368554843734,1.36103102295373
080802,-71.0740280552032,-15.3007668558289,4774.06121756826,10.74,517.1,6958.59040178571,3,>3500,,431.121797200499,8.32304172421692,7.06070913328397,6.92871919877997,3.68307133262167,3.41449103267127,0.119755270887307,25.0510894240561
080803,-71.6353768028584,-14.7571719460736,4278.37116738587,11.58,1546.8,77245.3200468933,15,>3500,,194.186521473326,14.1508208076997,10.8513985937349,10.592691837786,7.33263679177145,6.35118608531643,0.981399943042875,15.284288639239
080804,-71.1390168320145,-15.0878737730774,4341.93932748538,13.17,360.5,7887.46956521739,1,>3500,,126.78337351815,2.77203634612166,1.91812236965622,1.84617801979152,1.65169183044032,1.29888726394425,0.104386321775155,9.57979918244436
080805,-71.0911358907532,-14.9073209085175,4221.40925648168,12.85,820.1,40790.0095516569,4,>3500,,98.0632278336281,4.95382858320442,3.35841991616167,3.23061666604803,3.10556096565328,2.37575832281715,0.499359285422047,8.01026458658778
080806,-71.3437508400329,-14.679345201995,4020.87968,13.77,274.8,22463.4143646409,4,>3500,,178.067320268832,7.66898068261715,5.20642270360031,5.02692572391022,3.86997479428356,3.13126293205304,0.240337938797605,16.6432316928893
080807,-71.6582286366044,-15.0011427199331,4430.29725588522,12.9,629.3,12319.1609756098,2,>3500,,162.348718712234,4.40179847329076,3.1723018100911,3.06551347930331,2.47979639584899,2.03136289921064,0.172388220357867,11.6017207895535
080808,-71.2226488588219,-14.737922926652,4146.45583211323,13.47,360.7,15792.6767177459,4,>3500,,253.281952862701,8.89656318956392,6.29133655496873,6.0934068884734,4.12330478516971,3.46944961987919,0.183982370168857,21.7412135539337
080901,-72.7433576065649,-12.8768030129351,2179.72599954823,6.75,391.8,239656.899109792,0,1500-2500,,0,-0.686104804382033,-0.865344250391586,-0.852725250902228,-0.97029871956641,-1.20593561480393,0.470739802596108,0
080902,-72.8331346827381,-12.3549736715444,1702.67971961202,15.69,7603.6,177555.446819965,0,1500-2500,,0,-0.419550131418975,-0.850427249645584,-0.872158853734212,-0.593333485948128,-1.2334188794947,0.176022312773679,0
080903,-72.4733054731304,-13.0509534050467,3031.74424808269,11.23,530.6,43840.0723981901,0,2500-3500,,0,-0.463308208727053,-0.650659215181226,-0.660103980121335,-0.655216752340583,-0.933528001264051,0.21465449627387,0
080904,-72.6438203540292,-12.9375577302713,2097.464171123,3.87,164.7,41457.3508245877,0,1500-2500,,0,-0.270564255071078,-0.269044708620585,-0.257688825750776,-0.382635639014892,-0.364427032248745,0.0732050161221676,0
080905,-72.3620916329135,-12.9162789327129,2954.80527445569,5.15,863.5,47695.2151037345,0,2500-3500,,0,-0.466357855573269,-0.46445161010979,-0.452919570082235,-0.65952960427095,-0.640524998674488,0.217489649454898,0
080906,-72.4451047847277,-12.5071490298053,1871.28575285753,11.61,1966.8,121075.012905775,0,1500-2500,,0,-0.39482537499569,-0.674027269041359,-0.681512396344886,-0.558367400087948,-0.963804073836326,0.155887076740487,0
080907,-73.6687618516558,-12.5515301353479,2173.47612037946,12.68,541.4,129671.412897016,1,1500-2500,,7.71179998473672,1.48665771485368,0.339443144834164,0.304900183529026,1.12097324493883,0.289103667878673,0.252687068429364,3.9574640927046
080908,-72.7329605800778,-13.244354159798,3597.43118536197,4.99,1330.3,55529.0012914335,0,>3500,,0,-0.660751500469917,-0.602752221243683,-0.588060761068248,-0.934443733322929,-0.83164350380216,0.436592545373247,0
080909,-73.0531698111221,-13.048711536719,3030.42879528411,8.76,2366.6,81712.0642919201,0,2500-3500,,0,-0.632144798037304,-0.793386195534898,-0.794886892415412,-0.893987746767957,-1.12413982380648,0.399607045685624,0
080910,-73.7891129173251,-12.3933684639295,1766.19180470793,11.93,505.8,197203.244074924,0,1500-2500,,0,-0.465145693221181,-0.821456968558121,-0.831215671687693,-0.657815347832829,-1.1755164761578,0.216360515922213,0
080911,-73.2090190584509,-13.3019365423833,2851.68863714384,6.65,771.5,40347.8748744728,0,2500-3500,,0,-0.408355997519244,-0.462730576511721,-0.456921719135507,-0.577502589968109,-0.646184892144265,0.166754620709937,0
080912,-73.3397757884845,-13.0543949934946,2449.34265031168,14.76,439,19177.4604651163,0,1500-2500,,0,-0.228084656278321,-0.392611846733906,-0.402935494690518,-0.322560414278007,-0.569836841352843,0.0520226104295997,0
080913,-73.4779370999785,-12.9093974789118,1551.56718403548,17.14,198.8,18979.3336170213,0,1500-2500,,0,-0.120611545205198,-0.263456095303884,-0.271130990865184,-0.170570483007966,-0.383437124461199,0.0145471448367854,0
080914,-72.8589959602924,-11.7510565396783,577.850813398714,34.75,10713.8,59905.1530517675,1,500-1500,,16.6930547550032,18.2586975628451,3.97156190905656,3.73709377878448,3.10426711309027,1.91279288956306,0.00298171859157431,335.377054972855
080915,-73.3689936362362,-12.5772650346002,2106.24627269448,10.67,2940.4,23461,0,1500-2500,,0,-0.204717336692672,-0.321833285804838,-0.324426645112561,-0.289514034003675,-0.458808561513386,0.0419091879425406,0
080916,-73.5453243741622,-12.7970723471223,1634.63180639585,18.12,102.2,8990,0,1500-2500,,0,-0.089223416580217,-0.196012873473831,-0.202399359943569,-0.126180965809007,-0.28623591984783,0.00796081806624693,0
080917,-73.5889505914383,-12.7244961871617,1764.98636081835,23.37,142.6,14405,0,1500-2500,,0,-0.125596687386729,-0.300897309106939,-0.314963026699877,-0.177620538691446,-0.445424984005045,0.0157745278825197,0
080918,-73.8453605825858,-12.3265334651491,1621.79117392558,15.53,307,23233,0,1500-2500,,0,-0.141876623566265,-0.291500337266552,-0.298642890073815,-0.200643845231115,-0.422344825448687,0.0201289763145638,0
081001,-71.8557012203678,-13.726680824658,3745.5487593768,4.25,153,27798.0103478011,0,>3500,,0,-0.49435606627458,-0.413054106863957,-0.399908461417736,-0.699125053566924,-0.56555596984472,0.244387920262477,0
081002,-71.8626509219082,-13.9884903171375,3768.5167587477,8.79,239.2,25013.636992765,0,>3500,,0,-0.472929498139903,-0.548014790088703,-0.550398809574081,-0.668823310315752,-0.778381461213672,0.22366231021086,0
081003,-72.0194345417051,-13.8606742398184,3563.44120032441,7.17,326.1,24981.6664566929,1,>3500,,40.0293551966821,1.84881583298502,1.64713708854241,1.66403793081847,1.30009278022138,1.21224656662311,0.191321713244305,5.22679827105179
081004,-71.8670093500842,-13.8709407996496,3509.87649653434,7.7,140.1,7591.64168377823,0,>3500,,0,-0.236120952718828,-0.264608020567815,-0.263795830508423,-0.333925453695423,-0.373063641202486,0.055753104312847,0
081005,-72.0792063561039,-13.6988110786032,3601.10336421258,7.91,361.6,40632.1125879593,4,>3500,,98.4443029227413,6.50096534199132,5.65374594087047,5.66379371521455,3.58291969481633,3.34096097795344,0.320370477055818,12.4855449751791
081006,-71.7863518539787,-14.1397049642331,4055.32118591723,11.69,428.2,46740.173824478,4,>3500,,85.5794848992449,4.87447308559867,3.43906359208299,3.33697339748228,3.0772482728588,2.42889076628433,0.512025188797703,7.81211566835703
081007,-71.9371340975409,-13.7686669668273,3470.76670792079,8.44,142.3,16742.2082152975,0,2500-3500,,0,-0.345252709559982,-0.405025230954358,-0.405605975452605,-0.488261064305785,-0.573613471464643,0.119199433458509,0
081008,-71.7691488772046,-13.9748209857689,3660.11646136618,9.46,78.6,8271.30740037951,0,>3500,,0,-0.261186021452663,-0.316326456363501,-0.318783499404888,-0.369372813840627,-0.450827948319147,0.0682181378022712,0
081009,-71.9125877357072,-13.6509167197255,3790.40802092415,9.2,101,15459.9347826087,0,>3500,,0,-0.37479493247025,-0.442407676201961,-0.445381191619854,-0.530040076608136,-0.629864121614688,0.14047124140538,0
081101,-71.4640663666514,-13.3013515494311,3405.13204651914,8.96,1094.2,107627.599939954,0,2500-3500,,0,-0.852541920578413,-1.03495924612325,-1.03936310366779,-1.2056763465736,-1.46988139743718,0.726827726343528,0
081102,-71.6764541936684,-13.5643015328757,3891.83017312448,3.98,107.1,24449.9347753744,1,>3500,,40.8999046086285,1.55661155445591,2.16747867621504,2.27280735263088,1.15782553265874,1.47757414067005,0.239003688681241,4.18403584278441
081103,-71.7693350005589,-13.1392609493049,3621.93005437469,6.69,715.7,75376.0422475708,0,>3500,,0,-0.77709627366048,-0.807560302945399,-0.799660024139592,-1.09898008948025,-1.13089005142581,0.603878618537004,0
081104,-71.6542702614653,-13.4030260489066,3855.89921290075,2.54,460.6,71319.107099075,0,>3500,,0,-0.824310188372437,-0.539561890956623,-0.509168224701571,-1.16575064799862,-0.720072608902394,0.679487286654602,0
081105,-71.6311469940717,-13.5109992753896,3835.53377563329,3.06,145.9,62853.2584745763,1,>3500,,15.9100741038668,0.5335733590174,1.27598310221545,1.39295173956737,0.484877426701373,1.06977334914943,0.590114692419925,1.69458583703319
081106,-71.4637486279709,-13.0449921873356,2026.938173859,24.28,3275.9,39163.0818833163,0,1500-2500,,0,-0.250811544906603,-0.580586350696457,-0.609778918779318,-0.354701088406666,-0.862357616986913,0.0629064310584368,0
081201,-71.5991405767424,-13.687870098881,3725.91989987484,8.34,141,97400.3044893191,0,>3500,,0,-0.918659500943012,-1.04388132757495,-1.04552549658422,-1.29918072543651,-1.47859633707628,0.843935278672864,0
081202,-71.7003217874179,-13.6657653677735,3558.79402677652,7.61,85.9,55875.5102071006,1,>3500,,17.8969283017468,0.878471397016445,0.656879029726124,0.664297105546776,0.746734455790169,0.588753116237525,0.426378615813986,2.34533337956204
081203,-70.7489050240349,-13.3423075443395,1838.07634028051,40.18,3376.4,20818.1408450704,0,1500-2500,,0,-0.159710938963879,-0.481780411046581,-0.51848300452719,-0.225865375942059,-0.733245696862303,0.0255075840247239,0
081204,-71.3439897759523,-13.5369771826976,4278.77539175856,5.51,304.3,25236.2681760204,0,>3500,,0,-0.566312680374723,-0.506456246807534,-0.497487601059114,-0.800887073129793,-0.703553712530255,0.320710051953203,0
081205,-71.5057613693202,-13.6003695068169,3897.32431629013,5.24,297.6,120604.526697254,2,>3500,,16.5831254826817,0.750475207883756,1.04618287412426,1.11088869658963,0.682360061753947,0.961651888487888,1.18354991429928,1.68983156167445
081206,-71.4379071511151,-13.885980877516,4273.7354862119,8.54,243.2,37263.0002139953,0,>3500,,0,-0.687027529380755,-0.74970736402997,-0.752864330900298,-0.971603649773944,-1.06471094738615,0.472006826127024,0
081207,-71.6723996078801,-13.7553131680028,4134.3336038961,6.47,108.7,39705.7076641594,1,>3500,,25.1852959896407,0.798924397628245,0.855419504996273,0.877505105651836,0.689787709387758,0.746054698955609,0.458831666777448,2.17944852634821
081208,-71.7678250816684,-13.6449826988687,3721.89753178758,5.41,118.3,41990.4144620811,0,>3500,,0,-0.602282406262138,-0.562717307508906,-0.551438001917134,-0.851755947314618,-0.779851101119131,0.362744096892911,0
081209,-70.9127051755738,-13.6397832546205,4208.27072609049,7.26,1305.5,39558.3937360179,0,>3500,,0,-0.692907260606833,-0.706541594862662,-0.703621118651517,-0.979918845416971,-0.995070528769104,0.480120471801665,0
081210,-71.2689447376069,-13.6876722013346,4489.84665367122,6.74,950.9,148047.855513308,5,>3500,,33.7728633938271,1.94400528290681,2.13261493346814,2.16839379146445,1.65543110816561,1.81039037888785,2.14971659075336,2.32588798984324
081211,-71.7886520112293,-13.5740875748494,3667.53483146067,5.53,78.5,92984.3677401846,0,>3500,,0,-0.878182910939843,-0.833256423495904,-0.81733183335472,-1.24193818289541,-1.15588176368951,0.771205225066776,0
081212,-71.5331644304143,-13.8056122553887,4019.66554054054,8.16,365.2,94811.8912173098,1,>3500,,10.5472002209933,-0.0134616610367444,-0.192889561595484,-0.195436764870134,-0.0134918295410618,-0.201684673322543,1.01355257412631,0.986628642191562
081301,-72.1312667860253,-13.2449427948458,3964.44541963796,1.03,161.2,190493.737102747,0,>3500,,0,-1.39996348732024,-0.602455705676603,-0.543397451305006,-1.97984735059542,-0.768480045394513,1.95989776582985,0
081302,-72.0387777169895,-13.4093842056753,3843.94148020654,9.09,102.6,98551.6033380387,0,>3500,,0,-0.964833664816529,-1.12678218904019,-1.13383438259171,-1.36448085421767,-1.60348396134612,0.930904000763294,0
081303,-72.0498104689551,-13.3418913782481,3549.42807825086,3.63,76.9,50472.7293281654,0,>3500,,0,-0.618345501278463,-0.490777823338841,-0.471132878162087,-0.874472594140392,-0.666282505976694,0.382351158951313,0
081304,-72.5001626747584,-13.2014598159691,3456.94945054945,4.96,361.5,45581.4062775525,0,2500-3500,,0,-0.566534882985059,-0.523117839685487,-0.509999892944092,-0.801201315074925,-0.721248765410361,0.320961773638894,0
081305,-72.1621894633064,-13.3370012542007,3441.37173100872,7.39,141.4,54092.5173131223,0,2500-3500,,0,-0.613319000574191,-0.679616017072035,-0.675989142307182,-0.867364048673132,-0.955993013067773,0.376160196465324,0
081306,-72.3163844314699,-13.2364705545818,4054.56478658537,4.01,579.9,94241.2661913761,0,>3500,,0,-1.015801671185,-0.802567315465597,-0.775394868803593,-1.43656050007108,-1.09657393965655,1.03185303518224,0
081307,-72.0732258921414,-13.2942384127436,3617.96268656716,4.99,23.8,27189.3223801066,0,>3500,,0,-0.466013525104203,-0.42420558290983,-0.413890636363998,-0.659042647451659,-0.585329751285196,0.217168605580046,0
090101,-75.0086246759678,-12.8628460662902,4446.92665628784,9.71,510.2,342482.854220369,5,>3500,,14.5992709952796,0.0715722610195223,-0.513890815373399,-0.563834641176961,0.0711894514036409,-0.586944569062781,4.84250035910968,1.03252444588755
090102,-75.3712701162617,-12.7040980244818,4519.86665067754,8.16,736.3,14948.9861864825,3,>3500,,200.682505326865,5.90976813309916,5.60227946837349,5.58587088166963,3.1762455667343,3.09097453077172,0.221107120234454,13.56808408892
090103,-74.8235148814105,-12.5995681789624,3855.49569175744,7.6,543.2,133977.157885971,2,>3500,,14.9279178000045,0.640834717138299,0.43088791499595,0.438760294817776,0.591243576682727,0.415624431598798,1.27608726230376,1.56729093619298
090104,-75.0398192925654,-12.5179576373551,4035.53978494624,10.59,41.4,6736.02389078498,0,>3500,,0,-0.269812988179778,-0.331606274623285,-0.336430888985544,-0.381573187188254,-0.475785126004594,0.0727990485905011,0
090105,-75.0558007036799,-12.4599019908883,3900.8656,4.5,55,8449.29292035398,0,>3500,,0,-0.288315267787696,-0.243498214763164,-0.236529232371388,-0.407739361944591,-0.334502848317315,0.0831256936394911,0
090106,-74.957001843787,-13.0458793598633,4556.87454164484,9.31,337.3,14269.5520338088,0,>3500,,0,-0.464625068532401,-0.514764606672583,-0.519534243467482,-0.657079073337051,-0.734732373228959,0.215876454308739,0
090107,-75.1829665532964,-12.4014721035009,3839.88048780488,7.3,36.4,5281.53010279002,0,>3500,,0,-0.223030913648295,-0.235919432758643,-0.234784354256586,-0.315413342909881,-0.332035218022673,0.0497427884427931,0
090108,-75.0135560061,-12.4963448187036,3380.73571428571,6.77,12.3,7303.05349344978,0,2500-3500,,0,-0.219878999784886,-0.235720718882114,-0.233386344628229,-0.310955863576816,-0.330058133845922,0.0483467745464018,0
090109,-75.0802484537665,-12.5532456429294,4327.88873626374,10.14,64.3,5671.37081659973,0,>3500,,0,-0.272739803618862,-0.320200356992987,-0.324386063268037,-0.385712329276769,-0.458751170118475,0.0743870004780554,0
090110,-75.1604977613901,-12.6087599105916,4261.70532212885,9.26,158.5,7233.01247401247,0,>3500,,0,-0.301509016303345,-0.341668798640335,-0.344499751231167,-0.426398140033962,-0.487196220425274,0.090907686912211,0
090111,-74.9353060595032,-12.5479205602477,3236.31666666667,6.52,5.2,3928.63035019455,0,2500-3500,,0,-0.151812631154319,-0.162628146562177,-0.160639267115318,-0.214695481917982,-0.227178230204158,0.0230470749779973,0
090112,-75.1317703004528,-12.4637752998406,4037.05855018587,9.76,94.5,7126.60351966874,0,>3500,,0,-0.277669728500861,-0.328824615352009,-0.332240782340785,-0.392684295906373,-0.469859420359785,0.0771004781257418,0
090113,-75.1392157489072,-12.7077334161855,4514.28607142857,8.24,245.8,13552.0350480498,0,>3500,,0,-0.446946027316708,-0.470170704749997,-0.471570368910107,-0.632077133480064,-0.666901211325957,0.199760751334187,0
090114,-74.9791356577617,-12.6695795449673,4140.81768558952,7.49,80.8,15007.6927680798,1,>3500,,66.632494111748,1.97872805525345,1.86869443684846,1.87619932891856,1.35782594748486,1.31252764902478,0.17418008012467,5.74118463652244
090115,-75.0889931954686,-12.4136133276036,3760.12866817156,6.16,39.7,4146.15340909091,0,>3500,,0,-0.191951336637706,-0.189485228936284,-0.186925895691074,-0.271460183588687,-0.264353136845056,0.0368453156370018,0
090116,-75.2688636068224,-12.5330265942793,4224.81129911098,11.48,308.4,14472.848074922,0,>3500,,0,-0.421396502183192,-0.528080908317224,-0.538205012869407,-0.595944648524054,-0.761136828537102,0.177575012052229,0
090117,-74.8290191673901,-12.8171691942206,4079.8746548868,10.6,320.3,156901.041591672,2,>3500,,12.7468879728977,0.190789756809563,-0.383467261810483,-0.425200148215159,0.186456522637402,-0.445862301754578,1.74776975363311,1.14431548883517
090118,-75.1865852839022,-12.8284460959068,4610.18639308855,7.3,408.6,151674.187273841,3,>3500,,19.7792389985492,0.409460646620399,0.451633149073849,0.461806316782524,0.39306667400575,0.440920985540596,2.36968521103707,1.26599093669791
090119,-75.013590829117,-12.6272753267041,4086.87296564195,9.17,195.3,51338.7621997281,0,>3500,,0,-0.758022604929156,-0.86867502910971,-0.875058306765557,-1.0720058484762,-1.23751932529509,0.574598269583584,0
090201,-74.5663925120144,-12.8233089989575,3429.14112615823,7.01,123.3,75537.1418358889,2,2500-3500,,26.4770409813119,2.05193868251115,1.77849786118509,1.80544630766623,1.55805289359202,1.41867720703195,0.520134551145102,3.84515890282025
090202,-74.6549315034143,-12.6611858541356,3442.00216684724,2.29,81.8,24787.6145421357,0,2500-3500,,0,-0.415284100674772,-0.270592897410153,-0.253719177911789,-0.587300407412177,-0.358813102437004,0.172460884273254,0
090203,-74.6640041560552,-12.8178498451539,3648.72975609756,6.43,90.5,34900.506782535,2,>3500,,57.3057581215654,3.20969877171627,3.13431598113523,3.18414654205273,2.0878649358679,2.07801939957593,0.285371956602162,7.00839712427739
090204,-74.473422981384,-12.8728716662261,3235.95514780836,5.59,86.9,14114.9809220986,0,2500-3500,,0,-0.287713550460777,-0.287460604964631,-0.281751230766538,-0.406888405140147,-0.39845641176535,0.082779087118746,0
090205,-74.3977840558264,-12.874422437179,2898.09907597536,4.79,171.7,11864.9885859226,1,2500-3500,,84.281581289211,4.18959421893144,4.32934633035029,4.46947297554192,2.0108533855018,2.06566255041308,0.0512783134721126,19.5014214058316
090206,-74.7273881414205,-12.7230537443866,4041.74307507025,8.69,220.1,70601.1751589143,0,>3500,,0,-0.875367354651214,-0.983070713537319,-0.987500579067913,-1.23795638500641,-1.39653671176913,0.766268005589063,0
090207,-74.5200152824861,-12.8615690111385,3307.8115942029,6.26,55.2,22462.972082072,0,2500-3500,,0,-0.374159160852122,-0.3902941832132,-0.384819166895672,-0.529140959763207,-0.544216484884975,0.139995077649564,0
090208,-74.60062395755,-12.7427671788319,3641.499543379,5.33,96.9,38769.7319223986,0,>3500,,0,-0.561492293445742,-0.525342954468379,-0.514309016487797,-0.794070016558942,-0.72734278636781,0.315273595598959,0
090301,-74.7375680786858,-13.1037214336107,4278.46415215301,9.82,825.3,203752.017169877,4,>3500,,19.6317074822627,0.877064200810721,0.269646681447253,0.224554878355981,0.811404474795632,0.220316776554489,2.58882025657977,1.54510533894099
090302,-74.7060355387621,-12.8873219656055,3716.57511737089,7.38,75.3,60963.2838966714,0,>3500,,0,-0.724267526767687,-0.779354600576859,-0.775766251437091,-1.02426895914128,-1.09709915401367,0.524563450330183,0
090303,-74.624540797063,-12.878572377331,3518.81588447653,5.43,24.7,4731.51104100946,1,>3500,,211.348973157347,5.15863001378407,5.41480378923715,5.53515779092166,2.18521279068843,2.24285723208081,0.0349938255923658,28.5764697935215
090304,-74.8051801372252,-12.9350587168496,4140.93103448276,9.4,107.3,24823.0310945274,0,>3500,,0,-0.536767408598379,-0.619021890362379,-0.624435334394899,-0.759103749079688,-0.883084918726244,0.288119250933419,0
090305,-74.3431950945967,-12.9847652785425,2717.22392638037,3.4,172.6,7474.53380423814,0,2500-3500,,0,-0.164393764785025,-0.139951990360545,-0.133534030678306,-0.232487891728555,-0.188845637223605,0.0270253099001941,0
090306,-74.5404719074713,-12.981801617476,3685.30967469371,5.86,209.1,29419.3197598538,0,>3500,,0,-0.497281983039136,-0.48352600069128,-0.475696577581425,-0.703262924737734,-0.672736551590117,0.247289370655336,0
090307,-74.6264605863695,-12.9647937720587,3942.81265406738,7.3,107.2,10860.137737175,1,>3500,,92.0798634603807,2.68261513183932,2.53050020059366,2.5451903752144,1.62285571712881,1.57664340938729,0.110054962756977,9.08636898281631
090308,-74.6710827061003,-12.9235690811288,3908.46408839779,6.02,31.8,8058.45149592022,0,>3500,,0,-0.282327428685279,-0.271856021431909,-0.26798199136222,-0.399271278676644,-0.378983766656201,0.0797087769880411,0
090309,-74.4309543003198,-13.0125165105623,3208.81058020478,6.36,51.2,15062.4111169376,0,2500-3500,,0,-0.293767363963752,-0.312165911541033,-0.307934938522542,-0.415449790300131,-0.435485766387105,0.0862992641302115,0
090310,-74.4306672701371,-13.0655208961655,3346.38701298701,8.88,33.8,18746.6147938561,0,2500-3500,,0,-0.347339409394467,-0.422686390214975,-0.424215974370701,-0.491212103512316,-0.599931984330362,0.120644665318497,0
090311,-74.4709875991495,-13.1435539915216,3940.57279084552,3.95,139.1,11688.2350260417,0,>3500,,0,-0.343890374908675,-0.272740492718264,-0.263227745589518,-0.486334432165417,-0.372260247805591,0.118260589954829,0
090312,-74.5415143560182,-13.0808395640054,4096.22653721683,10.85,162.6,25736.0027124774,1,>3500,,38.8560729951733,1.31895953627516,0.837781693099099,0.803575472536659,1.02779781632773,0.693172846334303,0.289873492832032,3.44978076549915
090401,-75.2913806190118,-13.1535838531366,4453.3344804512,4.08,922,25044.1012816505,0,>3500,,0,-0.596257327674038,-0.458459455962695,-0.443758876850041,-0.843235199460963,-0.627569822064779,0.355522800804985,0
090402,-75.5111399952039,-13.110479226631,4055.23451717053,3.99,300.3,7600.14682539683,1,>3500,,131.576405426587,3.17724780475923,4.16939300682194,4.33236693786929,1.77151325483244,2.03932071256526,0.0832525013185069,12.0116511115288
090403,-75.4427836298048,-12.9566675794235,4447.46532893066,4.53,347,11726.1432274789,0,>3500,,0,-0.407254437014998,-0.328501970074028,-0.319644941580751,-0.57594474816323,-0.452046211527454,0.165856176468403,0
090404,-75.6110360088285,-13.3424506996123,2878.10253025303,1.23,400,7156.08016877637,0,2500-3500,,0,-0.174184154179684,-0.091552016382412,-0.0830405168745465,-0.246333593191395,-0.117437025190456,0.0303401195672918,0
090405,-75.5296321984447,-12.8940198041444,4442.73181928002,4.5,365.8,7354.20631578947,0,>3500,,0,-0.322044576962586,-0.25909146745981,-0.252018671045836,-0.455439808429195,-0.356408222564265,0.103712709551011,0
090406,-75.3630840117356,-13.2741633221675,3850.44191096634,2.55,80.9,5789.2599469496,0,>3500,,0,-0.234394730234045,-0.15378055207091,-0.14514464009772,-0.33148420644577,-0.205265518531958,0.0549408895614908,0
090407,-75.4834005542259,-13.2147127443094,3922.79386626446,3.45,175.3,6847.89817792069,0,>3500,,0,-0.261580804480651,-0.195448502423569,-0.187340597874504,-0.369931121353002,-0.264939614297208,0.0684245172727447,0
090408,-75.6836500958476,-13.1118314221124,3508.69585987261,2.64,55.3,3310.00236966825,0,>3500,,0,-0.15583987320005,-0.107529933224796,-0.101570143361723,-0.220390862238014,-0.143641874274329,0.0242860660790076,0
090409,-75.4319747307177,-13.2918693330402,3511.56097560976,1.31,170.5,9440.46867371847,0,>3500,,0,-0.263482567049352,-0.132298901450984,-0.120631469403359,-0.372620619770072,-0.170598660079225,0.0694230631389163,0
090410,-75.6884893391746,-13.2721290351111,2575.57612612613,1,195.5,6145.22295514512,0,2500-3500,,0,-0.13841357250661,-0.0690404809420407,-0.0619000748540956,-0.195746351455359,-0.0875399253705718,0.0191583170540425,0
090411,-75.1311697958003,-13.0881461237425,4716.956694532,8.75,643,6517.66704288939,2,>3500,,306.858264903536,5.74260858900755,5.35968887836143,5.32066432212973,2.80604461657539,2.71330024409338,0.10849204869025,18.4345306789265
090412,-75.6213615961187,-13.1265536066959,3414.65131056394,2.75,111.2,5448.05150214592,0,2500-3500,,0,-0.192554065575332,-0.136723469245965,-0.129374831035781,-0.272312571026712,-0.182963640680529,0.0370770681695891,0
090413,-75.4097397373928,-13.4180589524035,3132.37969201155,1.76,182.4,12354.161209068,0,2500-3500,,0,-0.257318548766921,-0.154141278466306,-0.142484262502033,-0.363903381516342,-0.201503176455103,0.0662128355395142,0
090501,-74.3848799710598,-12.7104939212659,3352.63405088063,5.94,135,43529.1416696784,0,2500-3500,,0,-0.530644716537265,-0.537811790638413,-0.528941585129414,-0.750444954928627,-0.74803636339314,0.281583815188914,0
090502,-74.5630558930949,-12.6435294469951,3608.95513577332,6.27,149.2,46111.3434531886,0,>3500,,0,-0.604790154340508,-0.611119544901239,-0.603144439013521,-0.855302438658063,-0.852975045722834,0.365771130787215,0
090503,-74.5699463260149,-12.4522549970043,3278.17094483889,9.41,161.6,14686.7352793156,0,2500-3500,,0,-0.29879577177038,-0.376172906009095,-0.3785571594578,-0.422561032817407,-0.535360669038655,0.089278913227857,0
090504,-74.4974069294124,-12.7114255619378,3471.13402061856,4.3,76.8,19927.4755434783,0,2500-3500,,0,-0.376721567061507,-0.325556913486331,-0.315130965921235,-0.532764749376829,-0.445662485929544,0.141919139089277,0
090505,-74.3297778798053,-12.794899829413,2755.34184914842,3.61,72.8,9448.02122241087,0,2500-3500,,0,-0.188424788189117,-0.163971400795707,-0.156948027083049,-0.266472890944326,-0.221958028488548,0.0355039008041134,0
090506,-74.4547170374069,-12.7173461759045,3611.43403441683,2.49,92.2,27174.0877192983,1,>3500,,36.7997634485381,1.68711509525721,2.92813513485427,3.145047569993,1.22360625014941,1.76258849592757,0.215964392285653,4.63039295235908
090507,-74.5261980541326,-12.5691439067512,3826.93829401089,3.42,97.4,33985.8945862676,1,>3500,,29.4239716851256,1.21267864068399,1.94117093607359,2.06304321753645,0.965004114791682,1.39364687275638,0.317110042424136,3.15347944314704
090508,-74.410004230592,-12.7878914296444,2705.24316109423,4.68,29.3,5897.74131274131,0,2500-3500,,0,-0.145137537820377,-0.143045724252612,-0.138694895868994,-0.205255474395015,-0.196144202769856,0.0210649048845613,0
090509,-74.4002381823265,-12.6073435361236,3281.66184573003,4.57,128.4,27746.9988901221,0,2500-3500,,0,-0.411300871303509,-0.373123904051169,-0.362072164355334,-0.581667270413293,-0.512047365389094,0.169168406735026,0
090510,-74.4604847488017,-12.5053381970835,3332.79386712095,2.69,155.7,14579.3259067358,0,2500-3500,,0,-0.304589226488805,-0.216071680020842,-0.204179260774168,-0.430754215053198,-0.288753079742142,0.0927745968930483,0
090511,-74.6452424496295,-12.5705094646614,3665.69045643154,3.96,106.3,23460.8352365416,0,>3500,,0,-0.440807892163374,-0.359584988932949,-0.346825182767107,-0.623396499498541,-0.49048487724177,0.194311597793517,0
090601,-75.3927027745262,-13.6535431970107,3164.91051454139,1.79,393.5,18846.0067368421,0,2500-3500,,0,-0.322392522136334,-0.193858098451482,-0.179369541442883,-0.455931877212871,-0.253666838185168,0.103936938329426,0
090602,-75.36824798083,-13.7145827925946,3207.69926650367,1.38,179.7,6574,0,2500-3500,,0,-0.193982663489489,-0.10315447884289,-0.0942151614747857,-0.274332913572092,-0.133240359138813,0.0376292737344764,0
090603,-75.1519698693533,-14.0115572690549,3417.07489361702,0,102.9,7183.5297679112,0,2500-3500,,0,-0.221323510883878,-0.012324609391476,-0.057210596208462,-0.312998710764009,-0.0809080010694578,0.048984096469966,0
090604,-75.3117436819168,-13.5548796794636,3436.8648018648,2.97,37.7,3922.01844262295,0,2500-3500,,0,-0.164848444396227,-0.120912279995614,-0.114865835671155,-0.233130905801252,-0.162444822659466,0.027175009619856,0
090605,-75.0572697494765,-13.906009839422,3791.87063095778,2.21,193.2,6852.18946188341,0,>3500,,0,-0.24965282229215,-0.154387474853187,-0.144647282885181,-0.353062407170279,-0.20456214921664,0.0623265316784358,0
090606,-75.0348057984788,-14.023294219607,2883.18825380178,1.97,168.1,5734.99245283019,1,2500-3500,,174.368145769138,6.24105217180375,9.73682664697657,10.4978617596106,2.3393191348604,2.73099321905009,0.0244341669730287,40.9262980442033
090607,-74.9462178986776,-13.4094670659734,4412.57168256021,7.5,2177.8,22527.4211234443,7,>3500,,310.732416357906,11.9785145773247,11.7637449878933,11.7896638915521,5.4939638455553,5.45852775735055,0.311758275360711,22.4532933148313
090608,-74.8827255473159,-13.8828482105036,4014.56604257502,4.05,685.2,9809.86559594252,0,>3500,,0,-0.323266092615473,-0.257509777908283,-0.248889965851713,-0.457167292432159,-0.35198356524607,0.104500966634876,0
090609,-75.4060072479506,-13.5386368130657,3244.64069423929,1.78,239,5606.19645293315,0,2500-3500,,0,-0.181997600878151,-0.108150320664013,-0.100065165439027,-0.257383475481247,-0.14151351408498,0.0331231267254029,0
090610,-75.2376818210347,-13.4654163478982,4113.34315169367,4.76,238.7,11213.2226804124,1,>3500,,89.1804281874143,2.44021434166199,2.99031743514261,3.08359735764264,1.53969408020704,1.74528676913317,0.127764810989533,7.82688122226333
090611,-75.1672822900506,-13.7265351763888,3791.51949189663,1,202.1,8268.28472906404,0,>3500,,0,-0.274204034665783,-0.118384971148552,-0.106571150956038,-0.387783064681773,-0.150714367039739,0.075187852626994,0
090612,-75.2344289923694,-13.9735600338744,3323.56415584416,1.1,168.6,9104.00086956522,0,2500-3500,,0,-0.239770021853331,-0.113536467497882,-0.102557219800567,-0.339086016755474,-0.14503781116124,0.0574896633795469,0
090613,-75.2293723371315,-13.8282204998502,3284.00508752264,2.48,1019.6,12347.5861664713,1,2500-3500,,80.9874890944602,3.36641854785851,5.10721420596904,5.45070188408551,1.82207658977952,2.23033985541313,0.0754298903191624,13.2573439490466
090614,-74.8922777529275,-14.0554067665208,3648.34017008504,2.73,175.4,2743.06100795756,1,>3500,,364.556237392833,6.5284158848293,9.56906829432632,10.1206862055438,2.3749134599507,2.70480525172614,0.0224226350716698,44.5977913302199
090615,-75.1837766289577,-13.671219190584,3964.34958791209,6.15,255.6,5884.67994858612,0,>3500,,0,-0.246049932652062,-0.237964307470547,-0.234860784103226,-0.347967151777533,-0.332143306148362,0.0605405693580844,0
090616,-75.1762232527898,-13.589704390841,4173.0532038835,6.86,227.4,6587.86114649682,0,>3500,,0,-0.279496340855145,-0.278642792021521,-0.276675375633012,-0.395267515871,-0.391278068594876,0.0781182045514156,0
090701,-74.8516918072743,-12.4513601591688,3632.9691943128,2.99,74.5,90101.9348707324,0,>3500,,0,-0.853207410741765,-0.614841591941984,-0.584631929385471,-1.20661749178824,-0.826794403533283,0.727962885744667,0
090702,-75.0117700248317,-12.4126757101506,3787.01771336554,4.15,164.2,26396.7170576311,0,>3500,,0,-0.489132944933493,-0.402645142227763,-0.389408122895853,-0.691738444528438,-0.550706248697565,0.239251037819312,0
090703,-74.9392717915876,-12.3963774155877,3902.04340704341,4.32,108.4,27767.1834061135,0,>3500,,0,-0.522883393921575,-0.433460884211529,-0.420191179003858,-0.739468787223565,-0.594240064136797,0.273407043638945,0
090704,-74.906158823538,-12.4441378364242,3721.81810115351,4.22,99.4,31225.6922132154,0,>3500,,0,-0.519359768075217,-0.433582572905092,-0.419605892494266,-0.734485627762917,-0.593412344017058,0.269734568695143,0
090705,-74.7004724232985,-12.3851277933923,3145.51607629428,6.43,324.5,94567.7295244386,0,2500-3500,,0,-0.716063748358156,-0.770403647812026,-0.760222859871744,-1.01266706445182,-1.07511747885668,0.512747291712732,0
090706,-74.8336565905446,-12.3453347550842,3342.5160472973,2.99,104.9,80103.1369547819,0,2500-3500,,0,-0.716838992620064,-0.532894980057202,-0.506270464343999,-1.01376342540116,-0.715974556904207,0.513858141340549,0
090707,-74.5281741328011,-12.0577198005985,2225.45943742356,4.94,217.6,21928.8460843374,0,1500-2500,,0,-0.213592272254282,-0.232048021888044,-0.225143976659245,-0.302065088240093,-0.318401665278116,0.0456216587667474,0
090709,-74.9088843124855,-12.2621004943946,3431.9590504451,3.68,149.4,23911.0888252149,0,2500-3500,,0,-0.406229110146566,-0.328529467200545,-0.31548549475858,-0.574494717000028,-0.44616386541957,0.165022089930471,0
090710,-75.0911032667098,-12.3291862666532,3864.9305740988,4.44,66.3,11572.3857236411,0,>3500,,0,-0.333123691449772,-0.280603156805259,-0.272361557952239,-0.471108042396058,-0.385177409125121,0.110971393805123,0
090711,-75.0262526496336,-12.2215571705275,3961.59664193674,3.73,226.2,40691.3096437232,0,>3500,,0,-0.646390655968546,-0.498520790332253,-0.479772445032103,-0.91413443226196,-0.6785006986173,0.417820880123448,0
090713,-74.7672026585138,-12.249779458335,2574.15094339623,2.71,32.6,5913.18774445893,0,2500-3500,,0,-0.135671292089911,-0.106343526680465,-0.100256888472218,-0.191868181298234,-0.141784651398737,0.018406699497346,0
090714,-74.7832227816735,-12.1949008098305,3179.66837209302,3.96,190,31463.4122249389,0,2500-3500,,0,-0.4192516380764,-0.360654333591957,-0.347339687575182,-0.592911352614781,-0.491212496919255,0.175771936029745,0
090715,-74.7514424191655,-12.1065044109395,2562.98111782477,2.77,117,21420.7920369712,0,2500-3500,,0,-0.256673326330437,-0.203525498167434,-0.192079713766973,-0.36299089919592,-0.271641736265995,0.0658811964495312,0
090716,-74.9488856794526,-12.0792441982385,3931.63420647149,2.38,287.5,13955.7632,0,>3500,,0,-0.374590889121783,-0.236346271889361,-0.222347971839496,-0.529751515737421,-0.314447517341567,0.140318334213048,0
090717,-74.6513085465712,-12.1640395599202,2918.25072780204,4.05,243.4,35602.0048981191,0,2500-3500,,0,-0.396037146125335,-0.355374637601403,-0.342335531877284,-0.560081103253984,-0.484135552063062,0.1568454211111,0
090718,-74.4899237069776,-12.1610254599948,2502.30830039526,2.33,179,18650.5848871443,1,2500-3500,,53.6176214339152,4.08442020550292,5.66324250066634,6.07769115940711,1.98916540564222,2.31819649924135,0.053680299555206,18.6288081155653
090719,-74.7274015953342,-12.4678274851592,3657.86537023186,6.09,118.4,33861.0083701465,0,>3500,,0,-0.528010986908721,-0.523900660878912,-0.516378016836051,-0.746720298768316,-0.730268794720866,0.278795602296321,0
090720,-74.632739761194,-12.2985424263585,3039.03647058824,5.57,150.6,21267.1509433962,0,2500-3500,,0,-0.323767457937122,-0.33061775693137,-0.323780106784543,-0.457876330069738,-0.457894218241309,0.104825366819066,0
090721,-74.4577804048516,-12.2359466649291,3067.67243035543,0,184.2,9474.94590417311,0,2500-3500,,0,-0.218929728365673,-0.0126923136558557,-0.0588510694486499,-0.309613391061393,-0.0832279805744416,0.0479302259622675,0
090722,-74.9332842740814,-12.1815805856564,3861.28738461539,1.82,143.4,14764.0785498489,0,>3500,,0,-0.375777114310747,-0.211374558837382,-0.196148131549117,-0.531429091487683,-0.277395347870903,0.141208439639712,0
090723,-74.8869536944433,-12.3175690955884,3479.52467532468,3,34,12442.5197775031,0,2500-3500,,0,-0.298675685292361,-0.219060024081625,-0.208237796326719,-0.422391204891535,-0.294492715763932,0.0892071649848614,0
090724,-74.6407639962671,-12.0589605560205,2500.07886754297,1.8,87,7828,0,2500-3500,,0,-0.149916979247691,-0.0986919284730553,-0.0911166378043488,-0.21201462528209,-0.128858384940747,0.0224751006667525,0
090725,-74.5367388838834,-12.21472803961,3393.33679354095,1.92,76.7,3821,0,2500-3500,,0,-0.15986614354275,-0.0966837737484594,-0.089839868580471,-0.226084868362441,-0.127052760588319,0.025557183851231,0
100101,-76.2967023924686,-9.89657062208678,2611.48008385744,2.77,127.9,762297.883227176,0,2500-3500,,0,-1.57142734456042,-1.23735044333064,-1.16799371288106,-2.22233386296128,-1.65179254952291,2.46938389923221,0
100102,-76.1882246302191,-9.95023916337234,2830.24450366422,2.92,133.3,710572.92446179,0,2500-3500,,0,-1.69588114513834,-1.32717584801641,-1.25717474057276,-2.39833811562746,-1.77791356839088,2.87601285843574,0
100103,-76.1107543774876,-9.61535707615288,2395.91579995574,5.96,806.4,104471.219876338,0,1500-2500,,0,-0.516346536196575,-0.59416709150403,-0.582417058574972,-0.730224274373567,-0.82366210319417,0.266613745442201,0
100104,-76.2657611040979,-9.68524482348868,3388.50652514355,2.06,513.5,120136.095522388,1,2500-3500,,8.32389296199196,0.223127481836107,1.23036153918937,1.39760100215259,0.214701519497501,1.07236458204278,0.800381174206645,1.24940469894388
100105,-76.5331918827305,-10.0632297828782,3924.37489288775,4.11,209.1,32532.4628942486,1,>3500,,30.7385273365451,1.18249668433608,1.70614318827224,1.79530033597463,0.946615639839037,1.27536721079065,0.325428702003532,3.0728697064623
100106,-76.4208091388675,-9.86923888719827,3426.74769703173,1.43,174.4,25789.6957151129,0,2500-3500,,0,-0.420998904280091,-0.221972661254161,-0.203240863405351,-0.595382360177117,-0.287425985456265,0.177240077405037,0
100107,-76.3305288992959,-9.99675259331817,3142.5827294686,1.95,148,38498.0524482688,0,2500-3500,,0,-0.456287671097671,-0.28597972753509,-0.26573056902211,-0.64528821280996,-0.375799774648188,0.208198438795736,0
100108,-76.4218207602889,-10.0785168851363,3897.00263939294,5.58,269.5,23132.5914118413,0,>3500,,0,-0.476402475622967,-0.443709376554653,-0.435703331440678,-0.673734842174117,-0.616177560494546,0.226959318779691,0
100109,-76.3126786231579,-9.79337669172561,3346.5036453202,1.14,452,174751.540466962,0,2500-3500,,0,-1.0605327669941,-0.509071624361904,-0.460704734169636,-1.49981982242412,-0.651534883312191,1.12472974986815,0
100110,-76.4401421051768,-9.95581921426226,3407.64595375723,1.27,61.7,12658.0025188917,0,2500-3500,,0,-0.292671304003616,-0.146538663276167,-0.13336490408311,-0.413899727439333,-0.188606456098921,0.0856564921871771,0
100111,-76.2812399085613,-10.0403797060743,2877.25115740741,0.5,77.3,412535.676453101,0,2500-3500,,0,-1.3219771617951,-0.462137873942871,-0.400582743839054,-1.86955803135812,-0.566509549189818,1.74762361630782,0
100112,-76.5112451193117,-9.94605404769357,3898.63316582915,3.13,70.8,40143.6632692308,0,>3500,,0,-0.6279453277464,-0.449979245611838,-0.429174259018054,-0.888048798927777,-0.606944057724755,0.394315334638534,0
100113,-75.9384528994791,-9.70773013725364,2378.4062923378,4.39,592.7,64829.1295318127,0,1500-2500,,0,-0.402641692146563,-0.40448541685676,-0.390394673095976,-0.569421341810522,-0.55210144137054,0.162120332254648,0
100201,-76.1411777182508,-10.1501370706603,3348.11525318422,0.92,287,186433.985623846,1,2500-3500,,5.36382889983174,-0.183845587003431,1.61750381184182,1.91256041432926,-0.189381231505487,1.3288172020524,1.20152028224528,0.83227891761536
100202,-76.3706030965638,-10.2152087955646,3686.01865460712,6.6,157,18679.3310539019,0,>3500,,0,-0.396353508360844,-0.406699022849506,-0.402519359212919,-0.560528507018063,-0.569248336916637,0.157096103589949,0
100203,-76.4643611212841,-10.2443938779255,3786.25528700906,3.91,176.9,12724.8823529412,0,>3500,,0,-0.339514093804746,-0.272058261130015,-0.262325090029891,-0.480145436075484,-0.370983700071015,0.115269819892058,0
100204,-76.2095850367947,-10.0486852566905,3130.92209856916,2.33,112.1,34594.718067505,0,2500-3500,,0,-0.430318052535516,-0.292771281312342,-0.274482247837925,-0.608561626029705,-0.388176517523046,0.185173626337959,0
100205,-76.269608433378,-10.1952977657456,3093.55701425356,1.64,237.9,63852.0123609394,0,2500-3500,,0,-0.574982598327083,-0.335140299271304,-0.308654418892522,-0.813148188682682,-0.436503265284191,0.330604988378963,0
100206,-76.2873327845803,-10.3323861506402,3567.09274495138,3.94,118.9,10721.5466939332,0,>3500,,0,-0.286956346242759,-0.235935165334699,-0.227440153318025,-0.40581755666554,-0.321648949450567,0.0823439446489943,0
100207,-76.1263396448146,-10.3289291372214,3755.07063347501,2.59,440.4,68793.0833610834,0,>3500,,0,-0.780425881900848,-0.520493520332557,-0.491520538720339,-1.10368886661116,-0.695115012043233,0.609064557140716,0
100208,-76.1791461430289,-10.0648746493388,2984.89439655172,2.33,41.6,26271.0493755446,0,2500-3500,,0,-0.351003221151935,-0.243105517084479,-0.227805257244387,-0.49639351578971,-0.322165284374905,0.123203261259034,0
100301,-76.7946956195958,-9.90788750141231,3861.87086614173,4.69,169.3,56501.5804988662,0,>3500,,0,-0.73527243221578,-0.635103584915058,-0.618148829865047,-1.03983224567861,-0.874194458760208,0.540625549576509,0
100307,-76.6323295861846,-9.64827991144103,4055.49852681202,2.99,151.7,24354.4227467811,0,>3500,,0,-0.516553976555761,-0.357259704455535,-0.340097053394164,-0.730517639342912,-0.480969865433153,0.26682801069557,0
100311,-76.4234795251509,-9.54692372691253,3717.95517002082,5.51,642.6,43421.096779839,0,>3500,,0,-0.611559063781526,-0.576374828367878,-0.565337052119352,-0.864875122192027,-0.799507326419213,0.374004488493337,0
100313,-76.8307312558309,-9.69197426105741,3917.52414021164,4.57,269,37382.5833172427,1,>3500,,26.7504252318151,1.02922018886332,1.41250705782924,1.48216408733433,0.849262474519885,1.11856656745841,0.372141052722942,2.6871531444409
100316,-76.6872710807359,-9.57602544946057,3949.36803874092,3.38,37.2,8506.32525951557,0,>3500,,0,-0.294277307299813,-0.217297240972624,-0.208082620611426,-0.416170959082031,-0.294273264162814,0.0865991335916288,0
100317,-76.8436914180611,-9.81053155418771,3785.07728337237,3.8,76.2,41839.1803762449,0,>3500,,0,-0.615368759365856,-0.486826058805679,-0.468733288418489,-0.8702628453559,-0.662888973617167,0.378678710003473,0
100321,-76.8097727111888,-9.75051549186244,3599.60055096419,6.37,32.6,12220.5825183374,2,>3500,,163.658319642204,6.13655645599311,6.01225820259253,6.09488163523628,2.88592373105286,2.87775466592819,0.0962438868196142,20.7805406253855
100322,-76.7668628945674,-9.79382302583035,3708.83088235294,9.31,73,12944.6697247706,0,>3500,,0,-0.33277939255066,-0.398155256750059,-0.400980272646241,-0.470621130223424,-0.567071739820375,0.110742124106387,0
100323,-76.7315344537518,-9.71465895956285,3491.07281553398,6.84,37.3,17174.9801499779,0,2500-3500,,0,-0.352521512943853,-0.375160030694043,-0.37176216448918,-0.49854070463348,-0.525751094997776,0.124271417088223,0
100401,-76.8392894488206,-8.95864125030232,3531.33912337662,3.39,551.7,45830.6528532609,1,>3500,,21.819457889936,1.12411879874771,1.76597036270708,1.88608033641248,0.910329232123673,1.31697917005959,0.34230940890129,2.92133366479671
100402,-77.1077566796382,-8.84741540967074,3531.71179039301,1.97,184.6,21534.160130719,0,>3500,,0,-0.401105669894852,-0.24178789776689,-0.225057855226263,-0.567249078310045,-0.318279871179582,0.160885758421798,0
100403,-76.6264204437509,-9.09759403282726,2622.86673648383,3.99,682.7,11332.9686888454,0,2500-3500,,0,-0.192761011284845,-0.178787145160131,-0.171905851735876,-0.272605236455781,-0.243111586976174,0.037156807471556,0
100404,-77.0007493139179,-8.91440669171327,3630.42428035044,2.31,285.9,50278.5689018764,1,>3500,,19.8891898047377,0.933781927003876,2.04075527708684,2.22611423120568,0.785159250597154,1.45950256599109,0.405429674273593,2.46651901292548
100501,-76.9032564025937,-9.61397753067059,4066.58214747736,3.66,414,108940.497688195,0,>3500,,0,-1.09663506325708,-0.830387146760362,-0.79861375420272,-1.55087617943204,-1.12941040229118,1.20260846196486,0
100502,-76.7337577810968,-9.13741028948971,3315.68060836502,0.92,117.7,10317.666173205,0,2500-3500,,0,-0.254414506399268,-0.111198604433896,-0.0995425426506812,-0.359796445414302,-0.140774413849696,0.0647267410663833,0
100503,-76.7550439829388,-9.43720822319705,3689.23648648649,1.67,92.7,30478.230296827,0,>3500,,0,-0.506899047071867,-0.278937406161306,-0.257601784092944,-0.716863507123032,-0.364303936755747,0.256946643922366,0
100504,-76.6684089657329,-9.51519897411935,4085.85209264527,2.88,219.4,46597.1940248406,0,>3500,,0,-0.721920149957481,-0.48952106818253,-0.465161494729234,-1.02094926702029,-0.657837694539823,0.521168702914632,0
100505,-76.6443840702367,-9.21658845878169,2960.25934230194,4.61,238.7,9709.05381165919,0,2500-3500,,0,-0.210949704191654,-0.199664470387018,-0.193626854682167,-0.298327932646429,-0.273829723931165,0.0444997776985462,0
100506,-76.8710443162675,-9.44962918340522,3984.47279549719,2.37,94.9,24627.1825095057,1,>3500,,40.6055381939861,1.46592945685539,2.83077054393293,3.04805987473257,1.10983142597664,1.73511548329145,0.256936468632922,3.89201270384342
100507,-76.3878496621674,-9.33111512658036,2213.93949044586,12.17,1403.4,94288.4385964912,0,1500-2500,,0,-0.439730949717162,-0.72022031558272,-0.73123345060515,-0.621873472885212,-1.03412026310668,0.193363308139157,0
100508,-76.8364920073365,-9.44146118121452,3806.48565121413,2.94,40.8,15548.3369890329,0,>3500,,0,-0.378073542166714,-0.265705578638832,-0.252558932400597,-0.534676730906603,-0.357172267499394,0.142939603286486,0
100509,-76.8969009433957,-9.50308394578263,3981.76663628077,2.94,98.3,32657.4003334127,1,>3500,,30.6209309311394,1.13163434710113,2.07834065447511,2.22603554245,0.915054578180225,1.45947182537286,0.340075853861243,2.94052044167775
100510,-76.8357127811694,-9.36276239873133,3955.359375,2.28,159.8,23833.4410914928,0,>3500,,0,-0.493617347428445,-0.304760300191502,-0.286108464399596,-0.698080347355939,-0.404618470663648,0.243658085682294,0
100511,-76.6700248526176,-9.37556759559462,3938.47594775406,1.68,280.7,13079.2051282051,0,>3500,,0,-0.363509920576333,-0.195738421986644,-0.180944617962452,-0.514080659736217,-0.255894332760918,0.132139462357412,0
100601,-76.1042938417277,-9.19037667214898,852.128943758573,34.46,260.5,466280.915892275,0,500-1500,,0,-0.26080769867336,-0.97782625633444,-1.03584760187615,-0.36883778463518,-1.46490972712489,0.0680206556872939,0
100602,-75.7659361403582,-9.39667687579796,1570.36698612029,16.9,539.8,54945.1683413427,0,1500-2500,,0,-0.208666707642618,-0.450862761745311,-0.46372589953954,-0.295099287963932,-0.65580745635248,0.0435417948784097,0
100603,-75.8360285755868,-9.19749044131618,1297.32528987778,22.84,285.6,29261.0024298056,0,500-1500,,0,-0.116899545706021,-0.310923964864422,-0.32403784981137,-0.165320922972709,-0.458258721925456,0.0136655037862742,0
100604,-76.177725415474,-8.93240384988363,1282.50541860188,21.45,1501.6,189375.842118655,1,500-1500,,5.2805045712929,3.12375693773432,0.555993477496448,0.47743682786789,1.75663446169791,0.438487460371396,0.0856737720513391,11.672183633992
100605,-75.9532322658702,-9.24065345762121,737.539759036145,22.8,111.4,75578.8405135824,0,500-1500,,0,-0.0859768673866555,-0.282130891469435,-0.292273686617735,-0.121589651908561,-0.413337411539585,0.00739202172562255,0
100606,-76.0310323373729,-9.39440815637331,1407.42261264491,18.43,746.2,89446.7418945843,0,500-1500,,0,-0.228779151907226,-0.535584159537186,-0.552642163028864,-0.323542579415414,-0.781554042094623,0.0523399003473898,0
100607,-76.0647460354626,-8.5646993241562,1338.77309048179,24.26,761.8,31353.0255102041,0,500-1500,,0,-0.126390110300494,-0.341448842452655,-0.35705078180338,-0.178742608136791,-0.504946058082257,0.0159744599817712,0
100608,-76.0384987431241,-9.20771542458576,743.317909168809,26.39,104.3,112788.871116226,0,500-1500,,0,-0.106170975694903,-0.371182698745324,-0.387402458315958,-0.150148433758116,-0.547869810647106,0.0112722760800076,0
100609,-76.0014408853827,-9.08226294376077,1013.01846670397,23.63,320.1,34899.0442138507,0,500-1500,,0,-0.0906507328351098,-0.268544350197462,-0.279626673117907,-0.128199495814472,-0.395451833524612,0.00821755536354246,0
100610,-75.9829596919281,-8.98489405687984,1200.56469088591,24.29,280.6,21062.2314814815,0,500-1500,,0,-0.0890891063946477,-0.250812111956127,-0.261990276683856,-0.12599102252301,-0.370510202496189,0.00793686887819685,0
100701,-77.173060160875,-8.60480875413941,3489.36163963734,2.16,701.1,120820.08558975,1,2500-3500,,8.27676950499391,0.135900017371506,1.10537113207939,1.26152016466752,0.132790561891319,0.994235122960627,0.873021012274693,1.14544780244688
100702,-76.7409932752304,-8.65815779518132,2648.14208472234,11.11,2201.9,44873.8809856694,0,2500-3500,,0,-0.388695329898613,-0.571365740997863,-0.578527000191406,-0.549698207173703,-0.818160729869708,0.151084059484992,0
100703,-77.1480305150122,-8.76878654466633,3509.97396335583,1.01,92.6,16539.5404394577,0,>3500,,0,-0.348533949871399,-0.155574117686734,-0.140006393970514,-0.492901438855597,-0.197998941172051,0.121475914212959,0
100704,-76.3634131100624,-8.88042771065103,1318.93439226519,25.93,906.2,28891.2881405564,0,500-1500,,0,-0.118845338271791,-0.332749497514719,-0.349068688856928,-0.168072689208785,-0.493657673981262,0.0141242144289365,0
100705,-76.5085329004215,-8.78966286058282,2180.82898351648,18.63,1042.6,21224.25625,0,1500-2500,,0,-0.204322335199921,-0.408167620378349,-0.42333041441996,-0.288955417535469,-0.59867961343773,0.0417476166615488,0
100801,-75.8967146877148,-10.1483180106644,3337.98177991915,2.5,1609.1,144022.649554426,0,2500-3500,,0,-0.959392311054221,-0.657977437268186,-0.619482081686912,-1.35678561792935,-0.876079961568748,0.920433606509958,0
100802,-75.7975891530995,-9.73706806531536,2219.89386030326,5.13,1078,80702.3948469291,0,1500-2500,,0,-0.408334061391116,-0.451691162507042,-0.439074926245765,-0.577471567598205,-0.620945715594727,0.166736705692164,0
100803,-76.0580753177471,-9.99638795476255,3466.71584084084,2.75,237.7,84701.6862194016,0,2500-3500,,0,-0.775308834823343,-0.547408331593488,-0.518068080076409,-1.09645226923485,-0.732658905076649,0.601103789355129,0
100804,-76.0278940726888,-9.86812777705948,2762.15476190476,3.06,157.1,85057.4459121742,0,2500-3500,,0,-0.5672941772039,-0.457621979529412,-0.434398576118573,-0.802275119257042,-0.614332357822447,0.32182268348945,0
100901,-74.9668390575848,-9.28894049070306,409.238347972342,33.36,2389.4,85204.3287958115,0,lowland (<500 m),,0,-0.0403950920789009,-0.196251261763628,-0.205971237317924,-0.0571272870712917,-0.291287317273775,0.00163176346406288,0
100902,-75.4664792221936,-9.63430110654012,859.6167566819,39.25,3221.3,66171.1096094234,0,500-1500,,0,-0.0994466213220534,-0.394210144822844,-0.420387778782079,-0.140638760605829,-0.594518098209517,0.00988963049237188,0
100903,-74.6968243131007,-8.71386088773311,184.270943396226,23.5,948.5,37925.7413509061,0,lowland (<500 m),,0,-0.0089314584661821,-0.0498690270640682,-0.0509958376618447,-0.0126309896946467,-0.0721190052459575,7.97709503331359e-05,0
100904,-74.8663963504437,-9.00130502121054,281.127009398593,31.71,1739.6,52393.0095015576,0,lowland (<500 m),,0,-0.0188370277723983,-0.102896105339342,-0.107294650797288,-0.0266395801505244,-0.15173755032761,0.000354833615298106,0
100905,-74.9984480037495,-9.64737308859184,332.62030676172,31.82,2065.1,53858.6302207637,0,lowland (<500 m),,0,-0.0241052600498051,-0.123853154918712,-0.129397431467947,-0.0340899856869648,-0.182995602518213,0.000581063562068731,0
101001,-76.7555414955097,-10.2185137940607,4250.78410647876,5.41,454.9,30622.958863859,1,>3500,,32.6552376746388,0.999436581056129,1.26979428684722,1.31470029873032,0.829551977883229,1.02533878810126,0.382158557499749,2.61671492205342
101002,-76.7838617028656,-10.10736793757,4181.85754060325,5,192.1,12456.446509009,0,>3500,,0,-0.385449903359934,-0.332700360162626,-0.325135168853394,-0.545108480947017,-0.459810565396936,0.148571628000182,0
101003,-76.6563181709804,-10.0354757030339,3803.85612535613,4.05,62.1,7982.60357142857,1,>3500,,125.272411569981,3.42431262453479,4.3260666198253,4.4936445824869,1.83694362198227,2.07020996342277,0.073245739573376,13.652671210975
101004,-76.8658574598292,-10.1875119955554,4457.16889185581,4.58,133.3,7203.37037037037,0,>3500,,0,-0.320159391299477,-0.259325595555559,-0.252479063641019,-0.452773753296836,-0.357059316016389,0.102502035837252,0
101005,-76.7204382643113,-9.96848976513927,3904.51058337636,4.15,172.6,26014.387294511,1,>3500,,38.4402672520755,1.46756946152278,2.01342128689671,2.10850109430927,1.11071671425555,1.41244734506253,0.256596899402958,3.89716322499131
101006,-76.6275100750847,-9.97837033492594,3817.128125,3.92,86.3,8957.46291768541,1,>3500,,111.638754096947,3.18324654760544,4.10974380379333,4.27801261113637,1.77316533621405,2.0286113748096,0.0829870592921939,12.0500715235497
101007,-76.63756987087,-10.2989171889573,4237.69138080764,8.02,821,40016.2384401114,2,>3500,,49.9797101867337,2.13862930002536,1.92274603625003,1.91950544298724,1.60454237242187,1.48452793606175,0.495135296554802,4.03929999318608
101101,-76.551283583328,-9.80806824063673,4001.7508650519,3.62,206.2,35719.0728462838,0,>3500,,0,-0.614124904405724,-0.46549856027241,-0.447364011758476,-0.868503768801656,-0.632668252746473,0.37714939821134,0
101102,-76.6493215280767,-9.86463192805872,3757.40361445783,7.38,29.6,7551.15503875969,0,>3500,,0,-0.258785139534383,-0.277334459099508,-0.276089073480862,-0.365977454070139,-0.390448912139656,0.0669697484438303,0
101103,-76.6321376802165,-9.90056667577563,3635.36898395722,5.77,16.4,7265.29364278507,0,>3500,,0,-0.24249964227947,-0.235339303931361,-0.231315100047155,-0.342946282982251,-0.327128951668376,0.0588060765056711,0
101104,-76.5768677518986,-9.71624556631606,4036.8920758386,9.18,183.7,36733.4875437513,0,>3500,,0,-0.630367085931677,-0.726069968128527,-0.731351425470814,-0.891473682198183,-1.03428710476172,0.397362663025994,0
101105,-76.5090849778065,-9.87516812519457,3901.41509433962,2.71,38,7825.95291902072,0,>3500,,0,-0.277530518149294,-0.186255312077431,-0.176359878077421,-0.392487422739164,-0.249410531435554,0.0770231885042158,0
101106,-76.6813146214457,-9.82692454621999,3796.95382395382,4.14,124.2,28740.3276131045,0,>3500,,0,-0.512239390565208,-0.420793313088555,-0.406921344324901,-0.724415893319047,-0.575473683963367,0.262389193246616,0
101107,-76.707750455287,-9.76588114754957,3825.07926829268,6.38,73,7728.7244611059,0,>3500,,0,-0.268359805884908,-0.267442845105897,-0.264344834096054,-0.379518077078247,-0.373840049521906,0.0720169854145853,0
101108,-76.5718246937856,-9.91181684658409,3888.91336270191,4.92,61,14548.1755454084,0,>3500,,0,-0.376718555218102,-0.331668487494971,-0.323617612512435,-0.532760489987038,-0.457664416637887,0.141916869845614,0
110101,-75.9066183497219,-14.2138261922808,549.66135734072,0.4,886.5,1368017.08340113,0,500-1500,,0,-0.243490523346966,-0.14273096002253,-0.122157873599683,-0.344347600426603,-0.17275732159533,0.0592876349597796,0
110102,-75.6733415960507,-14.0107810957547,613.013993541443,0.47,81.6,375447.621786122,0,500-1500,,0,-0.14834959591138,-0.089820045472108,-0.0763694253070808,-0.209798010510442,-0.108002677019913,0.0220076026070697,0
110103,-75.6406081922788,-14.0740337355169,712.118955512573,0,90.7,205422.142320585,0,500-1500,,0,-0.135026868471158,-0.0135040796871623,-0.0616662758269868,-0.19095682867668,-0.0872092836155648,0.0182322552091275,0
110104,-75.7807405545186,-14.4840733704293,487.950153422256,0.29,1399.8,41772.5620248099,0,lowland (<500 m),,0,-0.036082186724701,-0.0191138780470187,-0.0189017430987364,-0.0510279178261506,-0.026731101442725,0.00130192419883619,0
110105,-75.6516631468269,-14.1604117538302,433.012738853503,0,41.4,67187.6696406444,0,lowland (<500 m),,0,-0.0387872038710445,-0.00467088672441297,-0.0212189236360284,-0.0548533897609614,-0.0300080895850303,0.00150444718413397,0
110106,-75.7004465788775,-14.0568662273551,440.252577319588,0,17.2,484761.822781394,0,lowland (<500 m),,0,-0.106604523402457,-0.0127584469209926,-0.0579691738628512,-0.150761562806075,-0.0819807918764081,0.011364524409865,0
110107,-75.6758090923107,-14.1245151929747,443.467236467237,0,30.7,61531.4653739612,0,lowland (<500 m),,0,-0.0383648523114174,-0.00457905663327149,-0.0208069463436916,-0.0542560944572473,-0.0294254657108179,0.00147186189287687,0
110108,-75.8757690545413,-13.9217691494763,474.156542681295,0.83,657.4,242115.162660092,1,lowland (<500 m),,4.13026589914119,11.8943880281874,13.81860347047,15.8554125544831,2.818897858029,3.01293110492542,0.00697012274244549,143.469496442346
110109,-75.6124042998341,-13.8820522843409,1277.79243902439,0.63,360.3,64678.8681346819,0,500-1500,,0,-0.170188306422478,-0.0894498436660188,-0.0777808648052158,-0.240682611099977,-0.109998753900644,0.0289640596429514,0
110110,-75.733134469217,-13.9735426185077,461.564516129032,1.71,32.5,125396.632821724,0,lowland (<500 m),,0,-0.0578858095959025,-0.0699605677189608,-0.0632959799026011,-0.0818628969994719,-0.0895140332219533,0.00335076695257307,0
110111,-75.5152334621754,-14.5106061215118,583.577775666603,0.22,2767.9,249815.997620779,0,500-1500,,0,-0.113041988181343,-0.0494205486209234,-0.055493516819324,-0.159865512803674,-0.0784796841096675,0.0127784910919909,0
110112,-75.8932302698467,-14.0481653335352,512.393566698203,0,186,259888.835054513,0,500-1500,,0,-0.0962996239097086,-0.0108903390629174,-0.04955981441201,-0.136188234184538,-0.0700881616901581,0.00927361756515132,0
110113,-75.703258207355,-14.151553372671,399.64,0,6.3,41891.3795476893,0,lowland (<500 m),,0,-0.0274089835827806,-0.00340101632327564,-0.0154372018472573,-0.0387621563136298,-0.0218315002174822,0.000751252381041135,0
110114,-75.4341590018617,-14.1006694354521,1686.12232820441,0.7,1261.5,10178.1804330393,0,1500-2500,,0,-0.0991009164610732,-0.049260589503575,-0.0431874571000547,-0.140149860102853,-0.0610762875553035,0.0098209916434246,0
110201,-76.0345410952896,-13.3245252013023,782.000391083301,0,225.2,620498.849111094,0,500-1500,,0,-0.267140516529529,-0.0257991647201901,-0.117927039563522,-0.377793741535414,-0.166774018721241,0.0713640555716638,0
110202,-75.9389807469343,-13.3821992249026,890.119767723204,0,364.6,71784.2519967589,0,500-1500,,0,-0.10870054434173,-0.0100022807689391,-0.0457820007944504,-0.153725784045413,-0.0647455264360876,0.0118158083401885,0
110203,-75.9426565865146,-13.1202522724118,2683.96538860104,1.3,426.3,22105.0158859471,0,2500-3500,,0,-0.277930003715583,-0.153748888306165,-0.139742457905456,-0.393052380644983,-0.197625679209248,0.0772450869653442,0
110204,-76.1508093715323,-13.4967399016925,42.5180288461539,0,72.9,117008.339976391,0,lowland (<500 m),,0,-0.00206066463726158,-0.000590258689828113,-0.00261715247361049,-0.00291421987751795,-0.00370121252297824,4.24633874726038e-06,0
110205,-75.9153647444016,-13.5122124199022,1137.29743589744,0.23,754.9,111575.848672245,0,500-1500,,0,-0.19024513077779,-0.0661512492738538,-0.0733083925514399,-0.269047244121393,-0.103673722982017,0.0361932097846582,0
110206,-76.1674267296185,-13.311574821443,228.260049627792,0.3,178,234413.26270167,0,lowland (<500 m),,0,-0.0298632516397548,-0.0213331546390694,-0.0206104079902444,-0.0422330154855018,-0.0291475185058464,0.000891813798499319,0
110207,-76.0888753454381,-13.2584377382375,810.05752396832,0,210.6,593132.040497266,0,500-1500,,0,-0.2742427123595,-0.0261387723243536,-0.119523412333791,-0.387837763200789,-0.169031630743559,0.0752090652822956,0
110208,-75.8143195308548,-13.224708965455,2840.39069674586,0.81,441.3,14080.692918597,0,2500-3500,,0,-0.239913272498452,-0.104866868296621,-0.0931233028638712,-0.339288603760624,-0.131696237883064,0.0575583783209167,0
110209,-75.7271669662286,-13.0784402312795,3985.16526845638,2.6,210.5,8727.18334892423,0,>3500,,0,-0.301819312469464,-0.197217644040482,-0.186391655651548,-0.426836965080439,-0.263597607335595,0.09109489737954,0
110210,-76.1628427125926,-13.4268898431698,64.3555555555556,0,16.2,266462.657713328,0,lowland (<500 m),,0,-0.00551932382663208,-0.00135428647206671,-0.00603085825291143,-0.00780550261075206,-0.00852892153401706,3.04629355032286e-05,0
110211,-76.1832809788624,-13.4603181361865,11.4929577464789,0,12.7,53027.3459856295,0,lowland (<500 m),,0,-0.000226852588218462,-0.000105901599164487,-0.000463179703253994,-0.000320818006917988,-0.000655035018157744,5.14620967814152e-08,0
110301,-75.0368333715815,-14.8570548431729,729.244037119411,0.48,1143.4,241261.977063753,0,500-1500,,0,-0.151225884349234,-0.0866371039864094,-0.0738752952860205,-0.213865696628551,-0.104475444517807,0.0228692680972078,0
110302,-75.3343661916111,-14.8016265390061,434.21889041724,0,954.7,17621.2900232019,0,lowland (<500 m),,0,-0.0199404368434763,-0.00239880249295937,-0.0108976068428152,-0.0282000362236883,-0.0154115433945192,0.000397621021508667,0
110303,-75.0070858871389,-14.6777565957723,958.099914113942,0.18,611.3,29110.2727530479,0,500-1500,,0,-0.0766446161820283,-0.0254252852699013,-0.0314300628888956,-0.108391855687505,-0.0444488212037155,0.00587439718969043,0
110304,-75.0693275995221,-15.1424329522598,758.970305480683,0,1943.8,147018.336844503,0,500-1500,,0,-0.124762896881221,-0.0121842392821205,-0.0556763104638397,-0.176441380850378,-0.0787381933608571,0.0155657804381941,0
110305,-74.8280056630166,-14.9284777946526,1122.89795249795,0.84,534.1,197869.4603375,0,500-1500,,0,-0.248919057223924,-0.156415426331969,-0.137810403870439,-0.352024706659197,-0.194893342189689,0.061960697049247,0
110401,-75.131569660441,-14.4897315777357,818.847389558233,0,131.3,70036.7971824427,0,500-1500,,0,-0.0956555790246657,-0.00908051324093418,-0.0415266784453118,-0.135277417173334,-0.0587275918576665,0.00914998979854407,0
110402,-75.1587257515428,-14.5946600931649,595.164829899377,0,182.5,14233.7072748268,0,500-1500,,0,-0.0277272916230398,-0.00296512520423872,-0.0135148490745254,-0.0392123118611767,-0.0191128828546193,0.000768802700749091,0
110403,-75.1475428490923,-14.345665410343,1208.27458100559,0,313.7,23672.2679425837,0,500-1500,,0,-0.0952884897797513,-0.00782268600487451,-0.0359202307359404,-0.134758274584574,-0.0507988774703379,0.00907989628450576,0
110404,-75.2576659919003,-14.4711623270631,804.593684941013,0,253.7,8315.00866217517,0,500-1500,,0,-0.0321678727806701,-0.00307375919218918,-0.0140542252510915,-0.045492241959116,-0.0198756759587401,0.00103477203923337,0
110405,-75.1609269779288,-14.1503817930681,2280.92967320261,0,335.8,2895.01092896175,0,1500-2500,,0,-0.0802976078317879,-0.0051998350722265,-0.024035749464465,-0.11355796602183,-0.0339916828744483,0.0064477058235076,0
110501,-76.1917789688554,-13.7018101275669,27.8475177304965,0,24.7,635462.575910269,0,lowland (<500 m),,0,-0.00267332429647051,-0.000896821667526887,-0.00395887081839158,-0.00378065147669011,-0.00559868880305244,7.14666279409955e-06,0
110502,-75.6159016332829,-13.5551760242658,2205.22327721222,1.13,898.3,11688.2198100407,0,1500-2500,,0,-0.153978705174479,-0.0860225273067588,-0.0774764024269385,-0.217758773174396,-0.109568179076052,0.0237094416472091,0
110503,-75.8179788516674,-13.7440999225749,1025.09718595881,0.07,909.6,46880.4653243848,0,500-1500,,0,-0.106803572844669,-0.022518104149683,-0.0427362523163193,-0.151043061226834,-0.0604381876307373,0.0114070031723866,0
110504,-76.0130031539318,-13.6468570971818,324.29799803085,0,268.6,116884.620812147,0,lowland (<500 m),,0,-0.0342870995946314,-0.00459959820875683,-0.0208320150837062,-0.0484892812611647,-0.0294609182629382,0.00117560519861217,0
110505,-76.1578251440391,-14.0469780176235,253.186148253127,0.03,1425.2,74293.156279509,0,lowland (<500 m),,0,-0.0194053742931313,-0.00469749112293365,-0.0128984324728895,-0.0274433435082725,-0.0182411381365139,0.00037656855145652,0
110506,-76.1067771491745,-13.8043240361348,170.095760787282,0,232.4,128656.416338458,0,lowland (<500 m),,0,-0.0147249082472547,-0.00251349133471964,-0.01130729949978,-0.020824164947967,-0.0159909363064034,0.000216822922890068,0
110507,-76.1439867589757,-13.6421138462836,78.3525641025641,0,136.8,234031.34486332,0,lowland (<500 m),,0,-0.00679212935041013,-0.00154853212415574,-0.00691006792606221,-0.00960552144474237,-0.0097723117779565,4.61330211127028e-05,0
110508,-76.1103370395392,-13.726174608787,140.090047393365,0,55.6,156561.88316904,0,lowland (<500 m),,0,-0.0124169035683682,-0.00227880712174235,-0.0102307601013673,-0.0175601534290652,-0.0144684796887392,0.000154179494226156,0
120101,-75.0712680540565,-11.9933251097214,4291.8390625,1.38,226.7,996000.201215373,0,>3500,,0,-3.57277766552814,-1.70419513632386,-1.56125556132819,-5.05267062993358,-2.20794878916075,12.7647402472967,0
120104,-75.2025811062671,-12.3554291793411,3724.33783783784,5.55,13.1,3712.07520325203,0,>3500,,0,-0.179236928646904,-0.169371191624179,-0.166191220178577,-0.25347929537055,-0.235029877523877,0.0321258765907753,0
120105,-75.2571277681146,-12.4104140296862,4012.16244725738,6.61,125.3,7451.3744813278,0,>3500,,0,-0.281505445250597,-0.280044824286114,-0.277433737976722,-0.398108818555271,-0.392350554906544,0.079245315705737,0
120106,-75.2933788533142,-12.2907544045762,3869.74630021142,7.1,41.4,5447.7875862069,0,>3500,,0,-0.228956358026697,-0.238466736100908,-0.237006612928887,-0.323793186712905,-0.335177966376143,0.0524210138808492,0
120107,-75.1831525904035,-12.0790514642676,3578.14935064935,9.91,26.8,801768.131364573,2,>3500,,2.49448677461911,-1.6896129669915,-2.46532145254297,-2.50237076936626,-1.97204414489087,-3.05488012077607,6.21074707479853,0.32202245171365
120108,-75.437227260492,-12.4856391816546,4480.41346275054,10.46,701.9,12056.0785714286,0,>3500,,0,-0.417184587578515,-0.490343399436483,-0.497711809297393,-0.589988101766562,-0.703870790861625,0.174042980113055,0
120111,-75.2411353031238,-12.2098256837919,3840.35181236674,7.43,41.6,16580.0171755725,0,>3500,,0,-0.395231411828792,-0.421409358040301,-0.419755577041388,-0.558941622884144,-0.593624029933675,0.15620786889618,0
120112,-75.1912410940417,-12.3142279237276,3731.10088070456,6.23,110.8,8172.27602674308,0,>3500,,0,-0.266612951962567,-0.265305316445853,-0.261849752255014,-0.377047652569789,-0.370311470943075,0.071082466154194,0
120113,-75.1547063109625,-12.2517910587279,3824.17051792829,2.15,110.8,10362.4330125833,0,>3500,,0,-0.310635861358621,-0.189118799596595,-0.176957531087506,-0.43930544809281,-0.250255740428009,0.0964946383620123,0
120114,-75.1610787938477,-11.9719521385233,4067.43466666667,6.04,166.3,1404663.63088761,0,>3500,,0,-3.93894238740059,-3.74242992086442,-3.69125400663272,-5.57050574566818,-5.22022147834402,15.5152671312611,0
120116,-75.2093512467943,-12.1866997930403,3399.19926199262,6.6,24.3,11200,0,2500-3500,,0,-0.274356115973546,-0.290161884860897,-0.286936772246434,-0.387998140129795,-0.405789874854468,0.07527127837209,0
120117,-75.2441195326083,-11.9679754002257,3481.09271523179,9.9,13.6,47310.4611158798,0,2500-3500,,0,-0.582767239783542,-0.734107614201146,-0.741117899390235,-0.824157334208618,-1.04809898463513,0.339617655764928,0
120119,-75.2040982610564,-12.1105173696573,3229.76258992806,9.21,12.3,240189.138597538,0,2500-3500,,0,-1.1837101385702,-1.48402998181899,-1.49158813823783,-1.67401893188451,-2.10942417457078,1.40116969215388,0
120120,-75.2860879828588,-12.3712217390922,3820.35363790186,8.33,52,6650.14152046784,1,>3500,,150.372739726244,3.77555158155174,3.29693210864497,3.29009257110408,1.92163271501458,1.80204988747257,0.0617549466455929,16.1930347983122
120121,-75.2220663286758,-12.1344098773255,3229.96855345912,8.15,14,86602.7917795423,0,2500-3500,,0,-0.710841811476935,-0.843132339979783,-0.842221553408871,-1.00528213049254,-1.19108114335376,0.505296080943811,0
120122,-75.2229484207321,-11.8537327811592,4114.90343698854,6.22,54.1,19380.1169093851,0,>3500,,0,-0.470160980635439,-0.450732309546937,-0.445281140388168,-0.664908035313272,-0.629722627805905,0.221051347712077,0
120124,-74.87700539508,-11.9521803912499,3623.28466707392,3.04,580.3,40935.3075916231,0,>3500,,0,-0.572970121767111,-0.416425506568467,-0.396284823456999,-0.810302117037612,-0.560431371895515,0.328294760437818,0
120125,-75.2542689199705,-12.0474743632422,3212.22,10.64,8.9,193817.429855803,0,2500-3500,,0,-1.0553368280067,-1.41539305114031,-1.43290456296085,-1.49247165503888,-2.02643306652553,1.11373582054725,0
120126,-75.1005141966313,-12.1801971572228,3958.1461477363,4.58,111.2,38471.7536965769,0,>3500,,0,-0.627756787047853,-0.531525290192665,-0.516850344633067,-0.887782162114833,-0.730936767097292,0.394078583684644,0
120127,-75.2486655047149,-11.8456023147925,4149.34492753623,12.48,30.4,15283,1,>3500,,65.4321795459007,1.94528548276362,1.25353565547403,1.19954959838169,1.34326521369706,0.957035994415788,0.178388349238954,5.60574726021195
120128,-75.166152124993,-11.8822464177839,4364.88981173865,3.95,159.5,32629.0554187192,0,>3500,,0,-0.661948661587469,-0.505325635115615,-0.488222398002347,-0.936136774811717,-0.690450736709234,0.438176030577441,0
120129,-75.2344761244357,-11.9890110440787,3481.94932432432,8.86,26.2,151148.687503495,0,2500-3500,,0,-1.04199740254888,-1.24809582509457,-1.25299009897509,-1.47360685864217,-1.77199559148977,1.08575858691862,0
120130,-75.2863741108605,-11.9374085672572,3373.92372881356,10.91,21,104072.860006264,0,2500-3500,,0,-0.827728247342293,-1.10240653908443,-1.11802987063527,-1.17058451335078,-1.58113300619064,0.685134051448343,0
120132,-75.2468830955492,-11.9506179308562,3554.11333333333,9.9,13,50829.2092043429,0,>3500,,0,-0.62165934681031,-0.777053520205357,-0.784644184892975,-0.87915907943514,-1.10965444791283,0.386460343476621,0
120133,-75.1397379712076,-12.1138572882339,3850.11574406902,9.37,123.5,203138.128549581,0,>3500,,0,-1.388292948643,-1.64277930105297,-1.65561789552621,-1.96334271651787,-2.34139728196077,1.92735731125188,0
120134,-75.2875089405578,-12.01905665156,3265.78361344538,10.25,42,179348.861142272,0,2500-3500,,0,-1.03868840321428,-1.36125758726039,-1.37574630616714,-1.46892722690529,-1.94559908456626,1.07887359897184,0
120135,-74.6936310358359,-11.8547591185415,3041.3482566953,3.65,876.4,50411.2734076676,0,2500-3500,,0,-0.498998778875819,-0.420614676629115,-0.403238264988739,-0.705690840693796,-0.57026502321487,0.248999781319558,0
120136,-75.2276759394127,-12.1605324537246,3202.21917808219,6.93,6.1,23474.2183708839,0,2500-3500,,0,-0.365692257506676,-0.404318392497181,-0.400558618949366,-0.517166950220775,-0.566475431443631,0.133730827200329,0
120201,-75.313514905197,-11.912461480337,3336.45893719807,11.02,18.2,134763.153207865,0,2500-3500,,0,-0.927453417127165,-1.24603751427734,-1.26418780446065,-1.31161720097051,-1.78783153845492,0.860169840940855,0
120202,-75.3970791313374,-11.9553368151192,3792.88713318284,10.35,38.9,13002.3169562612,0,>3500,,0,-0.34402761208971,-0.428249591658019,-0.433697418933106,-0.486528514848098,-0.613340771821405,0.118354997880148,0
120203,-74.8571725960132,-11.696338858443,3811.41972275838,3.52,505.5,26333.4194649972,0,>3500,,0,-0.49290888828721,-0.375678794812391,-0.36035044688406,-0.697078434830017,-0.509612489190643,0.242959172152533,0
120204,-75.43648228364,-12.0056061962135,3829.35638730675,6.44,109.1,21222.1788617886,0,>3500,,0,-0.445379625657371,-0.445558636555363,-0.440610293101689,-0.629861907009307,-0.623117052225594,0.1983630109507,0
120205,-75.1413673022259,-11.6200631347673,3679.96795398521,3.04,108.4,15630.180952381,0,>3500,,0,-0.361739933668932,-0.261387452301541,-0.248785653902715,-0.511577520246547,-0.351836045873078,0.130855779610803,0
120206,-75.048961454081,-11.6654688888677,4143.65713484721,1.67,948.4,42140.90805841,0,>3500,,0,-0.700013305417322,-0.368855572151255,-0.341056129011411,-0.989968310362797,-0.482326203178405,0.490018627761286,0
120207,-75.2817774890491,-11.8387398731342,3981.72401433692,11.91,25.1,7441.97761953204,0,>3500,,0,-0.278377953987416,-0.362652264749698,-0.37006104027503,-0.393685877994677,-0.523345342062844,0.0774942852662201,0
120208,-75.3644869787375,-12.0018817834272,3599.10152284264,10.22,17.4,12203,0,>3500,,0,-0.309949246139583,-0.39121029130637,-0.395717644252115,-0.438334427537915,-0.559629259371672,0.096068535182496,0
120209,-75.1053444703226,-11.5890518666023,3004.47798742138,2.57,56.2,11660.0061141304,0,2500-3500,,0,-0.23596788802261,-0.170439757201791,-0.160514802243407,-0.333708987526111,-0.227002210294261,0.0556808441778511,0
120210,-75.3574342429242,-11.8818464579855,3296.34831460674,10.17,23.6,50723.6358242463,0,2500-3500,,0,-0.559552820472467,-0.728187985431606,-0.735719668147436,-0.791327187576281,-1.04046473279874,0.313099358898693,0
120211,-75.3517507927375,-11.9288010550372,3367.75800711744,10.35,25.2,11606,0,2500-3500,,0,-0.275715227116751,-0.3587904309779,-0.362903348925728,-0.389920213541287,-0.51322283788138,0.0760188864640414,0
120212,-75.3146270890902,-11.8898986244293,3333.8961038961,11.39,6.8,20639.0261254019,0,2500-3500,,0,-0.362567769247327,-0.494597838256143,-0.502634085287589,-0.512748256548929,-0.710831940324703,0.131455387296983,0
120213,-75.3282262244105,-11.9753310329527,3382.54296875,10.11,45.1,42098.1034616881,0,2500-3500,,0,-0.528304177130598,-0.679104195383887,-0.686108769033651,-0.74713493235645,-0.970304326430499,0.279105303573639,0
120214,-75.5726828618033,-12.0762529832094,4139.65662650602,14.06,308,45210.5239002425,0,>3500,,0,-0.724091532134779,-1.00231265659168,-1.03179815367351,-1.02402006514452,-1.4591829425566,0.524308546909292,0
120215,-75.3068457263346,-11.8699310457887,3498.1043956044,11.91,16.1,16656.0042857143,0,2500-3500,,0,-0.348122814618585,-0.475976433537283,-0.48504326391224,-0.492320005805098,-0.685954762162402,0.121189494057966,0
120301,-75.3564540757531,-11.0327782817586,2042.98363023592,11.21,738.5,233451.609198178,0,1500-2500,,0,-0.619080985736128,-1.00666557966694,-1.01698087088278,-0.875512726235337,-1.43822814027643,0.383261266900016,0
120302,-75.0759417183788,-10.9402322736834,1479.21649976156,7.66,1490,481548.871182315,0,500-1500,,0,-0.568672813761011,-0.877838520463198,-0.867046551378744,-0.804224805773691,-1.22618899216864,0.323388769110866,0
120303,-74.8687131342068,-11.0249780897527,1377.46616111032,12.63,1242.4,339416.238445451,0,500-1500,,0,-0.432580924119645,-0.860185711872702,-0.870643481210161,-0.611761809713889,-1.23127581911913,0.187126255912206,0
120304,-75.2727585472896,-10.8432819089899,1400.45185185185,9.82,192.4,30870.0443266683,0,500-1500,,0,-0.133480572718903,-0.235359529891309,-0.235259727135228,-0.1887700362524,-0.332707496794834,0.0178170632933663,0
120305,-75.4050920784384,-11.1568171020065,2334.29490117445,7.13,621.3,235599.377269302,0,1500-2500,,0,-0.747940331616476,-0.942617190220304,-0.93210587753861,-1.05774736081785,-1.31819677358278,0.559414739658564,0
120306,-75.2366068729624,-11.265041269629,2640.24070317782,11.09,393,13526.8962795941,0,2500-3500,,0,-0.212527563105926,-0.312500030245195,-0.316378162667631,-0.300559362122504,-0.447426288483245,0.0451679650797433,0
120401,-75.4911382176043,-11.7740855673469,3386.42727272727,15.74,9.5,159868.415271436,0,2500-3500,,0,-1.03115518021363,-1.61924901192152,-1.67287505056203,-1.45827364076939,-2.3658025846604,1.0632810056814,0
120402,-75.5675712945874,-11.6626542138677,3789.39867354458,6.44,120.1,47955.983405138,0,>3500,,0,-0.659859059615178,-0.662714634325934,-0.65528270817878,-0.933181631362541,-0.926709693095002,0.435413978556227,0
120403,-75.2725033548841,-11.6806400471641,4097.37964527027,6.05,419.6,36384.1461621622,1,>3500,,27.4844982081771,0.921085134043768,1.039509400246,1.07028109136426,0.776422444746885,0.876006159540071,0.410126655695678,2.43827116846075
120404,-75.4470944669449,-11.7954643207602,3391.14285714286,14.32,5.6,11085.0726744186,0,2500-3500,,0,-0.27204983389004,-0.409076518993071,-0.420621569768519,-0.384736564728642,-0.5948487285933,0.0740111121195983,0
120405,-75.8000091515856,-11.9149684346941,4393.8018161393,12.99,946.2,13439.0146799765,1,>3500,,74.4102171039334,1.90380029881665,1.2259480670375,1.16622681314524,1.32491564218337,0.936598654811809,0.183801427622844,5.44065415015153
120406,-75.6691652547829,-11.7684412838164,4006.80108254398,11.4,65.5,11492.3272481406,0,>3500,,0,-0.348954475005413,-0.444624061243237,-0.452737675386883,-0.493496151203439,-0.640267760729398,0.121769225626304,0
120407,-75.391569844828,-11.8178317362605,3481.76119402985,9.1,17.9,21978.0525739321,0,2500-3500,,0,-0.397307322849742,-0.481700237324915,-0.484240668807621,-0.561877404404251,-0.684819721280356,0.157853108790029,0
120408,-75.4040884555064,-11.7896278084359,3677.80630630631,11.77,19.7,13117.2872403561,0,>3500,,0,-0.331118349123669,-0.441963198260065,-0.450349623918246,-0.468272060081283,-0.636890545954807,0.109639361126384,0
120409,-75.4806020053106,-11.821277440523,3540.68944099379,14.32,14.3,8785.01469237833,0,>3500,,0,-0.257094176174097,-0.380409035871713,-0.39132153461254,-0.363586070752546,-0.553412221497707,0.0660974154226376,0
120410,-75.466739582449,-11.7643836865209,3410.57352941177,19.81,12,17879.493877551,0,2500-3500,,0,-0.348250214023863,-0.605328781003128,-0.632712790757767,-0.492500175771881,-0.894791009776564,0.121278211567667,0
120411,-75.6187199808617,-11.7656305161831,3941.94808743169,9.56,32.5,4405.39335664336,0,>3500,,0,-0.211226141204145,-0.250019831895729,-0.25229097071637,-0.298718873618636,-0.356793312451363,0.0446164827279934,0
120412,-75.4288850083519,-11.7542554298412,3682.7023255814,19.81,19.1,6014.046875,0,>3500,,0,-0.224617899260352,-0.379399386604763,-0.396881138462785,-0.317657679485743,-0.561274688664145,0.0504532006681337,0
120413,-75.4313801556618,-11.8691442907188,3655.2375,8.83,21.1,12849.0024645718,0,>3500,,0,-0.324934405994134,-0.381622555753127,-0.383248120887755,-0.45952664383855,-0.541994690313467,0.105582368198761,0
120414,-75.6250506117183,-11.8348417986464,4010.07491856678,14.12,109.2,9339.12060301508,0,>3500,,0,-0.314926163942292,-0.441990988040249,-0.454939603607725,-0.445372852193322,-0.643381757482685,0.0991784887354071,0
120415,-75.5677477095009,-11.76045029096,3602.41538461538,11.67,28.7,11385.0731052985,1,>3500,,87.8343064424078,3.03620235373012,2.08799537385825,2.03585583363996,1.73169419328801,1.38223315776417,0.0898580239812461,11.1286667088151
120416,-75.4220185570195,-11.7808253454842,3607.60365853659,13.47,14.5,14002.5657458564,0,>3500,,0,-0.333103717305525,-0.476057148128002,-0.488301236027818,-0.471079794690367,-0.690562230514087,0.110958086482759,0
120417,-75.364663323061,-11.7749631214519,3968.64751958225,12.76,33.7,5858.19047619048,0,>3500,,0,-0.245863997763472,-0.330865341530996,-0.338787987221362,-0.34770420013637,-0.479118566297534,0.0604491053962363,0
120418,-75.3392544590426,-11.5941974552096,3920.3610639502,3.75,314,12788.1200244948,0,>3500,,0,-0.357155754532492,-0.27720110066392,-0.266818846597722,-0.505094511939447,-0.377338831555244,0.127560232995674,0
120419,-75.2310886347454,-11.4085855112489,3000.73337759651,2.68,934.7,15488.3916532905,0,2500-3500,,0,-0.271491968172328,-0.199951947775423,-0.188704119710021,-0.38394762346467,-0.266867925369587,0.0737078887820842,0
120420,-75.4376547961553,-11.8384181500504,3489.12030075188,8.83,11.9,8407,0,2500-3500,,0,-0.24644597173974,-0.294511251850703,-0.29562197412472,-0.348527235626557,-0.418072605142686,0.0607356169867447,0
120421,-75.4593635394258,-11.835044054765,3643.7264957265,14.32,20.8,18933.0004189359,0,>3500,,0,-0.392712419187973,-0.574886185008219,-0.591554874812142,-0.555379229327979,-0.836584926847249,0.15422304418447,0
120422,-75.5284533648877,-11.6831669755961,3687.42440318302,4.68,34,6885.69213732004,0,>3500,,0,-0.240771490923487,-0.21138609127961,-0.205621400279784,-0.340502307896786,-0.290792572989818,0.0579709108415188,0
120423,-75.5334240243383,-11.880049517929,4053.79603960396,11.98,89.1,11112.3260273973,1,>3500,,89.9901602539843,2.51891010666689,1.75769981739138,1.70293959645774,1.56753152106277,1.23132998674265,0.121605644732466,8.22330248073613
120424,-75.4990280634873,-11.7475124633988,3400.58914728682,15.74,11.4,10024.0633802817,0,2500-3500,,0,-0.259700797570136,-0.407179782870053,-0.42068305362098,-0.367272390082796,-0.594935679891318,0.0674445042585647,0
120425,-75.5406023951532,-11.8206157956794,3801.31758530184,11.18,34,9078.44830508475,0,>3500,,0,-0.28835229109923,-0.371405960201918,-0.37760439818442,-0.407791720813885,-0.534013261124137,0.0831470437821748,0
120426,-75.6891857292844,-11.6328837183403,4150.34130229632,4.76,281.3,10846.7433751743,1,>3500,,92.1935704949714,2.45355028510967,3.01761170585336,3.11113723879553,1.5444707480094,1.75308513439474,0.126691040966077,7.89321796059568
120427,-75.4575204508973,-11.5600289793749,4260.90639711991,3.02,319.8,9713.51014040562,0,>3500,,0,-0.34931408064133,-0.238252622401497,-0.227038413159974,-0.494004710370858,-0.321080803070501,0.122020326934297,0
120428,-75.3785239162986,-11.8386666950296,3438.03971119134,9.1,24.3,22543.8674132948,0,2500-3500,,0,-0.395411881656002,-0.481669407459492,-0.48414571094854,-0.559196845761384,-0.684685430588189,0.15635055615474,0
120429,-75.4893062189652,-11.71892294117,3479.88659793814,10.08,8.7,5310.57388809182,0,2500-3500,,0,-0.195154671184098,-0.247882541440004,-0.250476091128334,-0.275990382749014,-0.354226685123889,0.0380853456849736,0
120430,-75.4832911061476,-11.7926533534251,3378.78431372549,13.43,4.7,26937.6937669377,0,2500-3500,,0,-0.42195353863218,-0.617140818787927,-0.632485249749858,-0.596732417024949,-0.894469218197183,0.178044788764219,0
120431,-75.5131110328493,-11.9420710096153,3924.67114351497,8.79,231,33484.0680480339,0,>3500,,0,-0.578807222214292,-0.66061183690629,-0.663767370936296,-0.818557023654949,-0.938708818238842,0.335017800487424,0
120432,-75.5947391613474,-11.7068198166442,3712.6875,8.38,32.7,7857.7084548105,0,>3500,,0,-0.259647209928073,-0.296072984153732,-0.29659979059048,-0.367196605712615,-0.419455446450077,0.0674166736234329,0
120433,-75.4713486397697,-11.6788466982374,3944.24026590693,4.17,93.1,8281.38904109589,0,>3500,,0,-0.289838693237364,-0.235506145917976,-0.227915937045755,-0.409893810876775,-0.322321809251079,0.0840064680975426,0
120434,-75.5142769967589,-11.7958384602161,3509.17117117117,13.34,19.6,80387.3593890386,0,>3500,,0,-0.76813887309819,-1.10432374986492,-1.13184589916701,-1.08631241212145,-1.60067182111836,0.590037328364558,0
120501,-76.0119041495937,-11.1887803845389,4299.01960984578,9.12,869.6,88306.4696809448,0,>3500,,0,-1.06629517732512,-1.19610875234166,-1.20520365009164,-1.50796910126621,-1.70441534738116,1.13698540518681,0
120502,-76.0209825116019,-10.913931638638,4298.98609904431,6.06,204.6,51282.4457381699,0,>3500,,0,-0.812570146048117,-0.757369484396123,-0.747569867985728,-1.14914772092073,-1.05722344612688,0.660270242248659,0
120503,-76.1820113487173,-11.0914053779357,4224.19478527607,11.63,289.5,8811.41283607979,0,>3500,,0,-0.328737290164651,-0.414416523086739,-0.422637252882485,-0.464904734208629,-0.597699334990517,0.108068205944798,0
120504,-75.6839059201647,-10.9044857366906,3501.91141129349,3.72,1132.2,31267.0494398441,0,>3500,,0,-0.477688066776371,-0.385304028327723,-0.370285603900407,-0.675552942618928,-0.523662922987467,0.228185889140547,0
120601,-74.6118197693569,-11.1796160328562,1109.67484729494,9.66,815.1,341819.296749893,0,500-1500,,0,-0.321844516048757,-0.614417553415761,-0.612157587881223,-0.455156879571557,-0.865721563091226,0.103583892510658,0
120602,-74.6514738434242,-11.317464517148,1046.58683729433,14.25,97.5,52571.1138048178,0,500-1500,,0,-0.11639521173144,-0.270866768469187,-0.275041171563397,-0.164607687025891,-0.388966955035942,0.0135478453140069,0
120603,-74.6489730939484,-11.4629357020383,2147.0666092449,11.56,308.2,60522.7750681199,0,1500-2500,,0,-0.337660099776282,-0.54652605551092,-0.553269717153228,-0.47752349257587,-0.782441537648421,0.114014342980928,0
120604,-74.3096993040012,-11.3648590190597,932.999365973934,9.58,1258,346285.837013172,0,500-1500,,0,-0.254810393929869,-0.517032302017527,-0.513982020478727,-0.360356314929252,-0.726880344176941,0.064928336854695,0
120605,-74.8418665522024,-11.4137498189348,2835.71428571429,7.65,950,28744.2833986928,0,2500-3500,,0,-0.342001079154604,-0.413807453615851,-0.411483347102866,-0.483662564486676,-0.581925330163549,0.116964738142914,0
120606,-74.3223458022117,-11.7692902858034,1561.42511349484,15.48,4413.5,523983.124360279,0,1500-2500,,0,-0.639314153136293,-1.33032757304109,-1.36216247257852,-0.904126745982415,-1.92638864287621,0.408722586400376,0
120607,-74.6909494508703,-11.1031662894304,979.926154965442,12.5,488.1,275999.478856127,0,500-1500,,0,-0.24347443890586,-0.547214940012365,-0.551611807381188,-0.344324853591847,-0.780096899163611,0.0592798024005236,0
120608,-73.8146583990512,-11.5304558323758,1279.53787944606,15.94,10209.9,236718.350946895,0,500-1500,,0,-0.326200826691176,-0.740928868367941,-0.758199881057817,-0.461317633163977,-1.07225655478163,0.106406979334007,0
120609,-74.1865898636407,-12.2023440908894,1354.00873998543,22.71,607.2,46883.1344802072,0,500-1500,,0,-0.15699440935772,-0.409890478973862,-0.42724660605303,-0.222023622930442,-0.60421794475807,0.0246472445695795,0
120701,-75.7587753652553,-11.4555567606892,3994.74730968513,2.25,445.3,401086.013323085,1,>3500,,2.49323079534682,-1.56581110239206,-0.458580080243382,-0.328678920496552,-1.88465360941119,-0.346079485486985,4.21448764190393,0.237276766470299
120702,-75.6568334085258,-11.3491338089991,3530.56575682382,1.75,107.2,73697.8669833729,0,>3500,,0,-0.741698142470717,-0.42378923904104,-0.39211773430234,-1.04891957226902,-0.554538217897379,0.550116134544512,0
120703,-75.6169728415001,-11.5256469418083,4023.50673854447,4.33,164.6,14150.974616605,0,>3500,,0,-0.38945661589018,-0.319513148196672,-0.30986714538901,-0.550774828147822,-0.438218319542974,0.151676455660631,0
120704,-75.6256862799576,-11.1275952882511,3543.63890051626,4.45,636.9,76472.6978438515,0,>3500,,0,-0.759407268111919,-0.661420244066639,-0.641484138272379,-1.07396405792858,-0.907195568392017,0.576699398861207,0
120705,-75.8226339388062,-11.3609938395497,4049.99882560188,4.22,151.4,28949.0533333333,0,>3500,,0,-0.562118928428913,-0.454704596337174,-0.44043597184717,-0.794956212250799,-0.622870524743243,0.315977689698069,0
120706,-75.5051659325744,-11.3171389027913,3585.77190679357,1.94,270.4,46820.2425667731,0,>3500,,0,-0.60400926865575,-0.359530702190463,-0.334448099844131,-0.854198099532016,-0.472981038709481,0.364827196622054,0
120707,-75.7778306859124,-11.2701883135685,4011.39325250395,0.74,167.8,24531.7808177067,0,>3500,,0,-0.510643589308121,-0.188338805690289,-0.167089488761604,-0.722159089538422,-0.236300221136647,0.260756875301481,0
120708,-75.7857270552913,-11.1233923527936,4070.16698456737,3.14,512,26197.9176504463,0,>3500,,0,-0.538431584500561,-0.380230629466031,-0.362872108157428,-0.761457249210728,-0.513178656763151,0.289908571187785,0
120709,-75.528419094275,-11.4295589201261,3886.98268041237,3.1,214.9,35193.2258346062,0,>3500,,0,-0.585522744304434,-0.418219484459669,-0.398676910117333,-0.828054206073245,-0.563814293292932,0.342836884097796,0
120801,-75.8566992901501,-11.6052664440499,4167.49543218552,10.19,379.9,107946.882917466,1,>3500,,9.26381543378678,-0.243788696775207,-0.605596374729665,-0.632479539286005,-0.253458600706084,-0.694236582633459,1.27530961759747,0.784123311077888
120802,-75.8212401880373,-11.7246216340385,4207.6102661597,10.62,186,5252.47437774524,0,>3500,,0,-0.252431418036651,-0.305836628140588,-0.310466046107299,-0.356991934956505,-0.439065293061292,0.0637216208119946,0
120803,-75.9653277678846,-11.7171361420993,4545.08318014706,15.95,193,17481.0351452671,0,>3500,,0,-0.512416990363714,-0.725279766568375,-0.752110353636228,-0.724667057362767,-1.06364466251358,0.262571172013406,0
120804,-76.2576955780407,-11.4048771631306,4497.66870857602,11.68,883.3,6186.0306372549,0,>3500,,0,-0.300429066026968,-0.370682932166254,-0.378365915299458,-0.42487085970642,-0.535090208956203,0.0902576237138363,0
120805,-76.1233225183229,-11.5445359835796,4619.87959866221,21.89,264.8,42036.003030303,0,>3500,,0,-0.812760898614808,-1.31978166064614,-1.39085030824491,-1.14941748578761,-1.96695936915075,0.66058027831715,0
120806,-75.9922702300208,-11.440116578731,4237.54765174403,12.69,322.7,13058.1537537538,0,>3500,,0,-0.401942854324855,-0.526511124017684,-0.539338656090124,-0.568433035885164,-0.762740042154732,0.161558058142812,0
120807,-76.3648555882927,-11.1980470736102,4497.86065038527,11.25,680.3,7860.75875118259,0,>3500,,0,-0.338683314900388,-0.410832940125512,-0.41855637569933,-0.478970537281606,-0.59192810313172,0.114706387791915,0
120808,-75.9864521312214,-11.5576029254338,4264.52074139453,11.21,100.3,68047.7538531278,0,>3500,,0,-0.925645286421489,-1.14354460172931,-1.16418496724747,-1.309060118004,-1.64640616979225,0.856819196274321,0
120809,-75.9781782906695,-11.8333154280758,4690.10818593172,13.21,215.3,5616.23310344828,0,>3500,,0,-0.303350022364363,-0.389616695544697,-0.400342013699404,-0.429001715773863,-0.566169105361453,0.0920212360684593,0
120810,-76.0981383021587,-11.709610318795,4650.11264864865,22.18,410.6,43368.1133889695,0,>3500,,0,-0.833025821808054,-1.35747016193902,-1.43161500302442,-1.17807641500794,-2.02460935337394,0.693932019798984,0
120901,-75.2860692787837,-12.0709234204192,3256.7264957265,10.36,20.5,171820.056781311,1,2500-3500,,5.8200423089883,-0.0253448905680611,-0.586072390925946,-0.609234689342503,-0.0254517208421807,-0.666740555085966,1.02566810730432,0.974974256173583
120902,-75.351556591363,-12.0819989916249,3864.12406947891,9.08,72,53621.0250222091,0,>3500,,0,-0.716863010543666,-0.835137385865171,-0.840363656640262,-1.01379739187446,-1.18845368054611,0.513892575885729,0
120903,-75.2844311538283,-12.194828819327,3995.90659340659,7.43,96.3,38309.1646712876,0,>3500,,0,-0.634715933846805,-0.666797111703483,-0.664456096018257,-0.897623881900456,-0.939682822590498,0.402864316679022,0
120904,-75.3426522640763,-12.0355893887731,3388.25461254613,10.09,23.9,24118.9081797608,0,2500-3500,,0,-0.400816697926284,-0.5144401833081,-0.519703646663954,-0.56684041023295,-0.734971945526918,0.16065402533653,0
120905,-75.2487674059772,-12.0796253183108,3205.376,10.64,11,88313.5869967833,0,2500-3500,,0,-0.710274595791019,-0.953362564464105,-0.965136226192355,-1.00447996637673,-1.36490874061882,0.504490001426096,0
120906,-75.3015947935024,-12.119346034145,3699.38926174497,9.2,26.3,18529.0017204301,0,>3500,,0,-0.396738796713394,-0.472579440215477,-0.475634869234984,-0.561073387031665,-0.672649282809667,0.157401672817592,0
120907,-75.4510127924419,-12.1234927722374,4169.07767624021,7.11,136,20539.1552238806,0,>3500,,0,-0.492858487061257,-0.49956638197475,-0.496929689892003,-0.697007156732715,-0.702764706991127,0.242909488268311,0
120908,-75.2458531005961,-12.1140153590582,3185.68421052632,8.79,11.8,25295.0974393083,0,2500-3500,,0,-0.376900138729713,-0.465013671655693,-0.466216979913586,-0.533017287851862,-0.659330376002418,0.142053714574477,0
120909,-75.4738022315811,-12.2536858602033,4349.37120149603,9.91,757,20871.8866322009,0,>3500,,0,-0.526819522463479,-0.610965601803361,-0.618269029637007,-0.74503531359077,-0.874364446907909,0.277538809248648,0
130101,-79.023792332039,-8.11248790504784,37.2588235294118,0.29,38.5,2761485.83395188,0,lowland (<500 m),,0,-0.00833866255772953,-0.0115413062199291,-0.0111103771792116,-0.0117926496811938,-0.0157124460899216,6.95332932516804e-05,0
130102,-78.9852717858207,-8.0526872319169,282.177339901478,0.29,17.9,1603844.20204964,0,lowland (<500 m),,0,-0.104760737471745,-0.0680864135544437,-0.0669463442066526,-0.14815405573675,-0.0946764279283456,0.0109748121156239,0
130103,-79.0231258304871,-8.07959992966742,104.452380952381,0,3.6,356761.024977258,0,lowland (<500 m),,0,-0.0124851111601884,-0.00255673959331668,-0.0114433714901117,-0.0176566135304742,-0.0161833711605896,0.000155878000682262,0
130104,-79.0585291599964,-8.00094316550439,403.176186416596,0,317.3,704010.649446807,0,lowland (<500 m),,0,-0.113740713197811,-0.0140670577293739,-0.0638562093516114,-0.160853659198333,-0.0903063173067846,0.0129369498387467,0
130105,-79.0554399344245,-8.06340306740001,124.334710743802,0,21.7,1805756.62807913,0,lowland (<500 m),,0,-0.0357502587985569,-0.00685992367399424,-0.0307594041142673,-0.0505585008512672,-0.0435003664689116,0.00127808100416379,0
130106,-78.8553889178599,-8.10520488665113,773.313147845063,0.12,495,364937.068432043,0,500-1500,,0,-0.201726450254711,-0.0603241922948075,-0.0894122792704329,-0.285284281839594,-0.126448057986937,0.0406935607323665,0
130107,-79.0001112581065,-8.15917594960509,41.2614379084967,0.29,27.5,344192.006873348,0,lowland (<500 m),,0,-0.00339051174988536,-0.00451729127727309,-0.00435326622321953,-0.00479490770007322,-0.00615644813349776,1.14955699261107e-05,0
130108,-78.75400739843,-8.0352700848406,1146.97311827957,0,150.7,31438.2964102564,0,500-1500,,0,-0.102176393338768,-0.00855280729660522,-0.0392514319428586,-0.144499241214054,-0.0555099073961552,0.0104400153557187,0
130109,-78.8994069781394,-8.2535897900019,302.871406491499,0.57,290.8,183006.657596268,0,lowland (<500 m),,0,-0.0390296804953034,-0.0335564271601356,-0.0285984427417725,-0.0551963034915467,-0.0404443055881651,0.00152331595956547,0
130110,-78.827084965207,-7.91836623985992,1363.81283175629,0.46,389.9,36181.4518072289,0,500-1500,,0,-0.139301532265587,-0.0619650180891953,-0.0530704600305954,-0.197002116189347,-0.0750529643366473,0.0194049168915404,0
130111,-79.0458231098047,-8.13935005186649,10.4926470588235,0.57,11.9,629526.757678644,0,lowland (<500 m),,0,-0.000689066926130062,-0.0020791863186268,-0.00171077386672986,-0.000974487792315874,-0.00241939960448283,4.74813228686333e-07,0
130112,-79.0056127408733,-8.04763869596782,265.318407960199,0.29,18.2,170303,0,lowland (<500 m),,0,-0.0313469604782309,-0.0208471464961039,-0.0204848750118818,-0.0443312966474875,-0.028969988065321,0.000982631931223769,0
130201,-79.0820670106342,-7.66089673874765,516.882388419783,0,299,54882.0071376548,0,500-1500,,0,-0.04479082967843,-0.00504883977493162,-0.0229783828399289,-0.0633437988011791,-0.0324963406536286,0.00200621842328213,0
130202,-79.0081981748475,-7.80496663617738,646.9435,0.34,900.3,128363.05763815,0,500-1500,,0,-0.0934578419121127,-0.0478898306161774,-0.0441948438023865,-0.13216934754223,-0.0625009474922955,0.00873436821486945,0
130203,-79.2265474963138,-7.79050089993686,105.423529411765,0,99.8,78473.0009154715,0,lowland (<500 m),,0,-0.00593098896147416,-0.00121037674348009,-0.00541788882595868,-0.00838768502760187,-0.00766205185710041,3.51766300611283e-05,0
130204,-79.2999173061127,-7.85520491298116,34.7445500279486,0,161,21328.0301675978,0,lowland (<500 m),,0,-0.000665275006931058,-0.000205482701147011,-0.000909170182093864,-0.000940840937509757,-0.00128576080202236,4.42590834847119e-07,0
130205,-79.3021674963574,-7.72873611585526,99.2015334063527,0.18,82.6,232358.401641076,0,lowland (<500 m),,0,-0.00938161299190582,-0.00725747260429127,-0.0087612941698988,-0.0132676043300888,-0.0123903410390112,8.80146623298961e-05,0
130206,-79.3715519073288,-7.68683573230547,69.7664930555556,0,311.9,75420.4936708861,0,lowland (<500 m),,0,-0.00328354231817322,-0.000781766059830294,-0.00348427107942092,-0.00464363007898656,-0.0049275034155014,1.07816501552344e-05,0
130207,-79.2177404623482,-7.92475108615873,48.8270627062706,0,136.6,160099.31283208,0,lowland (<500 m),,0,-0.00291920791138539,-0.000794082412232454,-0.00352598448734677,-0.00412838341966805,-0.00498649508272294,8.52177482989503e-06,0
130208,-79.1949359696368,-7.57666949292501,610.197004765146,0.14,662,238724.236754689,0,500-1500,,0,-0.117541482371085,-0.0411786160816665,-0.056775841442397,-0.166228758510627,-0.0802931649829823,0.0138160000779921,0
130301,-77.7339123707127,-7.26462361984916,2935.24291646312,2.11,737.3,40299.2734718338,0,2500-3500,,0,-0.424753941071509,-0.283022853347341,-0.263841861351972,-0.60069278413475,-0.37312873864572,0.180415910455779,0
130302,-77.6883389823668,-7.46463503346196,2618.05634573304,1.66,164.5,25147.101663006,0,2500-3500,,0,-0.2864097568988,-0.178651421171293,-0.164346275041096,-0.405044562602265,-0.232420731088616,0.0820305488468299,0
130303,-77.5975545435488,-7.56156006120782,3187.72031076582,2.2,323.9,17109,0,2500-3500,,0,-0.310244807246295,-0.204281599869844,-0.191003015605802,-0.438752414063537,-0.270119055123885,0.0962518404232906,0
130304,-77.910122663626,-7.05648833146045,2126.94966761633,2.22,189.2,18796.0515551768,0,1500-2500,,0,-0.185735417199573,-0.142826647782268,-0.133039675554191,-0.262669546016661,-0.188146513502453,0.0344976452022993,0
130305,-77.8058890345757,-7.02609923256784,3348.12190166599,3.53,221.3,19021.3223684211,0,2500-3500,,0,-0.350126157644785,-0.280445139660519,-0.268676665167827,-0.495153160682835,-0.379966183773516,0.122588326267101,0
130306,-77.8505972135046,-7.1532330248909,2372.52068345324,4.67,100.4,7211.00110375276,0,1500-2500,,0,-0.133826465279545,-0.138387397413815,-0.133979841239184,-0.189259202202785,-0.189476108565049,0.0179095228092173,0
130401,-79.3538423356183,-7.22852568387673,372.077138413686,0.59,289.9,391979.388619357,0,lowland (<500 m),,0,-0.0759456865859957,-0.0614188501192849,-0.0525481527333527,-0.107403419973652,-0.0743143102731602,0.00576774731101829,0
130402,-79.4476285862114,-7.07965169682096,248.64475695506,0.08,590.9,199041.449406984,0,lowland (<500 m),,0,-0.030976968368328,-0.0117747994827387,-0.0207255719779693,-0.0438080487876919,-0.029310384979184,0.000959572569292395,0
130403,-79.5862934021233,-7.19224481833039,60.1492686170213,0.25,272,102237.395931511,0,lowland (<500 m),,0,-0.00311343116749135,-0.0033692034795213,-0.00348647041408533,-0.00440305658258136,-0.00493061374441202,9.69345363470653e-06,0
130501,-78.4619574865444,-8.07476336684768,3302.25128003151,2.46,228.3,102253.02536005,1,2500-3500,,9.7796617408515,0.459164130171646,1.29239247359357,1.44066606499207,0.423153904613291,1.09611183389207,0.634306308131712,1.57652539030457
130502,-78.3807742184792,-8.12034056591363,3551.89622641509,2.56,209.4,40259.3655893168,0,>3500,,0,-0.552782313447943,-0.374424739154409,-0.353169626156034,-0.781752244718056,-0.499457275128099,0.30556828606086,0
130503,-78.5820171659894,-8.14657459819518,3192.93826687117,0.65,235,55404.0070707071,0,2500-3500,,0,-0.559559135043282,-0.211908489313517,-0.186330338295885,-0.791336117727968,-0.263510891499607,0.313106425610386,0
130504,-78.4405219073936,-8.26159010919962,3059.27257866776,0.31,439.8,49980.0039987204,0,2500-3500,,0,-0.500917526541779,-0.137811554444068,-0.134786999301593,-0.708404359665768,-0.190617602443886,0.250918368396733,0
130601,-78.5821059193932,-7.84871974370019,2952.74314381271,2.63,403.1,215410.49801513,0,2500-3500,,0,-0.990137816877151,-0.727397848054203,-0.685713017289838,-1.40026632924615,-0.969744648947066,0.98037289641025,0
130602,-78.4640005843889,-7.94555276473275,3372.8266897747,1.4,258.9,83539.5875989956,0,2500-3500,,0,-0.741258526316095,-0.389392172813775,-0.356092425593784,-1.04829786114091,-0.503590737733061,0.549464202836308,0
130604,-78.473825904599,-7.80865915413921,2458.84931506849,1,66,20483.3679173048,0,1500-2500,,0,-0.23698993070805,-0.120275038967103,-0.107783502676712,-0.335154374153185,-0.152428891285483,0.0561642272570065,0
130605,-78.4517334366925,-7.69045453339736,2672.62524916944,0,135.4,32759.8028639618,1,2500-3500,,30.5252142130585,2.63656100565586,48.6868633757464,10.4247355198973,1.60763148632892,2.72600569403805,0.113143800638701,8.83831013590633
130606,-78.6849830650101,-7.90847366546738,2824.93695652174,0.37,41.6,5290.0015015015,0,2500-3500,,0,-0.14594546725295,-0.044818100733316,-0.0404233671101148,-0.206398059156001,-0.0571672740039108,0.021300079411682,0
130608,-78.5338036835664,-8.03421764093915,3332.03846153846,4.25,37.4,22892.0884588804,0,2500-3500,,0,-0.381550700428943,-0.333033771140895,-0.322040712044497,-0.539594175279565,-0.455434342609617,0.145580936997817,0
130610,-78.698908822472,-7.88841116379518,3076.27868852459,0.37,22.2,4322.0889292196,0,2500-3500,,0,-0.148438764412163,-0.0441559640384486,-0.0398616619436894,-0.209924113813586,-0.056372902939497,0.0220340667802098,0
130611,-78.6362721381121,-8.03289531528108,2801.1069297843,1.65,196,52447.1199877564,0,2500-3500,,0,-0.454183202715916,-0.275487596721409,-0.253530405147019,-0.642312045082898,-0.358546137432859,0.206282381629287,0
130613,-78.7792046982819,-7.75448726352355,2336.49554543655,0.85,455,60206.1521653284,0,1500-2500,,0,-0.378587937346396,-0.181929693640015,-0.161618804158084,-0.535404195546129,-0.228563504774883,0.143328826304199,0
130614,-78.3616468631541,-7.80063039906139,2979.74231950845,1.34,468.2,183307.378403958,0,2500-3500,,0,-0.924961963305565,-0.498899846606755,-0.454640009668285,-1.30809375318597,-0.642958067670324,0.855554633562085,0
130701,-79.4049698977701,-7.483566907829,231.530448507168,0,686.2,155512.846444107,0,lowland (<500 m),,0,-0.0248073764263569,-0.00377404162910929,-0.017032884444314,-0.0350829281890485,-0.0240881361874825,0.000615405925158967,0
130702,-79.4878840125129,-7.2881388003028,105.766219839142,1.33,168.3,354048.915050106,0,lowland (<500 m),,0,-0.0126546318087245,-0.0236581211869514,-0.0208119768155287,-0.0178963519307361,-0.0294325798723151,0.000160139706214381,0
130703,-79.5470901857936,-7.35019736206985,41.2472324723247,1.02,48.9,37139.8892841263,0,lowland (<500 m),,0,-0.00111321274833411,-0.00262282120334843,-0.00225433571844343,-0.00157432056650073,-0.0031881121471648,1.23924262305358e-06,0
130704,-79.547854488698,-7.39986322234062,36.6020671834625,0.34,34.9,258535.039881084,0,lowland (<500 m),,0,-0.00248939614628806,-0.00372770546291766,-0.00333833072046077,-0.00352053779219989,-0.00472111258056237,6.19709317315385e-06,0
130705,-79.3856736663514,-7.36981307397118,300.056338028169,0,179.2,101774.761424945,0,lowland (<500 m),,0,-0.0287321504409265,-0.00396784901650363,-0.0179561726768061,-0.0406333968297023,-0.0253938629278524,0.00082553646896003,0
130801,-77.2563686747991,-8.31424378538794,3717.9824794266,1.23,338.2,110756.073823084,0,>3500,,0,-0.976733771480568,-0.466570156779704,-0.424327949009233,-1.38131014645564,-0.600090340382816,0.954008860350655,0
130802,-77.3827529081261,-8.12440624851143,3671.57126122608,2.35,230,33916.4001428231,0,>3500,,0,-0.531185394090488,-0.34185185075172,-0.321169293311319,-0.751209588457265,-0.45420197041865,0.282157922895067,0
130803,-77.5209013861147,-8.16082832192596,3093.3341080767,3.2,308.9,104585.865772846,0,2500-3500,,0,-0.735801362972769,-0.580633293021225,-0.553065592696399,-1.0405802667287,-0.782152862073162,0.541403645752585,0
130804,-77.2619406243037,-8.44320882796138,3430.71819262782,3.62,226.2,49126.0025948751,0,2500-3500,,0,-0.581982186641071,-0.467236037445403,-0.448311618350839,-0.823047101407353,-0.634008370841188,0.338703265567523,0
130805,-77.2937081557353,-8.19040422061791,3544.13211186114,0.98,92.9,8836.9793814433,0,>3500,,0,-0.25820052811571,-0.113277754047877,-0.101797994657435,-0.365150688673132,-0.143964104666928,0.0666675127192314,0
130806,-77.5922431814103,-8.03494327926375,2763.255547602,5.72,125.3,30049.1275362319,0,2500-3500,,0,-0.337370893219063,-0.361290077029522,-0.353940013583346,-0.477114492740324,-0.500546767476085,0.113819119591428,0
130807,-77.0924825324776,-8.20579273788951,2977.99781420765,2.66,1312.9,10835.3494584838,0,2500-3500,,0,-0.224700127870008,-0.165398275896706,-0.156022867401292,-0.317773968300734,-0.220649655119246,0.050490147464798,0
130808,-77.509859094616,-7.99323943039241,3202.63161290323,1.61,277.9,170106.371223438,0,2500-3500,,0,-0.984595632371335,-0.561794719758261,-0.517102673662885,-1.39242849675286,-0.731293614233441,0.96942855928471,0
130809,-77.5895485101237,-7.73244671078547,2882.30818472794,1.94,393.4,86939.014882656,0,2500-3500,,0,-0.608353737221083,-0.392879413704047,-0.364636798388284,-0.860342105898413,-0.515674305621015,0.370094269590858,0
130810,-77.48745493833,-7.89367726435828,3337.37032744132,1.43,310.3,15291.7313034188,0,2500-3500,,0,-0.312535271913848,-0.166419010717899,-0.152333171654269,-0.441991620260527,-0.215431637352776,0.097678296190263,0
130811,-77.3714752661478,-8.42706570240662,2849.19339298004,2.8,130.6,18252.4394849785,1,2500-3500,,54.7871971208552,3.37100926093826,4.54920735053255,4.8359862229882,1.82326551356606,2.13172444734836,0.0752533208337432,13.2884501164978
130812,-77.433158464242,-8.27943910597979,2768.35665294925,3.76,130.6,24224.0211012199,0,2500-3500,,0,-0.303685113118301,-0.268721108362485,-0.257751914436521,-0.429475605662709,-0.364516253123758,0.0922246479296753,0
130813,-77.3730410512455,-8.33536115939271,3099.68048229088,2.21,118.5,19299.5551500406,0,2500-3500,,0,-0.316978487236894,-0.211343264443227,-0.197592964112766,-0.448275275630923,-0.279438649677775,0.10047536137099,0
130901,-78.0460669942086,-7.8267294958118,3356.62918918919,3.28,416.1,644365.15929135,4,2500-3500,,6.20766027200952,-0.0890320757164302,0.944129647745547,1.13651525813248,-0.0896901050526672,1.02600308699172,4.18207160944251,0.956463775265967
130902,-77.7981062019906,-7.82232054331078,3321.99978466839,2.42,417.5,155174.546853001,0,2500-3500,,0,-0.989249783031265,-0.669727464695945,-0.629480517046342,-1.39901045973746,-0.890219884456566,0.978615133227404,0
130903,-77.6960871973349,-7.82158220234616,2574.87623931624,0.43,262.8,80684.7781463611,0,2500-3500,,0,-0.501351461373373,-0.170612476300914,-0.146597497980324,-0.709018036189796,-0.207320169853737,0.251353287821217,0
130904,-77.9534942286123,-7.84774008308095,3268.10146252285,2.63,98.4,70502.5601280293,0,2500-3500,,0,-0.651875882824753,-0.46109154938282,-0.435129245129487,-0.921891714474701,-0.615365679847287,0.424942166608552,0
130905,-77.9416777383054,-7.68491499462298,3218.27376861398,5.9,235.6,90109.0873828159,1,2500-3500,,11.0976598370333,0.664625222154853,0.610831725149004,0.647310292072551,0.589006617700702,0.575580133579219,0.520501077995824,1.92122560792856
130906,-78.1756321411336,-7.79263978794247,3231.39707057257,3.8,337.6,119418.581816947,0,2500-3500,,0,-0.835235182493454,-0.700957145733579,-0.673791280111065,-1.18120092285341,-0.952884766541797,0.697617810074874,0
130907,-77.8800942666543,-7.93983207322115,3652.653393907,1.8,335.9,79397.7337260079,0,>3500,,0,-0.806937531946981,-0.461099354118457,-0.427397470701545,-1.14118200166729,-0.604431299590083,0.651148180464685,0
130908,-77.766156764559,-7.61268942050968,2446.30948081264,1.33,397.9,115273.201771031,0,1500-2500,,0,-0.558238536143999,-0.323013147231441,-0.293639812561758,-0.789468508854146,-0.415269405377532,0.311630263236194,0
131001,-78.2446054288573,-8.34911060580608,3146.22223143924,0.99,1081.9,163193.511881919,1,2500-3500,,6.12769459072347,0.121805532132255,1.87284033012789,2.17904240859382,0.119309948537766,1.44093851199461,0.885387073473909,1.12944951418411
131002,-78.0326544157821,-8.14569194156111,3150.54489544895,4.05,146.1,39719.7104795737,0,2500-3500,,0,-0.465096992795971,-0.405578378534496,-0.39101020442846,-0.657746475031004,-0.552971934129005,0.216315212707855,0
131003,-78.0643531477745,-8.01727971179073,3683.1015936255,5.28,270.5,46101.3937788412,0,>3500,,0,-0.62198964527194,-0.57701266644207,-0.564692317519324,-0.879626191999207,-0.798595534003722,0.386871118825513,0
131004,-77.9808086800065,-8.12796307603127,3402.12661498708,2.95,69.4,14744.0048543689,0,2500-3500,,0,-0.315159815808218,-0.231331021646128,-0.219664736603611,-0.445703285830989,-0.31065284967994,0.0993257095002699,0
131005,-77.9420459889642,-8.1426243531324,3373.21168831169,0.5,69.1,19457.1038961039,0,2500-3500,,0,-0.357792515583005,-0.117866977114175,-0.102337515485305,-0.505995028053072,-0.144727102338885,0.128015484207215,0
131006,-78.2511136123403,-8.01473204509727,3791.28749595076,3.6,555.3,109579.014278429,0,>3500,,0,-0.998143631047489,-0.770060216294255,-0.739436432011915,-1.41158826022369,-1.04572103066402,0.996290708200666,0
131007,-78.0956752929625,-8.18829070418831,2834.86958845537,0.43,168,24354.0081645983,0,2500-3500,,0,-0.314671829034693,-0.103306685084013,-0.0888548120508025,-0.445013168317611,-0.125659680284357,0.099018359988039,0
131008,-77.8004591943091,-8.02629015758284,3623.15817923186,1.71,315.2,29410.0067897882,0,>3500,,0,-0.485634490214264,-0.271946723596629,-0.251398043955359,-0.686790882417157,-0.355530523315737,0.235840858085669,0
131101,-78.7639550082911,-7.50150946180978,1738.03446284174,0.64,468.2,114761.188681878,0,1500-2500,,0,-0.347031338142462,-0.163771083775763,-0.142978836940251,-0.490776424969554,-0.202202610333234,0.120430749652948,0
131102,-78.5765862007494,-7.62997919156079,1900.17373674361,1.43,288.3,38911.5482562855,0,1500-2500,,0,-0.22862631760814,-0.150230868678472,-0.136707845875479,-0.323326439076851,-0.193334089719914,0.0522699931030583,0
131103,-78.7015160423055,-7.66252497263524,1814.15340909091,0.99,301,20533.1268101761,0,1500-2500,,0,-0.155763587919285,-0.0881534419244252,-0.0787073895403922,-0.220282978559346,-0.111309057747005,0.0242622953214887,0
131104,-78.4317229181035,-7.56789872593199,2631.21795855718,1.48,235,52085.1433534743,0,2500-3500,,0,-0.415064193874986,-0.245319451282574,-0.224386265266014,-0.586989412233461,-0.317330099549443,0.172278285037092,0
131201,-78.7352394983037,-8.35328604550066,628.134512104437,0.07,1088,469026.799808696,0,500-1500,,0,-0.171497657763273,-0.0434133656011058,-0.0819717610068796,-0.24253431352404,-0.115925576147535,0.0294114466182886,0
131202,-78.5064121420592,-8.55988865027025,920.99662596401,0.26,1677,315809.931033564,0,500-1500,,0,-0.239017137141985,-0.0950580511347385,-0.0994300236603849,-0.338021276985785,-0.140615287967594,0.0571291918475504,0
131203,-78.6497522913427,-8.80171414689948,142.334453781513,0,428.1,61534.7899416136,0,lowland (<500 m),,0,-0.00795765766136554,-0.0014517848775499,-0.00651890671292349,-0.0112538273894253,-0.0092191262852614,6.33243154554896e-05,0
140101,-79.8258256563965,-6.78283647856649,31.0884615384615,0,47.7,2312664.42278433,0,lowland (<500 m),,0,-0.0059394196149016,-0.00191225974541318,-0.00845107545602488,-0.00839960777201863,-0.0119516255265488,3.52767053618779e-05,0
140102,-79.464572751731,-6.62685714839836,342.386743084974,0.37,725.1,157266.962810555,0,lowland (<500 m),,0,-0.042874536619113,-0.028949938363494,-0.0255414304653157,-0.0606337511672116,-0.0361210373664588,0.00183822589030367,0
140103,-79.8158852537578,-6.93046642071751,22.2127429805616,0,83.9,105544.963477047,0,lowland (<500 m),,0,-0.000796748929262632,-0.000290826817812583,-0.00128077612024627,-0.00112677314156946,-0.00181129095961586,6.3480885628115e-07,0
140104,-79.8471851542646,-6.95019563354349,24.7891156462585,0,13.4,19519.2791081751,0,lowland (<500 m),,0,-0.000398843609769792,-0.000139740241266094,-0.000616110355579461,-0.000564050042202282,-0.000871311620778984,1.59076225054198e-07,0
140105,-79.842587612397,-6.73982984074212,28.0670731707317,0,29.3,1327084.31786827,0,lowland (<500 m),,0,-0.00390550162430459,-0.00130634491526265,-0.00576711688864949,-0.0055232133649617,-0.00815593491971904,1.52529429374458e-05,0
140106,-79.8611465141052,-6.82375626906035,19.7017543859649,0,41.2,788864.240858645,0,lowland (<500 m),,0,-0.0018449825872225,-0.000704298081463017,-0.00309778037814554,-0.00260919939719227,-0.00438092302402668,3.40396074715425e-06,0
140107,-79.6714075978826,-7.01446677968593,44.3676746611053,0.28,433.1,86888.3934181002,0,lowland (<500 m),,0,-0.00188355382289564,-0.00240389387446133,-0.00235552789610664,-0.00266374736179871,-0.00333121949722218,3.54777500374479e-06,0
140108,-79.8574830315942,-6.86573045553789,14.1228406909789,0,47.1,283556.837072527,0,lowland (<500 m),,0,-0.000697724101127897,-0.000301599096302389,-0.00132194264757084,-0.000986730886609648,-0.00186950922087408,4.86818921294731e-07,0
140109,-79.3708110662203,-6.9312931024528,403.361122926414,0,212.5,20316.1144101346,0,lowland (<500 m),,0,-0.0193340276765564,-0.00239075623767144,-0.0108526861615853,-0.0273424441554829,-0.0153480159578927,0.000373804626197849,0
140110,-79.2768426736402,-6.77963790263943,708.257390983001,0.8,489,67031.9142857143,0,500-1500,,0,-0.0765541526596475,-0.0558877239439507,-0.0488830853112407,-0.108263920947254,-0.0691311222177977,0.00586053828943661,0
140111,-79.7725779970706,-6.71639276696009,41.7332185886403,0.18,52.6,115773.339633326,0,lowland (<500 m),,0,-0.00199757696658505,-0.00213505976485438,-0.00255423951841297,-0.00282500043802869,-0.00361224016848894,3.99031373743115e-06,0
140112,-79.9035355619967,-6.79943130829601,15.1199460916442,0,66.9,412489.104959905,0,lowland (<500 m),,0,-0.000924869367560065,-0.000389730683902763,-0.0017094520573954,-0.00130796280302687,-0.00241753028379516,8.55383347050954e-07,0
140113,-79.7941922169126,-6.86348223456612,76.7007874015748,0.27,45.6,141895.867776237,0,lowland (<500 m),,0,-0.00513506004558311,-0.00525489724538611,-0.0052647777380392,-0.00726207156006384,-0.00744552008001498,2.6368841671744e-05,0
140114,-79.9038815474957,-6.88146274044918,5.57142857142857,0,14,111622.446144791,0,lowland (<500 m),,0,-0.000120807994859126,-7.3903424824255e-05,-0.000320792340220509,-0.000170848304772875,-0.000453668878245247,1.45945716218826e-08,0
140115,-79.6380015265218,-6.88714202837173,122.924771167048,0.52,315.9,100337.540080321,0,lowland (<500 m),,0,-0.00829517459729399,-0.00957975144950962,-0.00805040105118203,-0.0117311484177459,-0.0113849863491242,6.88099215995915e-05,0
140116,-79.5066816345145,-6.88869986224448,185.491543917076,0.51,165.3,122082.093486987,0,lowland (<500 m),,0,-0.0161714924811583,-0.0158760575684485,-0.0133859448989837,-0.0228699439906686,-0.0189305848213217,0.000261517169068159,0
140117,-79.5857530207653,-6.7089308183734,263.872922776149,0.14,185.1,201051.712431029,0,lowland (<500 m),,0,-0.0338029148775383,-0.0161944964943878,-0.0221336509856372,-0.0478045406675579,-0.0313017094087208,0.0011426370542181,0
140118,-79.7590373473757,-6.78175339492792,48.3850641773629,0,77.1,216870.64720222,0,lowland (<500 m),,0,-0.0033550902175989,-0.000915754944014949,-0.00406586359474467,-0.00474481408871367,-0.00574999943844693,1.12566303682278e-05,0
140119,-79.5137281737242,-6.79463311783163,298.435633367662,0.41,175.9,72353.0159380188,0,lowland (<500 m),,0,-0.0240447715889648,-0.017903970417263,-0.015056357137223,-0.0340044420852773,-0.0212929044633937,0.000578151040765488,0
140120,-79.6944527046858,-6.77372729475056,80.3764367816092,0.38,126.4,238775.864512644,0,lowland (<500 m),,0,-0.0071071354128367,-0.00834415663665659,-0.00716393336453942,-0.0100510072904558,-0.0101313317240688,5.05113737763975e-05,0
140201,-79.7911643244528,-6.62050027711991,40.6443452380952,0.18,60.7,302211.358989503,0,lowland (<500 m),,0,-0.00311144351986272,-0.00335857701948659,-0.00401686151836541,-0.00440024562434774,-0.00568070003744695,9.68108077729571e-06,0
140202,-79.3047265325181,-6.06024187323083,2735.95420560748,1.9,290.2,97328.0208130081,0,2500-3500,,0,-0.598882691228253,-0.390655868339373,-0.361995370402281,-0.846948024205495,-0.511938762339177,0.358660477852796,0
140203,-79.3871145725318,-6.23119725567204,2577.58526490066,0.4,437.4,120916.090449251,0,2500-3500,,0,-0.614639764167286,-0.202341659372915,-0.175996806064483,-0.869231890459177,-0.248897070070739,0.377782039695617,0
140204,-79.682829865024,-6.63533209916446,195.208833619211,0.37,210.6,33457.149988001,0,lowland (<500 m),,0,-0.00908579812318422,-0.00756691248883197,-0.00663689892526204,-0.0128492589307911,-0.00938599247220499,8.25517275352579e-05,0
140205,-79.6347471283325,-6.4862370218021,298.894762684124,0,553.1,175705.576914254,0,lowland (<500 m),,0,-0.0375499377993987,-0.00519308176233697,-0.0234999092318525,-0.0531036313021758,-0.0332338903502225,0.00140999782873871,0
140206,-79.8244316675163,-6.62989753927653,29.3218390804598,0.25,31.3,126343.437807764,0,lowland (<500 m),,0,-0.0012802505634051,-0.00181170397905643,-0.00186073175114931,-0.00181054771000328,-0.00263147207841359,1.63904150509906e-06,0
140301,-79.9328965257078,-6.67396004112737,15.8213495575221,0,327.6,648066.542690477,0,lowland (<500 m),,0,-0.0012343628427004,-0.000511415956628352,-0.00224425645697602,-0.00174565267303631,-0.00317385791889888,1.52365162743941e-06,0
140302,-79.6135901865266,-6.15523317118413,601.71178529755,0.75,77.7,12755.751137102,0,500-1500,,0,-0.0266488217012387,-0.0200797869172851,-0.0174762660964282,-0.0376871250711542,-0.0247151725332098,0.000710159698064411,0
140303,-79.8533672434823,-6.46959470164837,51.3185185185185,0,24.2,76141.4073760068,0,lowland (<500 m),,0,-0.0021567388115236,-0.000575875217175513,-0.00255840424881952,-0.00305008927775311,-0.00361812998671352,4.65152230113224e-06,0
140304,-79.8083015260003,-6.33418359922892,131.098442204477,0.25,691.7,159949.131494253,0,lowland (<500 m),,0,-0.011449422759842,-0.00926269413017361,-0.00966347943232745,-0.0161919289483118,-0.0136662236729109,0.000131089281533589,0
140305,-79.8875140933594,-6.56281967579058,32.6340611353712,0,103.3,160734.20779751,0,lowland (<500 m),,0,-0.00167459184677621,-0.000529473651898434,-0.00234115272516526,-0.00236823050115032,-0.00331088993551544,2.80425785328934e-06,0
140306,-80.1790247319974,-6.50616648914184,7.17444045788485,0.08,1061.5,447369.079484169,0,lowland (<500 m),,0,-0.000343213733306334,-0.00049021028950455,-0.000831452950954648,-0.00048537751643452,-0.0011758520397152,1.17795666730071e-07,0
140307,-79.7078718585965,-6.16903933946619,239.441438522598,0.42,559.2,273565.721309986,0,lowland (<500 m),,0,-0.0344687287296295,-0.0281714615926633,-0.0235844509709674,-0.0487461436472013,-0.0333534504242654,0.00118809326023679,0
140308,-80.0805528791045,-6.04557052892559,110.764352607476,0.4,5721.9,442376.055429654,0,lowland (<500 m),,0,-0.0150789299317887,-0.0160751274982224,-0.0135295875673975,-0.0213248272156092,-0.0191337262311279,0.000227374127887793,0
140309,-79.8799235098404,-6.43408442588765,49.4514170040486,0,89.3,71703.9588010647,0,lowland (<500 m),,0,-0.00198829085692169,-0.000538294804317572,-0.00239052173943374,-0.00281186789580108,-0.00338070826505492,3.95330053171841e-06,0
140310,-79.531358152768,-6.13672828250403,1355.49074697174,0.43,1075.8,109152.653453631,0,500-1500,,0,-0.239911254574124,-0.103743466958858,-0.0885448445964613,-0.33928574998467,-0.125221320106534,0.05755741007133,0
140311,-79.9369144382182,-6.76605940288794,10.1921568627451,0,45.8,143880.215680577,0,lowland (<500 m),,0,-0.000316437564395331,-0.000154498272993767,-0.000674877990112046,-0.000447510295212187,-0.000954421606563552,1.0013273216045e-07,0
140312,-79.8762748001827,-6.50330929700606,44.1775568181818,0,63.8,195668.662722141,0,lowland (<500 m),,0,-0.0028098060680994,-0.000793419557472789,-0.00351935746181413,-0.00397366584914439,-0.00497712305333649,7.89501014032821e-06,0
150101,-77.0490377415898,-12.0510560238495,125.358024691358,0,21.6,2147903.96331676,0,lowland (<500 m),,0,-0.0394352245967658,-0.00754388966307057,-0.0338291571445146,-0.0557698294599753,-0.0478416528374233,0.00155513693899736,0
150102,-77.0958820562177,-11.7025586940214,634.286447931526,0,311,668644.422384326,0,500-1500,,0,-0.207546716154088,-0.0216734780660914,-0.0988520823151656,-0.293515380811111,-0.139797955478929,0.0430756393863457,0
150103,-76.877320448103,-12.0326670680907,584.810810810811,0,84.6,5409351.2277531,0,500-1500,,0,-0.527559020176922,-0.0567874506862813,-0.258786045119614,-0.746081121286465,-0.365978734761054,0.278318519770034,0
150104,-77.0208786360659,-12.1440728720269,65.3548387096774,0,2.8,288674.1620926,0,lowland (<500 m),,0,-0.00586859475614826,-0.00143172742029179,-0.00637674252548621,-0.00829944629621649,-0.00901807576330386,3.44404044118908e-05,0
150105,-77.0506366010293,-12.0591440501468,120.675675675676,0,3.2,748275.497444467,0,lowland (<500 m),,0,-0.0220812660137183,-0.00428457340730676,-0.0192057202936165,-0.0312276258709684,-0.0271609901143766,0.000487582308768589,0
150106,-76.9729175438393,-11.8073849163592,799.793632745878,0.55,312.2,3203364.18008874,0,500-1500,,0,-0.626177028854538,-0.368632083709541,-0.316801316265176,-0.885548046652577,-0.448024718039861,0.392097671465097,0
150107,-76.7669691931394,-11.991641259339,1065.82194616977,0.4,42.8,355889.536369228,0,500-1500,,0,-0.310575425534573,-0.142176417023099,-0.122528593116016,-0.439219978930789,-0.173281598163164,0.0964570949459812,0
150108,-77.0059872012484,-12.1926457831731,41.8968824940048,0.37,36.9,2861235.80428749,0,lowland (<500 m),,0,-0.00998455977265493,-0.0147710228815088,-0.012748824271661,-0.0141202998448134,-0.0180295601892942,9.9691433853719e-05,0
150109,-76.7774572333511,-12.0765467531442,862.039246467818,0.4,225.3,310470.104746794,0,500-1500,,0,-0.216250642040035,-0.107158407611808,-0.0921451902281914,-0.305824590844907,-0.130312977728157,0.0467643401827272,0
150110,-77.0389195061211,-11.9290750392838,273.030797101449,0,48.9,4601290.14080704,1,lowland (<500 m),,0.21733035070564,5.7290958047425,41.2101096806092,9.01108071696753,2.27076194543572,2.62035065673523,0.0287407543267946,34.7937979855913
150111,-76.9875412536692,-12.0401247364637,241.328859060403,0,13.3,1788737.06384548,0,lowland (<500 m),,0,-0.0891020367962229,-0.0133472715131381,-0.0602645893865705,-0.126009308872285,-0.0852269996413337,0.00793917296123546,0
150112,-77.0460081774677,-11.9874769214072,220.356756756757,0,16.1,1798934.73101453,0,lowland (<500 m),,0,-0.0787899793411818,-0.0122100474726297,-0.0550775083988646,-0.111425857363395,-0.0778913593593924,0.00620786084458385,0
150113,-77.0482418365944,-12.0780893545022,107.02,0,4.3,655781.294972442,0,lowland (<500 m),,0,-0.0175057826955016,-0.00355253112209647,-0.0159043399713409,-0.0247569153079346,-0.0224921332880629,0.000306452427782123,0
150114,-76.9258986542608,-12.0879991477269,398.976234003656,0.59,48.6,1289073.19173742,0,lowland (<500 m),,0,-0.151694600134731,-0.119522731148087,-0.102334765508243,-0.214528560849299,-0.144723213284027,0.0230112517100358,0
150115,-77.0173715219094,-12.0723183234529,155.742857142857,0,9.1,1513380.51532027,0,lowland (<500 m),,0,-0.0447010207825315,-0.00788563409276391,-0.0354419713536762,-0.0632167898425777,-0.0501225165656076,0.00199818125900032,0
150116,-77.035691321374,-12.0857699152345,115.4,0,2.7,484355.016212656,0,lowland (<500 m),,0,-0.0166994779958016,-0.00329484495946098,-0.0147623341739552,-0.0236166282662137,-0.0208770932010913,0.000278872565332263,0
150117,-77.0743779170296,-11.9725167660265,75.0194174757282,0,18.2,2829440.49006302,1,lowland (<500 m),,0.353426765295823,44.9467685779849,194.061124949326,43.4866430509497,3.63660322474615,3.61842304357669,0.000494508113772235,2022.21151109482
150118,-76.8015436632041,-11.9586072285681,985.922522522523,0.27,245.6,2290355.81886676,0,500-1500,,0,-0.707323356139068,-0.278971348338959,-0.287058165385097,-1.00030628323512,-0.405961550677543,0.500306330139834,0
150119,-76.8015470954401,-12.2343519546404,460.836081017428,0.77,188.4,869934.145423308,0,lowland (<500 m),,0,-0.152132816381671,-0.128154765151749,-0.111375378746949,-0.215148292208974,-0.157508571138375,0.0231443938202191,0
150120,-77.0670148255661,-12.0945781125729,60.325,0,3.6,525944.925645202,0,lowland (<500 m),,0,-0.00709019584099795,-0.00178225655204692,-0.00793131406151179,-0.0100270511182206,-0.0112165719132304,5.02708770637046e-05,0
150121,-77.0657890938624,-12.0750804695093,86.2745098039216,0,4.6,758454.62098645,0,lowland (<500 m),,0,-0.0139711658885341,-0.00307276506179858,-0.0137255184454888,-0.0197582122817293,-0.0194108143362123,0.000195193476284939,0
150122,-77.0290887011616,-12.1207934427994,82.5145631067961,0,9.2,880391.010408957,0,lowland (<500 m),,0,-0.0141520482936388,-0.0031647639044872,-0.0141298777322299,-0.020014018632223,-0.0199826647235931,0.000200280470905485,0
150123,-76.8098699098488,-12.1600050322581,600.623501199041,0.77,185.6,1139988.26344479,1,500-1500,,0.877202013447247,3.72806154025194,5.02330312091297,5.81703039005408,1.9107020951337,2.28304625471072,0.0631500796755884,15.8352927682301
150124,-76.775986302254,-12.4662339026423,86.2789317507418,0.18,29.4,134213.285990519,0,lowland (<500 m),,0,-0.0058775510972918,-0.00478999733379759,-0.0057741018989242,-0.00831211247533094,-0.00816581321598284,3.45456069012761e-05,0
150125,-77.0866638076721,-11.8721319989839,222.415944540728,0,50.6,3149344.28599921,0,lowland (<500 m),,0,-0.105600209209178,-0.016308083334882,-0.073570225360242,-0.149341248053056,-0.104044010491299,0.0111514041850222,0
150126,-76.7437317546889,-12.2692449784668,558.020245842372,0.76,121.9,171163.776920765,0,500-1500,,0,-0.0879458058722812,-0.0685687779982906,-0.05967103437922,-0.124374151418411,-0.0843875860999241,0.00773446477052496,0
150127,-76.709418454181,-12.3036233016865,580.399317406143,0.77,129.6,66977.541043369,0,500-1500,,0,-0.0580913159003474,-0.0448972015281429,-0.0391129923506005,-0.0821535268023711,-0.0553141242472144,0.00337460098303395,0
150128,-77.0325881002727,-12.0235971146538,193.325925925926,0,12.1,1450972.80788473,0,lowland (<500 m),,0,-0.0590366574681446,-0.0096070215364541,-0.0432764374717571,-0.083490441668625,-0.0612021248037501,0.00348532692501103,0
150129,-76.7241427648332,-12.369382476476,317.474295190713,0,53.7,70787.3085761668,0,lowland (<500 m),,0,-0.0259087206566303,-0.00350334894671554,-0.015863471306043,-0.0366404641363426,-0.0224343362673224,0.000671261806063303,0
150130,-76.9952627088409,-12.0975354834127,159.862068965517,0,10.3,1022455.16293746,0,lowland (<500 m),,0,-0.0380941481020384,-0.00665494554121878,-0.0299188075814227,-0.0538732608929519,-0.042311583451679,0.00145116411962003,0
150131,-77.0367722163413,-12.0990013128017,101.927272727273,0,9.8,544298.465309968,0,lowland (<500 m),,0,-0.0149077250104097,-0.00308087125722637,-0.0137857354664567,-0.02108270689385,-0.0194959740639509,0.000222240264985995,0
150132,-76.9714572087428,-11.9459415912646,653.230914826498,0,140.4,9487416.45482609,2,500-1500,,0.210805545379283,1.6418024512814,23.6955515236106,4.82840344974987,1.31991576722909,2.59418470826401,0.663082385491852,3.01621645177087
150133,-76.9665231884739,-12.1578188098437,156.259842519685,0,22.4,3318075.3697355,1,lowland (<500 m),,0.301379531375659,14.9725891381777,85.3453597364752,18.9381416005145,2.97513899083822,3.12751720436476,0.00442137461316121,226.174004126065
150134,-76.9972983715051,-12.0741047832397,186.974358974359,0,3.5,447590.387803477,0,lowland (<500 m),,0,-0.0313076790617253,-0.00515863337802457,-0.0232298137365838,-0.0442757443355161,-0.0328519176376776,0.000980170768231992,0
150135,-77.0885072717166,-11.9927635948381,61.6577017114915,0,36.5,5985517.47867862,0,lowland (<500 m),,0,-0.0246532817982481,-0.00614672099310754,-0.0273600975163782,-0.0348650054760883,-0.0386930209755125,0.000607784303423833,0
150136,-77.0900897759096,-12.0765986295787,51.0366972477064,0,9.7,1396520.76915443,0,lowland (<500 m),,0,-0.009166435556023,-0.00245258599375071,-0.0108953207462442,-0.0129632974819467,-0.0154083103657435,8.40235408027226e-05,0
150137,-76.9632526362655,-12.0432357126623,276.235294117647,0,10.7,1779828.21442562,0,lowland (<500 m),,0,-0.107155050792885,-0.0152620284361223,-0.0690073467676766,-0.151540126108075,-0.0975911257022314,0.0114822049104257,0
150138,-76.767308854082,-12.4087113522897,93.1136363636364,0,7.8,9272.37522603978,0,lowland (<500 m),,0,-0.00171680925087166,-0.000366985493117721,-0.00164056961779296,-0.00242793492659029,-0.00232011580350005,2.9474340038785e-06,0
150139,-77.1633215197421,-11.8048864432969,140.737373737374,0,17.6,303874.658770117,0,lowland (<500 m),,0,-0.0174096029187598,-0.00318959535513503,-0.0143204562515322,-0.0246208965632403,-0.0202521834502875,0.000303094273788888,0
150140,-76.9845167018135,-12.1272245853834,140.760925449872,0,34.6,3255261.86638024,0,lowland (<500 m),,0,-0.056994792668156,-0.010441304705664,-0.0468788332595567,-0.0806028087759489,-0.066296681783892,0.00324840639128609,0
150141,-77.0129897827914,-12.113401422067,117.288461538462,0,4.6,806211.419419097,0,lowland (<500 m),,0,-0.0220344979389091,-0.00432118860560776,-0.0193640845288203,-0.0311614858252873,-0.0273849509635968,0.000485519099419791,0
150142,-76.9454420369504,-12.2191743995405,108.301047120419,0,33.9,3405268.82612223,0,lowland (<500 m),,0,-0.0405537218828947,-0.00819327700875863,-0.0366850760284624,-0.0573516234914963,-0.0518805320561396,0.00164460435855517,0
150143,-76.9189982133711,-12.1703016950779,347.269333333333,0,66.2,3520958.72924787,0,lowland (<500 m),,0,-0.20688219249064,-0.0270529768240698,-0.122613185627223,-0.292575602433744,-0.173401230039789,0.0428002415697341,0
150201,-77.6826858372194,-10.7149285053094,287.771444382955,0,160.9,582414.266193234,0,lowland (<500 m),,0,-0.064868566521461,-0.00909912806161287,-0.0411593596816654,-0.0917380065463514,-0.0582081246804036,0.00420793092254921,0
150202,-77.7421291780535,-10.4864170319274,533.994170984456,0.14,414,174410.10910165,0,500-1500,,0,-0.0835292817602264,-0.0307574023798952,-0.0423482843373386,-0.118128243120596,-0.0598895180530964,0.00697714091137928,0
150203,-77.6859486022353,-10.6233575112121,422.505681818182,0,282.2,143823.420520312,0,lowland (<500 m),,0,-0.0548519386558083,-0.00666631665799158,-0.0302759949508339,-0.0775723555695011,-0.0428167226738087,0.00300873517430055,0
150204,-77.5623045508007,-10.8096149788252,528.897672826831,0,519.7,206759.045888488,0,500-1500,,0,-0.0897470739980409,-0.0100299006909121,-0.0456592570327408,-0.126921529231331,-0.0645719405435811,0.00805453729120983,0
150205,-77.7256796137143,-10.7852477724357,91.7441860465116,0,15.5,108400.66312137,0,lowland (<500 m),,0,-0.00575089895004369,-0.0012361326841853,-0.00552514379335656,-0.00813299929098897,-0.00781373328662638,3.30728387336136e-05,0
150301,-76.943836762407,-10.4551354503045,4379.2274560413,3.96,552.4,15648.0558882236,0,>3500,,0,-0.460493616627395,-0.351509044882125,-0.339666798889166,-0.651236318020698,-0.480361393676914,0.212054370954578,0
150302,-77.0233570153145,-10.36447952328,3994.92903504976,1.91,205.5,6721.04215456675,0,>3500,,0,-0.265765919887495,-0.150870319383416,-0.140393201769896,-0.375849768321457,-0.198545970007969,0.0706315241736464,0
150303,-76.9919098169744,-10.6216441554567,4193.76792802329,1.69,336.2,12859.8296969697,0,>3500,,0,-0.393186085033734,-0.207368126204294,-0.191878640061589,-0.556049093991088,-0.271357375104805,0.154595297464155,0
150304,-77.1089327856446,-10.521691438216,3070.22419928826,0,150.2,7489.234375,0,2500-3500,,0,-0.19486548107015,-0.0112936973997606,-0.0523664924793918,-0.275581406167764,-0.0740574038782645,0.037972555712701,0
150305,-77.2208086769386,-10.6123689145293,2808.5357480315,0.42,282.9,7721.01639344262,0,2500-3500,,0,-0.174903963798117,-0.0570101914483026,-0.0489719824793803,-0.24735155771611,-0.0692568417986372,0.0305913965522932,0
150401,-76.5822949136694,-11.4753060745645,3883.39222148978,5.34,134.2,18110.7699694457,0,>3500,,0,-0.41949535142136,-0.383501200633631,-0.37573441898003,-0.593256015332556,-0.531368711171934,0.175976349864131,0
150402,-76.675098640046,-11.6407144342551,3083.28110599078,2.31,135.3,4675.04194630873,0,2500-3500,,0,-0.154867408288574,-0.105557376042994,-0.0989045088148127,-0.219015589171273,-0.139872097745757,0.0239839141500199,0
150403,-76.8437864082465,-11.5503437971655,2293.76400648532,0.99,493.4,5168.10287443268,0,1500-2500,,0,-0.108122500601467,-0.0560599909334182,-0.050175800190229,-0.152908306748288,-0.0709592971319444,0.0116904751363143,0
150404,-76.5024087852478,-11.4013147317614,4485.36862106406,7.83,327.3,6079.08311688312,0,>3500,,0,-0.29669397609827,-0.305707826114607,-0.305809768548833,-0.419588644872572,-0.432480322187936,0.0880273154530009,0
150405,-76.6115967485106,-11.5556355870509,3872.45637119114,4.04,128.4,6980.01805869075,0,>3500,,0,-0.259413003350897,-0.209210120596653,-0.202105724585724,-0.366865387594775,-0.285820656742372,0.0672951063075323,0
150406,-76.6629342988068,-11.4404952280982,3758.38994229184,4.98,107.6,4750.13846153846,0,>3500,,0,-0.205325814492145,-0.184099243185882,-0.179676060382834,-0.290374551560094,-0.254100321427171,0.0421586900968628,0
150407,-76.8431242113729,-11.6710431181259,1633.71209171534,2.28,409.5,46782.0015272357,0,1500-2500,,0,-0.203376177957955,-0.174680272484003,-0.162480608646634,-0.287617349131744,-0.229782280370705,0.0413618697607857,0
150501,-76.2575788557079,-13.1719332254702,361.355823020851,0.18,519.7,482450.950175971,0,lowland (<500 m),,0,-0.080913682401063,-0.038629304630065,-0.0472682015510971,-0.114429227033132,-0.0668473317025465,0.00654702399970009,0
150502,-76.5112023485033,-12.7966971273389,294.707706766917,0.4,282,85258.789930725,0,lowland (<500 m),,0,-0.0256510691248889,-0.0189763511857897,-0.0161356295427341,-0.0362760898457876,-0.0228192261367625,0.000657977347249828,0
150503,-76.4545948995442,-12.487060587665,1441.58585349462,0.54,526.9,19236.2834381551,0,500-1500,,0,-0.109676171341898,-0.0513886311394047,-0.0443950182033666,-0.155105528980868,-0.0627840368450015,0.0120288625602174,0
150504,-76.4648906222911,-12.9661285778843,177.826086956522,0,120.9,71940.225836981,0,lowland (<500 m),,0,-0.0117095452038318,-0.00196588518884992,-0.00884792528275975,-0.0165597976364797,-0.0125128559337426,0.000137113448880579,0
150505,-76.6299238779737,-12.4298159363981,703.870814272644,0,483.3,191903.589294404,0,500-1500,,0,-0.12842062475741,-0.012899374296514,-0.058897719358149,-0.181614189220355,-0.0832939535091388,0.0164918568630835,0
150506,-76.4067156053325,-12.6587152901945,1211.9324304431,0.21,600.3,8497.03481624758,0,500-1500,,0,-0.0573285958847234,-0.0186803618301566,-0.0215870631709393,-0.0810748778119822,-0.0305287175081471,0.00328656790611392,0
150507,-76.3696222931587,-13.0330900075152,103.857385398981,0.42,52.3,310273.240252099,0,lowland (<500 m),,0,-0.0115515908850803,-0.0128963936832871,-0.0107026710741057,-0.016336416496666,-0.0151358625866184,0.00013343925197627,0
150508,-76.1173871910048,-13.0193290410029,1448.2930141147,0,493.4,32418.0789666098,0,500-1500,,0,-0.143296545354055,-0.0109943823736157,-0.0505797559460969,-0.202651917880915,-0.0715305768404914,0.0205338999104066,0
150509,-76.6016729496938,-12.6534876935918,239.341627437794,0.13,131.1,271563.583177061,0,lowland (<500 m),,0,-0.0343225507524659,-0.0164903420186987,-0.0232839866949559,-0.0485394167693762,-0.0329285297701214,0.0011780374901556,0
150510,-76.2585592112137,-12.9604713777154,888.418021493524,0,320.2,228736.041883856,0,500-1500,,0,-0.193523657744149,-0.0178201634952792,-0.0815640388802769,-0.273683781421825,-0.115348969986414,0.0374514061066746,0
150511,-76.0704476187531,-12.8978963235887,1982.81028106509,0.72,238.4,13576.038163387,0,1500-2500,,0,-0.143239847675596,-0.0678809897398202,-0.0596978417921842,-0.202571735255084,-0.0844254975069102,0.020517653962128,0
150512,-76.3452673197123,-12.8695539286569,744.324409448819,0,449,130086.27471149,0,500-1500,,0,-0.114235701013006,-0.0112376221315411,-0.0513402503153405,-0.161553677679791,-0.0726060782915841,0.0130497953859329,0
150513,-76.674185865499,-12.6131631375269,70.5615212527964,0,39.3,37128.4429426102,0,lowland (<500 m),,0,-0.00234025331042706,-0.000554829725038811,-0.00247312627693672,-0.00330961797099448,-0.00349752872230519,5.47678555696482e-06,0
150514,-76.4237208578261,-13.0520004668398,32.2636579572447,0,37.5,105193.967414694,0,lowland (<500 m),,0,-0.00133348512921158,-0.000423423071491428,-0.0018720096466836,-0.00188583275495386,-0.00264742143123321,1.77818258982843e-06,0
150515,-76.6462003651707,-12.5498870423647,376.975609756098,0,94.3,25608.5269403464,0,lowland (<500 m),,0,-0.0197663398984229,-0.00250673807893562,-0.011371133113797,-0.0279538259628261,-0.0160812106690816,0.000390708192979985,0
150516,-76.0140624313109,-12.8298633683136,1770.93442622951,0,129.3,10613.0740740741,0,1500-2500,,0,-0.108309013909786,-0.00770881849008244,-0.0355391365049752,-0.153172076398475,-0.0502599288403648,0.0117308424941101,0
150601,-77.1710903934235,-11.3870825915249,657.962962962963,0.22,645.6,847457.399620093,0,500-1500,,0,-0.245814608414699,-0.102759544881482,-0.11553180700512,-0.347634353049499,-0.163386648352111,0.0604248217100718,0
150602,-76.5951697516947,-11.2775024689388,4332.27190721649,6.52,345.1,5284.42814814815,0,>3500,,0,-0.26364042840554,-0.253283986121687,-0.250950433450985,-0.372843869440968,-0.354897506469789,0.0695062754898567,0
150603,-76.7610603486606,-11.3464555766345,3454.29240060393,2.33,176.6,6696.04046242775,0,2500-3500,,0,-0.21691001840987,-0.142259335767175,-0.133509704404971,-0.306757089849835,-0.188811234677933,0.0470499560865699,0
150604,-77.0499235562589,-11.517739908464,839.927911275416,0.12,719.8,171237.431525802,0,500-1500,,0,-0.154926764648008,-0.0449217158884166,-0.0666403337903423,-0.219099531739797,-0.094243663847372,0.0240023024042991,0
150605,-77.2918490017553,-11.5011216820797,128.208929593589,0.49,155.1,488719.527318187,0,lowland (<500 m),,0,-0.0194054957138651,-0.0214750273201683,-0.0180006260421196,-0.027443515223121,-0.0254567294799719,0.000376573263900836,0
150606,-76.9608722034655,-11.1872770780592,2766.31689480593,0.59,474.3,15990.6671539961,0,2500-3500,,0,-0.246485052524865,-0.0942515278523986,-0.0823479615009875,-0.348582504202909,-0.116457603988474,0.0607548811181856,0
150607,-76.8638250592428,-11.2473260798905,2649.36927710843,0,148,2491.44444444444,0,2500-3500,,0,-0.0916466560428878,-0.00561207514255096,-0.0259819318545814,-0.129607943921994,-0.0367440004054025,0.00839910956384338,0
150608,-76.6648282764429,-11.1271311991019,4306.42410196987,2.73,305.7,9699.86103781882,0,>3500,,0,-0.354240677655114,-0.22989427317764,-0.217986017652151,-0.500971970684098,-0.308278782571373,0.125486457705554,0
150609,-76.7675072030684,-11.2929715364151,3178.87685774947,1.11,41.6,5064.03894080997,0,2500-3500,,0,-0.168139873533552,-0.0812848420221947,-0.0734237217632599,-0.237785689526846,-0.103836823117511,0.0282710170718788,0
150610,-76.5655175828463,-11.147014694065,4468.14591039868,4.12,216.3,6106.45812182741,0,>3500,,0,-0.295781981736991,-0.228150075709245,-0.220950671955379,-0.418298890078044,-0.312471436894745,0.0874869807202617,0
150611,-76.8554311611357,-11.3944015579381,2403.88122892469,2.24,236.9,5469.12320916905,0,1500-2500,,0,-0.118685321216483,-0.0875447610961196,-0.0816872156590846,-0.167846390918957,-0.115523168257573,0.0140862054722597,0
150612,-76.772815541721,-11.1488464898967,3844.75182481752,3.57,206.8,3076.2040302267,0,>3500,,0,-0.170511974221261,-0.13036737920598,-0.125148466545482,-0.241140346490718,-0.176986658698816,0.0290743333528319,0
150701,-76.3794319768234,-11.8161391892165,3854.89406571849,6.2,180.6,32034.3559280256,0,>3500,,0,-0.552254156986112,-0.541702810964034,-0.534699601895366,-0.781005318686679,-0.756179428795921,0.304984653908441,0
150702,-76.5891278536569,-12.0615564772397,1976.8606870229,1.06,417.6,9705.08025682183,0,1500-2500,,0,-0.120606416121242,-0.0681808343633487,-0.0611397549061631,-0.170563229387873,-0.0864646705884628,0.0145459076096102,0
150703,-76.5753009634628,-11.8137064328814,3182.71001757469,1.83,50.6,5496.84818941504,0,2500-3500,,0,-0.175470251478474,-0.106351262366565,-0.0985182140076564,-0.248152409433876,-0.139325794390403,0.030789809153919,0
150704,-76.3830379227776,-11.6397018496025,4571.0960949464,9.44,231.8,2519.44720496894,0,>3500,,0,-0.196075472604721,-0.218349986759483,-0.220534375990511,-0.277292592606311,-0.311882705495268,0.0384455909571648,0
150705,-76.2438005327242,-11.6644889128127,4646.22754716981,8.4,235.1,25881.1160220995,0,>3500,,0,-0.642779839073061,-0.674801938026299,-0.677671067685473,-0.909027966037118,-0.958371614748651,0.41316592151879,0
150706,-76.4569197096768,-12.1565297044126,3139.56916996047,1.17,67.5,3709.10652173913,0,2500-3500,,0,-0.141441636730506,-0.0703549081259555,-0.0637113561062649,-0.20002868094853,-0.0901014638826617,0.0200057366010043,0
150707,-76.5957986625917,-11.6968531284421,3651.05286839145,2.97,78.8,4215.80110497238,0,>3500,,0,-0.185828556667693,-0.133258548600453,-0.126674743823531,-0.262801265115668,-0.179145140725375,0.0345322524731979,0
150708,-76.4436480528334,-11.5611392823093,4546.15889268108,12.61,234.1,6065.44897959184,0,>3500,,0,-0.301935156157989,-0.384161164159104,-0.393684420024625,-0.427000792795867,-0.556753846093811,0.0911648385241495,0
150709,-76.2725580539375,-12.0694367605979,4237.60382916053,0.48,240.4,9895.48751950078,0,>3500,,0,-0.349904872571727,-0.10391662428999,-0.0902547689843963,-0.494840216331366,-0.127639518366584,0.122433419849437,0
150710,-76.3918800209197,-12.0932841028552,3454.28617710583,2.77,82,4672.53114754098,0,2500-3500,,0,-0.181194744128566,-0.128525956688799,-0.121677017773738,-0.256248064577341,-0.172077288764732,0.0328315352998165,0
150711,-76.3756831329497,-12.1592790601541,3557.08700696056,3.26,76.7,6673.2966396292,0,>3500,,0,-0.2255115341464,-0.17033934021877,-0.162641160084537,-0.318921470061402,-0.230009334391646,0.0508554520330628,0
150712,-76.5316934232982,-11.5851675653729,4330.37717309146,5.33,117.4,4632.91074380165,0,>3500,,0,-0.246704464829625,-0.21636257824786,-0.212202271125203,-0.348892800060052,-0.300099329791634,0.0608630929668716,0
150713,-76.365318866835,-12.2616345685365,3253.95595175669,2.9,168.5,11184.0007067138,0,2500-3500,,0,-0.258079480062615,-0.191122843547534,-0.181243639982943,-0.364979500874746,-0.256317213757744,0.0666050180293895,0
150714,-76.622914510548,-11.9378194389887,1615.66836734694,0.41,35,53002.7243267914,0,1500-2500,,0,-0.213173640187068,-0.0844887478346989,-0.0723165704734556,-0.301473053092993,-0.102271074747871,0.0454430008706054,0
150715,-76.4580370709353,-11.9880588672702,3662.90524379025,4,96.5,10325.0480841473,0,>3500,,0,-0.292123668798108,-0.239452944542306,-0.23107116478988,-0.413125254304471,-0.326783975119196,0.0853362378720668,0
150716,-76.7735309047159,-11.8166432607303,2164.61824114357,0.21,570.3,47358.0326775021,0,1500-2500,,0,-0.302072578755805,-0.0792635863695803,-0.0921542812033604,-0.427195137697475,-0.130325834308536,0.0912478428361822,0
150717,-76.5014103130073,-11.9140798420219,2423.57581967213,2.75,42.8,8722.88088888889,0,1500-2500,,0,-0.151590883507295,-0.122335805376412,-0.115346319987512,-0.214381883388136,-0.163124330096167,0.0229797959625222,0
150718,-76.3329774102465,-11.9644648591048,4203.96521508232,9.13,333.5,9001.58326143227,0,>3500,,0,-0.330065320279323,-0.373537565729224,-0.376310660380617,-0.466782852408039,-0.532183639575844,0.108943115651092,0
150719,-76.4690936801146,-11.7189693086339,4374.96948682386,5.6,128.4,5165.87405159332,0,>3500,,0,-0.264229041616787,-0.236074920522731,-0.232137715756201,-0.373676294227305,-0.32829230596073,0.0698169864337257,0
150720,-76.1569892270713,-11.9929117843395,4462.8883216337,7.28,138.8,2762.2268907563,0,>3500,,0,-0.198609003391396,-0.198370725033433,-0.197699530432133,-0.280875546205516,-0.279589357211915,0.0394455362281235,0
150721,-76.1188231901077,-12.1089174168547,4207.27297721917,7.83,449.9,9083.17510729614,0,>3500,,0,-0.331918981268353,-0.350274477128795,-0.350156894781762,-0.469404324918767,-0.495196629558817,0.110170210126222,0
150722,-76.2190037445811,-11.8197852914813,4468.93692928435,11.83,416.7,31468.3417122947,0,>3500,,0,-0.671614965301461,-0.835471396816252,-0.853279230175668,-0.949806992622061,-1.2067190598057,0.451066661616882,0
150723,-76.5304238561912,-11.8405925939426,3261.64674983585,1.28,134.5,10664.8382886149,0,2500-3500,,0,-0.252843123382648,-0.129141940536934,-0.117524786007681,-0.357574174240514,-0.166205146287058,0.0639296450418929,0
150724,-76.5551202411366,-11.7650426614318,3766.02047413793,2.72,82.3,7069.48144104804,0,>3500,,0,-0.251190628296531,-0.17110136119127,-0.16198128061556,-0.355237193277973,-0.229076123897087,0.0630967317440058,0
150725,-76.1966354534121,-12.0867070483906,4023.62753950339,2.81,39.4,1577.12254901961,0,>3500,,0,-0.130021951052652,-0.0876889133256973,-0.0832087273075905,-0.183878806584871,-0.117674910666199,0.0169057077555382,0
150726,-76.2627049053644,-12.2191428186062,3124.07244995234,3.86,92.6,5032.0140625,0,2500-3500,,0,-0.163620989777811,-0.140049608602248,-0.134680683938883,-0.23139502283269,-0.190467249816052,0.0267718282958706,0
150727,-76.5607696980171,-11.9259693932077,1766.29301075269,1.05,33.1,20994.2995796714,0,1500-2500,,0,-0.15178089768927,-0.0891058062371089,-0.0797716506170839,-0.214650604021329,-0.112814150195568,0.0230374409033607,0
150728,-76.6489915847797,-11.8583446948093,1938.78396946565,1.49,116.8,106196.296555928,0,1500-2500,,0,-0.388359493665929,-0.258044318381234,-0.235352821070729,-0.549223263018705,-0.332839151500993,0.150823096320457,0
150729,-76.1996003768938,-12.0319170508256,4392.90951492537,2.12,94.8,2284.65551839465,0,>3500,,0,-0.176717271102459,-0.101511317000285,-0.0950540890342572,-0.249915961498661,-0.134426781871266,0.0312289939059001,0
150730,-76.5284591438042,-11.9780604461424,2760.19322990127,0.82,62.9,3019.64160401002,0,2500-3500,,0,-0.106783170175478,-0.0474401248701921,-0.0421409564814231,-0.151014207495355,-0.0595963121874029,0.0114026454327251,0
150731,-76.5362161469993,-12.2613110836671,1896.08103553922,0.7,577.8,26639.3496672716,0,1500-2500,,0,-0.188604744438849,-0.089731511343416,-0.0787654673520726,-0.266727387513331,-0.111391192175956,0.0355717496248434,0
150732,-76.4453600860804,-11.8771088181067,3218.48338870432,4.89,106.8,10935.6378454997,0,2500-3500,,0,-0.251355118897974,-0.236838971146379,-0.230562212728972,-0.355469818117417,-0.326064208212063,0.0631793957962148,0
150801,-77.4927891051109,-11.2716480167024,201.234772840739,0.24,711.9,558512.957909928,0,lowland (<500 m),,0,-0.0387178500733312,-0.026202678172853,-0.0279718797223837,-0.0547553086796331,-0.039558211668464,0.00149907191430095,0
150802,-77.2677464510692,-10.7823066469456,2783.96048028742,0.45,942.1,16419.9188419554,0,2500-3500,,0,-0.251979196333339,-0.0850199853329297,-0.0732801286677919,-0.356352396890481,-0.103633751814437,0.0634935153847954,0
150803,-77.620022417743,-11.0879808466906,21.6470588235294,0.59,3.3,69641.9601603304,0,lowland (<500 m),,0,-0.000624497842226347,-0.0014605683193832,-0.00121300863667564,-0.000883173318149233,-0.00171545326526238,3.89997554945364e-07,0
150804,-76.8554902312467,-10.9216956764242,3534.08426666667,4.87,166.9,6934.45945945946,0,>3500,,0,-0.227826808285465,-0.206916680279145,-0.201588380224088,-0.32219576214948,-0.28508902132973,0.051905054573542,0
150805,-77.6069513514359,-11.0927776312695,46.7164179104478,0.33,6.1,229424.219223804,0,lowland (<500 m),,0,-0.00328720051870502,-0.00443338349071502,-0.00403465303409154,-0.00464880355579251,-0.00570586104028202,1.08056872501746e-05,0
150806,-77.4452161945056,-11.0035872871892,650.465804066544,0.62,481.7,294299.356260677,0,500-1500,,0,-0.142578622750404,-0.0957280221400697,-0.0825879078286623,-0.201636621998098,-0.116796939339313,0.0203286636654019,0
150807,-76.9185324725059,-11.0508159628538,3776.25776303889,1.39,294.8,15581.0046559752,0,>3500,,0,-0.374316745952475,-0.187899600470808,-0.171971892024321,-0.529363818749355,-0.243204982047756,0.14011302630045,0
150808,-76.9718329412196,-10.9658651571057,3149.7047832586,3.03,237.6,11980.667535854,0,2500-3500,,0,-0.255341075984443,-0.19524966295801,-0.185503593494708,-0.361106812688138,-0.262341697789162,0.0651990650848931,0
150809,-76.6712153863365,-10.9627526577195,4472.97908745247,4.41,374.6,6243.00130548303,0,>3500,,0,-0.299518486970438,-0.238168578963902,-0.231447631428081,-0.423583106455062,-0.327316379344722,0.0897113240370601,0
150810,-77.4732815973807,-11.1161424773673,317.879106438896,0.18,135.6,312645.023712097,0,lowland (<500 m),,0,-0.0545456411800701,-0.0273175229072899,-0.0333819321434991,-0.0771391855251915,-0.0472091811755548,0.00297522697174496,0
150811,-77.2338025058163,-11.145839555106,1193.98701035113,0.33,1314.4,197436.760313771,0,500-1500,,0,-0.27069724498764,-0.108860769113796,-0.10248429438896,-0.382823715158553,-0.144934679055104,0.0732769984438986,0
150812,-77.604118182828,-10.9501866901488,186.125172413793,0,258,224783.742717015,0,lowland (<500 m),,0,-0.0220473563860549,-0.00363896963663975,-0.0163858444433063,-0.0311796704156319,-0.0231730834426596,0.000486085923613716,0
150901,-76.7577451083583,-10.6693669170737,4450.30113867426,3.57,876.8,95187.0482695047,1,>3500,,10.5056309464359,-0.300270149188694,0.348706276090406,0.428836263756766,-0.31484313568878,0.39745025237599,1.34871649812081,0.741445664372995
150902,-76.9271491047685,-10.7775966875642,3769.27884057971,2.34,153,3885.5164410058,0,>3500,,0,-0.186446360015089,-0.118589910485255,-0.11142169025093,-0.263674970988436,-0.157574065495399,0.0347622451628761,0
150903,-76.9866874100176,-10.75639391405,4091.78431372549,2.04,104.5,4139.80621572212,0,>3500,,0,-0.215611262587343,-0.124982954467595,-0.116719354921644,-0.304920371751407,-0.165066094721628,0.0464882165545082,0
150904,-77.1279199433949,-10.8835380141988,3441.2073463783,2.04,258.6,8150.64136622391,0,2500-3500,,0,-0.23805921639348,-0.147211605332431,-0.137229645799699,-0.336666572471571,-0.19407202624959,0.0566721905098776,0
150905,-77.0466427006633,-10.8571564203161,3357.61143298571,1.13,230.7,6562.17142857143,0,2500-3500,,0,-0.206456888264877,-0.0985854552554044,-0.0891823383265666,-0.291974131429536,-0.126122872385576,0.0426244467120159,0
150906,-76.7975575560565,-10.8378601995298,3850.74216027875,3.63,255.2,18797.2039636664,0,>3500,,0,-0.422405747452666,-0.325215810323815,-0.312464063780183,-0.597371936871904,-0.441890916752146,0.178426615481045,0
151001,-75.9551027251412,-12.4725618451352,3982.93833067517,3.12,332.2,10306.6127124908,0,>3500,,0,-0.327741879485027,-0.232650395441928,-0.221907550924513,-0.463497010925373,-0.313824668110444,0.107414739568378,0
151002,-75.7039652100333,-12.2887869435348,4441.79874213837,8.84,140.6,11811.0027045301,0,>3500,,0,-0.408004735529158,-0.44578301694607,-0.448620579043263,-0.577005830497782,-0.634445307242654,0.166467864214218,0
151003,-76.0383797718419,-12.6400316500752,3466.84055252387,2.41,517.7,8463.58775877588,0,2500-3500,,0,-0.245091122355273,-0.162998927572887,-0.153239976116543,-0.34661118925207,-0.216714052521745,0.0600696582573672,0
151004,-76.042283544554,-12.3654577194643,4322.58868335147,7.38,244.7,4103.42213883677,0,>3500,,0,-0.231601292334764,-0.235550480734854,-0.234836500254606,-0.327533688682959,-0.332108963600297,0.0536391586111327,0
151005,-75.8255657029822,-13.0090797177533,3791.86803185438,2.6,77.4,3256.34042553192,0,>3500,,0,-0.172102146537568,-0.114563726034633,-0.108218643132104,-0.243389189746951,-0.153044272819035,0.0296191488428386,0
151006,-75.7479253096339,-12.7662287704288,3638.40135192226,0.73,209.8,4176.00191204589,0,>3500,,0,-0.184062823040942,-0.0699737593118351,-0.0619731617892053,-0.260304140673179,-0.0876432859054362,0.0338791228258011,0
151007,-75.8816423891024,-12.3558620551804,4160.84408992023,2.82,122,1215.30625,0,>3500,,0,-0.119559872810637,-0.0797581445616504,-0.0757232480357515,-0.169083193644406,-0.107088844359102,0.0142945631864958,0
151008,-75.882005536876,-12.7427829902394,2887.6776119403,1.13,118.2,8538.0009310987,0,2500-3500,,0,-0.191137426849709,-0.0965556622601626,-0.0872085723822037,-0.270309141327954,-0.123331545818108,0.0365335159427278,0
151009,-75.9240629520504,-12.9223823286353,2546.68794326241,0.41,212.2,6106.45696202532,0,2500-3500,,0,-0.135838826722631,-0.0454259189746589,-0.0390668797162169,-0.192105111047993,-0.0552489111342724,0.0184521868453809,0
151010,-76.1956989929781,-12.2858373794875,2950.37209302326,2.14,38.3,1696.11415525114,0,2500-3500,,0,-0.0877620678594409,-0.0587402555512452,-0.0548012345160452,-0.124114306628729,-0.0775006490873798,0.00770218055496512,0
151011,-75.8459843219322,-12.5842664650755,4083.98567408544,1.97,346.3,8648.47571942446,0,>3500,,0,-0.310816741847763,-0.17746849321857,-0.165440009567207,-0.439561251733723,-0.233967505289079,0.0966070470128587,0
151012,-75.6728258711536,-12.7664939474073,4186.64645726808,2.59,121,2532.1498470948,0,>3500,,0,-0.174061838837336,-0.111467034146874,-0.105382074739304,-0.24616061317536,-0.149032759327338,0.0302975237394347,0
151013,-76.1906035949175,-12.3542932273101,2982.67804878049,2.27,54,1082.24827586207,0,2500-3500,,0,-0.0711687469346994,-0.0487258074013876,-0.0455988249600654,-0.100647807132151,-0.0644864766868013,0.00506499054025529,0
151014,-75.8348120170567,-12.0903577323814,4433.92074145094,12.75,277.4,4098.33272394881,0,>3500,,0,-0.239749824219514,-0.309445777645584,-0.317210434716308,-0.339057452987802,-0.448603298902068,0.0574799782132878,0
151015,-75.8218513270781,-12.9415564781433,3185.87830687831,0.72,50,5157.00153846154,0,2500-3500,,0,-0.170193658600022,-0.0675669075145313,-0.0597169461754031,-0.240690180222048,-0.0844525151847592,0.028965881427661,0
151016,-75.7040930114936,-12.513064617242,4532.65543328748,5.57,513,7529.03837953092,0,>3500,,0,-0.335014607575812,-0.294668968768545,-0.289783375515615,-0.473782201626814,-0.409815579804438,0.112234787289175,0
151017,-76.0794940352752,-12.2748032794476,4317.69565217391,7.14,42.3,3534.00904977376,0,>3500,,0,-0.214595620234495,-0.215100220745336,-0.214088716406421,-0.303484036561488,-0.302767166293009,0.0460512802238274,0
151018,-75.6762019658437,-12.384493125896,4546.92192906574,8.63,409.3,4121.05494505495,0,>3500,,0,-0.24893576493901,-0.26669875981931,-0.268136973126504,-0.352048334936468,-0.379202943969173,0.0619690150657698,0
151019,-75.6306789123397,-12.8109485523521,4296.86314089625,2.78,218.2,3271.01146788991,0,>3500,,0,-0.205078720447619,-0.134302057592568,-0.127458927246993,-0.290025107811143,-0.180254143558223,0.0420572815804325,0
151020,-75.6983281546847,-12.9611371993759,4155.22659889877,2.87,208.5,4241.65280289331,0,>3500,,0,-0.222945135847519,-0.149991139997374,-0.142527378554119,-0.315292034780674,-0.20156415176072,0.0497045335980688,0
151021,-75.8892225681484,-12.2346338531305,4539.6420131291,6.54,201.8,1672.75111111111,0,>3500,,0,-0.158247014570284,-0.149607213452423,-0.148324218634626,-0.223795074210348,-0.209762121621481,0.0250421176204076,0
151022,-76.2507887887447,-12.4762977462315,2716.85354141657,0.95,294.4,4937.00161290323,0,2500-3500,,0,-0.133580472086118,-0.0638137298967972,-0.0570980657873068,-0.188911315292389,-0.0807488590216805,0.0178437425227502,0
151023,-75.9227637381968,-12.6665127854313,3127.96534653465,1.65,71.3,4151.095703125,0,2500-3500,,0,-0.148866876242038,-0.0866508577468692,-0.0798365890534302,-0.210529555369607,-0.112905987012968,0.0221613468420622,0
151024,-76.0917323785657,-12.3115505481947,3913.08986175115,2.58,114.7,4421.42301184433,0,>3500,,0,-0.209468802975157,-0.137327591656157,-0.129713936108132,-0.296233622061525,-0.183443207672917,0.0438771794198451,0
151025,-76.2843177473305,-12.3506362838914,2520.61304836895,1.4,157.4,3279.33723653396,0,2500-3500,,0,-0.0981376567982984,-0.0574750359321938,-0.0524001346103248,-0.13878760522367,-0.0741049810360972,0.00963099968186061,0
151026,-76.1055215796992,-12.2458290835559,4348.04577464789,0.74,75.6,1239.30061349693,0,>3500,,0,-0.128317568165998,-0.0459241068867345,-0.0407770621278443,-0.181468445191089,-0.0576674742949276,0.0164653983000356,0
151027,-76.1860934678057,-12.4929819500544,3528.64695498676,1.13,100.3,2115.29241877256,0,>3500,,0,-0.125561975962272,-0.0588552541100742,-0.0532692807452621,-0.177571449324209,-0.0753341392878096,0.0157658098075501,0
151028,-75.9913264034132,-12.132023966342,4660.15838031779,11.68,345.8,4031.00199203187,0,>3500,,0,-0.254728158059563,-0.310157903714406,-0.316703896739743,-0.360240015846152,-0.447886946025752,0.0648864345084178,0
151029,-76.1814422248931,-12.683159340715,2902.33754782898,0.87,530.4,3910.05040322581,0,2500-3500,,0,-0.130257549792628,-0.0583381045416221,-0.0520036982421929,-0.184211993518224,-0.0735443353476671,0.0169670292779791,0
151030,-75.7068299765504,-12.1639150587121,4498.95057610673,10.86,291.4,3816.7578125,0,>3500,,0,-0.236077458007718,-0.28180125213555,-0.286589699502503,-0.33386394288508,-0.40529903987287,0.0557325661793859,0
151031,-75.7360680961875,-12.6902962369342,4185.15803897686,3.14,290.1,3895.24151696607,0,>3500,,0,-0.215780556633923,-0.150803460511199,-0.143960813601035,-0.30515978968811,-0.203591335044848,0.0465612486212457,0
151032,-75.7704298207224,-12.8875664648244,3634.66722783389,1.54,156.9,12967.0495716034,0,>3500,,0,-0.323883668365732,-0.172759153590748,-0.158870009705473,-0.458040676433968,-0.224676122379826,0.104900630634043,0
151033,-75.8574351935784,-12.1695323964374,4470.81634372367,11.1,104.9,2151.78397212544,0,>3500,,0,-0.175725798754775,-0.21234552706091,-0.216177592211583,-0.248513807857848,-0.305721282786781,0.0308795563480037,0
160101,-73.4326239482953,-3.78227475843856,107.308620689655,16.27,366.9,1308337.52971344,1,lowland (<500 m),,0.764328758664463,40.2672030757628,6.82269074286172,6.83576246464022,3.57573011726562,2.41095667795534,0.00061597328586442,1623.44702757143
160102,-74.2857396719124,-3.36157292737811,157.827232051433,21.11,14554.3,26304.2724448587,0,lowland (<500 m),,0,-0.0060027250641531,-0.0338272413064397,-0.0343494538848878,-0.00848913519692222,-0.0485774635441176,3.60327081958118e-05,0
160103,-73.11481295319,-4.27908988744555,123.253962607218,21.97,4569.2,112690.485540439,0,lowland (<500 m),,0,-0.00882358599361972,-0.0555282877533926,-0.0563532303149992,-0.0124784349809423,-0.0796955025950065,7.78556697868021e-05,0
160104,-72.8563696924981,-3.82909843764676,122.733531889774,21.71,3367.6,93255.0054421769,0,lowland (<500 m),,0,-0.00797983549394879,-0.0500272032951292,-0.0507377269904696,-0.0112851915810486,-0.0717539816339056,6.3677774510485e-05,0
160105,-72.5289567224007,-3.5682393907024,120.59747175901,20.24,6726.8,67571.3940092166,0,lowland (<500 m),,0,-0.00662956377515953,-0.040527094628651,-0.0409502093662672,-0.00937561900344799,-0.0579123414677928,4.39511158489075e-05,0
160106,-73.7524228465518,-2.99380602527678,138.777025325563,21.24,10051.4,112516.960182675,0,lowland (<500 m),,0,-0.0103900688949933,-0.0616031037128662,-0.0624893740765505,-0.0146937763452904,-0.0883733203232634,0.000107953531642708,0
160107,-74.4074498266219,-2.09913572750531,169.823937836634,19.28,24158.3,141149.28845158,0,lowland (<500 m),,0,-0.0153891558048991,-0.0809855000113609,-0.0819235276645443,-0.0217635528527609,-0.115857363900646,0.000236826116387459,0
160108,-73.4544582821071,-3.53866987425806,123.189340101523,19.63,1602.8,712306.296508717,1,lowland (<500 m),,1.40389043997137,45.0886160782611,7.40948035153273,7.34020254970474,3.63833314982198,2.46607472272918,0.00049140464275596,2034.98280844818
160110,-74.8929332397705,-1.38884927114906,186.396957936415,18.8,6918,40385.17839445,0,lowland (<500 m),,0,-0.00936401790953383,-0.0470537301219277,-0.0475846039740764,-0.0132427211259673,-0.0672947923002916,8.76848314100703e-05,0
160112,-73.2119570963363,-3.81158433969743,97.4610703913705,23.61,653,567323.748698045,0,lowland (<500 m),,0,-0.0143045232858103,-0.101527373440616,-0.103156643833937,-0.0202296508340747,-0.145885524758844,0.00020461938643429,0
160113,-73.6658577137977,-4.14906109034781,134.93499238192,25.71,3199.9,1225477.0848051,0,lowland (<500 m),,0,-0.0329825967027412,-0.215481848851578,-0.220631094594908,-0.0466444355792987,-0.31201948625734,0.00108785168525567,0
160201,-76.1615800720963,-5.84585225802835,163.62957292506,21.38,2234.6,832280.721619949,0,lowland (<500 m),,0,-0.035495544016705,-0.198490130569493,-0.201759613034754,-0.0501982797522354,-0.285331181092897,0.00125993364504184,0
160202,-76.5866281020676,-5.7376066880995,495.688547695445,27.98,3003.7,136031.815748596,0,lowland (<500 m),,0,-0.0665466466795861,-0.277921199489961,-0.289692380338887,-0.0941111702647211,-0.409686893191399,0.00442845618429767,0
160205,-76.2049620074362,-5.2968604420086,162.924035669847,22.38,4345,37261.5411255411,0,lowland (<500 m),,0,-0.00746572067346225,-0.0426907681345459,-0.043492069709289,-0.0105581234292995,-0.0615070748385526,5.57369851741616e-05,0
160206,-75.9763135246374,-4.62809392521759,143.656202554256,22.51,6056.5,109470.299897496,0,lowland (<500 m),,0,-0.0107505227951366,-0.0646011290929832,-0.0657463309009237,-0.0152035351394833,-0.0929793528363556,0.000115573740368752,0
160210,-75.7490339001883,-5.65826666569575,179.561646554462,21.87,2270,34183.146713615,0,lowland (<500 m),,0,-0.00818085571448182,-0.0446434315388518,-0.0454747856476683,-0.0115694771032376,-0.0643110586089419,6.69264002211699e-05,0
160211,-75.8220441752992,-5.98771279347966,178.979213521434,21.36,1319.8,49749.2713916694,0,lowland (<500 m),,0,-0.0098250107009547,-0.0531098182807821,-0.0540327110942037,-0.0138946633837509,-0.07641379284121,9.65308352738744e-05,0
160301,-74.1143170002503,-4.44272802121646,117.326285721913,22.2,6758.2,268593.310019931,0,lowland (<500 m),,0,-0.0127238960184979,-0.0819466100177189,-0.0831648219268192,-0.0179943063155848,-0.117612819081251,0.000161897529889548,0
160302,-74.8633364664073,-5.03890410188475,124.588302705358,18.21,13212.4,49626.5855232101,0,lowland (<500 m),,0,-0.00594335410309059,-0.0342146729650415,-0.03439995164801,-0.0084051719785765,-0.0486488781655944,3.53234579947238e-05,0
160303,-75.2653122002822,-2.94343732117222,174.999752999928,20.37,20113.8,60623.2119486025,0,lowland (<500 m),,0,-0.0105133829418218,-0.05609063012093,-0.0569156338037004,-0.0148681687427463,-0.0804908612362537,0.000110531220881389,0
160304,-75.8370790144252,-3.19625967238458,205.321390308966,22.54,12565.6,86547.0452895089,0,lowland (<500 m),,0,-0.0156713411950659,-0.0824643683402515,-0.0842458453846319,-0.0221626232586384,-0.119141617116533,0.00024559093485217,0
160305,-75.484807784218,-4.27485437403358,140.414791033587,24.22,15765.8,110218.970492771,0,lowland (<500 m),,0,-0.0104517822862455,-0.065480448446513,-0.0668716199138581,-0.0147810522601793,-0.0945707518200368,0.000109239752959076,0
160401,-70.8362415204655,-3.677481014604,108.383541436173,24.12,6889.5,191711.481007785,0,lowland (<500 m),,0,-0.00963245078306059,-0.0663480954242295,-0.0675604461932076,-0.0136223425362956,-0.0955448992864119,9.27841080880846e-05,0
160402,-71.9647202365009,-3.43260666156173,119.516056872953,21.44,11254.5,100989.107195991,0,lowland (<500 m),,0,-0.00800434821718772,-0.0503944562319898,-0.0510637903419142,-0.0113198578067038,-0.0722151048477113,6.40695903819963e-05,0
160403,-72.0327224289544,-4.47778961275681,124.766740509516,20.01,14369.6,80010.0194947285,0,lowland (<500 m),,0,-0.00756148234435948,-0.045405357682989,-0.0458692832792259,-0.0106935508830379,-0.0648689625098147,5.71760152440601e-05,0
160404,-71.3389969641722,-3.86671464144839,107.501377312552,21.23,5099.1,101458.445051033,0,lowland (<500 m),,0,-0.00692857600683977,-0.0451796539407017,-0.0457063702974864,-0.00979848615680562,-0.0646385687615521,4.80051654825557e-05,0
160501,-73.8823779512303,-5.32817713606168,120.49257186392,20.23,3073,223755.93222286,0,lowland (<500 m),,0,-0.0120494624909451,-0.0736668390748915,-0.0744334115843613,-0.0170405132740005,-0.105264740156302,0.000145189546320693,0
160502,-74.1894898317645,-6.81807090485863,219.48358022488,16.98,9062.1,12907.2182587666,0,lowland (<500 m),,0,-0.00663732117520357,-0.029963346576236,-0.0301978657264067,-0.00938658962379901,-0.0427062312650061,4.40540323828057e-05,0
160503,-74.1269118388791,-5.36636382938464,109.753041910771,14.61,800.6,18957.4403341289,0,lowland (<500 m),,0,-0.00308212885152878,-0.0168360135527599,-0.0167181632401453,-0.00435878842281342,-0.0236430531921808,9.49951825742613e-06,0
160504,-74.4538466006956,-6.20106890543055,139.545500387898,16.76,4637.7,54618.0285506191,0,lowland (<500 m),,0,-0.00729452555407303,-0.0387671208410247,-0.0388604494079391,-0.0103160169696472,-0.0549569745926209,5.32101030590245e-05,0
160505,-74.7294144444951,-6.38483261621688,157.367318435754,16.81,4891.6,69307.8393355019,0,lowland (<500 m),,0,-0.00970447827726634,-0.0493782641211981,-0.0495668126627626,-0.0137242047954652,-0.0700980587112853,9.41768986339343e-05,0
160506,-74.8860772692449,-5.6447588423397,129.07002781043,18.76,6281.1,36595.3256959315,0,lowland (<500 m),,0,-0.00535959125311639,-0.0308630087339047,-0.0310881852772534,-0.00757960663893341,-0.0439653332486593,2.87252184004817e-05,0
160507,-73.4051006716276,-4.79792138780219,134.631299089456,18.65,2595.5,25649.0107655502,0,lowland (<500 m),,0,-0.00475678007131693,-0.026891931787023,-0.0270920545916351,-0.00672710289008246,-0.0383139510360426,2.26269566468779e-05,0
160508,-73.7506899605958,-6.32684733653072,172.914174028015,18.73,4696.3,5568.09302325581,0,lowland (<500 m),,0,-0.00313378423336172,-0.0161674488429506,-0.0163339550299055,-0.00443184016437112,-0.0230997007304846,9.82060362126652e-06,0
160509,-73.9935749459396,-5.99192889244141,140.585679841557,19.1,2090.1,7558.02606882169,0,lowland (<500 m),,0,-0.00274155857818655,-0.0154163445728049,-0.015556777171274,-0.00387714932331171,-0.0220006052624318,7.51614343762823e-06,0
160510,-73.6983550436997,-4.99615198899397,128.540782209782,19.39,1160.1,40553.0237487733,0,lowland (<500 m),,0,-0.00560996918944759,-0.0328423345245733,-0.0331356390319547,-0.00793369451221198,-0.0468608701168897,3.14717543065512e-05,0
160511,-73.3442883292125,-5.75130274338493,163.878884721996,16.83,11049.2,17983.0070360598,0,lowland (<500 m),,0,-0.00522859850641317,-0.0262185439157121,-0.0263313941372799,-0.00739435491997322,-0.0372382147051327,2.73382423412661e-05,0
160601,-75.3489125234489,-7.78098803089794,341.911701685636,24.22,11003,226918.271108558,0,lowland (<500 m),,0,-0.0514020926029146,-0.230991690874319,-0.238104296794042,-0.0726935364933996,-0.336730325785443,0.00264217512395861,0
160602,-75.2998278656054,-7.0408928978916,186.399002138275,17.03,629.7,13856.3535067873,0,lowland (<500 m),,0,-0.00548507162143289,-0.0263543204721012,-0.0265191908391533,-0.00775706267761817,-0.0375037993478909,3.00860106922484e-05,0
160603,-74.914241176076,-7.87942498757301,176.780047103849,17.03,2434.9,27506.575474292,0,lowland (<500 m),,0,-0.00718167635876801,-0.0351954554376098,-0.0353960234189368,-0.0101564241071439,-0.0500575363731361,5.15764753220874e-05,0
160604,-75.7696227882708,-7.30251174662257,541.044182303054,14,7472,49421.7141266306,0,500-1500,,0,-0.045278951555105,-0.133726755731916,-0.1347340223508,-0.0640341073792639,-0.190542681721581,0.00205018345392955,0
160605,-75.1858035107991,-6.39051483315025,164.062347945008,16.97,6244.5,122211.040980919,0,lowland (<500 m),,0,-0.0136515498654936,-0.0686837795395925,-0.0690090181237293,-0.0193062069671936,-0.0975934893566286,0.000186364813730058,0
160606,-75.0943345050564,-6.93194742536959,207.395745487279,14.44,1896.8,60334.1521653284,0,lowland (<500 m),,0,-0.0132679692071696,-0.0568457239747974,-0.0567911156942211,-0.0187637419979279,-0.080314766037067,0.000176039006882402,0
160701,-77.1106383256629,-5.02105421324282,495.452797245489,23.29,7390.9,127407.551025641,0,lowland (<500 m),,0,-0.064360223267288,-0.247390197066568,-0.255493912025966,-0.0910191006219592,-0.361322955490879,0.00414223833901516,0
160702,-76.8556901118789,-5.24005856570751,372.794467892674,26.05,4785.7,63468.4845360825,0,lowland (<500 m),,0,-0.0306413843922748,-0.137796255902379,-0.142690481935728,-0.0433334613774423,-0.201794814775059,0.000938894437475144,0
160703,-77.5184873560258,-4.7275556027651,390.878373934381,25.19,3570,75642.2651675859,0,lowland (<500 m),,0,-0.0357179903883546,-0.155427595066238,-0.160755592039017,-0.0505128664279229,-0.227342738488894,0.00127577483738259,0
160704,-77.373572913095,-3.67883781589285,226.558585047831,21.2,11043.9,36204.1217484009,0,lowland (<500 m),,0,-0.0116152164536071,-0.0573013759691112,-0.0584188164330023,-0.0164263966385902,-0.0826166824973361,0.000134913253264144,0
160705,-76.6380463430973,-4.27642851778125,161.653468784413,23.47,9100.2,49130.0233160622,0,lowland (<500 m),,0,-0.00848024599643013,-0.0496934868509919,-0.0507435424979628,-0.0119928789004116,-0.0717622060034744,7.19145721599693e-05,0
160706,-76.6724646995929,-3.27426748295472,218.984157778102,21.8,11788.4,125658.949730228,0,lowland (<500 m),,0,-0.0206444731833806,-0.104459518990383,-0.106608570731089,-0.0291956939639845,-0.150767286593117,0.000426194273019321,0
160801,-72.784012820803,-2.46892340718953,143.363681665196,18.38,11079,35119.5524620341,0,lowland (<500 m),,0,-0.00607198370659795,-0.0333103491283732,-0.0335556233229455,-0.00858708170837927,-0.0474548175971925,3.68689861331909e-05,0
160802,-73.8661344625098,-1.55813076996333,172.911401991846,18.14,7167.8,4869.01463414634,0,lowland (<500 m),,0,-0.00293039896957711,-0.0149005563693611,-0.0150297513066295,-0.00414420996594009,-0.0212552781369301,8.58723812089857e-06,0
160803,-74.731671719717,-0.655310241037204,199.256926288863,18.06,9615.4,20399.7929889299,0,lowland (<500 m),,0,-0.00729911057299463,-0.0351301793480114,-0.0354794466175254,-0.0103225011655899,-0.0501755145919966,5.3277015156802e-05,0
160804,-71.0132471402062,-2.80437046773862,121.988668398373,22.19,18035.6,12497.8487229863,0,lowland (<500 m),,0,-0.00289678392840343,-0.0183831287820387,-0.0186635894534989,-0.00409667111881254,-0.0263943013277016,8.3913571278564e-06,0
170101,-70.2884872894865,-12.0488012968345,346.463408688512,18.85,20838.6,811979.307776039,0,lowland (<500 m),,0,-0.0990303724300028,-0.395281380776832,-0.402393941391217,-0.140050095777369,-0.569070969332224,0.00980701466362505,0
170102,-69.9388848235763,-12.9767341500386,277.345232460771,39.92,4881.6,123787.928818723,0,lowland (<500 m),,0,-0.0284166801302768,-0.173169052230187,-0.182653022071616,-0.0401872544378555,-0.258310381022112,0.000807507709626468,0
170103,-69.5403415965484,-12.0038918239855,299.190426055411,16.74,7803.9,154341.654466025,0,lowland (<500 m),,0,-0.0352413364502,-0.140803583492532,-0.142263900187665,-0.0498387759640261,-0.201191537081488,0.00124195179479619,0
170104,-69.9238699929507,-12.513299473239,275.034625169326,24.31,2695.7,52369.571585213,2,lowland (<500 m),,38.1901157382146,109.4492929593,22.3313874649572,21.7045646712595,5.5491535493225,4.230624178745,0.000333802119592216,5991.57369774425
170201,-71.5183367121531,-12.3618897009468,858.552749702281,22.81,8718.1,18820.201414898,0,500-1500,,0,-0.0529448139438679,-0.164188824736742,-0.170365664448716,-0.0748752739367382,-0.240933433226078,0.00280315332355079,0
170202,-71.6352484820702,-11.8504942823895,482.561494257653,17.98,10684.4,12368.3769633508,0,lowland (<500 m),,0,-0.0193342831602688,-0.066748401275576,-0.068023059767122,-0.0273428054640138,-0.0961991336767795,0.000373814505321453,0
170203,-70.6750771706996,-12.6294376352239,414.52907644819,32.01,7882.6,52905.2583210604,1,lowland (<500 m),,18.9017128303468,30.8300882209185,6.34993374511668,6.04779615439655,3.42348738520951,2.31425748693216,0.00104987616256578,952.493289833456
170204,-70.6521019523802,-13.0031862467863,480.967470717848,57.54,1530.4,84936.6746987952,4,lowland (<500 m),,47.0939086582435,79.2598748127826,13.2487126215425,12.2149052084062,7.13362618153257,4.64418990230353,0.0025436695553086,1572.53130291711
170301,-70.6502539173664,-10.9653813434466,370.403884920814,14.67,13885.3,25467.8082508251,0,lowland (<500 m),,0,-0.0192379074574022,-0.0668528364981585,-0.067248330988527,-0.0272065096379366,-0.0951035017309298,0.00037009708333957,0
170302,-69.6792577661948,-11.4351008244657,325.044522312687,12.66,2604,46459.529661017,0,lowland (<500 m),,0,-0.0216856117907466,-0.0740141003658977,-0.0738002952744966,-0.0306680863028317,-0.104369378484332,0.000470265758738967,0
170303,-69.532111485099,-11.6797810841982,327.634210393415,15.98,3540.7,28219.0178362573,0,lowland (<500 m),,0,-0.0170873855499081,-0.0646199382235597,-0.065199315078999,-0.0241652123901781,-0.092205755642157,0.000291978744931209,0
180101,-71.0648541463358,-17.2175909565717,1663.15585545283,0.21,3496.5,477960.725219885,0,1500-2500,,0,-0.666337717315539,-0.19292466324015,-0.223683035529383,-0.942343836948364,-0.316335582518437,0.444005953517283,0
180102,-70.3713531008484,-16.7284705354153,4466.90847769431,8.99,2275.8,18113.3906115418,0,>3500,,0,-0.509225793603964,-0.559456269786423,-0.563528195274759,-0.720154023624929,-0.796949216537198,0.259310908871587,0
180103,-70.6676291064024,-16.7686564476493,3755.2556675063,2.95,69.2,5822.91005291005,0,>3500,,0,-0.227069570122451,-0.16063816637562,-0.152694568767039,-0.321124865669399,-0.215942730051057,0.0515605896755949,0
180104,-70.8525988779184,-17.1566788168471,2074.62299465241,0,64.9,78176.3829764904,0,1500-2500,,0,-0.36595290039971,-0.0245518700236371,-0.113376288498992,-0.517535554935041,-0.1603382848468,0.13392152531096,0
180105,-70.6446408594026,-16.6633899747169,4072.67755956214,6.33,542,12681.2302158273,0,>3500,,0,-0.374928553832332,-0.363699979418018,-0.359580148900822,-0.530229045750615,-0.508523123335679,0.140571420478804,0
180106,-70.7383874111348,-16.9981242995836,3560.1198705692,3.22,1776.6,53858.0479502738,0,>3500,,0,-0.641410663712026,-0.481630979971285,-0.459582620109515,-0.907091659672276,-0.649947974389838,0.411407639523502,0
180107,-71.034641373064,-17.3163160572504,1214.50159624413,0.25,461.8,116768,0,500-1500,,0,-0.213143712505833,-0.0751030200085219,-0.08019753531089,-0.301430728960301,-0.113416442105556,0.0454302421807693,0
180201,-70.9629890595255,-16.6466286704338,3236.89928547125,1.02,256.3,24854.7123202001,0,2500-3500,,0,-0.381944186716167,-0.176507906072502,-0.158789788642027,-0.540150648923565,-0.224562672663912,0.145881361766274,0
180202,-70.5712542944111,-16.4570339183485,4433.61519756839,6.64,862.4,4759.04968944099,0,>3500,,0,-0.258329131589071,-0.248089847044191,-0.246089638027852,-0.365332561449328,-0.348023303658475,0.0667339402275634,0
180203,-71.0460871020738,-16.5757915417878,3855.36531627576,2.26,245.5,7707.78714859438,0,>3500,,0,-0.270937634581258,-0.168211339873883,-0.157804180463999,-0.3831636773821,-0.22316881221136,0.0734072018324871,0
180204,-70.4947746857378,-16.18819054699,4452.95222735594,8.78,1003.9,24083.4892317583,0,>3500,,0,-0.584640781954211,-0.636209879355082,-0.640056658847891,-0.826806922956056,-0.905176807629897,0.341804843924031,0
180205,-71.2938478757888,-16.8259738420566,2122.31652754591,0.27,781.3,4324.22666666667,0,1500-2500,,0,-0.0888187686850389,-0.0263104458524353,-0.0272910043447543,-0.125608707267661,-0.0385953084751345,0.00788877367072644,0
180206,-70.6272457684437,-16.3035809078174,4481.28118609407,11.68,256.5,3919.93308550186,0,>3500,,0,-0.237947397317916,-0.293990626151613,-0.300072590040035,-0.336508436418376,-0.424366726531039,0.0566189638903699,0
180207,-70.8365752201427,-16.5286523718604,3810.72244519914,3.3,564.7,3201.80963302752,0,>3500,,0,-0.171830711989482,-0.127197549135459,-0.121611281315414,-0.24300532332775,-0.171984323373828,0.0295257935828123,0
180208,-71.1572867565938,-16.628254906824,3357.06249085321,3.02,595.8,20038.8602024922,0,2500-3500,,0,-0.360698062965879,-0.268920871808537,-0.255625207484526,-0.510104092568051,-0.361508635309052,0.130103092627337,0
180209,-70.8798217999571,-16.7041951815618,2919.11521352313,3.54,195.4,3799.25341130604,0,2500-3500,,0,-0.129427295664006,-0.109254626500094,-0.104534876889957,-0.18303783686931,-0.147834640638779,0.0167514248628981,0
180210,-70.8051082616658,-16.217401511309,4348.83686189157,8.56,883.7,12522.2074248674,0,>3500,,0,-0.40798819434634,-0.44279318241485,-0.444791169929649,-0.576982437732704,-0.629029704938306,0.166454366725987,0
180211,-70.6600157138011,-16.2276068919858,4359.20549019608,11.6,111.2,6529.63615560641,0,>3500,,0,-0.295585541347473,-0.367842172409926,-0.37521358031609,-0.41802108141499,-0.530632134069581,0.0873708122536789,0
180301,-71.2135583983329,-17.7169981429498,477.664298949969,0,280.8,568582.680421857,0,lowland (<500 m),,0,-0.12925186389131,-0.0150049343900531,-0.0682344520488075,-0.182789738877092,-0.0964980875085202,0.0167060443193776,0
180302,-71.1441807322515,-17.5842538683872,909.103803028552,0.56,749.7,60344.1469244288,0,500-1500,,0,-0.10261732239964,-0.0580618077656783,-0.0500104057440243,-0.145122809071983,-0.0707253940629805,0.0105303148564716,0
180303,-71.3594882837271,-17.4393981932852,594.214602346806,0,333.1,37159.0008497982,0,500-1500,,0,-0.044701275739369,-0.00478315656056319,-0.0218009543324346,-0.063217150405995,-0.0308312052896055,0.0019982040527271,0
190101,-76.2465890580233,-10.7011691263075,4378.55681818182,10.61,15.5,213958.521795203,1,>3500,,4.67380308860604,-1.11501791209311,-1.53897680715489,-1.57800446067088,-1.29160937565566,-1.90103675932101,2.89822632874572,0.34503861554276
190102,-75.7854990776024,-10.5742513588616,3656.67064003436,3.62,828.2,36643.003462454,0,>3500,,0,-0.549025065230089,-0.430404022602697,-0.413246878399357,-0.776438693331165,-0.584419340040716,0.301428522250903,0
190103,-76.1541145193268,-10.4517718697401,3779.68037518038,5.59,123.1,54884.1004689498,0,>3500,,0,-0.703411393200326,-0.663197725423463,-0.651082013240411,-0.994773932191655,-0.920769013341768,0.494787588084024,0
190104,-76.4254779083855,-10.9519637619182,4472.10517120895,10.57,1017.6,74959.1068335942,0,>3500,,0,-1.03758016755297,-1.22617818991784,-1.24523614723351,-1.46735994500276,-1.76102984777485,1.07657260409925,0
190105,-76.0601652242988,-10.7920271832711,4238.22428051604,7.47,537.8,33054.1067279768,0,>3500,,0,-0.639634845195315,-0.658956446775011,-0.657225041540371,-0.904580273041629,-0.929456567277613,0.409132735188034,0
190106,-76.2514608904574,-10.4221553023273,3795.27216748769,4.33,72.6,12026.047734139,0,>3500,,0,-0.331148106282358,-0.277664986654873,-0.269118015036002,-0.468314143058677,-0.38059034674284,0.109659068294392,0
190107,-75.7734115461023,-10.7589056902718,3512.50409055251,5.08,793.5,76250.5438212928,1,>3500,,13.1146605635192,0.585843833290665,0.743623930393615,0.795107128335362,0.527105318849257,0.687004237435308,0.561146190756681,1.78206680624802
190108,-76.2283119746288,-10.5527035723181,4033.9393042191,11.67,120.2,29472.6736462094,0,>3500,,0,-0.564069157038535,-0.724550921992649,-0.738695622013024,-0.797714252000256,-1.04467336711645,0.318174013922164,0
190109,-76.4167957936405,-10.7265284342171,4363.77461706783,6.42,690.9,100934.687840573,0,>3500,,0,-1.1638276586467,-1.10730596815283,-1.09633301592721,-1.64590085912308,-1.55044902000166,1.35449481903105,0
190110,-76.0337944758119,-10.5536882453939,4163.86845386534,6.94,713.7,21965.5379602476,0,>3500,,0,-0.508803730783896,-0.510341775364115,-0.507022875644368,-0.719557136660615,-0.717038627169672,0.258881236459612,0
190111,-76.2483900369259,-10.7605480637076,4307.52578268877,9.22,96.1,58337.5614230128,0,>3500,,0,-0.869047619691303,-0.978954540294282,-0.986960863631122,-1.2290189301155,-1.3957734388786,0.755243765291119,0
190112,-76.2332313166413,-10.86396402834,4115.43933054393,17.64,171.4,30621.5333871836,0,>3500,,0,-0.591098880709633,-0.908791808818476,-0.946223227149425,-0.835940053803119,-1.33816172086715,0.34939788677618,0
190113,-76.1942759928698,-10.6434234771738,4156.96208262592,9.49,157.7,249320.179700978,0,>3500,,0,-1.71025228496879,-1.97801187096006,-1.99634888390479,-2.41866197648244,-2.82326366684655,2.92496287824096,0
190201,-76.572461500071,-10.5628954127452,4283.4846301633,4.49,741.1,90145.0807305001,0,>3500,,0,-1.07195359848097,-0.873361754435646,-0.849101003940129,-1.51597131720643,-1.20081015559674,1.14908451729631,0
190202,-76.3925481950682,-10.4795501602138,3866.73055555556,5.43,160.1,14136.3183462532,0,>3500,,0,-0.368419090585583,-0.339913381001167,-0.333294976152083,-0.521023274543293,-0.471350275545093,0.135732626307908,0
190203,-76.4039622917879,-10.4867468540293,4108,5.02,19.3,11253.6302186879,0,>3500,,0,-0.357441810454143,-0.311147085575928,-0.304076512191261,-0.505499056103442,-0.430029127539989,0.127764647860735,0
190204,-76.4172758144871,-10.3408712972216,3463.61659751037,4.83,107.5,13950.4958677686,0,2500-3500,,0,-0.314257657864538,-0.286496435043389,-0.278944159378161,-0.444427441831633,-0.394486613337357,0.0987578755265048,0
190205,-76.5359227433373,-10.416198275579,4098.74069767442,4.87,76.6,10808.3449750535,0,>3500,,0,-0.349206367475744,-0.300080686268177,-0.292806714008433,-0.49385238095124,-0.414091226104626,0.121945087085605,0
190206,-76.3232604192265,-10.4788212012815,4037.88229784577,2.6,285.2,191357.635071292,1,>3500,,5.22581709178963,-0.744426693257235,0.13272329982087,0.245882072066968,-0.828467524231652,0.235637651527873,2.07140759136816,0.482763510265743
190207,-76.4682465324051,-10.4189583762088,3542.87644787645,5.65,46.6,16960.0039335664,2,>3500,,117.924500951423,5.23650657366427,5.41666500072706,5.53111768989805,2.69381857049794,2.76055184207052,0.127823388130711,15.6465888539492
190208,-76.4479940191456,-10.5357718518568,4067.43042071197,5.83,82.5,16718.1918465228,0,>3500,,0,-0.429721897230606,-0.401788246423846,-0.39558792819801,-0.607718535112221,-0.5594458131687,0.184660908959472,0
190301,-75.3708254285502,-10.6503909701202,2100.99270395755,12.31,401.9,138202.398624015,0,1500-2500,,0,-0.495151242697535,-0.831300547251093,-0.84403668575875,-0.700249602848746,-1.19364812814046,0.245174753144913,0
190302,-75.5063453887145,-10.623307244834,2353.02822335025,9.64,437.6,51130.4253682488,0,1500-2500,,0,-0.352309716231306,-0.50752376653468,-0.509592850482554,-0.49824117885013,-0.720673120440793,0.124122136150983,0
190303,-75.6386866450048,-10.3904930942461,2704.95692428403,6.31,1134.2,56357.6047809906,0,2500-3500,,0,-0.448589956939704,-0.506262410541844,-0.49831147373734,-0.634402001048492,-0.704718844445471,0.201232949467165,0
190304,-75.2761747062405,-10.2342872352329,822.155974440895,47.94,2787.6,64151.3708925944,0,500-1500,,0,-0.0920606771908166,-0.406254594239984,-0.437416600255626,-0.130193458244504,-0.618600488488637,0.00847516828483174,0
190305,-75.5862587982136,-10.1327028979993,1838.89050459856,8.19,716.1,35870.4362079766,0,1500-2500,,0,-0.209772344532162,-0.307733901577399,-0.305671874992875,-0.296662894648185,-0.432285311250937,0.0440044365305201,0
190306,-74.6367696109199,-10.4139332585095,921.33097798972,29.06,7672.3,171877.870636255,1,500-1500,,5.81808464520894,5.49191858929937,1.0869073813648,0.974692953790146,2.23647719823074,0.812974886281985,0.0311235157091487,32.1300462757828
190307,-75.1758821771044,-10.6341841235823,1437.68147427583,21.76,822.6,148486.019313075,0,500-1500,,0,-0.303573706761466,-0.760177339428971,-0.79115716557769,-0.429318053281938,-1.11886519352863,0.0921569954368965,0
190308,-74.7845396418254,-9.82584497375445,609.370839056609,29.52,3050.8,136365.352937584,0,500-1500,,0,-0.0886707690400819,-0.351269126173278,-0.36793018708991,-0.125399404162536,-0.520331860589021,0.00786250528215955,0
200101,-80.6585265031232,-5.08198677355407,55.3407510431154,0.22,196.3,1430578.4840907,0,lowland (<500 m),,0,-0.0103777583318167,-0.0109330944512098,-0.0119779437940423,-0.0146763665798856,-0.0169393705628772,0.000107697867993592,0
200104,-80.5151847703687,-5.13094781965698,126.840770509978,1.93,656.9,1481312.5767749,0,lowland (<500 m),,0,-0.0332865539930285,-0.0688361654282381,-0.0618192102731296,-0.0470742961016052,-0.0874255655834541,0.0011079946767308,0
200105,-80.3651986843914,-5.47050132482839,159.557547094826,1.7,2286.5,648286.193233017,0,lowland (<500 m),,0,-0.0302533389827801,-0.0542174160775683,-0.0484965049891512,-0.0427846822965182,-0.0685844150833521,0.000915264519607001,0
200107,-80.5860497892576,-5.35759097947191,54.7915622389307,0.44,217.5,160475.270738608,0,lowland (<500 m),,0,-0.00342812314104019,-0.00496284338975356,-0.00410080481643995,-0.00484809823954409,-0.00579941378805428,1.17520282701353e-05,0
200108,-80.6113709500802,-5.4412946629986,29.6735985533454,0.44,101,44848.4469074008,0,lowland (<500 m),,0,-0.000775462810848286,-0.00141149155963331,-0.00115886361095987,-0.00109667002421761,-0.00163888063556011,6.01342571008724e-07,0
200109,-80.7625770695947,-5.30898974754079,32.301906779661,0.44,171.4,330263.628359456,0,lowland (<500 m),,0,-0.00236665724599904,-0.00417341174772046,-0.00342949841144738,-0.0033469587747804,-0.00485004316560587,5.60106652003975e-06,0
200110,-80.868007252638,-5.33287496915084,63.5672531214529,0.66,321.4,355435.13609481,0,lowland (<500 m),,0,-0.00626670081219125,-0.0103138977518716,-0.00871183240546189,-0.00886245327993535,-0.0123203915409256,3.92715390695185e-05,0
200111,-80.2278364411181,-4.69213324917732,371.324637208544,1.36,556.8,233061.660653424,0,lowland (<500 m),,0,-0.0583969173977725,-0.0690041457116117,-0.0615741441219467,-0.0825857125847112,-0.0870789897087726,0.00341019996156226,0
200114,-80.3309402140658,-4.91945066795384,168.909427773053,1.87,1496.1,995757.389082653,0,lowland (<500 m),,0,-0.0405701220022096,-0.074317989422065,-0.0668359395039717,-0.0573748167626559,-0.0945202921004645,0.00164593479927417,0
200115,-80.6965433796916,-5.1613845768464,48.9181360201511,0,72.1,1513571.54899452,0,lowland (<500 m),,0,-0.00899895298574177,-0.00244619102542076,-0.01086209631713,-0.0127264413595939,-0.0153613239274881,8.09811548395907e-05,0
200201,-79.6064957042659,-4.68661312186502,2053.39397089397,2.2,1572.4,261724.388947258,0,1500-2500,,0,-0.660125548601926,-0.512232134464908,-0.476739241559879,-0.933558503701823,-0.674211101129445,0.435765739916993,0
200202,-79.9710203342169,-4.92729972571031,1820.54860551346,0.19,563.7,170633.173150303,0,1500-2500,,0,-0.451217066849419,-0.120703483534276,-0.14657940112918,-0.638117295512656,-0.207294577041413,0.203596841416193,0
200203,-79.8316960938798,-4.53181844779149,1247.39631336406,2.4,97.7,21334.0627087199,0,500-1500,,0,-0.09453934570469,-0.0919176345700235,-0.0854779522565842,-0.133698824873451,-0.120884079365141,0.00893768788627089,0
200204,-79.8538708609364,-4.7807380310842,2158.58924321752,0.38,190.6,46349.3146698434,0,1500-2500,,0,-0.297686733468473,-0.102304393726558,-0.0909082480124551,-0.420992615809659,-0.128563677270791,0.0886173912831295,0
200205,-79.8466698249767,-4.63834861599513,1440.06456043956,1.76,132,52864.1630239521,0,500-1500,,0,-0.181550591022567,-0.145362764181917,-0.133282398653027,-0.256751308080966,-0.188489775800729,0.0329606171006435,0
200206,-79.6502924584379,-4.94645055545895,2321.04919415292,1.37,968.4,185826.086638429,1,1500-2500,,5.38137576962351,0.858315371833467,2.14291550874026,2.42957525640647,0.732494572528817,1.53586572639034,0.43433500295011,2.30237027457551
200207,-80.0053256006107,-4.63696392224033,902.876294430451,1.67,325.3,83383.8202345188,0,500-1500,,0,-0.119484599992599,-0.111208483651149,-0.10120200230144,-0.168976741804258,-0.143121244194009,0.0142765696353915,0
200208,-79.9892955298794,-4.78361582669968,1669.10150622135,0.5,277.2,88143.0759848211,0,1500-2500,,0,-0.287566029666074,-0.123192423959795,-0.106177437093587,-0.406679779231546,-0.150157571555767,0.0826942214179095,0
200209,-79.7775030702932,-4.57301653961044,1467.32,2.3,34.3,13001.8569732938,0,500-1500,,0,-0.0924040093061409,-0.0829413618679006,-0.0770960746227288,-0.130679003178394,-0.109030314337191,0.00853850093584937,0
200210,-80.062730147455,-4.46136673895848,525.1707893626,1.96,1077.1,96178.146987751,0,500-1500,,0,-0.0606143315241839,-0.0742638495044424,-0.06774428587952,-0.0857216097156799,-0.0958048878640973,0.00367409718612368,0
200301,-79.4973360527553,-5.19688329348189,2802.07798818978,0.35,446,235296.048965751,0,2500-3500,,0,-0.962467167667048,-0.289087663559243,-0.2673673308254,-1.36113412185356,-0.378114505388775,0.926343048837029,0
200302,-79.6258280532016,-5.31206273612902,1572.97388276262,0.29,313.3,60633.7283439078,0,1500-2500,,0,-0.219706366511656,-0.0751796522097478,-0.0752606321443398,-0.310711723260499,-0.106434606691298,0.0482708874857543,0
200303,-79.3657146726576,-5.02407210246626,2736.2595440813,1.23,659.8,94089.0863406408,0,2500-3500,,0,-0.588924369460332,-0.31543781733086,-0.285960747291877,-0.832864830502825,-0.404409567126518,0.34683191294425,0
200304,-79.5674840023975,-5.68990386798967,1601.97187279152,0.71,1923.2,299225.025540171,0,1500-2500,,0,-0.500570917453186,-0.255258764737013,-0.223829165959209,-0.707914180391838,-0.316542242154172,0.250571243399924,0
200305,-79.6648816707319,-5.17202154130623,1631.8024691358,1.26,146.7,33195.7122674829,0,1500-2500,,0,-0.171040361234661,-0.112334174557526,-0.101410987590757,-0.241887598571251,-0.143416794024499,0.0292548051712834,0
200306,-79.6050768285149,-5.42463416950831,1543.73950670705,0,208.6,75237.3112391931,0,1500-2500,,0,-0.238464979809438,-0.0178653269568416,-0.0822444564032036,-0.337240408597533,-0.116311225675413,0.0568655465955156,0
200307,-79.3624151924239,-5.40351291201906,2388.55009203261,2.88,344.7,59109.3469850587,1,1500-2500,,16.917798131872,2.19896957923504,2.80023049487279,2.99978764667912,1.44884033559909,1.72109995372691,0.149568524284784,6.68589868611635
200308,-79.4602370967444,-5.39790918532046,2396.10586383314,0.68,229.9,89563.6809716599,0,1500-2500,,0,-0.478141662864201,-0.20572724176584,-0.180763595383915,-0.676194424358177,-0.255638328175256,0.228619449766543,0
200401,-80.1943933976059,-5.12168988024584,202.713560786007,2.51,841.5,717228.339846043,0,lowland (<500 m),,0,-0.044322544186961,-0.0866683659128215,-0.0792586670387268,-0.062681543108081,-0.112088681861781,0.00196448792320511,0
200402,-79.9250452543948,-5.26448384656617,324.992374727669,1.46,249.2,82068.2606583383,0,lowland (<500 m),,0,-0.0288154522067917,-0.0369560182746426,-0.0330488267094205,-0.0407512033167586,-0.0467380989529807,0.000830330285881897,0
200403,-79.792808812054,-5.06634505418513,2031.52609223301,1.28,150,61394.8255578093,0,1500-2500,,0,-0.315017078656019,-0.192008029682946,-0.173872922961408,-0.445501425014494,-0.245893445781475,0.0992357598449722,0
200404,-80.0875093548003,-5.35771099814881,185.268577202168,1.87,989.1,120940.375899886,0,lowland (<500 m),,0,-0.016068922438392,-0.0284370543080047,-0.0255988490102945,-0.0227248880450953,-0.0362022394514996,0.000258210268331057,0
200405,-79.9983931931529,-5.1527208163043,229.757591623037,2.21,173.3,128987.013257933,0,lowland (<500 m),,0,-0.0223537296117288,-0.0393756644259442,-0.0358258812847031,-0.031612947586528,-0.0506654471967956,0.000499689227554282,0
200406,-79.827709217779,-5.43704853546999,514.322036406689,0.34,612.5,72907.5895563669,0,500-1500,,0,-0.0512714235747691,-0.0286221118381819,-0.0263504709787889,-0.0725087425816142,-0.0372651934331219,0.00262875887538339,0
200407,-79.7412448372726,-5.29589035590235,500.73119827276,1.21,251.9,53632,0,500-1500,,0,-0.0423742885515202,-0.0424723278520026,-0.037794552251812,-0.0599262935654709,-0.0534495683783311,0.0017955803302475,0
200408,-79.8756162857884,-5.12578295978596,975.538720538721,0.56,80.9,30369.1623798389,0,500-1500,,0,-0.0802635055119131,-0.0442335160034169,-0.0381277799356158,-0.113509738058555,-0.0539208234881246,0.00644223031706091,0
200409,-79.9106771474342,-5.05314666204117,1450.15691868759,1.58,190.8,47589.3361453602,0,500-1500,,0,-0.173928220252918,-0.132269477826365,-0.120628468917053,-0.245971647961091,-0.170594416750798,0.0302510258003476,0
200410,-79.7695319733162,-5.15651316290895,1397.76359143328,0.79,219.9,69759.4919254659,0,500-1500,,0,-0.200122562740403,-0.112702888700806,-0.0992175639674064,-0.283016042364338,-0.140314824588326,0.0400490401177865,0
200501,-81.0554186376021,-5.16718680627982,95.6514741856573,0.2,707.9,822713.652082703,0,lowland (<500 m),,0,-0.0167847849429308,-0.0138060256671173,-0.0158836460849176,-0.0237372705078085,-0.0224628677132248,0.000281729005580437,0
200502,-81.0067649661994,-4.83553318444394,75.0536723163842,0.86,64.5,20256.2907857998,0,lowland (<500 m),,0,-0.00188274201810019,-0.0032834812682317,-0.00281558229548567,-0.00266259929644698,-0.00398183466825341,3.54471750671998e-06,0
200503,-81.0300370388434,-4.89957299863042,68.6086956521739,0.37,8.4,9993.23400809717,0,lowland (<500 m),,0,-0.00116786105178889,-0.00143714018314483,-0.00124680353239825,-0.00165160493840716,-0.00176324646513229,1.36389943628546e-06,0
200504,-81.0709151256595,-4.93071988428641,23.0545722713864,0,123.7,135042.087095993,0,lowland (<500 m),,0,-0.000948851888984854,-0.000341570011250338,-0.00150482984376718,-0.00134187921008571,-0.00212815077411933,9.00319907230125e-07,0
200505,-80.9131607840461,-5.06544574184542,82.5700846660395,0.27,580.6,113127.044130372,0,lowland (<500 m),,0,-0.0050777237976878,-0.00505512109862726,-0.00506853162399347,-0.00718098586067471,-0.0071679861639685,2.5783278965605e-05,0
200506,-80.9626270014049,-4.83748337433218,63.159217877095,0.5,65.5,42818.7567670606,0,lowland (<500 m),,0,-0.00215578126712516,-0.00313611794307128,-0.00261200403887505,-0.00304873510547826,-0.00369393153675039,4.64739287168776e-06,0
200507,-81.1072985233274,-4.83843616986889,31.6178489702517,1.06,159.3,49464.2230299025,0,lowland (<500 m),,0,-0.000889167438323215,-0.00235425848354748,-0.00202180276264303,-0.00125747265049723,-0.00285926088737316,7.90618733374268e-07,0
200601,-80.5519457866393,-4.83537664257396,108.157397107898,0.72,491,1514803.20602465,0,lowland (<500 m),,0,-0.0269982272659199,-0.037902051168436,-0.0323345478702381,-0.038181259159495,-0.0457279561312928,0.000728904275502261,0
200602,-80.6742778477634,-4.88971907109247,59.7391304347826,2.09,2.2,311564.241909197,0,lowland (<500 m),,0,-0.00538387763132245,-0.0152900108269703,-0.0136785156642865,-0.00761395276437334,-0.0193443423655668,2.89861383490542e-05,0
200603,-80.8856468804959,-4.82673198631858,64.7827967323402,0.54,189.7,173652.276119053,0,lowland (<500 m),,0,-0.00449661351856099,-0.00670971827401388,-0.00561158158137772,-0.00635917182269916,-0.00793597477874744,2.02195331353055e-05,0
200604,-80.5025922557022,-4.42745149339414,347.793981196371,1.73,2216.2,106379.236393789,0,lowland (<500 m),,0,-0.0360353363237,-0.0486618522417391,-0.0439218831932286,-0.0509616613536523,-0.0621149228968309,0.00129854546396217,0
200605,-80.7849445860136,-4.53700257735205,368.789089912281,0.78,1662.5,258497.838479735,0,lowland (<500 m),,0,-0.0609205872961919,-0.0560977331511918,-0.048671022911365,-0.0861547207820086,-0.0688312206958239,0.00371131795651294,0
200606,-80.7884188224465,-5.04852292860748,74.6549309104676,0.3,480.9,81824.7099075563,0,lowland (<500 m),,0,-0.00375621878563261,-0.00407276400677829,-0.00388907606743387,-0.00531209554988223,-0.0054999841196656,1.41091795655393e-05,0
200607,-80.6106155360941,-4.73232402116336,113.832384341637,1.53,255.6,225318.668368998,0,lowland (<500 m),,0,-0.0111762893290814,-0.0216611602231964,-0.0192050015910591,-0.0158056599461927,-0.0271599737154727,0.00012490944316734,0
200608,-80.6832529923841,-4.83829891640048,67.4367816091954,1.36,31.5,61429.4441934627,0,lowland (<500 m),,0,-0.00282728516067199,-0.00631632453936827,-0.00553658979080061,-0.00399838501891853,-0.00782992037144664,7.99354137975607e-06,0
200701,-81.0435211573061,-4.49884838584012,292.183798612232,0.96,1130.7,840301.106937142,0,lowland (<500 m),,0,-0.0795761592718536,-0.0878182490869282,-0.0768063208694861,-0.112537683683817,-0.108620540649607,0.00633236512445941,0
200702,-81.0802967963093,-4.29146425176768,252.471819038643,0.34,485.4,71808.9300238555,0,lowland (<500 m),,0,-0.0190037112538053,-0.0138370210325046,-0.0126444119276054,-0.0268753061905537,-0.0178818988362517,0.000361141041418006,0
200703,-81.108222989659,-4.70385213769857,152.003830578965,0.78,833.1,105560.731510397,0,lowland (<500 m),,0,-0.0114152799271938,-0.0146347234035026,-0.0125801406594,-0.0161436436913229,-0.0177910055370848,0.000130308615816194,0
200704,-81.2026480389281,-4.4030325313087,127.62084592145,0,241,11071.0114942529,0,lowland (<500 m),,0,-0.00290218325701935,-0.000551486638948652,-0.00247350088900527,-0.00410430692256889,-0.00349805850377316,8.42266765732344e-06,0
200705,-81.0648364329713,-4.19478619660745,164.711256117455,0.23,166.2,93132.8139352135,0,lowland (<500 m),,0,-0.011982600067766,-0.00857204704065481,-0.00930952001158551,-0.0169459555283274,-0.013165649459568,0.000143582704384025,0
200706,-81.008961827523,-4.14781614793867,134.670944087993,0,99.7,113040.347331013,0,lowland (<500 m),,0,-0.0099901381899864,-0.0018606416901873,-0.00834995163312381,-0.0141281889182602,-0.0118086148447231,9.98028610550248e-05,0
200801,-80.6641912889579,-5.9159917672289,42.1648181047038,0.16,5678,411365.720664822,0,lowland (<500 m),,0,-0.00381942736633847,-0.00385527813133207,-0.00486558142846034,-0.00540148598197482,-0.00688097124495927,1.45880254067353e-05,0
200802,-80.7428992277105,-5.4265170073055,12.8255033557047,0,13.9,41964.1153846154,0,lowland (<500 m),,0,-0.000234897491527415,-0.000105256544240934,-0.000460886713996348,-0.00033219521828549,-0.000651792241651205,5.5176831525872e-08,0
200803,-80.7020025599008,-5.45775175351134,12.2947103274559,0,71.8,61769.7511961723,0,lowland (<500 m),,0,-0.000268793802030428,-0.00012236113548522,-0.000535545871952183,-0.00038013184031326,-0.000757376235387701,7.22501080099729e-08,0
200804,-80.6410300830112,-5.53519216464421,18.8747004450531,0,265.3,39951.1373488954,0,lowland (<500 m),,0,-0.000391269273812927,-0.000151772758105723,-0.000667257144090475,-0.000553338313566114,-0.000943644102763089,1.53091644630095e-07,0
200805,-80.8745465854183,-5.43862347660977,24.5,0,261.4,143007.538982855,0,lowland (<500 m),,0,-0.00106217954383736,-0.000373782578909608,-0.00164779359606124,-0.00150214871657006,-0.00233033205154134,1.12822538334653e-06,0
200806,-80.7743547099847,-5.48207913476095,9.60909090909091,0.75,20,25195.3493743985,0,lowland (<500 m),,0,-0.000122049307121167,-0.000430965440161211,-0.000359209924859151,-0.000172603785408994,-0.000507999547474831,1.48960333687569e-08,0
210101,-70.0636709009199,-15.9049947224141,4087.23958333333,13.32,462.9,1137358.25620397,2,>3500,,1.75846087992993,-3.00781534016629,-4.42982324386081,-4.56871343400131,-3.74986266270315,-5.94694010185477,12.7328039338579,0.15707459334089
210102,-69.9082422220979,-16.2871830662625,4205.42268976149,15.19,1929.8,182198.252577752,9,>3500,,49.3967415859783,4.57222777042601,2.13330196643496,1.92394649035968,3.42248333588471,1.7127247805076,2.20720078261039,4.07756288911604
210103,-69.7004394734367,-15.7047455107628,3914.325,10.95,13.9,26649.8975386377,0,>3500,,0,-0.514488656715862,-0.649321806244032,-0.659669261026542,-0.727596836014688,-0.932913215624373,0.264698577889292,0
210104,-70.1570535782177,-15.6784578561154,3853.71304347826,12.06,131.3,36943.3174702567,0,>3500,,0,-0.592808937502201,-0.786198523426914,-0.802492046475627,-0.838358439311597,-1.13489513582237,0.351422436382488,0
210105,-69.8244895333334,-15.6404120888516,3915.62057335582,11.31,104.5,55362.7154940924,0,>3500,,0,-0.741883406419417,-0.950019497113972,-0.966736721355604,-1.04918157505789,-1.36717218258519,0.550390988720477,0
210106,-69.878554149922,-15.890916081245,3983.27630582892,12.75,116,57612.1210816629,2,>3500,,34.7149169732022,1.80579815784126,0.879979881574946,0.810129196975898,1.41888404470668,0.730714134192721,0.600570233639316,3.33016837661179
210107,-69.9237561347059,-15.5615456062914,3848.63041556145,18.07,100.2,53851.1128544696,1,>3500,,18.5697183770827,0.68533060206144,-0.260293393099232,-0.34297403653814,0.604931094864205,-0.361887451913081,0.510389296199626,1.95928873792227
210108,-69.9978010230509,-15.6216178717672,3822.70114942529,16.9,129.4,22367.5820797907,0,>3500,,0,-0.456141117661377,-0.707023657934954,-0.733990144199214,-0.645080954952741,-1.03801881657471,0.20806471922137,0
210109,-70.4085778144495,-15.8807636878752,4326.50584484591,13.9,412.2,41795.0001864976,1,>3500,,23.9263068677546,0.611145082178749,-0.00494277835854977,-0.0627087856033377,0.547212855958849,-0.0633606034255112,0.547708031363156,1.82579028010811
210110,-70.0671367641768,-15.7262831622195,3869.81002506266,16.14,174.7,34053.2177656923,1,>3500,,29.3658005208387,1.17445927183077,0.291030137461373,0.219972180784953,0.941676392726892,0.211784244947125,0.327690012257856,3.05166456893141
210111,-70.1583904683892,-16.2398293108989,4380.00983049046,13.23,1647.1,47886.294,7,>3500,,146.179614567793,7.88167468423346,5.52642979651238,5.3254620538627,4.5374376286301,3.63120834270536,0.649251321412494,10.7816492152392
210112,-69.8602354512459,-15.9809603716472,3916.28688817435,12.28,246.1,57254.501077296,0,>3500,,0,-0.754630004142942,-1.00299247615759,-1.02488456238237,-1.06720798643261,-1.44940564798796,0.569466443152777,0
210113,-70.3023407585999,-16.0802682965514,4605.8441457741,11.07,338.7,21139.0728624535,1,>3500,,47.3057643779716,1.1684050833403,0.774727541386003,0.736116210415532,0.937944038669305,0.643390048451161,0.329406361844479,3.03576407693099
210114,-70.2713866204522,-15.9236705708822,4308.14128113879,13.59,491.6,12587.5084643289,0,>3500,,0,-0.403761789492983,-0.542219040199061,-0.557446689965918,-0.571005398669007,-0.788348669249791,0.163023582654576,0
210115,-70.2631502002562,-15.7802024713767,3964.84573991031,11.44,195.7,23385.0083111702,2,>3500,,85.5248787337257,3.58626930311222,2.55349635265632,2.48475074081534,2.22515766201397,1.77810696415608,0.24066428302563,8.3103316157097
210201,-70.1492191938996,-14.880957683512,4038.199756691,11.27,724.2,253941.639259236,6,>3500,,23.6274760511998,1.96033698634126,0.767347868988721,0.680251149919682,1.69208962459989,0.648190305253169,2.74946506998898,2.18224267167142
210202,-70.1777053628568,-15.2406935475725,3860.91166321601,5.88,127.2,22084.3428571429,0,>3500,,0,-0.459526855684608,-0.439795393191845,-0.432959011338087,-0.649869111583837,-0.61229650578597,0.211164931095383,0
210203,-70.084580630131,-15.0900321472463,4061.18084551148,5.79,338,56914.3243243243,3,>3500,,52.7108076150496,3.00058275553615,3.32784787080817,3.40472246763982,2.15737707462373,2.34205389985301,0.625977235796905,4.79250654567466
210204,-70.3538214152636,-14.7407816427158,4000.99130434783,10.03,405.5,116767.186398825,2,>3500,,17.1280996115542,0.691601074021772,0.162258681922824,0.12935781252526,0.633795611941075,0.127371747065833,1.23226988503327,1.6230210802774
210205,-70.0943278104553,-15.3028206108772,3840.83407407407,8.6,118.5,23733.06664478,0,>3500,,0,-0.47294580726933,-0.538795963043118,-0.540651731498712,-0.668846374907778,-0.764597011205976,0.223677736613638,0
210206,-69.9519749576442,-15.1062721608752,3975.27979274611,9.14,152.9,45092.2127246236,1,>3500,,22.1767781968687,0.778919171986978,0.474592004527486,0.460487986475234,0.675148161313746,0.424268682708178,0.467450322999466,2.13926475348941
210207,-70.3227260735608,-15.0299920457334,3954.2816166884,8.73,67.3,38165.1869547154,0,>3500,,0,-0.624405780468836,-0.708455428014676,-0.711649763202192,-0.883043123163186,-1.00642474678014,0.389882578682896,0
210208,-69.9802933740054,-14.6857412521259,4352.41353046595,7.76,788.7,54954.3894570071,2,>3500,,36.3938171229193,1.48170735350584,1.36425841408944,1.36562047436964,1.2181703096923,1.14107701591418,0.732158457394849,2.73164911201922
210209,-70.0922238975983,-14.416445072841,4330.75630725863,5.51,625.4,28524.9500523013,3,>3500,,105.17108687305,4.2878827504645,4.95894303379281,5.06704581247346,2.68869476209788,2.94285338673229,0.374826454932838,8.00370400893273
210210,-70.0168517594752,-15.269835479548,3841.23690987125,10.28,204.8,72306.8449103045,1,>3500,,13.8299493117212,0.385558153967081,-0.0391525289191487,-0.0640236925532212,0.360220617099325,-0.0647030504968314,0.681670348443741,1.46698474164676
210211,-70.2566929309405,-14.5226052814427,4380.02336289222,10.53,518.2,58596.2179128349,0,>3500,,0,-0.891327810612135,-1.05973371397455,-1.07576508279461,-1.260527878288,-1.52136157001555,0.794465265970622,0
210212,-70.1786490363767,-14.6911452084371,4231.45388349515,11.41,399.4,39272.1822532403,1,>3500,,25.4633163380548,0.741805042992935,0.282063541057405,0.244344055834018,0.64764532570947,0.234228191672968,0.483951359274759,2.06632336253499
210213,-70.1261928191162,-15.0007946922833,3893.00667779633,13.49,105.2,22834.2150573937,0,>3500,,0,-0.472648397954664,-0.656997949415217,-0.67448284707927,-0.668425774621401,-0.953862789927522,0.22339650808911,0
210214,-70.2503423764703,-15.0833983626445,3942.22591270931,7.62,320.5,35895.7951441578,0,>3500,,0,-0.60300300187439,-0.644015588330308,-0.642480811730768,-0.852775023402451,-0.908605077514127,0.363612620269525,0
210215,-70.3837852417684,-14.9223705476873,4026.37800087298,7.08,201.6,23782.0404817665,0,>3500,,0,-0.505381452374455,-0.517970936431151,-0.514939806636142,-0.714717304119767,-0.728234858350612,0.255410412404114,0
210301,-70.4701468146134,-14.0561704770577,4642.25280801797,5.12,1021.6,114163.491556822,1,>3500,,8.75936769595272,-0.606785810523046,-0.247636854256663,-0.205942189996108,-0.663851585325782,-0.212871939930991,1.81819214313172,0.549996876720392
210302,-70.2268935503999,-14.1740276561789,4607.4893660954,3.5,428.5,19987.7931175748,1,>3500,,50.0305358434356,1.23256765986289,2.13331252463225,2.25190346568223,0.976985276040706,1.46952539413285,0.311774270819961,3.20744876531991
210303,-70.2435103474955,-13.5009118781659,1732.03305678545,35.01,2061.8,76686.1580095575,0,1500-2500,,0,-0.282325660809376,-0.818074400578184,-0.873763764894815,-0.399268778522566,-1.23568856662442,0.0797077787514509,0
210304,-69.8974552165273,-13.6431183732728,1747.24676167631,37.99,3140.2,46335.8843106181,1,1500-2500,,21.581545596419,4.27973226668467,0.8363246428405,0.686366392205567,2.0289525792194,0.605723981830185,0.0493418624198407,20.266766412082
210305,-70.7051414811554,-13.923617761195,4764.21347869177,4.45,890.5,38216.7385705087,1,>3500,,26.1665447498884,0.427924236266262,0.955048064221931,1.01638984110208,0.396672368538776,0.840803865716228,0.653949809259268,1.5291693427248
210306,-69.9289765799678,-14.3364009713798,4494.31501643385,3.8,860.4,81280.4629296563,5,>3500,,61.5153976709904,3.50822040020923,5.38722861281,5.64338909184655,2.60321763001925,3.50891375250104,1.18348071121483,4.22482593304587
210307,-70.1160321897254,-13.8296190766613,3483.69997901951,10.99,1265.5,69290.3096004771,1,2500-3500,,14.4320324987134,0.710439585294014,0.140559642149162,0.11095013410966,0.624051812171959,0.108881077365046,0.498431777375751,2.00629262697698
210308,-70.5412812968641,-13.7416051609755,3959.40441906653,2.15,713.4,52836.7501554726,0,>3500,,0,-0.736002927284974,-0.442310866168393,-0.414018494955505,-1.04086532171271,-0.585510570639373,0.54170030897205,0
210309,-70.3948529046306,-13.5240370749584,1753.99657412877,31.3,749.2,66257.8709802402,1,1500-2500,,15.0925465187106,3.47763188547043,0.633984850903027,0.508456612519529,1.85039694978279,0.464254994564053,0.0713133996197707,14.0226101312209
210310,-69.9382994261728,-14.140770970701,4286.24387959866,3.02,660.5,67230.7963255185,0,>3500,,0,-0.926565664553903,-0.630574537611472,-0.600931545213562,-1.31036172924137,-0.84984554129884,0.858523930730217,0
210401,-69.5029175321952,-16.3287030454278,4085.81352689624,13.98,778.3,164318.135245902,1,>3500,,6.08575552846619,-0.617990583804765,-1.34918541549227,-1.41866815561675,-0.677082148705563,-1.68822349814263,1.83777657682726,0.544135784844099
210402,-69.0802815908703,-16.6201479832502,3865.49252988048,10.74,176.2,104807.602452096,1,>3500,,9.54129258378051,-0.00542425917814594,-0.466897856906097,-0.497146254839447,-0.00542916071733808,-0.53607522957475,1.00543899042139,0.994590432166239
210403,-69.3988596763489,-16.6041279512134,4189.63878116344,11.98,632.2,68673.6912870411,6,>3500,,87.3697028301756,5.70516232101879,3.99666293943648,3.86444503019616,3.67160924645995,2.86269104823485,0.823317070569655,7.28759333976713
210404,-69.2480044995929,-16.7215898165935,3938.88170903955,13.26,496.2,50646.9068100359,1,>3500,,19.7445424209371,0.682346177286675,0.0354351804466182,-0.0156093164778996,0.602644559011571,-0.0156498715123791,0.511832629646053,1.95376367601168
210405,-69.4476692555844,-16.9312120717609,4314.54012149787,13.8,963.8,64789.8034269396,0,>3500,,0,-0.917911608116854,-1.24058831210721,-1.27643467940002,-1.29812304525855,-1.80515123509086,0.842561720315668,0
210406,-69.2882169282561,-16.3566584782918,4048.94209499024,20.99,404.3,112336.206720693,2,>3500,,17.8036988997919,0.699910071649513,-0.77302662799579,-0.917552155927389,0.640700497876509,-1.00922467555759,1.22525946921748,1.63230731958948
210407,-69.1779341673924,-16.4945857130295,3945.73655378486,12.1,527.5,140140.939752891,3,>3500,,21.4070207127901,1.32188367483311,0.33955931370941,0.266790501618545,1.14929690405704,0.259863702077102,1.42308412310895,2.10809744222711
210501,-69.6779775072491,-16.2401221258307,4024.0535784122,13.31,896.6,387884.588637933,6,>3500,,15.4685186670323,0.902682460951043,-0.627045076347405,-0.755359675520707,0.846015935212593,-0.79297207895516,4.15908442413743,1.4426252001952
210502,-69.7019790359121,-17.1098205435233,4478.80314371257,10.89,1048.7,8721.7578125,0,>3500,,0,-0.354659123502834,-0.424590463412419,-0.431844992723618,-0.501563742477063,-0.610721045552651,0.125783093883799,0
210503,-69.5086137925448,-16.0958255333403,3826.42531356899,22.49,154.1,85658.3765259065,0,>3500,,0,-0.893840399011097,-1.57643590259631,-1.66031633699195,-1.26408121487847,-2.34804188160363,0.798950658904317,0
210504,-69.855145000944,-16.8357138937129,4495.11810161633,9.91,2712.1,25271.9170574443,1,>3500,,39.569613881169,1.0413533273983,0.7436546972486,0.717618589068068,0.857216589790694,0.629480455736456,0.368152723493458,2.71626402899005
210505,-69.6334775786838,-16.5526474412813,4211.53587236233,17.37,850.6,19019.0370808679,2,>3500,,105.157794871324,3.67731170465666,2.01916643959739,1.88232621839806,2.25629869445292,1.46332501392661,0.231330326298313,8.64564552345329
210601,-69.8090275301149,-15.1831936708587,3924.14986437613,6.72,389.8,151541.736707939,1,>3500,,6.5988421521608,-0.418854921054071,-0.440454137804715,-0.422515152018026,-0.446787498586454,-0.450924142795948,1.51566153460836,0.659777910282847
210602,-69.3932509031652,-15.0081323063496,4479.6957387495,7.27,886.4,31905.0894228387,3,>3500,,94.0288854935006,3.74291181591168,3.75938798552163,3.77688931912719,2.48327127286034,2.49684424637213,0.460381430184264,6.51633581050234
210603,-69.7996121170438,-15.0189278929369,3958.55848434926,12.44,106.9,24831.3557422969,0,>3500,,0,-0.50440950380676,-0.671666599860324,-0.686851861700787,-0.713342761273404,-0.971355218158462,0.254428947530582,0
210604,-69.6445944401788,-15.0008620989401,4207.14749262537,12.93,298.7,20520.4876311844,2,>3500,,97.4635708442258,3.51017214280136,2.36568828282846,2.27445190773655,2.19854058278943,1.67488364485114,0.248873301243951,8.03621758542736
210605,-69.9896766439045,-15.4409162722572,3905.70840707965,8.07,198.8,40349.6629494328,0,>3500,,0,-0.631136425067439,-0.69422698749662,-0.694510352722017,-0.892561692038043,-0.982185960027999,0.398333187046907,0
210606,-69.4874141109406,-15.2095137885838,4107.36027515047,8.89,307.6,31886.5063840039,3,>3500,,94.0836842980383,4.38560330826344,3.74324937730925,3.7136750918652,2.72294239354542,2.47150529845439,0.361857650868326,8.29055290886097
210607,-69.9275335285304,-15.3080929912733,3831.11577551922,8.79,198.2,107768.246699912,1,>3500,,9.27917109744365,-0.00855135416076949,-0.291988610523717,-0.301113464532927,-0.00856353303099446,-0.315766935534828,1.00858799515483,0.991485130503154
210608,-69.6094903023986,-15.1380090792581,4039.75730994152,7.54,512,59309.2117523884,8,>3500,,134.886297821651,9.17614800910255,8.628861990406,8.6563620358578,5.06227131374331,4.9177467612076,0.642835828755784,12.4448570570251
210701,-70.4109007939875,-15.355953766034,4082.47765141497,12.82,664.1,93767.0980824707,2,>3500,,21.3294432791441,0.932293351990606,0.100205383114149,0.031751094527365,0.827080845801615,0.0316320664170722,1.04634688719921,1.91141200348333
210702,-70.3900842020786,-15.5693726149429,4160.6082123412,13.89,386.8,47675.1723035504,2,>3500,,41.9505563035177,1.92222836931778,0.915070765790665,0.830905012566275,1.48607096626117,0.747353781707326,0.560672518900142,3.56714469245497
210703,-70.2364728081475,-15.3110597781656,3950.10292249047,9.9,138.7,14131.3041978148,0,>3500,,0,-0.379392508317018,-0.455888174859657,-0.460850197716333,-0.536542030724674,-0.65174059983276,0.143938675367078,0
210704,-70.2912202256926,-15.2183540701766,3888.30104712042,12.8,133.9,18946.25499796,0,>3500,,0,-0.429813227645532,-0.583671608274659,-0.597614227932828,-0.607847695823666,-0.845154146209732,0.18473941065907,0
210705,-70.8500997595218,-15.1828912610201,4645.87291335453,13.24,883.4,18643.1834442596,0,>3500,,0,-0.545487619544236,-0.703819778205976,-0.723205460414298,-0.771435989666073,-1.02276697050018,0.297556743076037,0
210706,-70.609390973556,-15.2993199167708,4565.05239943543,9.05,497.2,13404.7149171271,0,>3500,,0,-0.451444230497238,-0.493452023175444,-0.497323170263449,-0.63843855342428,-0.703321172268953,0.203801893249243,0
210707,-70.7047553104561,-15.4675467597192,4697.06407108617,10.31,750.7,19504.2456864216,1,>3500,,51.2708881992897,1.19884844900043,0.888784977869538,0.856748734905883,0.956609130624445,0.731382415125722,0.320888289174921,3.11634931449582
210708,-70.4505299902099,-15.0794491042842,4093.87774816789,8.91,528,42720.3678474115,2,>3500,,46.8160762834159,2.19239993610764,1.76911701915539,1.74949813382676,1.63274763526572,1.38549055177859,0.480410849449469,4.16310331519765
210709,-70.7846245995537,-15.6014356741168,4490.89797935427,11.11,1595.3,58875.0386053967,5,>3500,,84.9256343339651,4.48107365002752,3.36312951718561,3.26307175977634,3.0604917686217,2.47362961495158,0.855444384364115,5.84491533452136
210710,-70.6503465381085,-15.1749604377339,4595.52091254753,6.52,161.8,8928.83416252073,1,>3500,,111.996704362318,2.31737997000072,2.51206416531786,2.53989858726667,1.49451463291529,1.57481592325355,0.138274812114382,7.23197511324615
210801,-70.6057446787644,-14.9315001266785,4184.85757340911,9.74,1021.7,207246.27135522,4,>3500,,19.3007091217771,0.96785903248811,0.340112782436913,0.297546145292392,0.887816301223834,0.290087052431279,2.47679826739136,1.61498820984436
210802,-70.3841349551779,-14.3546013110072,4466.48011249498,8.31,658.4,46184.0113815444,1,>3500,,21.6525150173424,0.416973974480494,0.298171573808187,0.291525536711981,0.387310261385671,0.277093031284125,0.660993799248953,1.51287349614511
210803,-70.894267026967,-14.8900958813326,4246.43972491909,8.47,217.5,15998.6251808973,0,>3500,,0,-0.446195167363079,-0.48625224180494,-0.488064640497718,-0.6310152571502,-0.690227633906622,0.199090127378166,0
210804,-70.927077780622,-14.9874625895499,4259.45691306013,13.03,229.7,19678.1058282209,1,>3500,,50.8178992800148,1.51531093533801,0.863261894152748,0.808080215069046,1.13620654614832,0.696444861701324,0.246962046762474,4.04920518399247
210805,-70.9322031842505,-14.7114159188936,4271.3455537232,11.56,694.1,57560.2521134442,2,>3500,,34.7461994443361,1.49084656189446,0.80405591792961,0.74699858662164,1.22411952512696,0.679515548544583,0.727981981659388,2.74732074472658
210806,-70.6706362623173,-14.3567487345825,4506.78389272459,7.7,2210.9,65867.945460902,11,>3500,,167.000806280339,10.206210453765,9.95804779565986,9.96355843639196,5.78250208529633,5.71245194949896,0.966451510287005,11.381843665114
210807,-70.487635652189,-14.6862704547532,4046.40211873759,12.11,399.3,59584.7816431322,3,>3500,,50.3484265154772,2.91911315867902,1.80376448049247,1.72124467524653,2.11785091995218,1.43026854482757,0.648767697611816,4.62415131185373
210808,-70.8120605183029,-14.5743260330657,4342.37154064066,8.44,807.2,50375.213639201,1,>3500,,19.8510324375442,0.407934017388952,0.253788851591234,0.246179896311857,0.379550164400671,0.235910487268074,0.666871983749267,1.49953817879382
210809,-70.7489731091448,-14.8785551263178,4027.75330163761,10.99,333.1,30868.0368663595,0,>3500,,0,-0.576042523933996,-0.720484104808529,-0.732318763085857,-0.814647149851085,-1.03565512673631,0.331824989380248,0
210901,-69.4476378211932,-15.3508096389163,4026.34635326651,6.13,508.7,87072.3510675843,6,>3500,,68.908211693318,5.23769623326633,5.5338831679711,5.63140173173702,3.48948174224685,3.64378527628809,0.935104841191561,6.41639283179678
210902,-69.4158868806942,-15.4538447049922,4043.66256157635,13.67,71.1,26120.068409851,0,>3500,,0,-0.532791096120509,-0.734572711218068,-0.754925620629126,-0.753480394045252,-1.06762605127664,0.283866352105294,0
210903,-69.2956339451512,-15.2760869317346,4268.22371558639,5.51,406.5,19796.0898226677,1,>3500,,50.515026399554,1.50069569888982,1.78749428496899,1.83577904648119,1.12846070761241,1.29412153808162,0.249860910543929,4.00222667012248
210904,-69.3420775401867,-15.49167642414,3964.88305084746,6.85,52.3,20167.564282923,0,>3500,,0,-0.455585022756102,-0.462648863679826,-0.459102791244861,-0.644294517995734,-0.649269393901826,0.207557712959678,0
211001,-69.8344790192144,-14.7090521242293,4361.60532319392,7.71,1043.1,110435.536716086,1,>3500,,9.05505627749935,-0.394525222969181,-0.462797280683357,-0.461283659986652,-0.419386886269034,-0.494967254147966,1.47995303300072,0.675697118558163
211002,-69.5050116406865,-14.692514780106,4748.8457697894,6.48,972.3,91666.1331519499,3,>3500,,32.7274632063629,1.1592684079848,1.44479326678297,1.47714892086682,1.02644355948327,1.26197007701286,1.55458799928114,1.92977174749016
211003,-69.9142602789791,-15.0183813420094,4116.05405405405,14.12,143.6,15269.8986245543,1,>3500,,65.4883195093374,1.97772219567101,1.14306889114809,1.07639971500928,1.3573909722339,0.879949100048772,0.174304686503458,5.73708039674631
211004,-69.6392981258261,-14.8469583140989,4385.1985257162,10.08,527.7,44358.1969971056,2,>3500,,45.087495331032,1.79794062428268,1.30477934462649,1.26493446200462,1.41425940421984,1.0718723547982,0.603391114750924,3.31459968684754
211005,-69.2400249223871,-14.5114249473273,3934.00338028169,3.7,471,14794.5996696035,0,>3500,,0,-0.386006089119144,-0.297390030690465,-0.286068452155572,-0.545895046390892,-0.404561884805489,0.149000700837057,0
211101,-70.2154631796683,-15.4598918737731,3889.47337016575,12.29,396.5,2012762.52603555,5,>3500,,2.4841479982481,-3.30378765288787,-5.06157950326722,-5.20839640911307,-3.94994234761404,-6.55896747069235,19.6422459822482,0.254553374625222
211102,-70.2798155907762,-15.6428749753678,3880.04210049796,10.56,193.9,43834.7745750185,0,>3500,,0,-0.651852403292379,-0.811937072156873,-0.82329409655102,-0.921858509401579,-1.16431367716416,0.42491155567805,0
211103,-70.6223980558195,-15.8533701640561,4314.66737681259,12.39,1274.3,35349.4594007816,2,>3500,,56.5779515133343,2.27162734190637,1.41902455814713,1.3464419009209,1.67345099916799,1.12806453174943,0.459741065935849,4.35027485728037
211104,-70.0878838179418,-15.5574606349632,3836.94269521411,12.81,279.1,59672.1872796311,0,>3500,,0,-0.7488779979361,-1.02237348497318,-1.04669140687177,-1.05907342124404,-1.48024518321743,0.560818255792781,0
211105,-70.1264214503674,-15.4062247553873,3849.36502177068,11.61,121.6,586227.551792294,1,>3500,,1.70582224759424,-1.93363942155651,-2.74958200006072,-2.8132483996584,-2.38480338242692,-3.61353088858417,5.55907538279187,0.179886029805515
211201,-69.4369437138009,-14.2919137047644,3121.32055137845,3.96,706.5,90907.0055700609,0,2500-3500,,0,-0.69460357049211,-0.601667478648248,-0.579342916925654,-0.982317789862717,-0.819314610381049,0.482474120140387,0
211202,-69.5576639323244,-14.523808708505,4415.02711050103,2.41,515.6,44902.0512775018,0,>3500,,0,-0.788897835401491,-0.479374423385895,-0.451814229870003,-1.11567001815157,-0.638961811555313,0.622359794701158,0
211203,-69.6073117087167,-13.7782191506041,1672.87781740633,28.81,2410.4,25658.4582705634,0,1500-2500,,0,-0.155638589587672,-0.418248417160722,-0.442193247264086,-0.220106204223506,-0.625355687470669,0.0242233705688398,0
211204,-69.63122102149,-14.3100914963108,3894.1707362535,1.08,475.2,33399.015108593,0,>3500,,0,-0.571862604474915,-0.253121698925763,-0.228811606043225,-0.808735851062426,-0.323588476494699,0.327026838396833,0
211205,-69.585025216318,-14.0678468822534,2815.48862251117,10.36,435.7,49302.8190067646,1,2500-3500,,20.2828158743376,1.81134723538685,1.00265037571126,0.981276022001051,1.28284093398538,0.817403250765673,0.196684114606462,5.08429469253714
211206,-69.3561716161279,-14.467242124333,3854.36230344241,4.95,416.5,18374.0069204152,0,>3500,,0,-0.418167237290277,-0.370408267813481,-0.361494032848968,-0.591377778315998,-0.511229763971956,0.174863838342983,0
211207,-69.1004574978549,-14.1939701163748,1767.89496527778,7.94,203.6,25679.9960485464,0,1500-2500,,0,-0.168077220910957,-0.246728367977475,-0.244591863991032,-0.237697085338255,-0.345905131302232,0.0282499521891508,0
211208,-69.1270596436087,-14.3311340587268,2198.77264701888,10.52,652.2,16734.2046403712,0,1500-2500,,0,-0.183496596781044,-0.282063446787102,-0.28426128619611,-0.259503375817059,-0.402006166196159,0.0336710010302249,0
211209,-69.334448545968,-14.0319700269098,1844.60858324716,9.8,1372.1,59342.0224823733,0,1500-2500,,0,-0.270973879848963,-0.430697233600128,-0.431711880558964,-0.383214935931261,-0.610532796524081,0.0734268435604004,0
211210,-69.1480480678999,-13.5483316025152,679.807841577859,27.33,5589.3,81007.1401125558,0,500-1500,,0,-0.0795141629724632,-0.292009446041161,-0.305022593098186,-0.112450007676402,-0.431367087989665,0.00632250211321144,0
211301,-69.0901890822296,-16.2828023648022,3989.38457711443,10.19,176.3,198578.2967924,2,>3500,,10.0715940881035,-0.0546904273154493,-0.605286307432413,-0.641153591130961,-0.0550417570985509,-0.687217903518603,2.07885392280089,0.96206856001953
211302,-68.8788271470424,-16.3253831646318,3818.00284697509,11.85,121.5,13909.851147174,0,>3500,,0,-0.359096902274994,-0.474112594622968,-0.483463059300715,-0.507839709403462,-0.683720015369459,0.128950585223496,0
211303,-69.0730619585279,-16.3713337975685,4078.7361516035,11.9,59.8,39567.289669007,0,>3500,,0,-0.663635445970293,-0.856478552372451,-0.874158885543289,-0.938522248162706,-1.23624735160427,0.44041200514819,0
211304,-69.1805691020571,-16.2930847120247,4063.42164179105,18.68,23.9,10764.2642752562,0,>3500,,0,-0.344343782729697,-0.545925226420375,-0.569978249704344,-0.486975647655192,-0.806070970989562,0.118572640704597,0
211305,-68.9969548968437,-16.2359253782424,3875.22258064516,12.63,27.4,20399.1405904059,0,>3500,,0,-0.443913815689056,-0.599932503062753,-0.613828213156419,-0.627788938672254,-0.868084184013051,0.197059475759617,0
211306,-68.9715155403903,-16.1979688786862,3913.62222222222,13.85,4.1,6947.74482006543,0,>3500,,0,-0.262628603125845,-0.368718313070023,-0.379054766104323,-0.371412932407671,-0.536064391106895,0.0689737831798327,0
211307,-68.9654280226614,-16.2246150833853,3858.48387096774,10.97,8.1,6726.04458598726,0,>3500,,0,-0.253378876145043,-0.321768551217512,-0.326877142440557,-0.358331843063173,-0.462274088069197,0.0642008548765251,0
220101,-77.1700228507908,-5.76833828019753,1127.14827805057,7.25,2699.1,684931.239049066,0,500-1500,,0,-0.465546800452522,-0.775826985597523,-0.761999333597614,-0.658382599119357,-1.07762979209301,0.21673382341158,0
220102,-77.0957557299297,-6.0145391821002,837.815217391304,7.5,115.9,38351.2213998731,0,500-1500,,0,-0.073063880572327,-0.138126805846781,-0.135476115214677,-0.103327930824993,-0.191592159514216,0.00533833064428726,0
220103,-77.1000938277512,-6.08890185303073,837.033854166667,8.5,68.8,13357,0,500-1500,,0,-0.0430632400565491,-0.0861918959846087,-0.0850719073666064,-0.0609006181277001,-0.120309845174802,0.00185444264416798,0
220104,-76.9218088248081,-6.17353395955844,1211.86966658895,4.6,386.2,126598.355026291,0,500-1500,,0,-0.221268965163306,-0.292033892813347,-0.280540460734082,-0.312921571466207,-0.396744124364536,0.0489599549444402,0
220105,-77.0541453750177,-6.27273475082823,1455.12490350471,8.03,583.7,182701.027236676,1,500-1500,,5.47342297481761,2.57810182030477,1.2973000535626,1.32159873080053,1.58792767142114,1.02931916438542,0.117241994611531,8.52936700124722
220106,-77.066375431417,-5.96378296786268,830.127272727273,4.97,69.7,23351.1242685026,0,500-1500,,0,-0.0562892439182361,-0.0886159596576017,-0.0851235072948423,-0.0796050121648967,-0.120382818493131,0.00316847898088667,0
220201,-76.6006137287481,-6.99101825767612,402.896013864818,8.75,259.4,149552.900515238,1,lowland (<500 m),,6.68659716096988,19.0415046580128,7.02629616396818,7.16833036011049,3.13096738263037,2.44782206801131,0.00274291113541091,364.576156729989
220202,-76.2742389908782,-7.82197504189562,990.516300421433,18.9,5956.6,77224.4926971762,0,500-1500,,0,-0.130718926326614,-0.352912762336337,-0.363278587769481,-0.184864478469948,-0.513753505743345,0.0170874376999829,0
220203,-76.3413915868062,-7.18416470883277,546.506287545054,10.47,1122.1,120727.807275437,0,500-1500,,0,-0.0717595109498383,-0.185093503034464,-0.183796476965926,-0.101483273614522,-0.259927470441606,0.00514942741175996,0
220204,-76.5686894482314,-7.29428942229314,458.62090813094,18.57,256.3,21887,0,lowland (<500 m),,0,-0.023970455321559,-0.085584362256189,-0.0873142832351676,-0.033899343012007,-0.12348104354006,0.000574582728322855,0
220205,-76.586524204306,-6.83887159098545,415.082516761217,8.06,348,69109.0018458699,0,lowland (<500 m),,0,-0.0371012870882359,-0.0941928185493163,-0.0920427844636756,-0.052469143381681,-0.130168154107114,0.0013765055036037,0
220206,-76.4956701986586,-7.02649261142782,241.377628259041,5.63,107.2,50139.6804638428,0,lowland (<500 m),,0,-0.0149219860306993,-0.0394224485610641,-0.0376185204142159,-0.0211028750221568,-0.0532006217661933,0.000222665667100386,0
220301,-76.7202338999542,-6.61165120264779,698.76086322543,8.62,308.5,136490.393903025,0,500-1500,,0,-0.10721714064393,-0.231025627553896,-0.227754473494456,-0.15162793441751,-0.322093465307003,0.0114955152478603,0
220302,-76.7056671172347,-6.72417301279506,544.640469208211,11.44,152.7,18863.0269473684,0,500-1500,,0,-0.0282309608026017,-0.075897862697367,-0.0757005592865791,-0.0399246076458626,-0.107056757622309,0.000796987147838034,0
220303,-76.8373524409757,-6.42328079811242,1266.48791436464,7.86,520.7,105272.853647059,0,500-1500,,0,-0.214469147035329,-0.354948936928325,-0.350471563878674,-0.303305176447952,-0.495641638863329,0.0459970150300615,0
220304,-76.5992141859005,-6.70534087677655,589.406148282098,8,249.2,58627.5742519137,0,500-1500,,0,-0.0555206571239379,-0.123241464810657,-0.120825136746535,-0.0785180662965393,-0.170872547062533,0.00308254336747387,0
220305,-76.6990607845675,-6.52384533709536,669.312046444122,8.95,62,25883.1352885525,0,500-1500,,0,-0.0439883531974046,-0.0979736590419094,-0.0967258992131285,-0.0622089256782275,-0.136791078499939,0.00193497521701962,0
220401,-76.8737623185184,-6.8888406300342,820.666154109004,18.53,525.5,118954.528556736,0,500-1500,,0,-0.12504645383085,-0.35893121453111,-0.368380723139658,-0.176842390934249,-0.520969014780912,0.0156366156156709,0
220402,-76.9631625137611,-6.60183882058845,1396.96595216312,10.96,1378.7,43434.9423303256,0,500-1500,,0,-0.157786879078724,-0.292687692783961,-0.294179639503235,-0.223144344357655,-0.416032835959503,0.0248966992094038,0
220403,-76.705811568262,-6.99155504997883,499.125269978402,12.93,124.7,15672.42174549,0,lowland (<500 m),,0,-0.0228048610308653,-0.0669542393086464,-0.0671321994948878,-0.0322509437578834,-0.0949392669976065,0.00052006168663708,0
220404,-76.8341674441283,-7.01413654953265,626.247747747748,20.79,179.8,37946.5722017753,0,500-1500,,0,-0.0485777335272173,-0.162504962257969,-0.167279716201641,-0.0686992895835369,-0.236569243362283,0.00235979619464133,0
220405,-76.7628060202863,-7.08954707030655,520.052807115064,15.36,161.7,18877.2375257732,0,500-1500,,0,-0.0264922773513387,-0.0828139755657371,-0.0837938009127955,-0.0374657379284127,-0.118502329693666,0.000701840759260251,0
220406,-76.6565086147214,-7.06444510633236,351.30608365019,7.77,46.9,6600.04395604396,0,lowland (<500 m),,0,-0.00910151193619533,-0.0241869110196261,-0.0235501134215399,-0.012871481618268,-0.0333048897961664,8.2837519524706e-05,0
220501,-76.5260429430998,-6.39905770040424,664.681502086231,8.43,129.4,123962.194727891,0,500-1500,,0,-0.0953455756772531,-0.20721326185094,-0.203943328795314,-0.134839006235042,-0.288419421537848,0.0090907788012268,0
220502,-76.7729493863109,-6.3113062094251,1238.84381646916,5.39,296.3,115426.000619323,0,500-1500,,0,-0.217817047982767,-0.306356469732788,-0.296727504439352,-0.3080398233733,-0.419636061107255,0.047444266391927,0
220503,-76.0487054455743,-6.30625542472661,296.213561632166,28.98,1057,59975.9142857143,0,lowland (<500 m),,0,-0.0216664677784693,-0.111424446557742,-0.115724877820572,-0.030641012581031,-0.163659691717822,0.000469435825995449,0
220504,-76.3342621485254,-6.19531371558875,374.80049522462,34.15,1271.4,88583.3157504403,1,lowland (<500 m),,11.2888075088229,27.3836048581926,5.21907420677359,4.95349245730173,3.35376827328756,2.15167702331632,0.0013300339889598,751.860484995638
220505,-76.4683643421223,-6.61564966540974,614.920792079208,7.88,182,24307.3177687245,0,500-1500,,0,-0.0379094221252197,-0.0822627705046303,-0.0806242007482509,-0.0536120189112124,-0.114019838153667,0.0014371242858681,0
220506,-76.7129632308922,-6.15773993515838,1115.58930292323,8.53,559.8,72632.00273045,0,500-1500,,0,-0.149453927611331,-0.269140486188209,-0.266489554829853,-0.211359771377872,-0.376873142671147,0.0223364764784531,0
220507,-76.4725714211944,-6.44375515007901,520.342318059299,9.54,33.2,30695.2620134228,0,500-1500,,0,-0.033808064085152,-0.0851490207262943,-0.084113781644852,-0.0478118227468006,-0.118954850784639,0.00114298519718574,0
220508,-76.5385875348298,-6.20372875707591,982.042967670627,20.02,652.1,13749.2594117647,0,500-1500,,0,-0.0545049642470439,-0.151526389512126,-0.156416162243011,-0.0770816596548302,-0.221205858018416,0.00297079112757154,0
220509,-76.5778509040305,-6.40813257866686,496.802973977695,6,24.3,15024.6602139582,0,lowland (<500 m),,0,-0.0221849392199386,-0.0460741317318302,-0.0444411831952947,-0.03137424192526,-0.0628493240026931,0.000492171528192372,0
220510,-76.6552517217477,-6.38863350311769,900.483582089552,3.56,362,116928.552908587,0,500-1500,,0,-0.140973063171501,-0.185082014191849,-0.174972173686811,-0.199366017866415,-0.247448021065789,0.0198734045399559,0
220511,-76.5306850731567,-6.55011785026405,709.55195473251,5.28,174.4,46920.2480566592,0,500-1500,,0,-0.0642104715208346,-0.110166421713198,-0.105973775923389,-0.0908073196711357,-0.149869551166743,0.00412298465292791,0
220601,-76.7680207228133,-7.24479363197157,492.601166532583,18.76,447.7,273907.390535373,0,lowland (<500 m),,0,-0.09361639737337,-0.326951749939459,-0.333981065282106,-0.132393578825929,-0.472320552097768,0.00876402985716872,0
220602,-76.809121550075,-7.65205552672926,1016.09753196551,25.72,1810.1,140221.052216263,0,500-1500,,0,-0.182471713048355,-0.561084201603927,-0.586758239152086,-0.258053971342435,-0.829801459643036,0.0332959260628011,0
220603,-77.3216957362659,-7.2589781503125,2290.51367500876,12.17,9749.8,76125.6818830243,0,1500-2500,,0,-0.414155725420573,-0.669774299812528,-0.680257822783721,-0.585704643824242,-0.962029838891131,0.171524964898641,0
220604,-77.0433636709823,-6.96922715793925,1055.84125480026,24.07,1801.3,54657.3865829377,0,500-1500,,0,-0.120137375869743,-0.353378591332637,-0.36846357175203,-0.169899906302904,-0.521086180412153,0.0144329890808679,0
220605,-76.635483981981,-7.31515303425495,413.030021726249,9.87,454.3,46724.8020815265,0,lowland (<500 m),,0,-0.0302981092338757,-0.0844731883937159,-0.0833876922826199,-0.0428479969928085,-0.117928005361075,0.000917975423147865,0
220701,-76.3315769950375,-6.9644982021151,322.313611915598,14.18,217.2,91963.9460670131,1,lowland (<500 m),,10.8738265675476,33.1309355162109,9.09162451998571,9.06622026511227,3.46515911777191,2.6248387197079,0.000909373659149998,1099.65797880567
220702,-76.3970302058353,-6.73971622378542,510.110147441457,6.36,311.2,24181.0082372323,0,500-1500,,0,-0.0291932937255931,-0.0616401526445565,-0.0596468336968288,-0.0412855519170751,-0.0843533611666678,0.000852248398548751,0
220703,-76.4220127837696,-6.92050532713626,345.378698224852,5.4,76,17513.3367205543,0,lowland (<500 m),,0,-0.0144808941743975,-0.0328403980545073,-0.0313892106588592,-0.0204790769367225,-0.0443910474259448,0.0002096962960901,0
220704,-76.2689700968126,-6.78342166993405,399.381201044386,5.83,68.3,7032,0,lowland (<500 m),,0,-0.0112196838435693,-0.0249526356235899,-0.0239786537096294,-0.0158670290571141,-0.0339109372836058,0.000125881305549651,0
220705,-76.3630488940905,-6.84023747373816,378.559201773836,4.86,202.9,24172.1200132979,0,lowland (<500 m),,0,-0.0193157373666272,-0.0403565718507927,-0.0384058086946381,-0.027316577751121,-0.0543140155298637,0.000373097710016519,0
220706,-76.4288545797957,-6.97850849917413,310.341176470588,10.29,30.1,9603.01325600663,0,lowland (<500 m),,0,-0.00924722475060077,-0.0292325433266273,-0.0288312741840627,-0.0130775506566118,-0.0407735789715987,8.55111655881234e-05,0
220707,-76.4868465075733,-6.93949011014539,315.282006920415,5.68,104,30284.2989397466,0,lowland (<500 m),,0,-0.0167846206520409,-0.0402955941492461,-0.0385764204825111,-0.0237370381654037,-0.0545552970341744,0.000281723490432917,0
220708,-76.0945583568705,-7.05175924948399,796.706797894255,6.25,392.3,83803.4870732189,0,500-1500,,0,-0.100739644545031,-0.178669769438542,-0.17354707215036,-0.142467371584228,-0.245432623145181,0.0101484759830593,0
220709,-76.2121165580682,-6.97033701319198,463.083511777302,5.92,335.2,30974.0010264306,0,lowland (<500 m),,0,-0.0289003371160027,-0.061243070282956,-0.0589892021229026,-0.0408712487066055,-0.0834233296757766,0.000835229485418602,0
220710,-76.1286227294869,-6.81742852048945,818.509479824988,7.97,370.4,32997.0348330914,0,500-1500,,0,-0.0656200419890061,-0.12863353438401,-0.126521207895146,-0.0928007533443444,-0.178928008133141,0.00430598991063893,0
220801,-77.2098959957018,-6.0786846718757,988.787721573714,11.58,209.1,213542.44850511,0,500-1500,,0,-0.216846825644868,-0.469193542955803,-0.471189291310553,-0.306667721784526,-0.666362286216351,0.0470225457922558,0
220802,-77.4364918364222,-5.85917578493855,1536.33754448399,7.74,506.9,63629.38170347,0,1500-2500,,0,-0.217844972786016,-0.333120086750665,-0.329327509056799,-0.308079315008782,-0.465739429770673,0.0474564321681402,0
220803,-77.2972950225994,-6.04638555046901,1388.27633668608,14.37,169.5,169963.823986195,0,500-1500,,0,-0.309441488370858,-0.65048532298923,-0.662743966356481,-0.437616349614983,-0.937261505602274,0.0957540347251716,0
220804,-77.3722431329616,-5.94435091092495,1455.23348611486,10.96,334.3,375743.819305961,0,500-1500,,0,-0.491090895983172,-0.897158991284192,-0.902117481435194,-0.694507405457356,-1.27578677709951,0.241170268117554,0
220805,-77.634164461419,-5.74868128301441,1937.10607700634,6.46,1167,137130.048878298,0,1500-2500,,0,-0.440783251562654,-0.569528418591701,-0.55929223415963,-0.623361652426816,-0.790958662878498,0.194289874858145,0
220806,-77.1721680453408,-5.98281981617252,818.003430531732,9.13,52.6,16820.2102412605,0,500-1500,,0,-0.0468104680328324,-0.0976120814155606,-0.0966682072707634,-0.0661999987530638,-0.136709489772607,0.00219121991745283,0
220807,-77.2748917326942,-5.85896597407128,823.03259452412,5.4,69.2,29383.0043313481,0,500-1500,,0,-0.0623964545717431,-0.102322049302755,-0.0986924268768508,-0.0882419122993558,-0.139572168592757,0.0038933175431236,0
220808,-77.1617171652599,-6.17529769719395,1123.01538461538,12.76,81.8,20513.5231180741,0,500-1500,,0,-0.0801589009158614,-0.172825427755245,-0.174643575895421,-0.113361804820132,-0.246983313612639,0.00642544939603889,0
220809,-77.2327675950699,-5.93538670100026,818.702312138728,16.86,62.1,30195.2675725111,0,500-1500,,0,-0.0627928352197144,-0.172842450607047,-0.176546138084291,-0.088802479187579,-0.249673942863398,0.0039429401549302,0
220901,-76.3696422644905,-6.49420427269439,425.67786259542,10.59,58.5,665019.020174355,0,lowland (<500 m),,0,-0.119176521752658,-0.339203687327011,-0.336141022671639,-0.168541053379061,-0.475375193132194,0.0142030433370618,0
220902,-76.2601218562106,-6.68366536930236,557.986038394415,7.49,51.8,7337.08901098901,0,500-1500,,0,-0.0182068261117976,-0.0400363981730133,-0.0390989492418802,-0.0257483404150728,-0.0552942642924043,0.000331488517065235,0
220903,-76.4384109703681,-6.46781118314378,375.334476843911,3.5,52.4,30324.51453958,0,lowland (<500 m),,0,-0.0213800230690311,-0.0386180942193129,-0.036145172740893,-0.0302359185880734,-0.0511169935044892,0.000457105386432302,0
220904,-75.9894917929074,-6.61796233420133,576.300727032386,18.52,951.8,84892.3553060833,0,500-1500,,0,-0.0647620825317378,-0.212066623262234,-0.216840913240577,-0.0915874154439094,-0.306659360382192,0.00419412733384762,0
220905,-75.6668532201909,-6.43403432940143,186.129515418502,22.39,306.1,19323.0575296108,0,lowland (<500 m),,0,-0.00646436728046389,-0.0351790804174651,-0.0358901233100927,-0.00914199588019292,-0.0507562991403759,4.17880443367321e-05,0
220906,-75.8647588320538,-6.2449896216733,189.184089656439,22.97,489.3,20468.8416865553,0,lowland (<500 m),,0,-0.0068048717623589,-0.03723679202162,-0.03804489024527,-0.00962354193653766,-0.0538035997638567,4.63062797021495e-05,0
220907,-75.7136266506818,-6.63861364169609,408.856010082445,21.46,1713,44484.1816011752,0,lowland (<500 m),,0,-0.0291500087260101,-0.115997495045012,-0.119064834163767,-0.0412243376836176,-0.168383103276102,0.000849723008726466,0
220908,-76.3506788477894,-6.62125661932063,344.956908665105,7.69,192.1,33291.7743123772,0,lowland (<500 m),,0,-0.0199317219695645,-0.0530801557728537,-0.0516458559453558,-0.0281877115308079,-0.0730382699182893,0.00039727354067202,0
220909,-76.2722697669049,-6.47725821959809,678.466823846413,12.1,266.6,397587.31177537,0,500-1500,,0,-0.175675863959169,-0.446302109888729,-0.447428413221209,-0.248443189392668,-0.632759330168508,0.0308620091778006,0
220910,-76.4169943992787,-6.50804675119447,320.373214285714,6.96,50.7,349007.432040244,0,lowland (<500 m),,0,-0.0582572264818103,-0.152438769660275,-0.14746202665932,-0.0823881597968171,-0.208542798036633,0.00339390443735294,0
220911,-75.6382055594165,-6.24279279675104,182.333787837469,20.16,990,16182.6266924565,0,lowland (<500 m),,0,-0.00574945807696496,-0.0300661817614307,-0.030505570154529,-0.00813096158873938,-0.0431413910404588,3.30562681787776e-05,0
220912,-76.382087943752,-6.39933859427924,751.209677419355,25.06,78.3,13905.3943990665,0,500-1500,,0,-0.0378279624956009,-0.128678203220627,-0.133966391523982,-0.0534968175982195,-0.1894570877954,0.00143095474656859,0
220913,-76.204616656975,-6.7027581207015,777.517426273459,5.45,100.8,54207.4384397163,0,500-1500,,0,-0.0783326213890901,-0.131762119383061,-0.12707162382923,-0.110779055544688,-0.179706413812069,0.00613599957368654,0
220914,-76.2132706578717,-6.5882947099211,599.962207105064,11.5,237.7,16331.5094527363,0,500-1500,,0,-0.0300322381604822,-0.0780610841259575,-0.0779574882057442,-0.0424719985149727,-0.110248537109104,0.000901935328927922,0
221001,-76.5522940665808,-8.27341931764811,969.370515445562,32.28,1006.5,243964.58179651,0,500-1500,,0,-0.225502894895248,-0.782220281112441,-0.827024377695019,-0.318909252315255,-1.16958909134946,0.0508515556061373,0
221002,-76.2125402461103,-8.52561265687375,904.384723879787,31.32,824.6,100551.693652328,0,500-1500,,0,-0.13151316034362,-0.461802462644572,-0.487157831511792,-0.185987694988495,-0.688945212340243,0.0172957113435668,0
221003,-76.7989893576834,-8.01563715326948,1378.38521277439,24.67,2263.5,88816.4431982634,0,500-1500,,0,-0.221487230612714,-0.596391465221947,-0.624359793213988,-0.313230245424958,-0.882978087363683,0.0490565933244896,0
221004,-76.8766857412205,-8.42326296019031,2926.15025775374,6.14,1060.4,11054.3254612546,0,2500-3500,,0,-0.221508228771629,-0.239770475057827,-0.235874006267464,-0.31325994130608,-0.333576218674724,0.0490658954135443,0
221005,-76.3978058699121,-8.37739088176871,991.354132539092,31.04,603.5,143203.148823083,0,500-1500,,0,-0.17821550434441,-0.602250277208547,-0.635639387093962,-0.252034783269027,-0.898929842006803,0.0317607659887326,0
221006,-76.4321809100561,-8.299111431505,595.482678214524,33.64,268.3,24807,0,500-1500,,0,-0.0366316525373913,-0.155298398591188,-0.163699360127178,-0.0518049798305176,-0.231505855243652,0.00134187796762017,0
230101,-70.1686620206804,-18.1130437316965,1223.37526508144,0.42,1919.7,834906.412809697,1,500-1500,,1.1977390335699,1.16126532990789,3.65146398950766,4.37049752648835,0.933529303869114,2.04674190873135,0.331444957884371,3.01709220856171
230102,-70.2788584035987,-17.8333279262645,1249.1451351976,0,376.1,279202.06254424,0,500-1500,,0,-0.342670968282076,-0.0277842497311802,-0.127624170403515,-0.484609930776033,-0.180487832671266,0.117423392503376,0
230103,-70.1462200021315,-17.9542178226896,1047.33385826772,1.93,110.6,27438.7672131148,0,500-1500,,0,-0.0841729878962322,-0.0791426041778409,-0.0726611187662759,-0.119038581068318,-0.10275833961647,0.00708509189137926,0
230104,-70.1903152396604,-17.8578198212542,1485.27277131783,1.08,179.5,259644.085144433,0,500-1500,,0,-0.419940421340552,-0.266390631363577,-0.238391778826093,-0.593885439248481,-0.337136886774107,0.176349957475681,0
230105,-70.4235292573944,-17.6811543546826,1409.68599121064,0.56,1441.6,21019.6613889889,0,500-1500,,0,-0.111150903669062,-0.0533892277522876,-0.0461971452385925,-0.157191115438813,-0.0653326293393372,0.0123545233864492,0
230106,-70.0235431872151,-17.784748482457,2575.58093220339,0.55,615.1,18170.4837849844,0,2500-3500,,0,-0.238009462173658,-0.0905439622610236,-0.0787704187010593,-0.336596209379113,-0.111398194440845,0.0566485040841939,0
230107,-69.7638614572141,-17.6568359189659,4277.13142721275,4.57,1463,18124.3604651163,0,>3500,,0,-0.479671653953601,-0.394165543098897,-0.383551427926812,-0.678358158507117,-0.542423631241665,0.230084895606583,0
230108,-70.0741204087325,-18.0077354573601,1475.27596153846,0.49,270.3,154357.797505198,0,500-1500,,0,-0.32077686473589,-0.142590061857158,-0.122612542073354,-0.453646992605015,-0.173400319917179,0.102897796949787,0
230109,-70.6676932158799,-17.9569938726726,344.093296895164,0.37,1139.8,29774.6691919192,0,lowland (<500 m),,0,-0.0187842112870619,-0.0126600369634535,-0.0111700500980518,-0.0265648863606447,-0.0157968363410517,0.000352846593676982,0
230110,-70.2409355031475,-18.1076662478091,500.364597701149,0,188.3,1086981.72291111,0,500-1500,,0,-0.19057295644673,-0.0217435332482951,-0.0989260176950772,-0.269510859628503,-0.139902515895939,0.0363180517288472,0
230111,-70.4390740840529,-18.2002705047152,93.2951625693894,0,545.7,53720.9947209653,0,lowland (<500 m),,0,-0.0041435191859087,-0.000885075665789792,-0.00395671719867618,-0.00585982102866521,-0.00559564312484274,1.71687512439935e-05,0
230201,-70.2479346839025,-17.0418444529413,4496.0005645819,5.63,1389.1,19124.1607438017,1,>3500,,52.2898763191013,1.36610565836288,1.66842699475929,1.71100953970643,1.05470471052055,1.23524837923338,0.278745726720256,3.58749894309082
230202,-70.3408064004152,-17.1877947326584,3964.86094674556,2.92,177.3,7856.62688064193,0,>3500,,0,-0.284352745804462,-0.196213303213484,-0.186520343484937,-0.402135509614699,-0.263779599414885,0.0808564840465368,0
230203,-70.432736060345,-17.1650403462849,4241.70591331813,1.76,495.7,9037.31007751938,0,>3500,,0,-0.334836363357955,-0.179110494205367,-0.166090762221731,-0.473530126236506,-0.234887808518857,0.11211539022678,0
230204,-70.3338741674896,-17.3941302503241,2884.91344667697,1.36,112.6,4027.87305122494,0,2500-3500,,0,-0.131108189927849,-0.0720575186485229,-0.0656917711188106,-0.185414980334151,-0.0929021936525311,0.0171893574661568,0
230205,-70.3304552680803,-17.3085331425808,3572.56178707224,0,91.3,3857.87673956262,0,>3500,,0,-0.172497276330874,-0.009447404172808,-0.0438750718929612,-0.243947987659542,-0.0620487217211203,0.0297553103415699,0
230206,-70.2568189121666,-17.33287393694,3176.16144200627,1.06,55.5,5519.0238764045,0,2500-3500,,0,-0.175323293067326,-0.0830320775071952,-0.0748273120736721,-0.247944578855725,-0.105821799570511,0.0307382570919715,0
230301,-70.7330459152573,-17.6042142986222,924.532924335378,0,849.6,21593.0721374046,0,500-1500,,0,-0.06283145293815,-0.00570024660612868,-0.026101267573234,-0.0888570928887386,-0.0369127665971966,0.00394779147831896,0
230302,-70.5709958690125,-17.3837411405236,2230.848803984,0.74,1062.8,54273.9865158091,0,1500-2500,,0,-0.337153378596189,-0.154807519322058,-0.136501461207178,-0.476806880610642,-0.193042217722936,0.113672400698825,0
230303,-70.9336976089581,-17.8051730258267,543.888101109741,0,842.3,25645.0012410797,0,500-1500,,0,-0.0328541579259483,-0.00363358074465658,-0.0165460342337237,-0.0464627957192236,-0.0233996260168216,0.00107939569302315,0
230401,-69.7513278781956,-17.3770629983946,4460.69029154805,7.17,886.2,28660,1,>3500,,34.8918353105373,0.924877850398885,0.942350146498785,0.951559288885738,0.779037456276377,0.797308891688765,0.408716733758955,2.44668230439951
230402,-70.2145480606007,-17.4994099257421,2719.62716894977,0.69,380.2,2435.82580645161,0,2500-3500,,0,-0.0939610454143108,-0.0388168179388754,-0.034176975480048,-0.132880984759673,-0.0483335422447766,0.00882867805535019,0
230403,-70.0250505625717,-17.6236889659742,3466.76504967855,1.53,296.9,1827.09401709402,0,2500-3500,,0,-0.113872193219557,-0.0616391374203584,-0.0566369808878485,-0.161039600028267,-0.0800967865034611,0.0129668763886321,0
230404,-70.1138290142501,-17.6125053378837,3086.71035693388,4.06,148.4,2596.00301204819,0,2500-3500,,0,-0.115581437051095,-0.101677259810587,-0.0980162680460999,-0.163456835836231,-0.138615935603991,0.0133590685907963,0
230405,-70.1533900850173,-17.3945675823307,3222.37866963954,2.99,234.4,2745.64655172414,0,2500-3500,,0,-0.126158087771166,-0.0950759013984236,-0.0902911572850084,-0.178414478729038,-0.127690979194821,0.0159158631100771,0
230406,-70.0466696825146,-17.2245405158769,4477.60940892642,6.39,361.3,4015.94901960784,1,>3500,,249.007145040315,3.91620899446634,4.19432565697871,4.24065595916337,1.95312862760587,2.02116029506019,0.0578743272559321,17.2788185610832
230407,-69.9580438708755,-17.5018867499858,4151.18947368421,4.48,107.4,2516.15217391304,0,>3500,,0,-0.171480427842751,-0.141215018369863,-0.137231824181326,-0.24250994673676,-0.194075106946431,0.0294055371331331,0
230408,-69.9635627272217,-17.3347367813651,4410.03671286166,3.97,357.7,4742.3762541806,0,>3500,,0,-0.255979869933282,-0.19510944181041,-0.188574040561717,-0.362010203754149,-0.266683965673874,0.0655256938110602,0
240101,-80.4179761193774,-3.54971497519415,27.0847741215839,1.62,163.4,912534.866151878,0,lowland (<500 m),,0,-0.00308273731699196,-0.0104803963457767,-0.00917999513578616,-0.00435964892292368,-0.0129824736235478,9.50326936557479e-06,0
240102,-80.5034790565536,-3.59876410681868,34.5470262793914,0,131.8,204640.746295856,0,lowland (<500 m),,0,-0.00204453548231682,-0.000632838901395965,-0.002799865699343,-0.00289140980784546,-0.0039596080448341,4.18012533845246e-06,0
240103,-80.5664796268424,-3.67115080308478,146.845089903181,0.17,65.9,85407.8323749281,0,lowland (<500 m),,0,-0.0097887767340215,-0.00637364347073236,-0.00792867708127656,-0.0138434208162954,-0.011212842660018,9.58201499485206e-05,0
240104,-80.3563629100688,-3.85174270876123,430.862588762925,1.51,731.5,60380.4069705094,0,lowland (<500 m),,0,-0.0365173521472344,-0.042801787122339,-0.0384547536528675,-0.0516433346685732,-0.0543832341536016,0.00133351700784513,0
240105,-80.5109041364252,-3.9059086761812,366.568150315725,1.22,590.8,71978.6114592659,0,lowland (<500 m),,0,-0.0318791114170177,-0.0360331192231451,-0.0319734177854686,-0.0450838717223494,-0.0452172410676309,0.00101627774473863,0
240106,-80.3629212158446,-3.65859055829507,75.4045741324921,0,116,39341.6458765023,0,lowland (<500 m),,0,-0.00264083395015406,-0.00061076472143015,-0.0027243438196944,-0.00373470318828318,-0.00385280397837914,6.97400395228629e-06,0
240201,-80.7042507329559,-3.81611033330106,141.926282051282,0.49,654.9,111130.670599584,0,lowland (<500 m),,0,-0.0106516159951382,-0.0113486050808354,-0.00952265120215701,-0.0150636598015146,-0.0134670624798389,0.000113456923307884,0
240202,-80.659265010999,-4.03382647300917,450.048924504429,0.82,863.3,21678.90331076,0,lowland (<500 m),,0,-0.0232412641926671,-0.0203233032401983,-0.0177140580665512,-0.032868111027966,-0.0250514611623813,0.000540156361273351,0
240203,-80.8907208215336,-4.04094417966855,145.745307536818,0.1,631.7,62011.833630259,0,lowland (<500 m),,0,-0.00825463261213631,-0.00423783248357633,-0.00670432257256512,-0.0116738133924904,-0.00948134390864567,6.81389595613444e-05,0
240301,-80.3021493739876,-3.4646456680713,6.63048683160415,0.59,114.4,205405.175997738,0,lowland (<500 m),,0,-0.000208516152911323,-0.000758551734107568,-0.000622236009805082,-0.000294886371421055,-0.000879974604063265,4.34789860249383e-08,0
240302,-80.2424457469382,-3.49151535566895,10.4075471698113,1.18,47.9,154803.274734562,0,lowland (<500 m),,0,-0.000337869517683157,-0.00142202128912381,-0.00121364771875588,-0.000477819654219977,-0.00171635706380773,1.14155810979449e-07,0
240303,-80.2285433405944,-3.76761998519277,318.130032392411,1.21,393,34483.704585317,0,lowland (<500 m),,0,-0.0181349175492255,-0.0215313866255836,-0.0190693373981055,-0.0256466463506325,-0.0269681155738693,0.000328875234517207,0
240304,-80.2887587882227,-3.57206583402935,46.4598214285714,0.43,204,56910.7314961766,0,lowland (<500 m),,0,-0.00162477307205149,-0.0024756469720091,-0.00203974179483231,-0.00229777611427381,-0.00288463050999109,2.63988753566363e-06,0
250101,-74.1603123469389,-7.96490805107327,224.911260907706,16.47,11645.8,1384502.80810897,1,lowland (<500 m),,0.722280947458571,13.9923370068696,2.87382999431537,2.85107990393943,2.92991932729344,1.67641690431646,0.00505611174723292,197.780438802065
250102,-74.8454918929363,-8.52053716733937,190.081059173196,17.37,1324.7,158213.108150717,0,lowland (<500 m),,0,-0.0190431134740585,-0.0916486728239909,-0.092332812846817,-0.0269310293448234,-0.130578316180025,0.00036264017078587,0
250103,-74.1376228754254,-9.4430215770452,296.101671089783,24.73,7368.5,99160.2284521568,0,lowland (<500 m),,0,-0.0278446216823775,-0.133285614480939,-0.137327361889199,-0.0393782416223662,-0.194210217668623,0.000775322956634728,0
250104,-73.6867492226137,-8.95586348871935,225.863984091849,18.42,14704,95786.2721789394,0,lowland (<500 m),,0,-0.0188128281274014,-0.0871817278062574,-0.0882516785579509,-0.0266053566843651,-0.124806720718845,0.000353922502151146,0
250105,-74.656696918057,-8.24846755799432,152.250440917108,14.69,661.2,957018.648899459,2,lowland (<500 m),,2.0898234347888,58.0232655056317,11.8133533459933,11.8538403576175,5.07161565474014,3.62980801848394,0.00118669777540181,1685.34907661963
250106,-75.014762317063,-8.16314806196477,201.22187907786,17.31,2060,46079.7655536028,0,lowland (<500 m),,0,-0.0111201646929277,-0.0523097652168301,-0.0527224442117162,-0.0157262877245608,-0.0745607956456679,0.000123658062797836,0
250107,-74.5091697832863,-8.53842060931736,155.377528401219,11.73,644.5,867627.319224105,0,lowland (<500 m),,0,-0.0337363601362893,-0.146523950059132,-0.144421293678281,-0.0477104180498434,-0.204242552215292,0.00113814199524541,0
250201,-73.4362707870939,-10.5864623714352,509.916393673498,21.18,14539.2,320269.552899433,0,500-1500,,0,-0.106187977496744,-0.386797972344385,-0.397680731807196,-0.150172477936865,-0.562405484416194,0.0112758865648491,0
250202,-72.8138658831982,-11.0837991446772,383.984275319839,21.35,7737,66425.1515449957,0,lowland (<500 m),,0,-0.0326568183244576,-0.132723908995175,-0.13610893616513,-0.0461837153784022,-0.192487103484901,0.00106646778307663,0
250203,-73.8269311390833,-9.97145622982982,326.611269308104,23.75,7672,85622.8275259633,0,lowland (<500 m),,0,-0.0296360038143228,-0.134277121679401,-0.138208950311435,-0.0419116385287561,-0.19545697197178,0.000878292722082554,0
250204,-72.6986696615552,-9.82972638049554,325.213790443031,16.58,9034.2,19644.7812632471,0,lowland (<500 m),,0,-0.0141114238537886,-0.0544149598166498,-0.0550006482672513,-0.0199565669984231,-0.077782662718859,0.000199132283181275,0
250301,-75.6416331332569,-8.89423406883502,682.655180174548,55.56,3573.6,267860.850831573,0,500-1500,,0,-0.145428672575328,-0.735455318477738,-0.796227878239132,-0.205667201113945,-1.12603626414533,0.021149498807022,0
250302,-75.2797352166233,-8.94993622465488,273.209937118902,40.16,1876.9,97600.5693205216,0,lowland (<500 m),,0,-0.0247132427101447,-0.151859603211971,-0.160199743106234,-0.0349498030109047,-0.226556649389522,0.000610744365250522,0
250303,-75.2971053610395,-8.4173842033801,253.008635908202,26.99,1877.7,82846.5122921555,0,lowland (<500 m),,0,-0.0204721342123429,-0.108123156742466,-0.111710051533656,-0.0289519698538176,-0.157981869932293,0.000419108279208182,0
250304,-75.0490325534946,-8.64128976720168,219.591339260109,21.47,623.4,85113.3432539683,0,lowland (<500 m),,0,-0.0170557333435485,-0.0856177174786699,-0.0873145249286188,-0.0241204494106652,-0.123481385346216,0.000290898039886231,0
250305,-75.0479811310214,-8.82493344757888,244.391000436872,27.46,205.1,49602.9743249959,0,lowland (<500 m),,0,-0.0150989898239807,-0.0814179895835369,-0.0841616791401224,-0.0213531961872068,-0.119022588072054,0.000227979493704672,0
250306,-75.4143947123602,-8.79784002477944,290.760994843797,47.54,589.7,18428,0,lowland (<500 m),,0,-0.011704966773227,-0.075855784228499,-0.0807575170072551,-0.0165533227578241,-0.114208375815236,0.000137006247162348,0
250307,-75.7523448658088,-9.03580406337665,1116.85386119257,45.51,548.8,21651,0,500-1500,,0,-0.081726580386102,-0.314178623269704,-0.338474593213914,-0.1155788383884,-0.478675360241833,0.00667923394160599,0
250401,-71.5816597235366,-10.3735077001743,363.13037067832,14.5,18472.6,26361.2037986132,0,lowland (<500 m),,0,-0.0190424511188189,-0.0663142156865703,-0.0666535328718955,-0.0269300926330604,-0.0942623301675155,0.000362614944612606,0
